Copyright 1986-2022 Xilinx, Inc. All Rights Reserved. Copyright 2022-2023 Advanced Micro Devices, Inc. All Rights Reserved.
---------------------------------------------------------------------------------------------------------------------------------------------
| Tool Version : Vivado v.2023.2 (lin64) Build 4029153 Fri Oct 13 20:13:54 MDT 2023
| Date         : Sun Sep  6 17:04:38 2026
| Host         : tsmc184 running 64-bit Ubuntu 22.04.5 LTS
| Command      : report_methodology -file /mnt/data/wzr/13p/ov7670/sixteen_camera/reports/video_timing_refactor/P4/synth/methodology.rpt
| Design       : top_wrapper
| Device       : xcvu13p-fhga2104-2-i
| Speed File   : -2
| Design State : Synthesized
---------------------------------------------------------------------------------------------------------------------------------------------

Report Methodology

Table of Contents
-----------------
1. REPORT SUMMARY
2. REPORT DETAILS

1. REPORT SUMMARY
-----------------
            Netlist: netlist
          Floorplan: design_1
      Design limits: <entire design considered>
             Max violations: <unlimited>
             Violations found: 611
+-----------+------------------+-----------------------------------------------------------+------------+
| Rule      | Severity         | Description                                               | Violations |
+-----------+------------------+-----------------------------------------------------------+------------+
| TIMING-17 | Critical Warning | Non-clocked sequential cell                               | 265        |
| HPDR-1    | Warning          | Port pin direction inconsistency                          | 2          |
| LUTAR-1   | Warning          | LUT drives async reset alert                              | 15         |
| SYNTH-10  | Warning          | Wide multiplier                                           | 10         |
| SYNTH-16  | Warning          | Address collision                                         | 42         |
| TIMING-10 | Warning          | Missing property on synchronizer                          | 1          |
| TIMING-11 | Warning          | Inappropriate max delay with datapath only option         | 88         |
| TIMING-15 | Warning          | Large hold violation                                      | 12         |
| TIMING-18 | Warning          | Missing input or output delay                             | 158        |
| XDCB-5    | Warning          | Runtime inefficient way to find pin objects               | 6          |
| CLKC-5    | Advisory         | BUFGCE with constant CE has BUFG driver                   | 3          |
| CLKC-8    | Advisory         | BUFGCE_DIV with active CE or DIVIDE not 1 has BUFG driver | 1          |
| CLKC-11   | Advisory         | MMCME4 divide could be done by BUFG_GT                    | 2          |
| CLKC-40   | Advisory         | Substitute PLLE4 for MMCME4 check                         | 3          |
| CLKC-56   | Advisory         | MMCME4 with global clock driver has no LOC                | 3          |
+-----------+------------------+-----------------------------------------------------------+------------+

2. REPORT DETAILS
-----------------
TIMING-17#1 Critical Warning
Non-clocked sequential cell  
The clock pin u_ddr_memory/u_ddr_bd/design_1_i/ddr4_0/inst/u_ddr4_mem_intfc/u_ddr_cal_top/u_ddr_cal/U_XSDB_SLAVE/G_1PIPE_IFACE.s_daddr_r_reg[0]/C is not reached by a timing clock
Related violations: <none>

TIMING-17#2 Critical Warning
Non-clocked sequential cell  
The clock pin u_ddr_memory/u_ddr_bd/design_1_i/ddr4_0/inst/u_ddr4_mem_intfc/u_ddr_cal_top/u_ddr_cal/U_XSDB_SLAVE/G_1PIPE_IFACE.s_daddr_r_reg[10]/C is not reached by a timing clock
Related violations: <none>

TIMING-17#3 Critical Warning
Non-clocked sequential cell  
The clock pin u_ddr_memory/u_ddr_bd/design_1_i/ddr4_0/inst/u_ddr4_mem_intfc/u_ddr_cal_top/u_ddr_cal/U_XSDB_SLAVE/G_1PIPE_IFACE.s_daddr_r_reg[11]/C is not reached by a timing clock
Related violations: <none>

TIMING-17#4 Critical Warning
Non-clocked sequential cell  
The clock pin u_ddr_memory/u_ddr_bd/design_1_i/ddr4_0/inst/u_ddr4_mem_intfc/u_ddr_cal_top/u_ddr_cal/U_XSDB_SLAVE/G_1PIPE_IFACE.s_daddr_r_reg[12]/C is not reached by a timing clock
Related violations: <none>

TIMING-17#5 Critical Warning
Non-clocked sequential cell  
The clock pin u_ddr_memory/u_ddr_bd/design_1_i/ddr4_0/inst/u_ddr4_mem_intfc/u_ddr_cal_top/u_ddr_cal/U_XSDB_SLAVE/G_1PIPE_IFACE.s_daddr_r_reg[13]/C is not reached by a timing clock
Related violations: <none>

TIMING-17#6 Critical Warning
Non-clocked sequential cell  
The clock pin u_ddr_memory/u_ddr_bd/design_1_i/ddr4_0/inst/u_ddr4_mem_intfc/u_ddr_cal_top/u_ddr_cal/U_XSDB_SLAVE/G_1PIPE_IFACE.s_daddr_r_reg[14]/C is not reached by a timing clock
Related violations: <none>

TIMING-17#7 Critical Warning
Non-clocked sequential cell  
The clock pin u_ddr_memory/u_ddr_bd/design_1_i/ddr4_0/inst/u_ddr4_mem_intfc/u_ddr_cal_top/u_ddr_cal/U_XSDB_SLAVE/G_1PIPE_IFACE.s_daddr_r_reg[15]/C is not reached by a timing clock
Related violations: <none>

TIMING-17#8 Critical Warning
Non-clocked sequential cell  
The clock pin u_ddr_memory/u_ddr_bd/design_1_i/ddr4_0/inst/u_ddr4_mem_intfc/u_ddr_cal_top/u_ddr_cal/U_XSDB_SLAVE/G_1PIPE_IFACE.s_daddr_r_reg[16]/C is not reached by a timing clock
Related violations: <none>

TIMING-17#9 Critical Warning
Non-clocked sequential cell  
The clock pin u_ddr_memory/u_ddr_bd/design_1_i/ddr4_0/inst/u_ddr4_mem_intfc/u_ddr_cal_top/u_ddr_cal/U_XSDB_SLAVE/G_1PIPE_IFACE.s_daddr_r_reg[1]/C is not reached by a timing clock
Related violations: <none>

TIMING-17#10 Critical Warning
Non-clocked sequential cell  
The clock pin u_ddr_memory/u_ddr_bd/design_1_i/ddr4_0/inst/u_ddr4_mem_intfc/u_ddr_cal_top/u_ddr_cal/U_XSDB_SLAVE/G_1PIPE_IFACE.s_daddr_r_reg[2]/C is not reached by a timing clock
Related violations: <none>

TIMING-17#11 Critical Warning
Non-clocked sequential cell  
The clock pin u_ddr_memory/u_ddr_bd/design_1_i/ddr4_0/inst/u_ddr4_mem_intfc/u_ddr_cal_top/u_ddr_cal/U_XSDB_SLAVE/G_1PIPE_IFACE.s_daddr_r_reg[3]/C is not reached by a timing clock
Related violations: <none>

TIMING-17#12 Critical Warning
Non-clocked sequential cell  
The clock pin u_ddr_memory/u_ddr_bd/design_1_i/ddr4_0/inst/u_ddr4_mem_intfc/u_ddr_cal_top/u_ddr_cal/U_XSDB_SLAVE/G_1PIPE_IFACE.s_daddr_r_reg[4]/C is not reached by a timing clock
Related violations: <none>

TIMING-17#13 Critical Warning
Non-clocked sequential cell  
The clock pin u_ddr_memory/u_ddr_bd/design_1_i/ddr4_0/inst/u_ddr4_mem_intfc/u_ddr_cal_top/u_ddr_cal/U_XSDB_SLAVE/G_1PIPE_IFACE.s_daddr_r_reg[5]/C is not reached by a timing clock
Related violations: <none>

TIMING-17#14 Critical Warning
Non-clocked sequential cell  
The clock pin u_ddr_memory/u_ddr_bd/design_1_i/ddr4_0/inst/u_ddr4_mem_intfc/u_ddr_cal_top/u_ddr_cal/U_XSDB_SLAVE/G_1PIPE_IFACE.s_daddr_r_reg[6]/C is not reached by a timing clock
Related violations: <none>

TIMING-17#15 Critical Warning
Non-clocked sequential cell  
The clock pin u_ddr_memory/u_ddr_bd/design_1_i/ddr4_0/inst/u_ddr4_mem_intfc/u_ddr_cal_top/u_ddr_cal/U_XSDB_SLAVE/G_1PIPE_IFACE.s_daddr_r_reg[7]/C is not reached by a timing clock
Related violations: <none>

TIMING-17#16 Critical Warning
Non-clocked sequential cell  
The clock pin u_ddr_memory/u_ddr_bd/design_1_i/ddr4_0/inst/u_ddr4_mem_intfc/u_ddr_cal_top/u_ddr_cal/U_XSDB_SLAVE/G_1PIPE_IFACE.s_daddr_r_reg[8]/C is not reached by a timing clock
Related violations: <none>

TIMING-17#17 Critical Warning
Non-clocked sequential cell  
The clock pin u_ddr_memory/u_ddr_bd/design_1_i/ddr4_0/inst/u_ddr4_mem_intfc/u_ddr_cal_top/u_ddr_cal/U_XSDB_SLAVE/G_1PIPE_IFACE.s_daddr_r_reg[9]/C is not reached by a timing clock
Related violations: <none>

TIMING-17#18 Critical Warning
Non-clocked sequential cell  
The clock pin u_ddr_memory/u_ddr_bd/design_1_i/ddr4_0/inst/u_ddr4_mem_intfc/u_ddr_cal_top/u_ddr_cal/U_XSDB_SLAVE/G_1PIPE_IFACE.s_den_r_reg/C is not reached by a timing clock
Related violations: <none>

TIMING-17#19 Critical Warning
Non-clocked sequential cell  
The clock pin u_ddr_memory/u_ddr_bd/design_1_i/ddr4_0/inst/u_ddr4_mem_intfc/u_ddr_cal_top/u_ddr_cal/U_XSDB_SLAVE/G_1PIPE_IFACE.s_di_r_reg[0]/C is not reached by a timing clock
Related violations: <none>

TIMING-17#20 Critical Warning
Non-clocked sequential cell  
The clock pin u_ddr_memory/u_ddr_bd/design_1_i/ddr4_0/inst/u_ddr4_mem_intfc/u_ddr_cal_top/u_ddr_cal/U_XSDB_SLAVE/G_1PIPE_IFACE.s_di_r_reg[10]/C is not reached by a timing clock
Related violations: <none>

TIMING-17#21 Critical Warning
Non-clocked sequential cell  
The clock pin u_ddr_memory/u_ddr_bd/design_1_i/ddr4_0/inst/u_ddr4_mem_intfc/u_ddr_cal_top/u_ddr_cal/U_XSDB_SLAVE/G_1PIPE_IFACE.s_di_r_reg[11]/C is not reached by a timing clock
Related violations: <none>

TIMING-17#22 Critical Warning
Non-clocked sequential cell  
The clock pin u_ddr_memory/u_ddr_bd/design_1_i/ddr4_0/inst/u_ddr4_mem_intfc/u_ddr_cal_top/u_ddr_cal/U_XSDB_SLAVE/G_1PIPE_IFACE.s_di_r_reg[12]/C is not reached by a timing clock
Related violations: <none>

TIMING-17#23 Critical Warning
Non-clocked sequential cell  
The clock pin u_ddr_memory/u_ddr_bd/design_1_i/ddr4_0/inst/u_ddr4_mem_intfc/u_ddr_cal_top/u_ddr_cal/U_XSDB_SLAVE/G_1PIPE_IFACE.s_di_r_reg[13]/C is not reached by a timing clock
Related violations: <none>

TIMING-17#24 Critical Warning
Non-clocked sequential cell  
The clock pin u_ddr_memory/u_ddr_bd/design_1_i/ddr4_0/inst/u_ddr4_mem_intfc/u_ddr_cal_top/u_ddr_cal/U_XSDB_SLAVE/G_1PIPE_IFACE.s_di_r_reg[14]/C is not reached by a timing clock
Related violations: <none>

TIMING-17#25 Critical Warning
Non-clocked sequential cell  
The clock pin u_ddr_memory/u_ddr_bd/design_1_i/ddr4_0/inst/u_ddr4_mem_intfc/u_ddr_cal_top/u_ddr_cal/U_XSDB_SLAVE/G_1PIPE_IFACE.s_di_r_reg[15]/C is not reached by a timing clock
Related violations: <none>

TIMING-17#26 Critical Warning
Non-clocked sequential cell  
The clock pin u_ddr_memory/u_ddr_bd/design_1_i/ddr4_0/inst/u_ddr4_mem_intfc/u_ddr_cal_top/u_ddr_cal/U_XSDB_SLAVE/G_1PIPE_IFACE.s_di_r_reg[1]/C is not reached by a timing clock
Related violations: <none>

TIMING-17#27 Critical Warning
Non-clocked sequential cell  
The clock pin u_ddr_memory/u_ddr_bd/design_1_i/ddr4_0/inst/u_ddr4_mem_intfc/u_ddr_cal_top/u_ddr_cal/U_XSDB_SLAVE/G_1PIPE_IFACE.s_di_r_reg[2]/C is not reached by a timing clock
Related violations: <none>

TIMING-17#28 Critical Warning
Non-clocked sequential cell  
The clock pin u_ddr_memory/u_ddr_bd/design_1_i/ddr4_0/inst/u_ddr4_mem_intfc/u_ddr_cal_top/u_ddr_cal/U_XSDB_SLAVE/G_1PIPE_IFACE.s_di_r_reg[3]/C is not reached by a timing clock
Related violations: <none>

TIMING-17#29 Critical Warning
Non-clocked sequential cell  
The clock pin u_ddr_memory/u_ddr_bd/design_1_i/ddr4_0/inst/u_ddr4_mem_intfc/u_ddr_cal_top/u_ddr_cal/U_XSDB_SLAVE/G_1PIPE_IFACE.s_di_r_reg[4]/C is not reached by a timing clock
Related violations: <none>

TIMING-17#30 Critical Warning
Non-clocked sequential cell  
The clock pin u_ddr_memory/u_ddr_bd/design_1_i/ddr4_0/inst/u_ddr4_mem_intfc/u_ddr_cal_top/u_ddr_cal/U_XSDB_SLAVE/G_1PIPE_IFACE.s_di_r_reg[5]/C is not reached by a timing clock
Related violations: <none>

TIMING-17#31 Critical Warning
Non-clocked sequential cell  
The clock pin u_ddr_memory/u_ddr_bd/design_1_i/ddr4_0/inst/u_ddr4_mem_intfc/u_ddr_cal_top/u_ddr_cal/U_XSDB_SLAVE/G_1PIPE_IFACE.s_di_r_reg[6]/C is not reached by a timing clock
Related violations: <none>

TIMING-17#32 Critical Warning
Non-clocked sequential cell  
The clock pin u_ddr_memory/u_ddr_bd/design_1_i/ddr4_0/inst/u_ddr4_mem_intfc/u_ddr_cal_top/u_ddr_cal/U_XSDB_SLAVE/G_1PIPE_IFACE.s_di_r_reg[7]/C is not reached by a timing clock
Related violations: <none>

TIMING-17#33 Critical Warning
Non-clocked sequential cell  
The clock pin u_ddr_memory/u_ddr_bd/design_1_i/ddr4_0/inst/u_ddr4_mem_intfc/u_ddr_cal_top/u_ddr_cal/U_XSDB_SLAVE/G_1PIPE_IFACE.s_di_r_reg[8]/C is not reached by a timing clock
Related violations: <none>

TIMING-17#34 Critical Warning
Non-clocked sequential cell  
The clock pin u_ddr_memory/u_ddr_bd/design_1_i/ddr4_0/inst/u_ddr4_mem_intfc/u_ddr_cal_top/u_ddr_cal/U_XSDB_SLAVE/G_1PIPE_IFACE.s_di_r_reg[9]/C is not reached by a timing clock
Related violations: <none>

TIMING-17#35 Critical Warning
Non-clocked sequential cell  
The clock pin u_ddr_memory/u_ddr_bd/design_1_i/ddr4_0/inst/u_ddr4_mem_intfc/u_ddr_cal_top/u_ddr_cal/U_XSDB_SLAVE/G_1PIPE_IFACE.s_do_r_reg[0]/C is not reached by a timing clock
Related violations: <none>

TIMING-17#36 Critical Warning
Non-clocked sequential cell  
The clock pin u_ddr_memory/u_ddr_bd/design_1_i/ddr4_0/inst/u_ddr4_mem_intfc/u_ddr_cal_top/u_ddr_cal/U_XSDB_SLAVE/G_1PIPE_IFACE.s_do_r_reg[10]/C is not reached by a timing clock
Related violations: <none>

TIMING-17#37 Critical Warning
Non-clocked sequential cell  
The clock pin u_ddr_memory/u_ddr_bd/design_1_i/ddr4_0/inst/u_ddr4_mem_intfc/u_ddr_cal_top/u_ddr_cal/U_XSDB_SLAVE/G_1PIPE_IFACE.s_do_r_reg[11]/C is not reached by a timing clock
Related violations: <none>

TIMING-17#38 Critical Warning
Non-clocked sequential cell  
The clock pin u_ddr_memory/u_ddr_bd/design_1_i/ddr4_0/inst/u_ddr4_mem_intfc/u_ddr_cal_top/u_ddr_cal/U_XSDB_SLAVE/G_1PIPE_IFACE.s_do_r_reg[12]/C is not reached by a timing clock
Related violations: <none>

TIMING-17#39 Critical Warning
Non-clocked sequential cell  
The clock pin u_ddr_memory/u_ddr_bd/design_1_i/ddr4_0/inst/u_ddr4_mem_intfc/u_ddr_cal_top/u_ddr_cal/U_XSDB_SLAVE/G_1PIPE_IFACE.s_do_r_reg[13]/C is not reached by a timing clock
Related violations: <none>

TIMING-17#40 Critical Warning
Non-clocked sequential cell  
The clock pin u_ddr_memory/u_ddr_bd/design_1_i/ddr4_0/inst/u_ddr4_mem_intfc/u_ddr_cal_top/u_ddr_cal/U_XSDB_SLAVE/G_1PIPE_IFACE.s_do_r_reg[14]/C is not reached by a timing clock
Related violations: <none>

TIMING-17#41 Critical Warning
Non-clocked sequential cell  
The clock pin u_ddr_memory/u_ddr_bd/design_1_i/ddr4_0/inst/u_ddr4_mem_intfc/u_ddr_cal_top/u_ddr_cal/U_XSDB_SLAVE/G_1PIPE_IFACE.s_do_r_reg[15]/C is not reached by a timing clock
Related violations: <none>

TIMING-17#42 Critical Warning
Non-clocked sequential cell  
The clock pin u_ddr_memory/u_ddr_bd/design_1_i/ddr4_0/inst/u_ddr4_mem_intfc/u_ddr_cal_top/u_ddr_cal/U_XSDB_SLAVE/G_1PIPE_IFACE.s_do_r_reg[1]/C is not reached by a timing clock
Related violations: <none>

TIMING-17#43 Critical Warning
Non-clocked sequential cell  
The clock pin u_ddr_memory/u_ddr_bd/design_1_i/ddr4_0/inst/u_ddr4_mem_intfc/u_ddr_cal_top/u_ddr_cal/U_XSDB_SLAVE/G_1PIPE_IFACE.s_do_r_reg[2]/C is not reached by a timing clock
Related violations: <none>

TIMING-17#44 Critical Warning
Non-clocked sequential cell  
The clock pin u_ddr_memory/u_ddr_bd/design_1_i/ddr4_0/inst/u_ddr4_mem_intfc/u_ddr_cal_top/u_ddr_cal/U_XSDB_SLAVE/G_1PIPE_IFACE.s_do_r_reg[3]/C is not reached by a timing clock
Related violations: <none>

TIMING-17#45 Critical Warning
Non-clocked sequential cell  
The clock pin u_ddr_memory/u_ddr_bd/design_1_i/ddr4_0/inst/u_ddr4_mem_intfc/u_ddr_cal_top/u_ddr_cal/U_XSDB_SLAVE/G_1PIPE_IFACE.s_do_r_reg[4]/C is not reached by a timing clock
Related violations: <none>

TIMING-17#46 Critical Warning
Non-clocked sequential cell  
The clock pin u_ddr_memory/u_ddr_bd/design_1_i/ddr4_0/inst/u_ddr4_mem_intfc/u_ddr_cal_top/u_ddr_cal/U_XSDB_SLAVE/G_1PIPE_IFACE.s_do_r_reg[5]/C is not reached by a timing clock
Related violations: <none>

TIMING-17#47 Critical Warning
Non-clocked sequential cell  
The clock pin u_ddr_memory/u_ddr_bd/design_1_i/ddr4_0/inst/u_ddr4_mem_intfc/u_ddr_cal_top/u_ddr_cal/U_XSDB_SLAVE/G_1PIPE_IFACE.s_do_r_reg[6]/C is not reached by a timing clock
Related violations: <none>

TIMING-17#48 Critical Warning
Non-clocked sequential cell  
The clock pin u_ddr_memory/u_ddr_bd/design_1_i/ddr4_0/inst/u_ddr4_mem_intfc/u_ddr_cal_top/u_ddr_cal/U_XSDB_SLAVE/G_1PIPE_IFACE.s_do_r_reg[7]/C is not reached by a timing clock
Related violations: <none>

TIMING-17#49 Critical Warning
Non-clocked sequential cell  
The clock pin u_ddr_memory/u_ddr_bd/design_1_i/ddr4_0/inst/u_ddr4_mem_intfc/u_ddr_cal_top/u_ddr_cal/U_XSDB_SLAVE/G_1PIPE_IFACE.s_do_r_reg[8]/C is not reached by a timing clock
Related violations: <none>

TIMING-17#50 Critical Warning
Non-clocked sequential cell  
The clock pin u_ddr_memory/u_ddr_bd/design_1_i/ddr4_0/inst/u_ddr4_mem_intfc/u_ddr_cal_top/u_ddr_cal/U_XSDB_SLAVE/G_1PIPE_IFACE.s_do_r_reg[9]/C is not reached by a timing clock
Related violations: <none>

TIMING-17#51 Critical Warning
Non-clocked sequential cell  
The clock pin u_ddr_memory/u_ddr_bd/design_1_i/ddr4_0/inst/u_ddr4_mem_intfc/u_ddr_cal_top/u_ddr_cal/U_XSDB_SLAVE/G_1PIPE_IFACE.s_drdy_r_reg/C is not reached by a timing clock
Related violations: <none>

TIMING-17#52 Critical Warning
Non-clocked sequential cell  
The clock pin u_ddr_memory/u_ddr_bd/design_1_i/ddr4_0/inst/u_ddr4_mem_intfc/u_ddr_cal_top/u_ddr_cal/U_XSDB_SLAVE/G_1PIPE_IFACE.s_dwe_r_reg/C is not reached by a timing clock
Related violations: <none>

TIMING-17#53 Critical Warning
Non-clocked sequential cell  
The clock pin u_ddr_memory/u_ddr_bd/design_1_i/ddr4_0/inst/u_ddr4_mem_intfc/u_ddr_cal_top/u_ddr_cal/U_XSDB_SLAVE/reg_do_reg[0]/C is not reached by a timing clock
Related violations: <none>

TIMING-17#54 Critical Warning
Non-clocked sequential cell  
The clock pin u_ddr_memory/u_ddr_bd/design_1_i/ddr4_0/inst/u_ddr4_mem_intfc/u_ddr_cal_top/u_ddr_cal/U_XSDB_SLAVE/reg_do_reg[10]/C is not reached by a timing clock
Related violations: <none>

TIMING-17#55 Critical Warning
Non-clocked sequential cell  
The clock pin u_ddr_memory/u_ddr_bd/design_1_i/ddr4_0/inst/u_ddr4_mem_intfc/u_ddr_cal_top/u_ddr_cal/U_XSDB_SLAVE/reg_do_reg[11]/C is not reached by a timing clock
Related violations: <none>

TIMING-17#56 Critical Warning
Non-clocked sequential cell  
The clock pin u_ddr_memory/u_ddr_bd/design_1_i/ddr4_0/inst/u_ddr4_mem_intfc/u_ddr_cal_top/u_ddr_cal/U_XSDB_SLAVE/reg_do_reg[12]/C is not reached by a timing clock
Related violations: <none>

TIMING-17#57 Critical Warning
Non-clocked sequential cell  
The clock pin u_ddr_memory/u_ddr_bd/design_1_i/ddr4_0/inst/u_ddr4_mem_intfc/u_ddr_cal_top/u_ddr_cal/U_XSDB_SLAVE/reg_do_reg[13]/C is not reached by a timing clock
Related violations: <none>

TIMING-17#58 Critical Warning
Non-clocked sequential cell  
The clock pin u_ddr_memory/u_ddr_bd/design_1_i/ddr4_0/inst/u_ddr4_mem_intfc/u_ddr_cal_top/u_ddr_cal/U_XSDB_SLAVE/reg_do_reg[14]/C is not reached by a timing clock
Related violations: <none>

TIMING-17#59 Critical Warning
Non-clocked sequential cell  
The clock pin u_ddr_memory/u_ddr_bd/design_1_i/ddr4_0/inst/u_ddr4_mem_intfc/u_ddr_cal_top/u_ddr_cal/U_XSDB_SLAVE/reg_do_reg[15]/C is not reached by a timing clock
Related violations: <none>

TIMING-17#60 Critical Warning
Non-clocked sequential cell  
The clock pin u_ddr_memory/u_ddr_bd/design_1_i/ddr4_0/inst/u_ddr4_mem_intfc/u_ddr_cal_top/u_ddr_cal/U_XSDB_SLAVE/reg_do_reg[1]/C is not reached by a timing clock
Related violations: <none>

TIMING-17#61 Critical Warning
Non-clocked sequential cell  
The clock pin u_ddr_memory/u_ddr_bd/design_1_i/ddr4_0/inst/u_ddr4_mem_intfc/u_ddr_cal_top/u_ddr_cal/U_XSDB_SLAVE/reg_do_reg[2]/C is not reached by a timing clock
Related violations: <none>

TIMING-17#62 Critical Warning
Non-clocked sequential cell  
The clock pin u_ddr_memory/u_ddr_bd/design_1_i/ddr4_0/inst/u_ddr4_mem_intfc/u_ddr_cal_top/u_ddr_cal/U_XSDB_SLAVE/reg_do_reg[3]/C is not reached by a timing clock
Related violations: <none>

TIMING-17#63 Critical Warning
Non-clocked sequential cell  
The clock pin u_ddr_memory/u_ddr_bd/design_1_i/ddr4_0/inst/u_ddr4_mem_intfc/u_ddr_cal_top/u_ddr_cal/U_XSDB_SLAVE/reg_do_reg[4]/C is not reached by a timing clock
Related violations: <none>

TIMING-17#64 Critical Warning
Non-clocked sequential cell  
The clock pin u_ddr_memory/u_ddr_bd/design_1_i/ddr4_0/inst/u_ddr4_mem_intfc/u_ddr_cal_top/u_ddr_cal/U_XSDB_SLAVE/reg_do_reg[5]/C is not reached by a timing clock
Related violations: <none>

TIMING-17#65 Critical Warning
Non-clocked sequential cell  
The clock pin u_ddr_memory/u_ddr_bd/design_1_i/ddr4_0/inst/u_ddr4_mem_intfc/u_ddr_cal_top/u_ddr_cal/U_XSDB_SLAVE/reg_do_reg[6]/C is not reached by a timing clock
Related violations: <none>

TIMING-17#66 Critical Warning
Non-clocked sequential cell  
The clock pin u_ddr_memory/u_ddr_bd/design_1_i/ddr4_0/inst/u_ddr4_mem_intfc/u_ddr_cal_top/u_ddr_cal/U_XSDB_SLAVE/reg_do_reg[7]/C is not reached by a timing clock
Related violations: <none>

TIMING-17#67 Critical Warning
Non-clocked sequential cell  
The clock pin u_ddr_memory/u_ddr_bd/design_1_i/ddr4_0/inst/u_ddr4_mem_intfc/u_ddr_cal_top/u_ddr_cal/U_XSDB_SLAVE/reg_do_reg[8]/C is not reached by a timing clock
Related violations: <none>

TIMING-17#68 Critical Warning
Non-clocked sequential cell  
The clock pin u_ddr_memory/u_ddr_bd/design_1_i/ddr4_0/inst/u_ddr4_mem_intfc/u_ddr_cal_top/u_ddr_cal/U_XSDB_SLAVE/reg_do_reg[9]/C is not reached by a timing clock
Related violations: <none>

TIMING-17#69 Critical Warning
Non-clocked sequential cell  
The clock pin u_ddr_memory/u_ddr_bd/design_1_i/ddr4_0/inst/u_ddr4_mem_intfc/u_ddr_cal_top/u_ddr_cal/U_XSDB_SLAVE/reg_drdy_reg/C is not reached by a timing clock
Related violations: <none>

TIMING-17#70 Critical Warning
Non-clocked sequential cell  
The clock pin u_ddr_memory/u_ddr_bd/design_1_i/ddr4_0/inst/u_ddr4_mem_intfc/u_ddr_cal_top/u_ddr_cal/U_XSDB_SLAVE/reg_test_reg[0]/C is not reached by a timing clock
Related violations: <none>

TIMING-17#71 Critical Warning
Non-clocked sequential cell  
The clock pin u_ddr_memory/u_ddr_bd/design_1_i/ddr4_0/inst/u_ddr4_mem_intfc/u_ddr_cal_top/u_ddr_cal/U_XSDB_SLAVE/reg_test_reg[10]/C is not reached by a timing clock
Related violations: <none>

TIMING-17#72 Critical Warning
Non-clocked sequential cell  
The clock pin u_ddr_memory/u_ddr_bd/design_1_i/ddr4_0/inst/u_ddr4_mem_intfc/u_ddr_cal_top/u_ddr_cal/U_XSDB_SLAVE/reg_test_reg[11]/C is not reached by a timing clock
Related violations: <none>

TIMING-17#73 Critical Warning
Non-clocked sequential cell  
The clock pin u_ddr_memory/u_ddr_bd/design_1_i/ddr4_0/inst/u_ddr4_mem_intfc/u_ddr_cal_top/u_ddr_cal/U_XSDB_SLAVE/reg_test_reg[12]/C is not reached by a timing clock
Related violations: <none>

TIMING-17#74 Critical Warning
Non-clocked sequential cell  
The clock pin u_ddr_memory/u_ddr_bd/design_1_i/ddr4_0/inst/u_ddr4_mem_intfc/u_ddr_cal_top/u_ddr_cal/U_XSDB_SLAVE/reg_test_reg[13]/C is not reached by a timing clock
Related violations: <none>

TIMING-17#75 Critical Warning
Non-clocked sequential cell  
The clock pin u_ddr_memory/u_ddr_bd/design_1_i/ddr4_0/inst/u_ddr4_mem_intfc/u_ddr_cal_top/u_ddr_cal/U_XSDB_SLAVE/reg_test_reg[14]/C is not reached by a timing clock
Related violations: <none>

TIMING-17#76 Critical Warning
Non-clocked sequential cell  
The clock pin u_ddr_memory/u_ddr_bd/design_1_i/ddr4_0/inst/u_ddr4_mem_intfc/u_ddr_cal_top/u_ddr_cal/U_XSDB_SLAVE/reg_test_reg[15]/C is not reached by a timing clock
Related violations: <none>

TIMING-17#77 Critical Warning
Non-clocked sequential cell  
The clock pin u_ddr_memory/u_ddr_bd/design_1_i/ddr4_0/inst/u_ddr4_mem_intfc/u_ddr_cal_top/u_ddr_cal/U_XSDB_SLAVE/reg_test_reg[1]/C is not reached by a timing clock
Related violations: <none>

TIMING-17#78 Critical Warning
Non-clocked sequential cell  
The clock pin u_ddr_memory/u_ddr_bd/design_1_i/ddr4_0/inst/u_ddr4_mem_intfc/u_ddr_cal_top/u_ddr_cal/U_XSDB_SLAVE/reg_test_reg[2]/C is not reached by a timing clock
Related violations: <none>

TIMING-17#79 Critical Warning
Non-clocked sequential cell  
The clock pin u_ddr_memory/u_ddr_bd/design_1_i/ddr4_0/inst/u_ddr4_mem_intfc/u_ddr_cal_top/u_ddr_cal/U_XSDB_SLAVE/reg_test_reg[3]/C is not reached by a timing clock
Related violations: <none>

TIMING-17#80 Critical Warning
Non-clocked sequential cell  
The clock pin u_ddr_memory/u_ddr_bd/design_1_i/ddr4_0/inst/u_ddr4_mem_intfc/u_ddr_cal_top/u_ddr_cal/U_XSDB_SLAVE/reg_test_reg[4]/C is not reached by a timing clock
Related violations: <none>

TIMING-17#81 Critical Warning
Non-clocked sequential cell  
The clock pin u_ddr_memory/u_ddr_bd/design_1_i/ddr4_0/inst/u_ddr4_mem_intfc/u_ddr_cal_top/u_ddr_cal/U_XSDB_SLAVE/reg_test_reg[5]/C is not reached by a timing clock
Related violations: <none>

TIMING-17#82 Critical Warning
Non-clocked sequential cell  
The clock pin u_ddr_memory/u_ddr_bd/design_1_i/ddr4_0/inst/u_ddr4_mem_intfc/u_ddr_cal_top/u_ddr_cal/U_XSDB_SLAVE/reg_test_reg[6]/C is not reached by a timing clock
Related violations: <none>

TIMING-17#83 Critical Warning
Non-clocked sequential cell  
The clock pin u_ddr_memory/u_ddr_bd/design_1_i/ddr4_0/inst/u_ddr4_mem_intfc/u_ddr_cal_top/u_ddr_cal/U_XSDB_SLAVE/reg_test_reg[7]/C is not reached by a timing clock
Related violations: <none>

TIMING-17#84 Critical Warning
Non-clocked sequential cell  
The clock pin u_ddr_memory/u_ddr_bd/design_1_i/ddr4_0/inst/u_ddr4_mem_intfc/u_ddr_cal_top/u_ddr_cal/U_XSDB_SLAVE/reg_test_reg[8]/C is not reached by a timing clock
Related violations: <none>

TIMING-17#85 Critical Warning
Non-clocked sequential cell  
The clock pin u_ddr_memory/u_ddr_bd/design_1_i/ddr4_0/inst/u_ddr4_mem_intfc/u_ddr_cal_top/u_ddr_cal/U_XSDB_SLAVE/reg_test_reg[9]/C is not reached by a timing clock
Related violations: <none>

TIMING-17#86 Critical Warning
Non-clocked sequential cell  
The clock pin u_ddr_memory/u_ddr_bd/design_1_i/ddr4_0/inst/u_ddr4_mem_intfc/u_ddr_cal_top/u_ddr_cal/U_XSDB_SLAVE/uuid_stamp_reg[0]/C is not reached by a timing clock
Related violations: <none>

TIMING-17#87 Critical Warning
Non-clocked sequential cell  
The clock pin u_ddr_memory/u_ddr_bd/design_1_i/ddr4_0/inst/u_ddr4_mem_intfc/u_ddr_cal_top/u_ddr_cal/U_XSDB_SLAVE/uuid_stamp_reg[100]/C is not reached by a timing clock
Related violations: <none>

TIMING-17#88 Critical Warning
Non-clocked sequential cell  
The clock pin u_ddr_memory/u_ddr_bd/design_1_i/ddr4_0/inst/u_ddr4_mem_intfc/u_ddr_cal_top/u_ddr_cal/U_XSDB_SLAVE/uuid_stamp_reg[101]/C is not reached by a timing clock
Related violations: <none>

TIMING-17#89 Critical Warning
Non-clocked sequential cell  
The clock pin u_ddr_memory/u_ddr_bd/design_1_i/ddr4_0/inst/u_ddr4_mem_intfc/u_ddr_cal_top/u_ddr_cal/U_XSDB_SLAVE/uuid_stamp_reg[102]/C is not reached by a timing clock
Related violations: <none>

TIMING-17#90 Critical Warning
Non-clocked sequential cell  
The clock pin u_ddr_memory/u_ddr_bd/design_1_i/ddr4_0/inst/u_ddr4_mem_intfc/u_ddr_cal_top/u_ddr_cal/U_XSDB_SLAVE/uuid_stamp_reg[103]/C is not reached by a timing clock
Related violations: <none>

TIMING-17#91 Critical Warning
Non-clocked sequential cell  
The clock pin u_ddr_memory/u_ddr_bd/design_1_i/ddr4_0/inst/u_ddr4_mem_intfc/u_ddr_cal_top/u_ddr_cal/U_XSDB_SLAVE/uuid_stamp_reg[104]/C is not reached by a timing clock
Related violations: <none>

TIMING-17#92 Critical Warning
Non-clocked sequential cell  
The clock pin u_ddr_memory/u_ddr_bd/design_1_i/ddr4_0/inst/u_ddr4_mem_intfc/u_ddr_cal_top/u_ddr_cal/U_XSDB_SLAVE/uuid_stamp_reg[105]/C is not reached by a timing clock
Related violations: <none>

TIMING-17#93 Critical Warning
Non-clocked sequential cell  
The clock pin u_ddr_memory/u_ddr_bd/design_1_i/ddr4_0/inst/u_ddr4_mem_intfc/u_ddr_cal_top/u_ddr_cal/U_XSDB_SLAVE/uuid_stamp_reg[106]/C is not reached by a timing clock
Related violations: <none>

TIMING-17#94 Critical Warning
Non-clocked sequential cell  
The clock pin u_ddr_memory/u_ddr_bd/design_1_i/ddr4_0/inst/u_ddr4_mem_intfc/u_ddr_cal_top/u_ddr_cal/U_XSDB_SLAVE/uuid_stamp_reg[107]/C is not reached by a timing clock
Related violations: <none>

TIMING-17#95 Critical Warning
Non-clocked sequential cell  
The clock pin u_ddr_memory/u_ddr_bd/design_1_i/ddr4_0/inst/u_ddr4_mem_intfc/u_ddr_cal_top/u_ddr_cal/U_XSDB_SLAVE/uuid_stamp_reg[108]/C is not reached by a timing clock
Related violations: <none>

TIMING-17#96 Critical Warning
Non-clocked sequential cell  
The clock pin u_ddr_memory/u_ddr_bd/design_1_i/ddr4_0/inst/u_ddr4_mem_intfc/u_ddr_cal_top/u_ddr_cal/U_XSDB_SLAVE/uuid_stamp_reg[109]/C is not reached by a timing clock
Related violations: <none>

TIMING-17#97 Critical Warning
Non-clocked sequential cell  
The clock pin u_ddr_memory/u_ddr_bd/design_1_i/ddr4_0/inst/u_ddr4_mem_intfc/u_ddr_cal_top/u_ddr_cal/U_XSDB_SLAVE/uuid_stamp_reg[10]/C is not reached by a timing clock
Related violations: <none>

TIMING-17#98 Critical Warning
Non-clocked sequential cell  
The clock pin u_ddr_memory/u_ddr_bd/design_1_i/ddr4_0/inst/u_ddr4_mem_intfc/u_ddr_cal_top/u_ddr_cal/U_XSDB_SLAVE/uuid_stamp_reg[110]/C is not reached by a timing clock
Related violations: <none>

TIMING-17#99 Critical Warning
Non-clocked sequential cell  
The clock pin u_ddr_memory/u_ddr_bd/design_1_i/ddr4_0/inst/u_ddr4_mem_intfc/u_ddr_cal_top/u_ddr_cal/U_XSDB_SLAVE/uuid_stamp_reg[111]/C is not reached by a timing clock
Related violations: <none>

TIMING-17#100 Critical Warning
Non-clocked sequential cell  
The clock pin u_ddr_memory/u_ddr_bd/design_1_i/ddr4_0/inst/u_ddr4_mem_intfc/u_ddr_cal_top/u_ddr_cal/U_XSDB_SLAVE/uuid_stamp_reg[112]/C is not reached by a timing clock
Related violations: <none>

TIMING-17#101 Critical Warning
Non-clocked sequential cell  
The clock pin u_ddr_memory/u_ddr_bd/design_1_i/ddr4_0/inst/u_ddr4_mem_intfc/u_ddr_cal_top/u_ddr_cal/U_XSDB_SLAVE/uuid_stamp_reg[113]/C is not reached by a timing clock
Related violations: <none>

TIMING-17#102 Critical Warning
Non-clocked sequential cell  
The clock pin u_ddr_memory/u_ddr_bd/design_1_i/ddr4_0/inst/u_ddr4_mem_intfc/u_ddr_cal_top/u_ddr_cal/U_XSDB_SLAVE/uuid_stamp_reg[114]/C is not reached by a timing clock
Related violations: <none>

TIMING-17#103 Critical Warning
Non-clocked sequential cell  
The clock pin u_ddr_memory/u_ddr_bd/design_1_i/ddr4_0/inst/u_ddr4_mem_intfc/u_ddr_cal_top/u_ddr_cal/U_XSDB_SLAVE/uuid_stamp_reg[115]/C is not reached by a timing clock
Related violations: <none>

TIMING-17#104 Critical Warning
Non-clocked sequential cell  
The clock pin u_ddr_memory/u_ddr_bd/design_1_i/ddr4_0/inst/u_ddr4_mem_intfc/u_ddr_cal_top/u_ddr_cal/U_XSDB_SLAVE/uuid_stamp_reg[116]/C is not reached by a timing clock
Related violations: <none>

TIMING-17#105 Critical Warning
Non-clocked sequential cell  
The clock pin u_ddr_memory/u_ddr_bd/design_1_i/ddr4_0/inst/u_ddr4_mem_intfc/u_ddr_cal_top/u_ddr_cal/U_XSDB_SLAVE/uuid_stamp_reg[117]/C is not reached by a timing clock
Related violations: <none>

TIMING-17#106 Critical Warning
Non-clocked sequential cell  
The clock pin u_ddr_memory/u_ddr_bd/design_1_i/ddr4_0/inst/u_ddr4_mem_intfc/u_ddr_cal_top/u_ddr_cal/U_XSDB_SLAVE/uuid_stamp_reg[118]/C is not reached by a timing clock
Related violations: <none>

TIMING-17#107 Critical Warning
Non-clocked sequential cell  
The clock pin u_ddr_memory/u_ddr_bd/design_1_i/ddr4_0/inst/u_ddr4_mem_intfc/u_ddr_cal_top/u_ddr_cal/U_XSDB_SLAVE/uuid_stamp_reg[119]/C is not reached by a timing clock
Related violations: <none>

TIMING-17#108 Critical Warning
Non-clocked sequential cell  
The clock pin u_ddr_memory/u_ddr_bd/design_1_i/ddr4_0/inst/u_ddr4_mem_intfc/u_ddr_cal_top/u_ddr_cal/U_XSDB_SLAVE/uuid_stamp_reg[11]/C is not reached by a timing clock
Related violations: <none>

TIMING-17#109 Critical Warning
Non-clocked sequential cell  
The clock pin u_ddr_memory/u_ddr_bd/design_1_i/ddr4_0/inst/u_ddr4_mem_intfc/u_ddr_cal_top/u_ddr_cal/U_XSDB_SLAVE/uuid_stamp_reg[120]/C is not reached by a timing clock
Related violations: <none>

TIMING-17#110 Critical Warning
Non-clocked sequential cell  
The clock pin u_ddr_memory/u_ddr_bd/design_1_i/ddr4_0/inst/u_ddr4_mem_intfc/u_ddr_cal_top/u_ddr_cal/U_XSDB_SLAVE/uuid_stamp_reg[121]/C is not reached by a timing clock
Related violations: <none>

TIMING-17#111 Critical Warning
Non-clocked sequential cell  
The clock pin u_ddr_memory/u_ddr_bd/design_1_i/ddr4_0/inst/u_ddr4_mem_intfc/u_ddr_cal_top/u_ddr_cal/U_XSDB_SLAVE/uuid_stamp_reg[122]/C is not reached by a timing clock
Related violations: <none>

TIMING-17#112 Critical Warning
Non-clocked sequential cell  
The clock pin u_ddr_memory/u_ddr_bd/design_1_i/ddr4_0/inst/u_ddr4_mem_intfc/u_ddr_cal_top/u_ddr_cal/U_XSDB_SLAVE/uuid_stamp_reg[123]/C is not reached by a timing clock
Related violations: <none>

TIMING-17#113 Critical Warning
Non-clocked sequential cell  
The clock pin u_ddr_memory/u_ddr_bd/design_1_i/ddr4_0/inst/u_ddr4_mem_intfc/u_ddr_cal_top/u_ddr_cal/U_XSDB_SLAVE/uuid_stamp_reg[124]/C is not reached by a timing clock
Related violations: <none>

TIMING-17#114 Critical Warning
Non-clocked sequential cell  
The clock pin u_ddr_memory/u_ddr_bd/design_1_i/ddr4_0/inst/u_ddr4_mem_intfc/u_ddr_cal_top/u_ddr_cal/U_XSDB_SLAVE/uuid_stamp_reg[125]/C is not reached by a timing clock
Related violations: <none>

TIMING-17#115 Critical Warning
Non-clocked sequential cell  
The clock pin u_ddr_memory/u_ddr_bd/design_1_i/ddr4_0/inst/u_ddr4_mem_intfc/u_ddr_cal_top/u_ddr_cal/U_XSDB_SLAVE/uuid_stamp_reg[126]/C is not reached by a timing clock
Related violations: <none>

TIMING-17#116 Critical Warning
Non-clocked sequential cell  
The clock pin u_ddr_memory/u_ddr_bd/design_1_i/ddr4_0/inst/u_ddr4_mem_intfc/u_ddr_cal_top/u_ddr_cal/U_XSDB_SLAVE/uuid_stamp_reg[127]/C is not reached by a timing clock
Related violations: <none>

TIMING-17#117 Critical Warning
Non-clocked sequential cell  
The clock pin u_ddr_memory/u_ddr_bd/design_1_i/ddr4_0/inst/u_ddr4_mem_intfc/u_ddr_cal_top/u_ddr_cal/U_XSDB_SLAVE/uuid_stamp_reg[12]/C is not reached by a timing clock
Related violations: <none>

TIMING-17#118 Critical Warning
Non-clocked sequential cell  
The clock pin u_ddr_memory/u_ddr_bd/design_1_i/ddr4_0/inst/u_ddr4_mem_intfc/u_ddr_cal_top/u_ddr_cal/U_XSDB_SLAVE/uuid_stamp_reg[13]/C is not reached by a timing clock
Related violations: <none>

TIMING-17#119 Critical Warning
Non-clocked sequential cell  
The clock pin u_ddr_memory/u_ddr_bd/design_1_i/ddr4_0/inst/u_ddr4_mem_intfc/u_ddr_cal_top/u_ddr_cal/U_XSDB_SLAVE/uuid_stamp_reg[14]/C is not reached by a timing clock
Related violations: <none>

TIMING-17#120 Critical Warning
Non-clocked sequential cell  
The clock pin u_ddr_memory/u_ddr_bd/design_1_i/ddr4_0/inst/u_ddr4_mem_intfc/u_ddr_cal_top/u_ddr_cal/U_XSDB_SLAVE/uuid_stamp_reg[15]/C is not reached by a timing clock
Related violations: <none>

TIMING-17#121 Critical Warning
Non-clocked sequential cell  
The clock pin u_ddr_memory/u_ddr_bd/design_1_i/ddr4_0/inst/u_ddr4_mem_intfc/u_ddr_cal_top/u_ddr_cal/U_XSDB_SLAVE/uuid_stamp_reg[16]/C is not reached by a timing clock
Related violations: <none>

TIMING-17#122 Critical Warning
Non-clocked sequential cell  
The clock pin u_ddr_memory/u_ddr_bd/design_1_i/ddr4_0/inst/u_ddr4_mem_intfc/u_ddr_cal_top/u_ddr_cal/U_XSDB_SLAVE/uuid_stamp_reg[17]/C is not reached by a timing clock
Related violations: <none>

TIMING-17#123 Critical Warning
Non-clocked sequential cell  
The clock pin u_ddr_memory/u_ddr_bd/design_1_i/ddr4_0/inst/u_ddr4_mem_intfc/u_ddr_cal_top/u_ddr_cal/U_XSDB_SLAVE/uuid_stamp_reg[18]/C is not reached by a timing clock
Related violations: <none>

TIMING-17#124 Critical Warning
Non-clocked sequential cell  
The clock pin u_ddr_memory/u_ddr_bd/design_1_i/ddr4_0/inst/u_ddr4_mem_intfc/u_ddr_cal_top/u_ddr_cal/U_XSDB_SLAVE/uuid_stamp_reg[19]/C is not reached by a timing clock
Related violations: <none>

TIMING-17#125 Critical Warning
Non-clocked sequential cell  
The clock pin u_ddr_memory/u_ddr_bd/design_1_i/ddr4_0/inst/u_ddr4_mem_intfc/u_ddr_cal_top/u_ddr_cal/U_XSDB_SLAVE/uuid_stamp_reg[1]/C is not reached by a timing clock
Related violations: <none>

TIMING-17#126 Critical Warning
Non-clocked sequential cell  
The clock pin u_ddr_memory/u_ddr_bd/design_1_i/ddr4_0/inst/u_ddr4_mem_intfc/u_ddr_cal_top/u_ddr_cal/U_XSDB_SLAVE/uuid_stamp_reg[20]/C is not reached by a timing clock
Related violations: <none>

TIMING-17#127 Critical Warning
Non-clocked sequential cell  
The clock pin u_ddr_memory/u_ddr_bd/design_1_i/ddr4_0/inst/u_ddr4_mem_intfc/u_ddr_cal_top/u_ddr_cal/U_XSDB_SLAVE/uuid_stamp_reg[21]/C is not reached by a timing clock
Related violations: <none>

TIMING-17#128 Critical Warning
Non-clocked sequential cell  
The clock pin u_ddr_memory/u_ddr_bd/design_1_i/ddr4_0/inst/u_ddr4_mem_intfc/u_ddr_cal_top/u_ddr_cal/U_XSDB_SLAVE/uuid_stamp_reg[22]/C is not reached by a timing clock
Related violations: <none>

TIMING-17#129 Critical Warning
Non-clocked sequential cell  
The clock pin u_ddr_memory/u_ddr_bd/design_1_i/ddr4_0/inst/u_ddr4_mem_intfc/u_ddr_cal_top/u_ddr_cal/U_XSDB_SLAVE/uuid_stamp_reg[23]/C is not reached by a timing clock
Related violations: <none>

TIMING-17#130 Critical Warning
Non-clocked sequential cell  
The clock pin u_ddr_memory/u_ddr_bd/design_1_i/ddr4_0/inst/u_ddr4_mem_intfc/u_ddr_cal_top/u_ddr_cal/U_XSDB_SLAVE/uuid_stamp_reg[24]/C is not reached by a timing clock
Related violations: <none>

TIMING-17#131 Critical Warning
Non-clocked sequential cell  
The clock pin u_ddr_memory/u_ddr_bd/design_1_i/ddr4_0/inst/u_ddr4_mem_intfc/u_ddr_cal_top/u_ddr_cal/U_XSDB_SLAVE/uuid_stamp_reg[25]/C is not reached by a timing clock
Related violations: <none>

TIMING-17#132 Critical Warning
Non-clocked sequential cell  
The clock pin u_ddr_memory/u_ddr_bd/design_1_i/ddr4_0/inst/u_ddr4_mem_intfc/u_ddr_cal_top/u_ddr_cal/U_XSDB_SLAVE/uuid_stamp_reg[26]/C is not reached by a timing clock
Related violations: <none>

TIMING-17#133 Critical Warning
Non-clocked sequential cell  
The clock pin u_ddr_memory/u_ddr_bd/design_1_i/ddr4_0/inst/u_ddr4_mem_intfc/u_ddr_cal_top/u_ddr_cal/U_XSDB_SLAVE/uuid_stamp_reg[27]/C is not reached by a timing clock
Related violations: <none>

TIMING-17#134 Critical Warning
Non-clocked sequential cell  
The clock pin u_ddr_memory/u_ddr_bd/design_1_i/ddr4_0/inst/u_ddr4_mem_intfc/u_ddr_cal_top/u_ddr_cal/U_XSDB_SLAVE/uuid_stamp_reg[28]/C is not reached by a timing clock
Related violations: <none>

TIMING-17#135 Critical Warning
Non-clocked sequential cell  
The clock pin u_ddr_memory/u_ddr_bd/design_1_i/ddr4_0/inst/u_ddr4_mem_intfc/u_ddr_cal_top/u_ddr_cal/U_XSDB_SLAVE/uuid_stamp_reg[29]/C is not reached by a timing clock
Related violations: <none>

TIMING-17#136 Critical Warning
Non-clocked sequential cell  
The clock pin u_ddr_memory/u_ddr_bd/design_1_i/ddr4_0/inst/u_ddr4_mem_intfc/u_ddr_cal_top/u_ddr_cal/U_XSDB_SLAVE/uuid_stamp_reg[2]/C is not reached by a timing clock
Related violations: <none>

TIMING-17#137 Critical Warning
Non-clocked sequential cell  
The clock pin u_ddr_memory/u_ddr_bd/design_1_i/ddr4_0/inst/u_ddr4_mem_intfc/u_ddr_cal_top/u_ddr_cal/U_XSDB_SLAVE/uuid_stamp_reg[30]/C is not reached by a timing clock
Related violations: <none>

TIMING-17#138 Critical Warning
Non-clocked sequential cell  
The clock pin u_ddr_memory/u_ddr_bd/design_1_i/ddr4_0/inst/u_ddr4_mem_intfc/u_ddr_cal_top/u_ddr_cal/U_XSDB_SLAVE/uuid_stamp_reg[31]/C is not reached by a timing clock
Related violations: <none>

TIMING-17#139 Critical Warning
Non-clocked sequential cell  
The clock pin u_ddr_memory/u_ddr_bd/design_1_i/ddr4_0/inst/u_ddr4_mem_intfc/u_ddr_cal_top/u_ddr_cal/U_XSDB_SLAVE/uuid_stamp_reg[32]/C is not reached by a timing clock
Related violations: <none>

TIMING-17#140 Critical Warning
Non-clocked sequential cell  
The clock pin u_ddr_memory/u_ddr_bd/design_1_i/ddr4_0/inst/u_ddr4_mem_intfc/u_ddr_cal_top/u_ddr_cal/U_XSDB_SLAVE/uuid_stamp_reg[33]/C is not reached by a timing clock
Related violations: <none>

TIMING-17#141 Critical Warning
Non-clocked sequential cell  
The clock pin u_ddr_memory/u_ddr_bd/design_1_i/ddr4_0/inst/u_ddr4_mem_intfc/u_ddr_cal_top/u_ddr_cal/U_XSDB_SLAVE/uuid_stamp_reg[34]/C is not reached by a timing clock
Related violations: <none>

TIMING-17#142 Critical Warning
Non-clocked sequential cell  
The clock pin u_ddr_memory/u_ddr_bd/design_1_i/ddr4_0/inst/u_ddr4_mem_intfc/u_ddr_cal_top/u_ddr_cal/U_XSDB_SLAVE/uuid_stamp_reg[35]/C is not reached by a timing clock
Related violations: <none>

TIMING-17#143 Critical Warning
Non-clocked sequential cell  
The clock pin u_ddr_memory/u_ddr_bd/design_1_i/ddr4_0/inst/u_ddr4_mem_intfc/u_ddr_cal_top/u_ddr_cal/U_XSDB_SLAVE/uuid_stamp_reg[36]/C is not reached by a timing clock
Related violations: <none>

TIMING-17#144 Critical Warning
Non-clocked sequential cell  
The clock pin u_ddr_memory/u_ddr_bd/design_1_i/ddr4_0/inst/u_ddr4_mem_intfc/u_ddr_cal_top/u_ddr_cal/U_XSDB_SLAVE/uuid_stamp_reg[37]/C is not reached by a timing clock
Related violations: <none>

TIMING-17#145 Critical Warning
Non-clocked sequential cell  
The clock pin u_ddr_memory/u_ddr_bd/design_1_i/ddr4_0/inst/u_ddr4_mem_intfc/u_ddr_cal_top/u_ddr_cal/U_XSDB_SLAVE/uuid_stamp_reg[38]/C is not reached by a timing clock
Related violations: <none>

TIMING-17#146 Critical Warning
Non-clocked sequential cell  
The clock pin u_ddr_memory/u_ddr_bd/design_1_i/ddr4_0/inst/u_ddr4_mem_intfc/u_ddr_cal_top/u_ddr_cal/U_XSDB_SLAVE/uuid_stamp_reg[39]/C is not reached by a timing clock
Related violations: <none>

TIMING-17#147 Critical Warning
Non-clocked sequential cell  
The clock pin u_ddr_memory/u_ddr_bd/design_1_i/ddr4_0/inst/u_ddr4_mem_intfc/u_ddr_cal_top/u_ddr_cal/U_XSDB_SLAVE/uuid_stamp_reg[3]/C is not reached by a timing clock
Related violations: <none>

TIMING-17#148 Critical Warning
Non-clocked sequential cell  
The clock pin u_ddr_memory/u_ddr_bd/design_1_i/ddr4_0/inst/u_ddr4_mem_intfc/u_ddr_cal_top/u_ddr_cal/U_XSDB_SLAVE/uuid_stamp_reg[40]/C is not reached by a timing clock
Related violations: <none>

TIMING-17#149 Critical Warning
Non-clocked sequential cell  
The clock pin u_ddr_memory/u_ddr_bd/design_1_i/ddr4_0/inst/u_ddr4_mem_intfc/u_ddr_cal_top/u_ddr_cal/U_XSDB_SLAVE/uuid_stamp_reg[41]/C is not reached by a timing clock
Related violations: <none>

TIMING-17#150 Critical Warning
Non-clocked sequential cell  
The clock pin u_ddr_memory/u_ddr_bd/design_1_i/ddr4_0/inst/u_ddr4_mem_intfc/u_ddr_cal_top/u_ddr_cal/U_XSDB_SLAVE/uuid_stamp_reg[42]/C is not reached by a timing clock
Related violations: <none>

TIMING-17#151 Critical Warning
Non-clocked sequential cell  
The clock pin u_ddr_memory/u_ddr_bd/design_1_i/ddr4_0/inst/u_ddr4_mem_intfc/u_ddr_cal_top/u_ddr_cal/U_XSDB_SLAVE/uuid_stamp_reg[43]/C is not reached by a timing clock
Related violations: <none>

TIMING-17#152 Critical Warning
Non-clocked sequential cell  
The clock pin u_ddr_memory/u_ddr_bd/design_1_i/ddr4_0/inst/u_ddr4_mem_intfc/u_ddr_cal_top/u_ddr_cal/U_XSDB_SLAVE/uuid_stamp_reg[44]/C is not reached by a timing clock
Related violations: <none>

TIMING-17#153 Critical Warning
Non-clocked sequential cell  
The clock pin u_ddr_memory/u_ddr_bd/design_1_i/ddr4_0/inst/u_ddr4_mem_intfc/u_ddr_cal_top/u_ddr_cal/U_XSDB_SLAVE/uuid_stamp_reg[45]/C is not reached by a timing clock
Related violations: <none>

TIMING-17#154 Critical Warning
Non-clocked sequential cell  
The clock pin u_ddr_memory/u_ddr_bd/design_1_i/ddr4_0/inst/u_ddr4_mem_intfc/u_ddr_cal_top/u_ddr_cal/U_XSDB_SLAVE/uuid_stamp_reg[46]/C is not reached by a timing clock
Related violations: <none>

TIMING-17#155 Critical Warning
Non-clocked sequential cell  
The clock pin u_ddr_memory/u_ddr_bd/design_1_i/ddr4_0/inst/u_ddr4_mem_intfc/u_ddr_cal_top/u_ddr_cal/U_XSDB_SLAVE/uuid_stamp_reg[47]/C is not reached by a timing clock
Related violations: <none>

TIMING-17#156 Critical Warning
Non-clocked sequential cell  
The clock pin u_ddr_memory/u_ddr_bd/design_1_i/ddr4_0/inst/u_ddr4_mem_intfc/u_ddr_cal_top/u_ddr_cal/U_XSDB_SLAVE/uuid_stamp_reg[48]/C is not reached by a timing clock
Related violations: <none>

TIMING-17#157 Critical Warning
Non-clocked sequential cell  
The clock pin u_ddr_memory/u_ddr_bd/design_1_i/ddr4_0/inst/u_ddr4_mem_intfc/u_ddr_cal_top/u_ddr_cal/U_XSDB_SLAVE/uuid_stamp_reg[49]/C is not reached by a timing clock
Related violations: <none>

TIMING-17#158 Critical Warning
Non-clocked sequential cell  
The clock pin u_ddr_memory/u_ddr_bd/design_1_i/ddr4_0/inst/u_ddr4_mem_intfc/u_ddr_cal_top/u_ddr_cal/U_XSDB_SLAVE/uuid_stamp_reg[4]/C is not reached by a timing clock
Related violations: <none>

TIMING-17#159 Critical Warning
Non-clocked sequential cell  
The clock pin u_ddr_memory/u_ddr_bd/design_1_i/ddr4_0/inst/u_ddr4_mem_intfc/u_ddr_cal_top/u_ddr_cal/U_XSDB_SLAVE/uuid_stamp_reg[50]/C is not reached by a timing clock
Related violations: <none>

TIMING-17#160 Critical Warning
Non-clocked sequential cell  
The clock pin u_ddr_memory/u_ddr_bd/design_1_i/ddr4_0/inst/u_ddr4_mem_intfc/u_ddr_cal_top/u_ddr_cal/U_XSDB_SLAVE/uuid_stamp_reg[51]/C is not reached by a timing clock
Related violations: <none>

TIMING-17#161 Critical Warning
Non-clocked sequential cell  
The clock pin u_ddr_memory/u_ddr_bd/design_1_i/ddr4_0/inst/u_ddr4_mem_intfc/u_ddr_cal_top/u_ddr_cal/U_XSDB_SLAVE/uuid_stamp_reg[52]/C is not reached by a timing clock
Related violations: <none>

TIMING-17#162 Critical Warning
Non-clocked sequential cell  
The clock pin u_ddr_memory/u_ddr_bd/design_1_i/ddr4_0/inst/u_ddr4_mem_intfc/u_ddr_cal_top/u_ddr_cal/U_XSDB_SLAVE/uuid_stamp_reg[53]/C is not reached by a timing clock
Related violations: <none>

TIMING-17#163 Critical Warning
Non-clocked sequential cell  
The clock pin u_ddr_memory/u_ddr_bd/design_1_i/ddr4_0/inst/u_ddr4_mem_intfc/u_ddr_cal_top/u_ddr_cal/U_XSDB_SLAVE/uuid_stamp_reg[54]/C is not reached by a timing clock
Related violations: <none>

TIMING-17#164 Critical Warning
Non-clocked sequential cell  
The clock pin u_ddr_memory/u_ddr_bd/design_1_i/ddr4_0/inst/u_ddr4_mem_intfc/u_ddr_cal_top/u_ddr_cal/U_XSDB_SLAVE/uuid_stamp_reg[55]/C is not reached by a timing clock
Related violations: <none>

TIMING-17#165 Critical Warning
Non-clocked sequential cell  
The clock pin u_ddr_memory/u_ddr_bd/design_1_i/ddr4_0/inst/u_ddr4_mem_intfc/u_ddr_cal_top/u_ddr_cal/U_XSDB_SLAVE/uuid_stamp_reg[56]/C is not reached by a timing clock
Related violations: <none>

TIMING-17#166 Critical Warning
Non-clocked sequential cell  
The clock pin u_ddr_memory/u_ddr_bd/design_1_i/ddr4_0/inst/u_ddr4_mem_intfc/u_ddr_cal_top/u_ddr_cal/U_XSDB_SLAVE/uuid_stamp_reg[57]/C is not reached by a timing clock
Related violations: <none>

TIMING-17#167 Critical Warning
Non-clocked sequential cell  
The clock pin u_ddr_memory/u_ddr_bd/design_1_i/ddr4_0/inst/u_ddr4_mem_intfc/u_ddr_cal_top/u_ddr_cal/U_XSDB_SLAVE/uuid_stamp_reg[58]/C is not reached by a timing clock
Related violations: <none>

TIMING-17#168 Critical Warning
Non-clocked sequential cell  
The clock pin u_ddr_memory/u_ddr_bd/design_1_i/ddr4_0/inst/u_ddr4_mem_intfc/u_ddr_cal_top/u_ddr_cal/U_XSDB_SLAVE/uuid_stamp_reg[59]/C is not reached by a timing clock
Related violations: <none>

TIMING-17#169 Critical Warning
Non-clocked sequential cell  
The clock pin u_ddr_memory/u_ddr_bd/design_1_i/ddr4_0/inst/u_ddr4_mem_intfc/u_ddr_cal_top/u_ddr_cal/U_XSDB_SLAVE/uuid_stamp_reg[5]/C is not reached by a timing clock
Related violations: <none>

TIMING-17#170 Critical Warning
Non-clocked sequential cell  
The clock pin u_ddr_memory/u_ddr_bd/design_1_i/ddr4_0/inst/u_ddr4_mem_intfc/u_ddr_cal_top/u_ddr_cal/U_XSDB_SLAVE/uuid_stamp_reg[60]/C is not reached by a timing clock
Related violations: <none>

TIMING-17#171 Critical Warning
Non-clocked sequential cell  
The clock pin u_ddr_memory/u_ddr_bd/design_1_i/ddr4_0/inst/u_ddr4_mem_intfc/u_ddr_cal_top/u_ddr_cal/U_XSDB_SLAVE/uuid_stamp_reg[61]/C is not reached by a timing clock
Related violations: <none>

TIMING-17#172 Critical Warning
Non-clocked sequential cell  
The clock pin u_ddr_memory/u_ddr_bd/design_1_i/ddr4_0/inst/u_ddr4_mem_intfc/u_ddr_cal_top/u_ddr_cal/U_XSDB_SLAVE/uuid_stamp_reg[62]/C is not reached by a timing clock
Related violations: <none>

TIMING-17#173 Critical Warning
Non-clocked sequential cell  
The clock pin u_ddr_memory/u_ddr_bd/design_1_i/ddr4_0/inst/u_ddr4_mem_intfc/u_ddr_cal_top/u_ddr_cal/U_XSDB_SLAVE/uuid_stamp_reg[63]/C is not reached by a timing clock
Related violations: <none>

TIMING-17#174 Critical Warning
Non-clocked sequential cell  
The clock pin u_ddr_memory/u_ddr_bd/design_1_i/ddr4_0/inst/u_ddr4_mem_intfc/u_ddr_cal_top/u_ddr_cal/U_XSDB_SLAVE/uuid_stamp_reg[64]/C is not reached by a timing clock
Related violations: <none>

TIMING-17#175 Critical Warning
Non-clocked sequential cell  
The clock pin u_ddr_memory/u_ddr_bd/design_1_i/ddr4_0/inst/u_ddr4_mem_intfc/u_ddr_cal_top/u_ddr_cal/U_XSDB_SLAVE/uuid_stamp_reg[65]/C is not reached by a timing clock
Related violations: <none>

TIMING-17#176 Critical Warning
Non-clocked sequential cell  
The clock pin u_ddr_memory/u_ddr_bd/design_1_i/ddr4_0/inst/u_ddr4_mem_intfc/u_ddr_cal_top/u_ddr_cal/U_XSDB_SLAVE/uuid_stamp_reg[66]/C is not reached by a timing clock
Related violations: <none>

TIMING-17#177 Critical Warning
Non-clocked sequential cell  
The clock pin u_ddr_memory/u_ddr_bd/design_1_i/ddr4_0/inst/u_ddr4_mem_intfc/u_ddr_cal_top/u_ddr_cal/U_XSDB_SLAVE/uuid_stamp_reg[67]/C is not reached by a timing clock
Related violations: <none>

TIMING-17#178 Critical Warning
Non-clocked sequential cell  
The clock pin u_ddr_memory/u_ddr_bd/design_1_i/ddr4_0/inst/u_ddr4_mem_intfc/u_ddr_cal_top/u_ddr_cal/U_XSDB_SLAVE/uuid_stamp_reg[68]/C is not reached by a timing clock
Related violations: <none>

TIMING-17#179 Critical Warning
Non-clocked sequential cell  
The clock pin u_ddr_memory/u_ddr_bd/design_1_i/ddr4_0/inst/u_ddr4_mem_intfc/u_ddr_cal_top/u_ddr_cal/U_XSDB_SLAVE/uuid_stamp_reg[69]/C is not reached by a timing clock
Related violations: <none>

TIMING-17#180 Critical Warning
Non-clocked sequential cell  
The clock pin u_ddr_memory/u_ddr_bd/design_1_i/ddr4_0/inst/u_ddr4_mem_intfc/u_ddr_cal_top/u_ddr_cal/U_XSDB_SLAVE/uuid_stamp_reg[6]/C is not reached by a timing clock
Related violations: <none>

TIMING-17#181 Critical Warning
Non-clocked sequential cell  
The clock pin u_ddr_memory/u_ddr_bd/design_1_i/ddr4_0/inst/u_ddr4_mem_intfc/u_ddr_cal_top/u_ddr_cal/U_XSDB_SLAVE/uuid_stamp_reg[70]/C is not reached by a timing clock
Related violations: <none>

TIMING-17#182 Critical Warning
Non-clocked sequential cell  
The clock pin u_ddr_memory/u_ddr_bd/design_1_i/ddr4_0/inst/u_ddr4_mem_intfc/u_ddr_cal_top/u_ddr_cal/U_XSDB_SLAVE/uuid_stamp_reg[71]/C is not reached by a timing clock
Related violations: <none>

TIMING-17#183 Critical Warning
Non-clocked sequential cell  
The clock pin u_ddr_memory/u_ddr_bd/design_1_i/ddr4_0/inst/u_ddr4_mem_intfc/u_ddr_cal_top/u_ddr_cal/U_XSDB_SLAVE/uuid_stamp_reg[72]/C is not reached by a timing clock
Related violations: <none>

TIMING-17#184 Critical Warning
Non-clocked sequential cell  
The clock pin u_ddr_memory/u_ddr_bd/design_1_i/ddr4_0/inst/u_ddr4_mem_intfc/u_ddr_cal_top/u_ddr_cal/U_XSDB_SLAVE/uuid_stamp_reg[73]/C is not reached by a timing clock
Related violations: <none>

TIMING-17#185 Critical Warning
Non-clocked sequential cell  
The clock pin u_ddr_memory/u_ddr_bd/design_1_i/ddr4_0/inst/u_ddr4_mem_intfc/u_ddr_cal_top/u_ddr_cal/U_XSDB_SLAVE/uuid_stamp_reg[74]/C is not reached by a timing clock
Related violations: <none>

TIMING-17#186 Critical Warning
Non-clocked sequential cell  
The clock pin u_ddr_memory/u_ddr_bd/design_1_i/ddr4_0/inst/u_ddr4_mem_intfc/u_ddr_cal_top/u_ddr_cal/U_XSDB_SLAVE/uuid_stamp_reg[75]/C is not reached by a timing clock
Related violations: <none>

TIMING-17#187 Critical Warning
Non-clocked sequential cell  
The clock pin u_ddr_memory/u_ddr_bd/design_1_i/ddr4_0/inst/u_ddr4_mem_intfc/u_ddr_cal_top/u_ddr_cal/U_XSDB_SLAVE/uuid_stamp_reg[76]/C is not reached by a timing clock
Related violations: <none>

TIMING-17#188 Critical Warning
Non-clocked sequential cell  
The clock pin u_ddr_memory/u_ddr_bd/design_1_i/ddr4_0/inst/u_ddr4_mem_intfc/u_ddr_cal_top/u_ddr_cal/U_XSDB_SLAVE/uuid_stamp_reg[77]/C is not reached by a timing clock
Related violations: <none>

TIMING-17#189 Critical Warning
Non-clocked sequential cell  
The clock pin u_ddr_memory/u_ddr_bd/design_1_i/ddr4_0/inst/u_ddr4_mem_intfc/u_ddr_cal_top/u_ddr_cal/U_XSDB_SLAVE/uuid_stamp_reg[78]/C is not reached by a timing clock
Related violations: <none>

TIMING-17#190 Critical Warning
Non-clocked sequential cell  
The clock pin u_ddr_memory/u_ddr_bd/design_1_i/ddr4_0/inst/u_ddr4_mem_intfc/u_ddr_cal_top/u_ddr_cal/U_XSDB_SLAVE/uuid_stamp_reg[79]/C is not reached by a timing clock
Related violations: <none>

TIMING-17#191 Critical Warning
Non-clocked sequential cell  
The clock pin u_ddr_memory/u_ddr_bd/design_1_i/ddr4_0/inst/u_ddr4_mem_intfc/u_ddr_cal_top/u_ddr_cal/U_XSDB_SLAVE/uuid_stamp_reg[7]/C is not reached by a timing clock
Related violations: <none>

TIMING-17#192 Critical Warning
Non-clocked sequential cell  
The clock pin u_ddr_memory/u_ddr_bd/design_1_i/ddr4_0/inst/u_ddr4_mem_intfc/u_ddr_cal_top/u_ddr_cal/U_XSDB_SLAVE/uuid_stamp_reg[80]/C is not reached by a timing clock
Related violations: <none>

TIMING-17#193 Critical Warning
Non-clocked sequential cell  
The clock pin u_ddr_memory/u_ddr_bd/design_1_i/ddr4_0/inst/u_ddr4_mem_intfc/u_ddr_cal_top/u_ddr_cal/U_XSDB_SLAVE/uuid_stamp_reg[81]/C is not reached by a timing clock
Related violations: <none>

TIMING-17#194 Critical Warning
Non-clocked sequential cell  
The clock pin u_ddr_memory/u_ddr_bd/design_1_i/ddr4_0/inst/u_ddr4_mem_intfc/u_ddr_cal_top/u_ddr_cal/U_XSDB_SLAVE/uuid_stamp_reg[82]/C is not reached by a timing clock
Related violations: <none>

TIMING-17#195 Critical Warning
Non-clocked sequential cell  
The clock pin u_ddr_memory/u_ddr_bd/design_1_i/ddr4_0/inst/u_ddr4_mem_intfc/u_ddr_cal_top/u_ddr_cal/U_XSDB_SLAVE/uuid_stamp_reg[83]/C is not reached by a timing clock
Related violations: <none>

TIMING-17#196 Critical Warning
Non-clocked sequential cell  
The clock pin u_ddr_memory/u_ddr_bd/design_1_i/ddr4_0/inst/u_ddr4_mem_intfc/u_ddr_cal_top/u_ddr_cal/U_XSDB_SLAVE/uuid_stamp_reg[84]/C is not reached by a timing clock
Related violations: <none>

TIMING-17#197 Critical Warning
Non-clocked sequential cell  
The clock pin u_ddr_memory/u_ddr_bd/design_1_i/ddr4_0/inst/u_ddr4_mem_intfc/u_ddr_cal_top/u_ddr_cal/U_XSDB_SLAVE/uuid_stamp_reg[85]/C is not reached by a timing clock
Related violations: <none>

TIMING-17#198 Critical Warning
Non-clocked sequential cell  
The clock pin u_ddr_memory/u_ddr_bd/design_1_i/ddr4_0/inst/u_ddr4_mem_intfc/u_ddr_cal_top/u_ddr_cal/U_XSDB_SLAVE/uuid_stamp_reg[86]/C is not reached by a timing clock
Related violations: <none>

TIMING-17#199 Critical Warning
Non-clocked sequential cell  
The clock pin u_ddr_memory/u_ddr_bd/design_1_i/ddr4_0/inst/u_ddr4_mem_intfc/u_ddr_cal_top/u_ddr_cal/U_XSDB_SLAVE/uuid_stamp_reg[87]/C is not reached by a timing clock
Related violations: <none>

TIMING-17#200 Critical Warning
Non-clocked sequential cell  
The clock pin u_ddr_memory/u_ddr_bd/design_1_i/ddr4_0/inst/u_ddr4_mem_intfc/u_ddr_cal_top/u_ddr_cal/U_XSDB_SLAVE/uuid_stamp_reg[88]/C is not reached by a timing clock
Related violations: <none>

TIMING-17#201 Critical Warning
Non-clocked sequential cell  
The clock pin u_ddr_memory/u_ddr_bd/design_1_i/ddr4_0/inst/u_ddr4_mem_intfc/u_ddr_cal_top/u_ddr_cal/U_XSDB_SLAVE/uuid_stamp_reg[89]/C is not reached by a timing clock
Related violations: <none>

TIMING-17#202 Critical Warning
Non-clocked sequential cell  
The clock pin u_ddr_memory/u_ddr_bd/design_1_i/ddr4_0/inst/u_ddr4_mem_intfc/u_ddr_cal_top/u_ddr_cal/U_XSDB_SLAVE/uuid_stamp_reg[8]/C is not reached by a timing clock
Related violations: <none>

TIMING-17#203 Critical Warning
Non-clocked sequential cell  
The clock pin u_ddr_memory/u_ddr_bd/design_1_i/ddr4_0/inst/u_ddr4_mem_intfc/u_ddr_cal_top/u_ddr_cal/U_XSDB_SLAVE/uuid_stamp_reg[90]/C is not reached by a timing clock
Related violations: <none>

TIMING-17#204 Critical Warning
Non-clocked sequential cell  
The clock pin u_ddr_memory/u_ddr_bd/design_1_i/ddr4_0/inst/u_ddr4_mem_intfc/u_ddr_cal_top/u_ddr_cal/U_XSDB_SLAVE/uuid_stamp_reg[91]/C is not reached by a timing clock
Related violations: <none>

TIMING-17#205 Critical Warning
Non-clocked sequential cell  
The clock pin u_ddr_memory/u_ddr_bd/design_1_i/ddr4_0/inst/u_ddr4_mem_intfc/u_ddr_cal_top/u_ddr_cal/U_XSDB_SLAVE/uuid_stamp_reg[92]/C is not reached by a timing clock
Related violations: <none>

TIMING-17#206 Critical Warning
Non-clocked sequential cell  
The clock pin u_ddr_memory/u_ddr_bd/design_1_i/ddr4_0/inst/u_ddr4_mem_intfc/u_ddr_cal_top/u_ddr_cal/U_XSDB_SLAVE/uuid_stamp_reg[93]/C is not reached by a timing clock
Related violations: <none>

TIMING-17#207 Critical Warning
Non-clocked sequential cell  
The clock pin u_ddr_memory/u_ddr_bd/design_1_i/ddr4_0/inst/u_ddr4_mem_intfc/u_ddr_cal_top/u_ddr_cal/U_XSDB_SLAVE/uuid_stamp_reg[94]/C is not reached by a timing clock
Related violations: <none>

TIMING-17#208 Critical Warning
Non-clocked sequential cell  
The clock pin u_ddr_memory/u_ddr_bd/design_1_i/ddr4_0/inst/u_ddr4_mem_intfc/u_ddr_cal_top/u_ddr_cal/U_XSDB_SLAVE/uuid_stamp_reg[95]/C is not reached by a timing clock
Related violations: <none>

TIMING-17#209 Critical Warning
Non-clocked sequential cell  
The clock pin u_ddr_memory/u_ddr_bd/design_1_i/ddr4_0/inst/u_ddr4_mem_intfc/u_ddr_cal_top/u_ddr_cal/U_XSDB_SLAVE/uuid_stamp_reg[96]/C is not reached by a timing clock
Related violations: <none>

TIMING-17#210 Critical Warning
Non-clocked sequential cell  
The clock pin u_ddr_memory/u_ddr_bd/design_1_i/ddr4_0/inst/u_ddr4_mem_intfc/u_ddr_cal_top/u_ddr_cal/U_XSDB_SLAVE/uuid_stamp_reg[97]/C is not reached by a timing clock
Related violations: <none>

TIMING-17#211 Critical Warning
Non-clocked sequential cell  
The clock pin u_ddr_memory/u_ddr_bd/design_1_i/ddr4_0/inst/u_ddr4_mem_intfc/u_ddr_cal_top/u_ddr_cal/U_XSDB_SLAVE/uuid_stamp_reg[98]/C is not reached by a timing clock
Related violations: <none>

TIMING-17#212 Critical Warning
Non-clocked sequential cell  
The clock pin u_ddr_memory/u_ddr_bd/design_1_i/ddr4_0/inst/u_ddr4_mem_intfc/u_ddr_cal_top/u_ddr_cal/U_XSDB_SLAVE/uuid_stamp_reg[99]/C is not reached by a timing clock
Related violations: <none>

TIMING-17#213 Critical Warning
Non-clocked sequential cell  
The clock pin u_ddr_memory/u_ddr_bd/design_1_i/ddr4_0/inst/u_ddr4_mem_intfc/u_ddr_cal_top/u_ddr_cal/U_XSDB_SLAVE/uuid_stamp_reg[9]/C is not reached by a timing clock
Related violations: <none>

TIMING-17#214 Critical Warning
Non-clocked sequential cell  
The clock pin u_ddr_memory/u_ddr_bd/design_1_i/ddr4_0/inst/u_ddr4_mem_intfc/u_ddr_cal_top/u_ddr_cal/u_xsdb_arbiter/slave_addr_r_reg[0]/C is not reached by a timing clock
Related violations: <none>

TIMING-17#215 Critical Warning
Non-clocked sequential cell  
The clock pin u_ddr_memory/u_ddr_bd/design_1_i/ddr4_0/inst/u_ddr4_mem_intfc/u_ddr_cal_top/u_ddr_cal/u_xsdb_arbiter/slave_addr_r_reg[10]/C is not reached by a timing clock
Related violations: <none>

TIMING-17#216 Critical Warning
Non-clocked sequential cell  
The clock pin u_ddr_memory/u_ddr_bd/design_1_i/ddr4_0/inst/u_ddr4_mem_intfc/u_ddr_cal_top/u_ddr_cal/u_xsdb_arbiter/slave_addr_r_reg[11]/C is not reached by a timing clock
Related violations: <none>

TIMING-17#217 Critical Warning
Non-clocked sequential cell  
The clock pin u_ddr_memory/u_ddr_bd/design_1_i/ddr4_0/inst/u_ddr4_mem_intfc/u_ddr_cal_top/u_ddr_cal/u_xsdb_arbiter/slave_addr_r_reg[12]/C is not reached by a timing clock
Related violations: <none>

TIMING-17#218 Critical Warning
Non-clocked sequential cell  
The clock pin u_ddr_memory/u_ddr_bd/design_1_i/ddr4_0/inst/u_ddr4_mem_intfc/u_ddr_cal_top/u_ddr_cal/u_xsdb_arbiter/slave_addr_r_reg[13]/C is not reached by a timing clock
Related violations: <none>

TIMING-17#219 Critical Warning
Non-clocked sequential cell  
The clock pin u_ddr_memory/u_ddr_bd/design_1_i/ddr4_0/inst/u_ddr4_mem_intfc/u_ddr_cal_top/u_ddr_cal/u_xsdb_arbiter/slave_addr_r_reg[14]/C is not reached by a timing clock
Related violations: <none>

TIMING-17#220 Critical Warning
Non-clocked sequential cell  
The clock pin u_ddr_memory/u_ddr_bd/design_1_i/ddr4_0/inst/u_ddr4_mem_intfc/u_ddr_cal_top/u_ddr_cal/u_xsdb_arbiter/slave_addr_r_reg[15]/C is not reached by a timing clock
Related violations: <none>

TIMING-17#221 Critical Warning
Non-clocked sequential cell  
The clock pin u_ddr_memory/u_ddr_bd/design_1_i/ddr4_0/inst/u_ddr4_mem_intfc/u_ddr_cal_top/u_ddr_cal/u_xsdb_arbiter/slave_addr_r_reg[1]/C is not reached by a timing clock
Related violations: <none>

TIMING-17#222 Critical Warning
Non-clocked sequential cell  
The clock pin u_ddr_memory/u_ddr_bd/design_1_i/ddr4_0/inst/u_ddr4_mem_intfc/u_ddr_cal_top/u_ddr_cal/u_xsdb_arbiter/slave_addr_r_reg[2]/C is not reached by a timing clock
Related violations: <none>

TIMING-17#223 Critical Warning
Non-clocked sequential cell  
The clock pin u_ddr_memory/u_ddr_bd/design_1_i/ddr4_0/inst/u_ddr4_mem_intfc/u_ddr_cal_top/u_ddr_cal/u_xsdb_arbiter/slave_addr_r_reg[3]/C is not reached by a timing clock
Related violations: <none>

TIMING-17#224 Critical Warning
Non-clocked sequential cell  
The clock pin u_ddr_memory/u_ddr_bd/design_1_i/ddr4_0/inst/u_ddr4_mem_intfc/u_ddr_cal_top/u_ddr_cal/u_xsdb_arbiter/slave_addr_r_reg[4]/C is not reached by a timing clock
Related violations: <none>

TIMING-17#225 Critical Warning
Non-clocked sequential cell  
The clock pin u_ddr_memory/u_ddr_bd/design_1_i/ddr4_0/inst/u_ddr4_mem_intfc/u_ddr_cal_top/u_ddr_cal/u_xsdb_arbiter/slave_addr_r_reg[5]/C is not reached by a timing clock
Related violations: <none>

TIMING-17#226 Critical Warning
Non-clocked sequential cell  
The clock pin u_ddr_memory/u_ddr_bd/design_1_i/ddr4_0/inst/u_ddr4_mem_intfc/u_ddr_cal_top/u_ddr_cal/u_xsdb_arbiter/slave_addr_r_reg[6]/C is not reached by a timing clock
Related violations: <none>

TIMING-17#227 Critical Warning
Non-clocked sequential cell  
The clock pin u_ddr_memory/u_ddr_bd/design_1_i/ddr4_0/inst/u_ddr4_mem_intfc/u_ddr_cal_top/u_ddr_cal/u_xsdb_arbiter/slave_addr_r_reg[7]/C is not reached by a timing clock
Related violations: <none>

TIMING-17#228 Critical Warning
Non-clocked sequential cell  
The clock pin u_ddr_memory/u_ddr_bd/design_1_i/ddr4_0/inst/u_ddr4_mem_intfc/u_ddr_cal_top/u_ddr_cal/u_xsdb_arbiter/slave_addr_r_reg[8]/C is not reached by a timing clock
Related violations: <none>

TIMING-17#229 Critical Warning
Non-clocked sequential cell  
The clock pin u_ddr_memory/u_ddr_bd/design_1_i/ddr4_0/inst/u_ddr4_mem_intfc/u_ddr_cal_top/u_ddr_cal/u_xsdb_arbiter/slave_addr_r_reg[9]/C is not reached by a timing clock
Related violations: <none>

TIMING-17#230 Critical Warning
Non-clocked sequential cell  
The clock pin u_ddr_memory/u_ddr_bd/design_1_i/ddr4_0/inst/u_ddr4_mem_intfc/u_ddr_cal_top/u_ddr_cal/u_xsdb_arbiter/slave_cmd_en_r_reg/C is not reached by a timing clock
Related violations: <none>

TIMING-17#231 Critical Warning
Non-clocked sequential cell  
The clock pin u_ddr_memory/u_ddr_bd/design_1_i/ddr4_0/inst/u_ddr4_mem_intfc/u_ddr_cal_top/u_ddr_cal/u_xsdb_arbiter/slave_di_r_reg[0]/C is not reached by a timing clock
Related violations: <none>

TIMING-17#232 Critical Warning
Non-clocked sequential cell  
The clock pin u_ddr_memory/u_ddr_bd/design_1_i/ddr4_0/inst/u_ddr4_mem_intfc/u_ddr_cal_top/u_ddr_cal/u_xsdb_arbiter/slave_di_r_reg[1]/C is not reached by a timing clock
Related violations: <none>

TIMING-17#233 Critical Warning
Non-clocked sequential cell  
The clock pin u_ddr_memory/u_ddr_bd/design_1_i/ddr4_0/inst/u_ddr4_mem_intfc/u_ddr_cal_top/u_ddr_cal/u_xsdb_arbiter/slave_di_r_reg[2]/C is not reached by a timing clock
Related violations: <none>

TIMING-17#234 Critical Warning
Non-clocked sequential cell  
The clock pin u_ddr_memory/u_ddr_bd/design_1_i/ddr4_0/inst/u_ddr4_mem_intfc/u_ddr_cal_top/u_ddr_cal/u_xsdb_arbiter/slave_di_r_reg[3]/C is not reached by a timing clock
Related violations: <none>

TIMING-17#235 Critical Warning
Non-clocked sequential cell  
The clock pin u_ddr_memory/u_ddr_bd/design_1_i/ddr4_0/inst/u_ddr4_mem_intfc/u_ddr_cal_top/u_ddr_cal/u_xsdb_arbiter/slave_di_r_reg[4]/C is not reached by a timing clock
Related violations: <none>

TIMING-17#236 Critical Warning
Non-clocked sequential cell  
The clock pin u_ddr_memory/u_ddr_bd/design_1_i/ddr4_0/inst/u_ddr4_mem_intfc/u_ddr_cal_top/u_ddr_cal/u_xsdb_arbiter/slave_di_r_reg[5]/C is not reached by a timing clock
Related violations: <none>

TIMING-17#237 Critical Warning
Non-clocked sequential cell  
The clock pin u_ddr_memory/u_ddr_bd/design_1_i/ddr4_0/inst/u_ddr4_mem_intfc/u_ddr_cal_top/u_ddr_cal/u_xsdb_arbiter/slave_di_r_reg[6]/C is not reached by a timing clock
Related violations: <none>

TIMING-17#238 Critical Warning
Non-clocked sequential cell  
The clock pin u_ddr_memory/u_ddr_bd/design_1_i/ddr4_0/inst/u_ddr4_mem_intfc/u_ddr_cal_top/u_ddr_cal/u_xsdb_arbiter/slave_di_r_reg[7]/C is not reached by a timing clock
Related violations: <none>

TIMING-17#239 Critical Warning
Non-clocked sequential cell  
The clock pin u_ddr_memory/u_ddr_bd/design_1_i/ddr4_0/inst/u_ddr4_mem_intfc/u_ddr_cal_top/u_ddr_cal/u_xsdb_arbiter/slave_di_r_reg[8]/C is not reached by a timing clock
Related violations: <none>

TIMING-17#240 Critical Warning
Non-clocked sequential cell  
The clock pin u_ddr_memory/u_ddr_bd/design_1_i/ddr4_0/inst/u_ddr4_mem_intfc/u_ddr_cal_top/u_ddr_cal/u_xsdb_arbiter/slave_en_lvl_reg/C is not reached by a timing clock
Related violations: <none>

TIMING-17#241 Critical Warning
Non-clocked sequential cell  
The clock pin u_ddr_memory/u_ddr_bd/design_1_i/ddr4_0/inst/u_ddr4_mem_intfc/u_ddr_cal_top/u_ddr_cal/u_xsdb_arbiter/slave_rdy_cptd_sclk_reg/C is not reached by a timing clock
Related violations: <none>

TIMING-17#242 Critical Warning
Non-clocked sequential cell  
The clock pin u_ddr_memory/u_ddr_bd/design_1_i/ddr4_0/inst/u_ddr4_mem_intfc/u_ddr_cal_top/u_ddr_cal/u_xsdb_arbiter/slave_rdy_lvl_sclk_r1_reg/C is not reached by a timing clock
Related violations: <none>

TIMING-17#243 Critical Warning
Non-clocked sequential cell  
The clock pin u_ddr_memory/u_ddr_bd/design_1_i/ddr4_0/inst/u_ddr4_mem_intfc/u_ddr_cal_top/u_ddr_cal/u_xsdb_arbiter/slave_rdy_lvl_sclk_r2_reg/C is not reached by a timing clock
Related violations: <none>

TIMING-17#244 Critical Warning
Non-clocked sequential cell  
The clock pin u_ddr_memory/u_ddr_bd/design_1_i/ddr4_0/inst/u_ddr4_mem_intfc/u_ddr_cal_top/u_ddr_cal/u_xsdb_arbiter/slave_rdy_reg/C is not reached by a timing clock
Related violations: <none>

TIMING-17#245 Critical Warning
Non-clocked sequential cell  
The clock pin u_ddr_memory/u_ddr_bd/design_1_i/ddr4_0/inst/u_ddr4_mem_intfc/u_ddr_cal_top/u_ddr_cal/u_xsdb_arbiter/slave_we_r_reg/C is not reached by a timing clock
Related violations: <none>

TIMING-17#246 Critical Warning
Non-clocked sequential cell  
The clock pin u_ddr_memory/u_ddr_bd/design_1_i/ddr4_0/inst/u_ddr4_mem_intfc/u_ddr_cal_top/u_ddr_cal/u_xsdb_arbiter/u_slave_do_sync/SYNC[0].sync_reg_reg[0]/C is not reached by a timing clock
Related violations: <none>

TIMING-17#247 Critical Warning
Non-clocked sequential cell  
The clock pin u_ddr_memory/u_ddr_bd/design_1_i/ddr4_0/inst/u_ddr4_mem_intfc/u_ddr_cal_top/u_ddr_cal/u_xsdb_arbiter/u_slave_do_sync/SYNC[0].sync_reg_reg[1]/C is not reached by a timing clock
Related violations: <none>

TIMING-17#248 Critical Warning
Non-clocked sequential cell  
The clock pin u_ddr_memory/u_ddr_bd/design_1_i/ddr4_0/inst/u_ddr4_mem_intfc/u_ddr_cal_top/u_ddr_cal/u_xsdb_arbiter/u_slave_do_sync/SYNC[1].sync_reg_reg[0]/C is not reached by a timing clock
Related violations: <none>

TIMING-17#249 Critical Warning
Non-clocked sequential cell  
The clock pin u_ddr_memory/u_ddr_bd/design_1_i/ddr4_0/inst/u_ddr4_mem_intfc/u_ddr_cal_top/u_ddr_cal/u_xsdb_arbiter/u_slave_do_sync/SYNC[1].sync_reg_reg[1]/C is not reached by a timing clock
Related violations: <none>

TIMING-17#250 Critical Warning
Non-clocked sequential cell  
The clock pin u_ddr_memory/u_ddr_bd/design_1_i/ddr4_0/inst/u_ddr4_mem_intfc/u_ddr_cal_top/u_ddr_cal/u_xsdb_arbiter/u_slave_do_sync/SYNC[2].sync_reg_reg[0]/C is not reached by a timing clock
Related violations: <none>

TIMING-17#251 Critical Warning
Non-clocked sequential cell  
The clock pin u_ddr_memory/u_ddr_bd/design_1_i/ddr4_0/inst/u_ddr4_mem_intfc/u_ddr_cal_top/u_ddr_cal/u_xsdb_arbiter/u_slave_do_sync/SYNC[2].sync_reg_reg[1]/C is not reached by a timing clock
Related violations: <none>

TIMING-17#252 Critical Warning
Non-clocked sequential cell  
The clock pin u_ddr_memory/u_ddr_bd/design_1_i/ddr4_0/inst/u_ddr4_mem_intfc/u_ddr_cal_top/u_ddr_cal/u_xsdb_arbiter/u_slave_do_sync/SYNC[3].sync_reg_reg[0]/C is not reached by a timing clock
Related violations: <none>

TIMING-17#253 Critical Warning
Non-clocked sequential cell  
The clock pin u_ddr_memory/u_ddr_bd/design_1_i/ddr4_0/inst/u_ddr4_mem_intfc/u_ddr_cal_top/u_ddr_cal/u_xsdb_arbiter/u_slave_do_sync/SYNC[3].sync_reg_reg[1]/C is not reached by a timing clock
Related violations: <none>

TIMING-17#254 Critical Warning
Non-clocked sequential cell  
The clock pin u_ddr_memory/u_ddr_bd/design_1_i/ddr4_0/inst/u_ddr4_mem_intfc/u_ddr_cal_top/u_ddr_cal/u_xsdb_arbiter/u_slave_do_sync/SYNC[4].sync_reg_reg[0]/C is not reached by a timing clock
Related violations: <none>

TIMING-17#255 Critical Warning
Non-clocked sequential cell  
The clock pin u_ddr_memory/u_ddr_bd/design_1_i/ddr4_0/inst/u_ddr4_mem_intfc/u_ddr_cal_top/u_ddr_cal/u_xsdb_arbiter/u_slave_do_sync/SYNC[4].sync_reg_reg[1]/C is not reached by a timing clock
Related violations: <none>

TIMING-17#256 Critical Warning
Non-clocked sequential cell  
The clock pin u_ddr_memory/u_ddr_bd/design_1_i/ddr4_0/inst/u_ddr4_mem_intfc/u_ddr_cal_top/u_ddr_cal/u_xsdb_arbiter/u_slave_do_sync/SYNC[5].sync_reg_reg[0]/C is not reached by a timing clock
Related violations: <none>

TIMING-17#257 Critical Warning
Non-clocked sequential cell  
The clock pin u_ddr_memory/u_ddr_bd/design_1_i/ddr4_0/inst/u_ddr4_mem_intfc/u_ddr_cal_top/u_ddr_cal/u_xsdb_arbiter/u_slave_do_sync/SYNC[5].sync_reg_reg[1]/C is not reached by a timing clock
Related violations: <none>

TIMING-17#258 Critical Warning
Non-clocked sequential cell  
The clock pin u_ddr_memory/u_ddr_bd/design_1_i/ddr4_0/inst/u_ddr4_mem_intfc/u_ddr_cal_top/u_ddr_cal/u_xsdb_arbiter/u_slave_do_sync/SYNC[6].sync_reg_reg[0]/C is not reached by a timing clock
Related violations: <none>

TIMING-17#259 Critical Warning
Non-clocked sequential cell  
The clock pin u_ddr_memory/u_ddr_bd/design_1_i/ddr4_0/inst/u_ddr4_mem_intfc/u_ddr_cal_top/u_ddr_cal/u_xsdb_arbiter/u_slave_do_sync/SYNC[6].sync_reg_reg[1]/C is not reached by a timing clock
Related violations: <none>

TIMING-17#260 Critical Warning
Non-clocked sequential cell  
The clock pin u_ddr_memory/u_ddr_bd/design_1_i/ddr4_0/inst/u_ddr4_mem_intfc/u_ddr_cal_top/u_ddr_cal/u_xsdb_arbiter/u_slave_do_sync/SYNC[7].sync_reg_reg[0]/C is not reached by a timing clock
Related violations: <none>

TIMING-17#261 Critical Warning
Non-clocked sequential cell  
The clock pin u_ddr_memory/u_ddr_bd/design_1_i/ddr4_0/inst/u_ddr4_mem_intfc/u_ddr_cal_top/u_ddr_cal/u_xsdb_arbiter/u_slave_do_sync/SYNC[7].sync_reg_reg[1]/C is not reached by a timing clock
Related violations: <none>

TIMING-17#262 Critical Warning
Non-clocked sequential cell  
The clock pin u_ddr_memory/u_ddr_bd/design_1_i/ddr4_0/inst/u_ddr4_mem_intfc/u_ddr_cal_top/u_ddr_cal/u_xsdb_arbiter/u_slave_do_sync/SYNC[8].sync_reg_reg[0]/C is not reached by a timing clock
Related violations: <none>

TIMING-17#263 Critical Warning
Non-clocked sequential cell  
The clock pin u_ddr_memory/u_ddr_bd/design_1_i/ddr4_0/inst/u_ddr4_mem_intfc/u_ddr_cal_top/u_ddr_cal/u_xsdb_arbiter/u_slave_do_sync/SYNC[8].sync_reg_reg[1]/C is not reached by a timing clock
Related violations: <none>

TIMING-17#264 Critical Warning
Non-clocked sequential cell  
The clock pin u_ddr_memory/u_ddr_bd/design_1_i/ddr4_0/inst/u_ddr4_mem_intfc/u_ddr_cal_top/u_ddr_cal/u_xsdb_arbiter/u_slave_rdy_sync/SYNC[0].sync_reg_reg[0]/C is not reached by a timing clock
Related violations: <none>

TIMING-17#265 Critical Warning
Non-clocked sequential cell  
The clock pin u_ddr_memory/u_ddr_bd/design_1_i/ddr4_0/inst/u_ddr4_mem_intfc/u_ddr_cal_top/u_ddr_cal/u_xsdb_arbiter/u_slave_rdy_sync/SYNC[0].sync_reg_reg[1]/C is not reached by a timing clock
Related violations: <none>

HPDR-1#1 Warning
Port pin direction inconsistency  
Hierarchical port(pin) si5338_scl1 direction INOUT is not consistent with the directions of the cell pins/ports found at that level of the netlist hierarchy. Please review the design and consider changing the port(pin) direction. Both drivers and loads were expected for the net (si5338_scl1) connected to this Port, but both were not found.
Related violations: <none>

HPDR-1#2 Warning
Port pin direction inconsistency  
Hierarchical port(pin) si5338_scl2 direction INOUT is not consistent with the directions of the cell pins/ports found at that level of the netlist hierarchy. Please review the design and consider changing the port(pin) direction. Both drivers and loads were expected for the net (si5338_scl2) connected to this Port, but both were not found.
Related violations: <none>

LUTAR-1#1 Warning
LUT drives async reset alert  
LUT cell u_camera_hdmi/u_hdmi/u_phy/u_vphy/inst/gt_wrapper_inst/inst/gen_gtwizard_gtye4_top.vid_phy_controller_0_gtwrapper_gtwizard_gtye4_inst/gen_gtwizard_gtye4.gen_reset_controller_internal.gen_single_instance.gtwiz_reset_inst/reset_synchronizer_gtwiz_reset_rx_any_inst/rst_in_meta_i_1__7, with 2 or more inputs, drives asynchronous preset/clear pin(s) u_camera_hdmi/u_hdmi/u_phy/u_vphy/inst/gt_wrapper_inst/inst/gen_gtwizard_gtye4_top.vid_phy_controller_0_gtwrapper_gtwizard_gtye4_inst/gen_gtwizard_gtye4.gen_reset_controller_internal.gen_single_instance.gtwiz_reset_inst/reset_synchronizer_gtwiz_reset_rx_any_inst/rst_in_meta_reg/PRE,
u_camera_hdmi/u_hdmi/u_phy/u_vphy/inst/gt_wrapper_inst/inst/gen_gtwizard_gtye4_top.vid_phy_controller_0_gtwrapper_gtwizard_gtye4_inst/gen_gtwizard_gtye4.gen_reset_controller_internal.gen_single_instance.gtwiz_reset_inst/reset_synchronizer_gtwiz_reset_rx_any_inst/rst_in_out_reg/PRE,
u_camera_hdmi/u_hdmi/u_phy/u_vphy/inst/gt_wrapper_inst/inst/gen_gtwizard_gtye4_top.vid_phy_controller_0_gtwrapper_gtwizard_gtye4_inst/gen_gtwizard_gtye4.gen_reset_controller_internal.gen_single_instance.gtwiz_reset_inst/reset_synchronizer_gtwiz_reset_rx_any_inst/rst_in_sync1_reg/PRE,
u_camera_hdmi/u_hdmi/u_phy/u_vphy/inst/gt_wrapper_inst/inst/gen_gtwizard_gtye4_top.vid_phy_controller_0_gtwrapper_gtwizard_gtye4_inst/gen_gtwizard_gtye4.gen_reset_controller_internal.gen_single_instance.gtwiz_reset_inst/reset_synchronizer_gtwiz_reset_rx_any_inst/rst_in_sync2_reg/PRE
u_camera_hdmi/u_hdmi/u_phy/u_vphy/inst/gt_wrapper_inst/inst/gen_gtwizard_gtye4_top.vid_phy_controller_0_gtwrapper_gtwizard_gtye4_inst/gen_gtwizard_gtye4.gen_reset_controller_internal.gen_single_instance.gtwiz_reset_inst/reset_synchronizer_gtwiz_reset_rx_any_inst/rst_in_sync3_reg/PRE. The LUT may glitch and trigger an unexpected reset, even if it is a properly timed path.
Related violations: <none>

LUTAR-1#2 Warning
LUT drives async reset alert  
LUT cell u_camera_hdmi/u_hdmi/u_phy/u_vphy/inst/gt_wrapper_inst/inst/gen_gtwizard_gtye4_top.vid_phy_controller_0_gtwrapper_gtwizard_gtye4_inst/gen_gtwizard_gtye4.gen_reset_controller_internal.gen_single_instance.gtwiz_reset_inst/reset_synchronizer_gtwiz_reset_tx_any_inst/rst_in_out_i_1, with 2 or more inputs, drives asynchronous preset/clear pin(s) u_camera_hdmi/u_hdmi/u_phy/u_vphy/inst/gt_wrapper_inst/inst/gen_gtwizard_gtye4_top.vid_phy_controller_0_gtwrapper_gtwizard_gtye4_inst/gen_gtwizard_gtye4.gen_reset_controller_internal.gen_single_instance.gtwiz_reset_inst/reset_synchronizer_gtwiz_reset_tx_any_inst/rst_in_meta_reg/PRE,
u_camera_hdmi/u_hdmi/u_phy/u_vphy/inst/gt_wrapper_inst/inst/gen_gtwizard_gtye4_top.vid_phy_controller_0_gtwrapper_gtwizard_gtye4_inst/gen_gtwizard_gtye4.gen_reset_controller_internal.gen_single_instance.gtwiz_reset_inst/reset_synchronizer_gtwiz_reset_tx_any_inst/rst_in_out_reg/PRE,
u_camera_hdmi/u_hdmi/u_phy/u_vphy/inst/gt_wrapper_inst/inst/gen_gtwizard_gtye4_top.vid_phy_controller_0_gtwrapper_gtwizard_gtye4_inst/gen_gtwizard_gtye4.gen_reset_controller_internal.gen_single_instance.gtwiz_reset_inst/reset_synchronizer_gtwiz_reset_tx_any_inst/rst_in_sync1_reg/PRE,
u_camera_hdmi/u_hdmi/u_phy/u_vphy/inst/gt_wrapper_inst/inst/gen_gtwizard_gtye4_top.vid_phy_controller_0_gtwrapper_gtwizard_gtye4_inst/gen_gtwizard_gtye4.gen_reset_controller_internal.gen_single_instance.gtwiz_reset_inst/reset_synchronizer_gtwiz_reset_tx_any_inst/rst_in_sync2_reg/PRE
u_camera_hdmi/u_hdmi/u_phy/u_vphy/inst/gt_wrapper_inst/inst/gen_gtwizard_gtye4_top.vid_phy_controller_0_gtwrapper_gtwizard_gtye4_inst/gen_gtwizard_gtye4.gen_reset_controller_internal.gen_single_instance.gtwiz_reset_inst/reset_synchronizer_gtwiz_reset_tx_any_inst/rst_in_sync3_reg/PRE. The LUT may glitch and trigger an unexpected reset, even if it is a properly timed path.
Related violations: <none>

LUTAR-1#3 Warning
LUT drives async reset alert  
LUT cell u_camera_hdmi/u_hdmi/u_phy/u_vphy/inst/gt_wrapper_inst/inst/gen_gtwizard_gtye4_top.vid_phy_controller_0_gtwrapper_gtwizard_gtye4_inst/gen_gtwizard_gtye4.gen_reset_controller_internal.gen_single_instance.gtwiz_reset_inst/rst_in_meta_i_1, with 2 or more inputs, drives asynchronous preset/clear pin(s) u_camera_hdmi/u_hdmi/u_phy/u_vphy/inst/gt_wrapper_inst/inst/gen_gtwizard_gtye4_top.vid_phy_controller_0_gtwrapper_gtwizard_gtye4_inst/gen_gtwizard_gtye4.gen_cpll_cal_gtye4.gen_cpll_cal_inst[0].gen_inst_cpll_cal.gtwizard_ultrascale_v1_7_17_gtye4_cpll_cal_inst/reset_synchronizer_resetin_rx_inst/rst_in_meta_reg/PRE,
u_camera_hdmi/u_hdmi/u_phy/u_vphy/inst/gt_wrapper_inst/inst/gen_gtwizard_gtye4_top.vid_phy_controller_0_gtwrapper_gtwizard_gtye4_inst/gen_gtwizard_gtye4.gen_cpll_cal_gtye4.gen_cpll_cal_inst[0].gen_inst_cpll_cal.gtwizard_ultrascale_v1_7_17_gtye4_cpll_cal_inst/reset_synchronizer_resetin_rx_inst/rst_in_out_reg/PRE,
u_camera_hdmi/u_hdmi/u_phy/u_vphy/inst/gt_wrapper_inst/inst/gen_gtwizard_gtye4_top.vid_phy_controller_0_gtwrapper_gtwizard_gtye4_inst/gen_gtwizard_gtye4.gen_cpll_cal_gtye4.gen_cpll_cal_inst[0].gen_inst_cpll_cal.gtwizard_ultrascale_v1_7_17_gtye4_cpll_cal_inst/reset_synchronizer_resetin_rx_inst/rst_in_sync1_reg/PRE,
u_camera_hdmi/u_hdmi/u_phy/u_vphy/inst/gt_wrapper_inst/inst/gen_gtwizard_gtye4_top.vid_phy_controller_0_gtwrapper_gtwizard_gtye4_inst/gen_gtwizard_gtye4.gen_cpll_cal_gtye4.gen_cpll_cal_inst[0].gen_inst_cpll_cal.gtwizard_ultrascale_v1_7_17_gtye4_cpll_cal_inst/reset_synchronizer_resetin_rx_inst/rst_in_sync2_reg/PRE
u_camera_hdmi/u_hdmi/u_phy/u_vphy/inst/gt_wrapper_inst/inst/gen_gtwizard_gtye4_top.vid_phy_controller_0_gtwrapper_gtwizard_gtye4_inst/gen_gtwizard_gtye4.gen_cpll_cal_gtye4.gen_cpll_cal_inst[0].gen_inst_cpll_cal.gtwizard_ultrascale_v1_7_17_gtye4_cpll_cal_inst/reset_synchronizer_resetin_rx_inst/rst_in_sync3_reg/PRE. The LUT may glitch and trigger an unexpected reset, even if it is a properly timed path.
Related violations: <none>

LUTAR-1#4 Warning
LUT drives async reset alert  
LUT cell u_camera_hdmi/u_hdmi/u_phy/u_vphy/inst/gt_wrapper_inst/inst/gen_gtwizard_gtye4_top.vid_phy_controller_0_gtwrapper_gtwizard_gtye4_inst/gen_gtwizard_gtye4.gen_reset_controller_internal.gen_single_instance.gtwiz_reset_inst/rst_in_meta_i_1__0, with 2 or more inputs, drives asynchronous preset/clear pin(s) u_camera_hdmi/u_hdmi/u_phy/u_vphy/inst/gt_wrapper_inst/inst/gen_gtwizard_gtye4_top.vid_phy_controller_0_gtwrapper_gtwizard_gtye4_inst/gen_gtwizard_gtye4.gen_cpll_cal_gtye4.gen_cpll_cal_inst[0].gen_inst_cpll_cal.gtwizard_ultrascale_v1_7_17_gtye4_cpll_cal_inst/reset_synchronizer_resetin_tx_inst/rst_in_meta_reg/PRE,
u_camera_hdmi/u_hdmi/u_phy/u_vphy/inst/gt_wrapper_inst/inst/gen_gtwizard_gtye4_top.vid_phy_controller_0_gtwrapper_gtwizard_gtye4_inst/gen_gtwizard_gtye4.gen_cpll_cal_gtye4.gen_cpll_cal_inst[0].gen_inst_cpll_cal.gtwizard_ultrascale_v1_7_17_gtye4_cpll_cal_inst/reset_synchronizer_resetin_tx_inst/rst_in_out_reg/PRE,
u_camera_hdmi/u_hdmi/u_phy/u_vphy/inst/gt_wrapper_inst/inst/gen_gtwizard_gtye4_top.vid_phy_controller_0_gtwrapper_gtwizard_gtye4_inst/gen_gtwizard_gtye4.gen_cpll_cal_gtye4.gen_cpll_cal_inst[0].gen_inst_cpll_cal.gtwizard_ultrascale_v1_7_17_gtye4_cpll_cal_inst/reset_synchronizer_resetin_tx_inst/rst_in_sync1_reg/PRE,
u_camera_hdmi/u_hdmi/u_phy/u_vphy/inst/gt_wrapper_inst/inst/gen_gtwizard_gtye4_top.vid_phy_controller_0_gtwrapper_gtwizard_gtye4_inst/gen_gtwizard_gtye4.gen_cpll_cal_gtye4.gen_cpll_cal_inst[0].gen_inst_cpll_cal.gtwizard_ultrascale_v1_7_17_gtye4_cpll_cal_inst/reset_synchronizer_resetin_tx_inst/rst_in_sync2_reg/PRE
u_camera_hdmi/u_hdmi/u_phy/u_vphy/inst/gt_wrapper_inst/inst/gen_gtwizard_gtye4_top.vid_phy_controller_0_gtwrapper_gtwizard_gtye4_inst/gen_gtwizard_gtye4.gen_cpll_cal_gtye4.gen_cpll_cal_inst[0].gen_inst_cpll_cal.gtwizard_ultrascale_v1_7_17_gtye4_cpll_cal_inst/reset_synchronizer_resetin_tx_inst/rst_in_sync3_reg/PRE. The LUT may glitch and trigger an unexpected reset, even if it is a properly timed path.
Related violations: <none>

LUTAR-1#5 Warning
LUT drives async reset alert  
LUT cell u_camera_hdmi/u_hdmi/u_phy/u_vphy/inst/gt_wrapper_inst/inst/gen_gtwizard_gtye4_top.vid_phy_controller_0_gtwrapper_gtwizard_gtye4_inst/gen_gtwizard_gtye4.gen_reset_controller_internal.gen_single_instance.gtwiz_reset_inst/rst_in_meta_i_1__1, with 2 or more inputs, drives asynchronous preset/clear pin(s) u_camera_hdmi/u_hdmi/u_phy/u_vphy/inst/gt_wrapper_inst/inst/gen_gtwizard_gtye4_top.vid_phy_controller_0_gtwrapper_gtwizard_gtye4_inst/gen_gtwizard_gtye4.gen_cpll_cal_gtye4.gen_cpll_cal_inst[1].gen_inst_cpll_cal.gtwizard_ultrascale_v1_7_17_gtye4_cpll_cal_inst/reset_synchronizer_resetin_rx_inst/rst_in_meta_reg/PRE,
u_camera_hdmi/u_hdmi/u_phy/u_vphy/inst/gt_wrapper_inst/inst/gen_gtwizard_gtye4_top.vid_phy_controller_0_gtwrapper_gtwizard_gtye4_inst/gen_gtwizard_gtye4.gen_cpll_cal_gtye4.gen_cpll_cal_inst[1].gen_inst_cpll_cal.gtwizard_ultrascale_v1_7_17_gtye4_cpll_cal_inst/reset_synchronizer_resetin_rx_inst/rst_in_out_reg/PRE,
u_camera_hdmi/u_hdmi/u_phy/u_vphy/inst/gt_wrapper_inst/inst/gen_gtwizard_gtye4_top.vid_phy_controller_0_gtwrapper_gtwizard_gtye4_inst/gen_gtwizard_gtye4.gen_cpll_cal_gtye4.gen_cpll_cal_inst[1].gen_inst_cpll_cal.gtwizard_ultrascale_v1_7_17_gtye4_cpll_cal_inst/reset_synchronizer_resetin_rx_inst/rst_in_sync1_reg/PRE,
u_camera_hdmi/u_hdmi/u_phy/u_vphy/inst/gt_wrapper_inst/inst/gen_gtwizard_gtye4_top.vid_phy_controller_0_gtwrapper_gtwizard_gtye4_inst/gen_gtwizard_gtye4.gen_cpll_cal_gtye4.gen_cpll_cal_inst[1].gen_inst_cpll_cal.gtwizard_ultrascale_v1_7_17_gtye4_cpll_cal_inst/reset_synchronizer_resetin_rx_inst/rst_in_sync2_reg/PRE
u_camera_hdmi/u_hdmi/u_phy/u_vphy/inst/gt_wrapper_inst/inst/gen_gtwizard_gtye4_top.vid_phy_controller_0_gtwrapper_gtwizard_gtye4_inst/gen_gtwizard_gtye4.gen_cpll_cal_gtye4.gen_cpll_cal_inst[1].gen_inst_cpll_cal.gtwizard_ultrascale_v1_7_17_gtye4_cpll_cal_inst/reset_synchronizer_resetin_rx_inst/rst_in_sync3_reg/PRE. The LUT may glitch and trigger an unexpected reset, even if it is a properly timed path.
Related violations: <none>

LUTAR-1#6 Warning
LUT drives async reset alert  
LUT cell u_camera_hdmi/u_hdmi/u_phy/u_vphy/inst/gt_wrapper_inst/inst/gen_gtwizard_gtye4_top.vid_phy_controller_0_gtwrapper_gtwizard_gtye4_inst/gen_gtwizard_gtye4.gen_reset_controller_internal.gen_single_instance.gtwiz_reset_inst/rst_in_meta_i_1__2, with 2 or more inputs, drives asynchronous preset/clear pin(s) u_camera_hdmi/u_hdmi/u_phy/u_vphy/inst/gt_wrapper_inst/inst/gen_gtwizard_gtye4_top.vid_phy_controller_0_gtwrapper_gtwizard_gtye4_inst/gen_gtwizard_gtye4.gen_cpll_cal_gtye4.gen_cpll_cal_inst[1].gen_inst_cpll_cal.gtwizard_ultrascale_v1_7_17_gtye4_cpll_cal_inst/reset_synchronizer_resetin_tx_inst/rst_in_meta_reg/PRE,
u_camera_hdmi/u_hdmi/u_phy/u_vphy/inst/gt_wrapper_inst/inst/gen_gtwizard_gtye4_top.vid_phy_controller_0_gtwrapper_gtwizard_gtye4_inst/gen_gtwizard_gtye4.gen_cpll_cal_gtye4.gen_cpll_cal_inst[1].gen_inst_cpll_cal.gtwizard_ultrascale_v1_7_17_gtye4_cpll_cal_inst/reset_synchronizer_resetin_tx_inst/rst_in_out_reg/PRE,
u_camera_hdmi/u_hdmi/u_phy/u_vphy/inst/gt_wrapper_inst/inst/gen_gtwizard_gtye4_top.vid_phy_controller_0_gtwrapper_gtwizard_gtye4_inst/gen_gtwizard_gtye4.gen_cpll_cal_gtye4.gen_cpll_cal_inst[1].gen_inst_cpll_cal.gtwizard_ultrascale_v1_7_17_gtye4_cpll_cal_inst/reset_synchronizer_resetin_tx_inst/rst_in_sync1_reg/PRE,
u_camera_hdmi/u_hdmi/u_phy/u_vphy/inst/gt_wrapper_inst/inst/gen_gtwizard_gtye4_top.vid_phy_controller_0_gtwrapper_gtwizard_gtye4_inst/gen_gtwizard_gtye4.gen_cpll_cal_gtye4.gen_cpll_cal_inst[1].gen_inst_cpll_cal.gtwizard_ultrascale_v1_7_17_gtye4_cpll_cal_inst/reset_synchronizer_resetin_tx_inst/rst_in_sync2_reg/PRE
u_camera_hdmi/u_hdmi/u_phy/u_vphy/inst/gt_wrapper_inst/inst/gen_gtwizard_gtye4_top.vid_phy_controller_0_gtwrapper_gtwizard_gtye4_inst/gen_gtwizard_gtye4.gen_cpll_cal_gtye4.gen_cpll_cal_inst[1].gen_inst_cpll_cal.gtwizard_ultrascale_v1_7_17_gtye4_cpll_cal_inst/reset_synchronizer_resetin_tx_inst/rst_in_sync3_reg/PRE. The LUT may glitch and trigger an unexpected reset, even if it is a properly timed path.
Related violations: <none>

LUTAR-1#7 Warning
LUT drives async reset alert  
LUT cell u_camera_hdmi/u_hdmi/u_phy/u_vphy/inst/gt_wrapper_inst/inst/gen_gtwizard_gtye4_top.vid_phy_controller_0_gtwrapper_gtwizard_gtye4_inst/gen_gtwizard_gtye4.gen_reset_controller_internal.gen_single_instance.gtwiz_reset_inst/rst_in_meta_i_1__3, with 2 or more inputs, drives asynchronous preset/clear pin(s) u_camera_hdmi/u_hdmi/u_phy/u_vphy/inst/gt_wrapper_inst/inst/gen_gtwizard_gtye4_top.vid_phy_controller_0_gtwrapper_gtwizard_gtye4_inst/gen_gtwizard_gtye4.gen_cpll_cal_gtye4.gen_cpll_cal_inst[2].gen_inst_cpll_cal.gtwizard_ultrascale_v1_7_17_gtye4_cpll_cal_inst/reset_synchronizer_resetin_rx_inst/rst_in_meta_reg/PRE,
u_camera_hdmi/u_hdmi/u_phy/u_vphy/inst/gt_wrapper_inst/inst/gen_gtwizard_gtye4_top.vid_phy_controller_0_gtwrapper_gtwizard_gtye4_inst/gen_gtwizard_gtye4.gen_cpll_cal_gtye4.gen_cpll_cal_inst[2].gen_inst_cpll_cal.gtwizard_ultrascale_v1_7_17_gtye4_cpll_cal_inst/reset_synchronizer_resetin_rx_inst/rst_in_out_reg/PRE,
u_camera_hdmi/u_hdmi/u_phy/u_vphy/inst/gt_wrapper_inst/inst/gen_gtwizard_gtye4_top.vid_phy_controller_0_gtwrapper_gtwizard_gtye4_inst/gen_gtwizard_gtye4.gen_cpll_cal_gtye4.gen_cpll_cal_inst[2].gen_inst_cpll_cal.gtwizard_ultrascale_v1_7_17_gtye4_cpll_cal_inst/reset_synchronizer_resetin_rx_inst/rst_in_sync1_reg/PRE,
u_camera_hdmi/u_hdmi/u_phy/u_vphy/inst/gt_wrapper_inst/inst/gen_gtwizard_gtye4_top.vid_phy_controller_0_gtwrapper_gtwizard_gtye4_inst/gen_gtwizard_gtye4.gen_cpll_cal_gtye4.gen_cpll_cal_inst[2].gen_inst_cpll_cal.gtwizard_ultrascale_v1_7_17_gtye4_cpll_cal_inst/reset_synchronizer_resetin_rx_inst/rst_in_sync2_reg/PRE
u_camera_hdmi/u_hdmi/u_phy/u_vphy/inst/gt_wrapper_inst/inst/gen_gtwizard_gtye4_top.vid_phy_controller_0_gtwrapper_gtwizard_gtye4_inst/gen_gtwizard_gtye4.gen_cpll_cal_gtye4.gen_cpll_cal_inst[2].gen_inst_cpll_cal.gtwizard_ultrascale_v1_7_17_gtye4_cpll_cal_inst/reset_synchronizer_resetin_rx_inst/rst_in_sync3_reg/PRE. The LUT may glitch and trigger an unexpected reset, even if it is a properly timed path.
Related violations: <none>

LUTAR-1#8 Warning
LUT drives async reset alert  
LUT cell u_camera_hdmi/u_hdmi/u_phy/u_vphy/inst/gt_wrapper_inst/inst/gen_gtwizard_gtye4_top.vid_phy_controller_0_gtwrapper_gtwizard_gtye4_inst/gen_gtwizard_gtye4.gen_reset_controller_internal.gen_single_instance.gtwiz_reset_inst/rst_in_meta_i_1__4, with 2 or more inputs, drives asynchronous preset/clear pin(s) u_camera_hdmi/u_hdmi/u_phy/u_vphy/inst/gt_wrapper_inst/inst/gen_gtwizard_gtye4_top.vid_phy_controller_0_gtwrapper_gtwizard_gtye4_inst/gen_gtwizard_gtye4.gen_cpll_cal_gtye4.gen_cpll_cal_inst[2].gen_inst_cpll_cal.gtwizard_ultrascale_v1_7_17_gtye4_cpll_cal_inst/reset_synchronizer_resetin_tx_inst/rst_in_meta_reg/PRE,
u_camera_hdmi/u_hdmi/u_phy/u_vphy/inst/gt_wrapper_inst/inst/gen_gtwizard_gtye4_top.vid_phy_controller_0_gtwrapper_gtwizard_gtye4_inst/gen_gtwizard_gtye4.gen_cpll_cal_gtye4.gen_cpll_cal_inst[2].gen_inst_cpll_cal.gtwizard_ultrascale_v1_7_17_gtye4_cpll_cal_inst/reset_synchronizer_resetin_tx_inst/rst_in_out_reg/PRE,
u_camera_hdmi/u_hdmi/u_phy/u_vphy/inst/gt_wrapper_inst/inst/gen_gtwizard_gtye4_top.vid_phy_controller_0_gtwrapper_gtwizard_gtye4_inst/gen_gtwizard_gtye4.gen_cpll_cal_gtye4.gen_cpll_cal_inst[2].gen_inst_cpll_cal.gtwizard_ultrascale_v1_7_17_gtye4_cpll_cal_inst/reset_synchronizer_resetin_tx_inst/rst_in_sync1_reg/PRE,
u_camera_hdmi/u_hdmi/u_phy/u_vphy/inst/gt_wrapper_inst/inst/gen_gtwizard_gtye4_top.vid_phy_controller_0_gtwrapper_gtwizard_gtye4_inst/gen_gtwizard_gtye4.gen_cpll_cal_gtye4.gen_cpll_cal_inst[2].gen_inst_cpll_cal.gtwizard_ultrascale_v1_7_17_gtye4_cpll_cal_inst/reset_synchronizer_resetin_tx_inst/rst_in_sync2_reg/PRE
u_camera_hdmi/u_hdmi/u_phy/u_vphy/inst/gt_wrapper_inst/inst/gen_gtwizard_gtye4_top.vid_phy_controller_0_gtwrapper_gtwizard_gtye4_inst/gen_gtwizard_gtye4.gen_cpll_cal_gtye4.gen_cpll_cal_inst[2].gen_inst_cpll_cal.gtwizard_ultrascale_v1_7_17_gtye4_cpll_cal_inst/reset_synchronizer_resetin_tx_inst/rst_in_sync3_reg/PRE. The LUT may glitch and trigger an unexpected reset, even if it is a properly timed path.
Related violations: <none>

LUTAR-1#9 Warning
LUT drives async reset alert  
LUT cell u_camera_hdmi/u_hdmi/u_phy/u_vphy/inst/gt_wrapper_inst/inst/gen_gtwizard_gtye4_top.vid_phy_controller_0_gtwrapper_gtwizard_gtye4_inst/gen_gtwizard_gtye4.gen_reset_controller_internal.gen_single_instance.gtwiz_reset_inst/rst_in_meta_i_1__5, with 2 or more inputs, drives asynchronous preset/clear pin(s) u_camera_hdmi/u_hdmi/u_phy/u_vphy/inst/gt_wrapper_inst/inst/gen_gtwizard_gtye4_top.vid_phy_controller_0_gtwrapper_gtwizard_gtye4_inst/gen_gtwizard_gtye4.gen_cpll_cal_gtye4.gen_cpll_cal_inst[3].gen_inst_cpll_cal.gtwizard_ultrascale_v1_7_17_gtye4_cpll_cal_inst/reset_synchronizer_resetin_rx_inst/rst_in_meta_reg/PRE,
u_camera_hdmi/u_hdmi/u_phy/u_vphy/inst/gt_wrapper_inst/inst/gen_gtwizard_gtye4_top.vid_phy_controller_0_gtwrapper_gtwizard_gtye4_inst/gen_gtwizard_gtye4.gen_cpll_cal_gtye4.gen_cpll_cal_inst[3].gen_inst_cpll_cal.gtwizard_ultrascale_v1_7_17_gtye4_cpll_cal_inst/reset_synchronizer_resetin_rx_inst/rst_in_out_reg/PRE,
u_camera_hdmi/u_hdmi/u_phy/u_vphy/inst/gt_wrapper_inst/inst/gen_gtwizard_gtye4_top.vid_phy_controller_0_gtwrapper_gtwizard_gtye4_inst/gen_gtwizard_gtye4.gen_cpll_cal_gtye4.gen_cpll_cal_inst[3].gen_inst_cpll_cal.gtwizard_ultrascale_v1_7_17_gtye4_cpll_cal_inst/reset_synchronizer_resetin_rx_inst/rst_in_sync1_reg/PRE,
u_camera_hdmi/u_hdmi/u_phy/u_vphy/inst/gt_wrapper_inst/inst/gen_gtwizard_gtye4_top.vid_phy_controller_0_gtwrapper_gtwizard_gtye4_inst/gen_gtwizard_gtye4.gen_cpll_cal_gtye4.gen_cpll_cal_inst[3].gen_inst_cpll_cal.gtwizard_ultrascale_v1_7_17_gtye4_cpll_cal_inst/reset_synchronizer_resetin_rx_inst/rst_in_sync2_reg/PRE
u_camera_hdmi/u_hdmi/u_phy/u_vphy/inst/gt_wrapper_inst/inst/gen_gtwizard_gtye4_top.vid_phy_controller_0_gtwrapper_gtwizard_gtye4_inst/gen_gtwizard_gtye4.gen_cpll_cal_gtye4.gen_cpll_cal_inst[3].gen_inst_cpll_cal.gtwizard_ultrascale_v1_7_17_gtye4_cpll_cal_inst/reset_synchronizer_resetin_rx_inst/rst_in_sync3_reg/PRE. The LUT may glitch and trigger an unexpected reset, even if it is a properly timed path.
Related violations: <none>

LUTAR-1#10 Warning
LUT drives async reset alert  
LUT cell u_camera_hdmi/u_hdmi/u_phy/u_vphy/inst/gt_wrapper_inst/inst/gen_gtwizard_gtye4_top.vid_phy_controller_0_gtwrapper_gtwizard_gtye4_inst/gen_gtwizard_gtye4.gen_reset_controller_internal.gen_single_instance.gtwiz_reset_inst/rst_in_meta_i_1__6, with 2 or more inputs, drives asynchronous preset/clear pin(s) u_camera_hdmi/u_hdmi/u_phy/u_vphy/inst/gt_wrapper_inst/inst/gen_gtwizard_gtye4_top.vid_phy_controller_0_gtwrapper_gtwizard_gtye4_inst/gen_gtwizard_gtye4.gen_cpll_cal_gtye4.gen_cpll_cal_inst[3].gen_inst_cpll_cal.gtwizard_ultrascale_v1_7_17_gtye4_cpll_cal_inst/reset_synchronizer_resetin_tx_inst/rst_in_meta_reg/PRE,
u_camera_hdmi/u_hdmi/u_phy/u_vphy/inst/gt_wrapper_inst/inst/gen_gtwizard_gtye4_top.vid_phy_controller_0_gtwrapper_gtwizard_gtye4_inst/gen_gtwizard_gtye4.gen_cpll_cal_gtye4.gen_cpll_cal_inst[3].gen_inst_cpll_cal.gtwizard_ultrascale_v1_7_17_gtye4_cpll_cal_inst/reset_synchronizer_resetin_tx_inst/rst_in_out_reg/PRE,
u_camera_hdmi/u_hdmi/u_phy/u_vphy/inst/gt_wrapper_inst/inst/gen_gtwizard_gtye4_top.vid_phy_controller_0_gtwrapper_gtwizard_gtye4_inst/gen_gtwizard_gtye4.gen_cpll_cal_gtye4.gen_cpll_cal_inst[3].gen_inst_cpll_cal.gtwizard_ultrascale_v1_7_17_gtye4_cpll_cal_inst/reset_synchronizer_resetin_tx_inst/rst_in_sync1_reg/PRE,
u_camera_hdmi/u_hdmi/u_phy/u_vphy/inst/gt_wrapper_inst/inst/gen_gtwizard_gtye4_top.vid_phy_controller_0_gtwrapper_gtwizard_gtye4_inst/gen_gtwizard_gtye4.gen_cpll_cal_gtye4.gen_cpll_cal_inst[3].gen_inst_cpll_cal.gtwizard_ultrascale_v1_7_17_gtye4_cpll_cal_inst/reset_synchronizer_resetin_tx_inst/rst_in_sync2_reg/PRE
u_camera_hdmi/u_hdmi/u_phy/u_vphy/inst/gt_wrapper_inst/inst/gen_gtwizard_gtye4_top.vid_phy_controller_0_gtwrapper_gtwizard_gtye4_inst/gen_gtwizard_gtye4.gen_cpll_cal_gtye4.gen_cpll_cal_inst[3].gen_inst_cpll_cal.gtwizard_ultrascale_v1_7_17_gtye4_cpll_cal_inst/reset_synchronizer_resetin_tx_inst/rst_in_sync3_reg/PRE. The LUT may glitch and trigger an unexpected reset, even if it is a properly timed path.
Related violations: <none>

LUTAR-1#11 Warning
LUT drives async reset alert  
LUT cell u_camera_hdmi/u_hdmi/u_rx/u_hdmi_rx/inst/v_hdmi_rx/inst/SYS_INST/AUX_INST/SCLK_LNK_RST_CAP_INST/sclk_rd_cnt[3]_i_3, with 2 or more inputs, drives asynchronous preset/clear pin(s) u_camera_hdmi/u_hdmi/u_rx/u_hdmi_rx/inst/v_hdmi_rx/inst/SYS_INST/AUX_INST/sclk_pkt_dat_reg[8][30]/CLR,
u_camera_hdmi/u_hdmi/u_rx/u_hdmi_rx/inst/v_hdmi_rx/inst/SYS_INST/AUX_INST/sclk_pkt_dat_reg[8][31]/CLR,
u_camera_hdmi/u_hdmi/u_rx/u_hdmi_rx/inst/v_hdmi_rx/inst/SYS_INST/AUX_INST/sclk_pkt_dat_reg[8][3]/CLR,
u_camera_hdmi/u_hdmi/u_rx/u_hdmi_rx/inst/v_hdmi_rx/inst/SYS_INST/AUX_INST/sclk_pkt_dat_reg[8][4]/CLR,
u_camera_hdmi/u_hdmi/u_rx/u_hdmi_rx/inst/v_hdmi_rx/inst/SYS_INST/AUX_INST/sclk_pkt_dat_reg[8][5]/CLR,
u_camera_hdmi/u_hdmi/u_rx/u_hdmi_rx/inst/v_hdmi_rx/inst/SYS_INST/AUX_INST/sclk_pkt_dat_reg[8][6]/CLR,
u_camera_hdmi/u_hdmi/u_rx/u_hdmi_rx/inst/v_hdmi_rx/inst/SYS_INST/AUX_INST/sclk_pkt_dat_reg[8][7]/CLR,
u_camera_hdmi/u_hdmi/u_rx/u_hdmi_rx/inst/v_hdmi_rx/inst/SYS_INST/AUX_INST/sclk_pkt_dat_reg[8][8]/CLR,
u_camera_hdmi/u_hdmi/u_rx/u_hdmi_rx/inst/v_hdmi_rx/inst/SYS_INST/AUX_INST/sclk_pkt_dat_reg[8][9]/CLR,
u_camera_hdmi/u_hdmi/u_rx/u_hdmi_rx/inst/v_hdmi_rx/inst/SYS_INST/AUX_INST/sclk_pkt_dat_vld_reg/CLR,
u_camera_hdmi/u_hdmi/u_rx/u_hdmi_rx/inst/v_hdmi_rx/inst/SYS_INST/AUX_INST/sclk_rd_cnt_reg[0]/CLR,
u_camera_hdmi/u_hdmi/u_rx/u_hdmi_rx/inst/v_hdmi_rx/inst/SYS_INST/AUX_INST/sclk_rd_cnt_reg[1]/CLR,
u_camera_hdmi/u_hdmi/u_rx/u_hdmi_rx/inst/v_hdmi_rx/inst/SYS_INST/AUX_INST/sclk_rd_cnt_reg[2]/CLR,
u_camera_hdmi/u_hdmi/u_rx/u_hdmi_rx/inst/v_hdmi_rx/inst/SYS_INST/AUX_INST/sclk_rd_cnt_reg[3]/CLR,
u_camera_hdmi/u_hdmi/u_rx/u_hdmi_rx/inst/v_hdmi_rx/inst/SYS_INST/AUX_INST/sclk_rd_lock_reg/CLR
 (the first 15 of 338 listed). The LUT may glitch and trigger an unexpected reset, even if it is a properly timed path.
Related violations: <none>

LUTAR-1#12 Warning
LUT drives async reset alert  
LUT cell u_control_soc/u_rocket/chiptop0/debug_reset_syncd_debug_reset_sync/output_chain/sync_2_i_1__1, with 2 or more inputs, drives asynchronous preset/clear pin(s) u_control_soc/u_rocket/chiptop0/system/tlDM/dmOuter/asource/nodeIn_d_sink/sink_valid_0/io_out_source_valid_0/output_chain/sync_0_reg/CLR,
u_control_soc/u_rocket/chiptop0/system/tlDM/dmOuter/asource/nodeIn_d_sink/sink_valid_0/io_out_source_valid_0/output_chain/sync_1_reg/CLR,
u_control_soc/u_rocket/chiptop0/system/tlDM/dmOuter/asource/nodeIn_d_sink/sink_valid_0/io_out_source_valid_0/output_chain/sync_2_reg/CLR,
u_control_soc/u_rocket/chiptop0/system/tlDM/dmOuter/asource/nodeIn_d_sink/sink_valid_1/io_out_source_valid_0/output_chain/sync_0_reg/CLR,
u_control_soc/u_rocket/chiptop0/system/tlDM/dmOuter/asource/nodeIn_d_sink/sink_valid_1/io_out_source_valid_0/output_chain/sync_1_reg/CLR,
u_control_soc/u_rocket/chiptop0/system/tlDM/dmOuter/asource/nodeIn_d_sink/sink_valid_1/io_out_source_valid_0/output_chain/sync_2_reg/CLR,
u_control_soc/u_rocket/chiptop0/system/tlDM/dmOuter/asource/nodeIn_d_sink/source_extend/io_out_source_valid_0/output_chain/sync_0_reg/CLR,
u_control_soc/u_rocket/chiptop0/system/tlDM/dmOuter/asource/nodeIn_d_sink/source_extend/io_out_source_valid_0/output_chain/sync_1_reg/CLR
u_control_soc/u_rocket/chiptop0/system/tlDM/dmOuter/asource/nodeIn_d_sink/source_extend/io_out_source_valid_0/output_chain/sync_2_reg/CLR. The LUT may glitch and trigger an unexpected reset, even if it is a properly timed path.
Related violations: <none>

LUTAR-1#13 Warning
LUT drives async reset alert  
LUT cell u_control_soc/u_rocket/chiptop0/debug_reset_syncd_debug_reset_sync/output_chain/sync_2_i_1__2, with 2 or more inputs, drives asynchronous preset/clear pin(s) u_control_soc/u_rocket/chiptop0/system/tlDM/dmInner/dmiXing/nodeIn_d_source/sink_extend/io_out_source_valid_0/output_chain/sync_0_reg/CLR,
u_control_soc/u_rocket/chiptop0/system/tlDM/dmInner/dmiXing/nodeIn_d_source/sink_extend/io_out_source_valid_0/output_chain/sync_1_reg/CLR,
u_control_soc/u_rocket/chiptop0/system/tlDM/dmInner/dmiXing/nodeIn_d_source/sink_extend/io_out_source_valid_0/output_chain/sync_2_reg/CLR,
u_control_soc/u_rocket/chiptop0/system/tlDM/dmInner/dmiXing/nodeIn_d_source/source_valid_0/io_out_source_valid_0/output_chain/sync_0_reg/CLR,
u_control_soc/u_rocket/chiptop0/system/tlDM/dmInner/dmiXing/nodeIn_d_source/source_valid_0/io_out_source_valid_0/output_chain/sync_1_reg/CLR,
u_control_soc/u_rocket/chiptop0/system/tlDM/dmInner/dmiXing/nodeIn_d_source/source_valid_0/io_out_source_valid_0/output_chain/sync_2_reg/CLR,
u_control_soc/u_rocket/chiptop0/system/tlDM/dmInner/dmiXing/nodeIn_d_source/source_valid_1/io_out_source_valid_0/output_chain/sync_0_reg/CLR,
u_control_soc/u_rocket/chiptop0/system/tlDM/dmInner/dmiXing/nodeIn_d_source/source_valid_1/io_out_source_valid_0/output_chain/sync_1_reg/CLR
u_control_soc/u_rocket/chiptop0/system/tlDM/dmInner/dmiXing/nodeIn_d_source/source_valid_1/io_out_source_valid_0/output_chain/sync_2_reg/CLR. The LUT may glitch and trigger an unexpected reset, even if it is a properly timed path.
Related violations: <none>

LUTAR-1#14 Warning
LUT drives async reset alert  
LUT cell u_ddr_memory/u_ddr_bd/ddr_reset_sync[2]_i_1, with 2 or more inputs, drives asynchronous preset/clear pin(s) u_ddr_memory/ddr_reset_sync_reg[0]/CLR,
u_ddr_memory/ddr_reset_sync_reg[1]/CLR
u_ddr_memory/ddr_reset_sync_reg[2]/CLR. The LUT may glitch and trigger an unexpected reset, even if it is a properly timed path.
Related violations: <none>

LUTAR-1#15 Warning
LUT drives async reset alert  
LUT cell u_ddr_memory/u_ddr_bd/design_1_i/ddr4_0/inst/u_ddr4_mem_intfc/u_mig_ddr4_phy/inst/u_ddr4_phy_pll/plle_loop[0].gen_plle4.PLLE4_BASE_INST_OTHER_i_1, with 2 or more inputs, drives asynchronous preset/clear pin(s) u_ddr_memory/u_ddr_bd/design_1_i/ddr4_0/inst/u_ddr4_mem_intfc/u_mig_ddr4_phy/inst/u_ddr4_phy_pll/plle_loop[0].gen_plle4.PLLE4_BASE_INST_OTHER/RST,
u_ddr_memory/u_ddr_bd/design_1_i/ddr4_0/inst/u_ddr4_mem_intfc/u_mig_ddr4_phy/inst/u_ddr4_phy_pll/plle_loop[1].gen_plle4.PLLE4_BASE_INST_OTHER/RST
u_ddr_memory/u_ddr_bd/design_1_i/ddr4_0/inst/u_ddr4_mem_intfc/u_mig_ddr4_phy/inst/u_ddr4_phy_pll/plle_loop[2].gen_plle4.PLLE4_BASE_INST_OTHER/RST. The LUT may glitch and trigger an unexpected reset, even if it is a properly timed path.
Related violations: <none>

SYNTH-10#1 Warning
Wide multiplier  
Detected multiplier at u_control_soc/u_rocket/chiptop0/system/tile_prci_domain/element_reset_domain_rockettile/core/div/_prod_T_40 of size 18x18, it is decomposed from a wide multipler into 16 DSP blocks.
Related violations: <none>

SYNTH-10#2 Warning
Wide multiplier  
Detected multiplier at u_control_soc/u_rocket/chiptop0/system/tile_prci_domain/element_reset_domain_rockettile/core/div/_prod_T_40__0 of size 16x18, it is decomposed from a wide multipler into 16 DSP blocks.
Related violations: <none>

SYNTH-10#3 Warning
Wide multiplier  
Detected multiplier at u_control_soc/u_rocket/chiptop0/system/tile_prci_domain/element_reset_domain_rockettile/core/div/_prod_T_40__1 of size 18x18, it is decomposed from a wide multipler into 16 DSP blocks.
Related violations: <none>

SYNTH-10#4 Warning
Wide multiplier  
Detected multiplier at u_control_soc/u_rocket/chiptop0/system/tile_prci_domain/element_reset_domain_rockettile/core/div/_prod_T_40__2 of size 18x18, it is decomposed from a wide multipler into 16 DSP blocks.
Related violations: <none>

SYNTH-10#5 Warning
Wide multiplier  
Detected multiplier at u_control_soc/u_rocket/chiptop0/system/tile_prci_domain/element_reset_domain_rockettile/core/div/_prod_T_40__3 of size 18x16, it is decomposed from a wide multipler into 16 DSP blocks.
Related violations: <none>

SYNTH-10#6 Warning
Wide multiplier  
Detected multiplier at u_control_soc/u_rocket/chiptop0/system/tile_prci_domain/element_reset_domain_rockettile/core/div/_prod_T_40__4 of size 18x18, it is decomposed from a wide multipler into 16 DSP blocks.
Related violations: <none>

SYNTH-10#7 Warning
Wide multiplier  
Detected multiplier at u_control_soc/u_rocket/chiptop0/system/tile_prci_domain/element_reset_domain_rockettile/core/div/_prod_T_40__5 of size 18x18, it is decomposed from a wide multipler into 16 DSP blocks.
Related violations: <none>

SYNTH-10#8 Warning
Wide multiplier  
Detected multiplier at u_control_soc/u_rocket/chiptop0/system/tile_prci_domain/element_reset_domain_rockettile/core/div/_prod_T_40__6 of size 18x18, it is decomposed from a wide multipler into 16 DSP blocks.
Related violations: <none>

SYNTH-10#9 Warning
Wide multiplier  
Detected multiplier at u_control_soc/u_rocket/chiptop0/system/tile_prci_domain/element_reset_domain_rockettile/core/div/_prod_T_40__7 of size 18x18, it is decomposed from a wide multipler into 16 DSP blocks.
Related violations: <none>

SYNTH-10#10 Warning
Wide multiplier  
Detected multiplier at u_control_soc/u_rocket/chiptop0/system/tile_prci_domain/element_reset_domain_rockettile/core/div/_prod_T_40__8 of size 18x18, it is decomposed from a wide multipler into 16 DSP blocks.
Related violations: <none>

SYNTH-16#1 Warning
Address collision  
Block RAM u_control_soc/u_rocket/chiptop0/system/bank/ram/mem/mem_ext/mem_0_0/ram_reg_bram_0 may get memory collision error if read and write address collide. Use of address collision resolution circuitry is recommended.
Related violations: <none>

SYNTH-16#2 Warning
Address collision  
Block RAM u_control_soc/u_rocket/chiptop0/system/bank/ram/mem/mem_ext/mem_0_1/ram_reg_bram_0 may get memory collision error if read and write address collide. Use of address collision resolution circuitry is recommended.
Related violations: <none>

SYNTH-16#3 Warning
Address collision  
Block RAM u_control_soc/u_rocket/chiptop0/system/bank/ram/mem/mem_ext/mem_0_10/ram_reg_bram_0 may get memory collision error if read and write address collide. Use of address collision resolution circuitry is recommended.
Related violations: <none>

SYNTH-16#4 Warning
Address collision  
Block RAM u_control_soc/u_rocket/chiptop0/system/bank/ram/mem/mem_ext/mem_0_11/ram_reg_bram_0 may get memory collision error if read and write address collide. Use of address collision resolution circuitry is recommended.
Related violations: <none>

SYNTH-16#5 Warning
Address collision  
Block RAM u_control_soc/u_rocket/chiptop0/system/bank/ram/mem/mem_ext/mem_0_12/ram_reg_bram_0 may get memory collision error if read and write address collide. Use of address collision resolution circuitry is recommended.
Related violations: <none>

SYNTH-16#6 Warning
Address collision  
Block RAM u_control_soc/u_rocket/chiptop0/system/bank/ram/mem/mem_ext/mem_0_13/ram_reg_bram_0 may get memory collision error if read and write address collide. Use of address collision resolution circuitry is recommended.
Related violations: <none>

SYNTH-16#7 Warning
Address collision  
Block RAM u_control_soc/u_rocket/chiptop0/system/bank/ram/mem/mem_ext/mem_0_14/ram_reg_bram_0 may get memory collision error if read and write address collide. Use of address collision resolution circuitry is recommended.
Related violations: <none>

SYNTH-16#8 Warning
Address collision  
Block RAM u_control_soc/u_rocket/chiptop0/system/bank/ram/mem/mem_ext/mem_0_15/ram_reg_bram_0 may get memory collision error if read and write address collide. Use of address collision resolution circuitry is recommended.
Related violations: <none>

SYNTH-16#9 Warning
Address collision  
Block RAM u_control_soc/u_rocket/chiptop0/system/bank/ram/mem/mem_ext/mem_0_16/ram_reg_bram_0 may get memory collision error if read and write address collide. Use of address collision resolution circuitry is recommended.
Related violations: <none>

SYNTH-16#10 Warning
Address collision  
Block RAM u_control_soc/u_rocket/chiptop0/system/bank/ram/mem/mem_ext/mem_0_17/ram_reg_bram_0 may get memory collision error if read and write address collide. Use of address collision resolution circuitry is recommended.
Related violations: <none>

SYNTH-16#11 Warning
Address collision  
Block RAM u_control_soc/u_rocket/chiptop0/system/bank/ram/mem/mem_ext/mem_0_18/ram_reg_bram_0 may get memory collision error if read and write address collide. Use of address collision resolution circuitry is recommended.
Related violations: <none>

SYNTH-16#12 Warning
Address collision  
Block RAM u_control_soc/u_rocket/chiptop0/system/bank/ram/mem/mem_ext/mem_0_19/ram_reg_bram_0 may get memory collision error if read and write address collide. Use of address collision resolution circuitry is recommended.
Related violations: <none>

SYNTH-16#13 Warning
Address collision  
Block RAM u_control_soc/u_rocket/chiptop0/system/bank/ram/mem/mem_ext/mem_0_2/ram_reg_bram_0 may get memory collision error if read and write address collide. Use of address collision resolution circuitry is recommended.
Related violations: <none>

SYNTH-16#14 Warning
Address collision  
Block RAM u_control_soc/u_rocket/chiptop0/system/bank/ram/mem/mem_ext/mem_0_20/ram_reg_bram_0 may get memory collision error if read and write address collide. Use of address collision resolution circuitry is recommended.
Related violations: <none>

SYNTH-16#15 Warning
Address collision  
Block RAM u_control_soc/u_rocket/chiptop0/system/bank/ram/mem/mem_ext/mem_0_21/ram_reg_bram_0 may get memory collision error if read and write address collide. Use of address collision resolution circuitry is recommended.
Related violations: <none>

SYNTH-16#16 Warning
Address collision  
Block RAM u_control_soc/u_rocket/chiptop0/system/bank/ram/mem/mem_ext/mem_0_22/ram_reg_bram_0 may get memory collision error if read and write address collide. Use of address collision resolution circuitry is recommended.
Related violations: <none>

SYNTH-16#17 Warning
Address collision  
Block RAM u_control_soc/u_rocket/chiptop0/system/bank/ram/mem/mem_ext/mem_0_23/ram_reg_bram_0 may get memory collision error if read and write address collide. Use of address collision resolution circuitry is recommended.
Related violations: <none>

SYNTH-16#18 Warning
Address collision  
Block RAM u_control_soc/u_rocket/chiptop0/system/bank/ram/mem/mem_ext/mem_0_24/ram_reg_bram_0 may get memory collision error if read and write address collide. Use of address collision resolution circuitry is recommended.
Related violations: <none>

SYNTH-16#19 Warning
Address collision  
Block RAM u_control_soc/u_rocket/chiptop0/system/bank/ram/mem/mem_ext/mem_0_25/ram_reg_bram_0 may get memory collision error if read and write address collide. Use of address collision resolution circuitry is recommended.
Related violations: <none>

SYNTH-16#20 Warning
Address collision  
Block RAM u_control_soc/u_rocket/chiptop0/system/bank/ram/mem/mem_ext/mem_0_26/ram_reg_bram_0 may get memory collision error if read and write address collide. Use of address collision resolution circuitry is recommended.
Related violations: <none>

SYNTH-16#21 Warning
Address collision  
Block RAM u_control_soc/u_rocket/chiptop0/system/bank/ram/mem/mem_ext/mem_0_27/ram_reg_bram_0 may get memory collision error if read and write address collide. Use of address collision resolution circuitry is recommended.
Related violations: <none>

SYNTH-16#22 Warning
Address collision  
Block RAM u_control_soc/u_rocket/chiptop0/system/bank/ram/mem/mem_ext/mem_0_28/ram_reg_bram_0 may get memory collision error if read and write address collide. Use of address collision resolution circuitry is recommended.
Related violations: <none>

SYNTH-16#23 Warning
Address collision  
Block RAM u_control_soc/u_rocket/chiptop0/system/bank/ram/mem/mem_ext/mem_0_29/ram_reg_bram_0 may get memory collision error if read and write address collide. Use of address collision resolution circuitry is recommended.
Related violations: <none>

SYNTH-16#24 Warning
Address collision  
Block RAM u_control_soc/u_rocket/chiptop0/system/bank/ram/mem/mem_ext/mem_0_3/ram_reg_bram_0 may get memory collision error if read and write address collide. Use of address collision resolution circuitry is recommended.
Related violations: <none>

SYNTH-16#25 Warning
Address collision  
Block RAM u_control_soc/u_rocket/chiptop0/system/bank/ram/mem/mem_ext/mem_0_30/ram_reg_bram_0 may get memory collision error if read and write address collide. Use of address collision resolution circuitry is recommended.
Related violations: <none>

SYNTH-16#26 Warning
Address collision  
Block RAM u_control_soc/u_rocket/chiptop0/system/bank/ram/mem/mem_ext/mem_0_31/ram_reg_bram_0 may get memory collision error if read and write address collide. Use of address collision resolution circuitry is recommended.
Related violations: <none>

SYNTH-16#27 Warning
Address collision  
Block RAM u_control_soc/u_rocket/chiptop0/system/bank/ram/mem/mem_ext/mem_0_4/ram_reg_bram_0 may get memory collision error if read and write address collide. Use of address collision resolution circuitry is recommended.
Related violations: <none>

SYNTH-16#28 Warning
Address collision  
Block RAM u_control_soc/u_rocket/chiptop0/system/bank/ram/mem/mem_ext/mem_0_5/ram_reg_bram_0 may get memory collision error if read and write address collide. Use of address collision resolution circuitry is recommended.
Related violations: <none>

SYNTH-16#29 Warning
Address collision  
Block RAM u_control_soc/u_rocket/chiptop0/system/bank/ram/mem/mem_ext/mem_0_6/ram_reg_bram_0 may get memory collision error if read and write address collide. Use of address collision resolution circuitry is recommended.
Related violations: <none>

SYNTH-16#30 Warning
Address collision  
Block RAM u_control_soc/u_rocket/chiptop0/system/bank/ram/mem/mem_ext/mem_0_7/ram_reg_bram_0 may get memory collision error if read and write address collide. Use of address collision resolution circuitry is recommended.
Related violations: <none>

SYNTH-16#31 Warning
Address collision  
Block RAM u_control_soc/u_rocket/chiptop0/system/bank/ram/mem/mem_ext/mem_0_8/ram_reg_bram_0 may get memory collision error if read and write address collide. Use of address collision resolution circuitry is recommended.
Related violations: <none>

SYNTH-16#32 Warning
Address collision  
Block RAM u_control_soc/u_rocket/chiptop0/system/bank/ram/mem/mem_ext/mem_0_9/ram_reg_bram_0 may get memory collision error if read and write address collide. Use of address collision resolution circuitry is recommended.
Related violations: <none>

SYNTH-16#33 Warning
Address collision  
Block RAM u_control_soc/u_rocket/chiptop0/system/tile_prci_domain/element_reset_domain_rockettile/dcache/data/rockettile_dcache_data_arrays_0/rockettile_dcache_data_arrays_0_ext/mem_0_0/ram_reg_bram_0 may get memory collision error if read and write address collide. Use of address collision resolution circuitry is recommended.
Related violations: <none>

SYNTH-16#34 Warning
Address collision  
Block RAM u_control_soc/u_rocket/chiptop0/system/tile_prci_domain/element_reset_domain_rockettile/dcache/data/rockettile_dcache_data_arrays_0/rockettile_dcache_data_arrays_0_ext/mem_0_1/ram_reg_bram_0 may get memory collision error if read and write address collide. Use of address collision resolution circuitry is recommended.
Related violations: <none>

SYNTH-16#35 Warning
Address collision  
Block RAM u_control_soc/u_rocket/chiptop0/system/tile_prci_domain/element_reset_domain_rockettile/dcache/data/rockettile_dcache_data_arrays_0/rockettile_dcache_data_arrays_0_ext/mem_0_2/ram_reg_bram_0 may get memory collision error if read and write address collide. Use of address collision resolution circuitry is recommended.
Related violations: <none>

SYNTH-16#36 Warning
Address collision  
Block RAM u_control_soc/u_rocket/chiptop0/system/tile_prci_domain/element_reset_domain_rockettile/dcache/data/rockettile_dcache_data_arrays_0/rockettile_dcache_data_arrays_0_ext/mem_0_3/ram_reg_bram_0 may get memory collision error if read and write address collide. Use of address collision resolution circuitry is recommended.
Related violations: <none>

SYNTH-16#37 Warning
Address collision  
Block RAM u_control_soc/u_rocket/chiptop0/system/tile_prci_domain/element_reset_domain_rockettile/dcache/data/rockettile_dcache_data_arrays_0/rockettile_dcache_data_arrays_0_ext/mem_0_4/ram_reg_bram_0 may get memory collision error if read and write address collide. Use of address collision resolution circuitry is recommended.
Related violations: <none>

SYNTH-16#38 Warning
Address collision  
Block RAM u_control_soc/u_rocket/chiptop0/system/tile_prci_domain/element_reset_domain_rockettile/dcache/data/rockettile_dcache_data_arrays_0/rockettile_dcache_data_arrays_0_ext/mem_0_5/ram_reg_bram_0 may get memory collision error if read and write address collide. Use of address collision resolution circuitry is recommended.
Related violations: <none>

SYNTH-16#39 Warning
Address collision  
Block RAM u_control_soc/u_rocket/chiptop0/system/tile_prci_domain/element_reset_domain_rockettile/dcache/data/rockettile_dcache_data_arrays_0/rockettile_dcache_data_arrays_0_ext/mem_0_6/ram_reg_bram_0 may get memory collision error if read and write address collide. Use of address collision resolution circuitry is recommended.
Related violations: <none>

SYNTH-16#40 Warning
Address collision  
Block RAM u_control_soc/u_rocket/chiptop0/system/tile_prci_domain/element_reset_domain_rockettile/dcache/data/rockettile_dcache_data_arrays_0/rockettile_dcache_data_arrays_0_ext/mem_0_7/ram_reg_bram_0 may get memory collision error if read and write address collide. Use of address collision resolution circuitry is recommended.
Related violations: <none>

SYNTH-16#41 Warning
Address collision  
Block RAM u_control_soc/u_rocket/chiptop0/system/tile_prci_domain/element_reset_domain_rockettile/frontend/icache/rockettile_icache_data_arrays_0_0/rockettile_icache_data_arrays_0_0_ext/mem_0_0/ram_reg may get memory collision error if read and write address collide. Use of address collision resolution circuitry is recommended.
Related violations: <none>

SYNTH-16#42 Warning
Address collision  
Block RAM u_control_soc/u_rocket/chiptop0/system/tile_prci_domain/element_reset_domain_rockettile/frontend/icache/rockettile_icache_data_arrays_1_0/rockettile_icache_data_arrays_0_0_ext/mem_0_0/ram_reg may get memory collision error if read and write address collide. Use of address collision resolution circuitry is recommended.
Related violations: <none>

TIMING-10#1 Warning
Missing property on synchronizer  
One or more logic synchronizer has been detected between 2 clock domains but the synchronizer does not have the property ASYNC_REG defined on one or both registers. It is recommended to run report_cdc for a complete and detailed CDC coverage
Related violations: <none>

TIMING-11#1 Warning
Inappropriate max delay with datapath only option  
A max delay constraint with -datapath_only has been applied between u_camera_hdmi/u_camera_subsystem/g_camera_frontend[0].u_camera/dvp_data_iob_reg[0]/C and u_camera_hdmi/u_camera_subsystem/g_camera_frontend[0].u_camera/dvp_data_sync_reg[0]/D. The startpoint(s) and endpoint(s) either belong to the same clock domain or belong to two clock domains that can safely be timed together (without valid synchronizer). It is only recommended to use the -datapath_only option on paths between clocks that do not have a known phase relationship. This DRC is waived when a synchronizer is found on the path endpoint
Related violations: <none>

TIMING-11#2 Warning
Inappropriate max delay with datapath only option  
A max delay constraint with -datapath_only has been applied between u_camera_hdmi/u_camera_subsystem/g_camera_frontend[0].u_camera/dvp_data_iob_reg[1]/C and u_camera_hdmi/u_camera_subsystem/g_camera_frontend[0].u_camera/dvp_data_sync_reg[1]/D. The startpoint(s) and endpoint(s) either belong to the same clock domain or belong to two clock domains that can safely be timed together (without valid synchronizer). It is only recommended to use the -datapath_only option on paths between clocks that do not have a known phase relationship. This DRC is waived when a synchronizer is found on the path endpoint
Related violations: <none>

TIMING-11#3 Warning
Inappropriate max delay with datapath only option  
A max delay constraint with -datapath_only has been applied between u_camera_hdmi/u_camera_subsystem/g_camera_frontend[0].u_camera/dvp_data_iob_reg[2]/C and u_camera_hdmi/u_camera_subsystem/g_camera_frontend[0].u_camera/dvp_data_sync_reg[2]/D. The startpoint(s) and endpoint(s) either belong to the same clock domain or belong to two clock domains that can safely be timed together (without valid synchronizer). It is only recommended to use the -datapath_only option on paths between clocks that do not have a known phase relationship. This DRC is waived when a synchronizer is found on the path endpoint
Related violations: <none>

TIMING-11#4 Warning
Inappropriate max delay with datapath only option  
A max delay constraint with -datapath_only has been applied between u_camera_hdmi/u_camera_subsystem/g_camera_frontend[0].u_camera/dvp_data_iob_reg[3]/C and u_camera_hdmi/u_camera_subsystem/g_camera_frontend[0].u_camera/dvp_data_sync_reg[3]/D. The startpoint(s) and endpoint(s) either belong to the same clock domain or belong to two clock domains that can safely be timed together (without valid synchronizer). It is only recommended to use the -datapath_only option on paths between clocks that do not have a known phase relationship. This DRC is waived when a synchronizer is found on the path endpoint
Related violations: <none>

TIMING-11#5 Warning
Inappropriate max delay with datapath only option  
A max delay constraint with -datapath_only has been applied between u_camera_hdmi/u_camera_subsystem/g_camera_frontend[0].u_camera/dvp_data_iob_reg[4]/C and u_camera_hdmi/u_camera_subsystem/g_camera_frontend[0].u_camera/dvp_data_sync_reg[4]/D. The startpoint(s) and endpoint(s) either belong to the same clock domain or belong to two clock domains that can safely be timed together (without valid synchronizer). It is only recommended to use the -datapath_only option on paths between clocks that do not have a known phase relationship. This DRC is waived when a synchronizer is found on the path endpoint
Related violations: <none>

TIMING-11#6 Warning
Inappropriate max delay with datapath only option  
A max delay constraint with -datapath_only has been applied between u_camera_hdmi/u_camera_subsystem/g_camera_frontend[0].u_camera/dvp_data_iob_reg[5]/C and u_camera_hdmi/u_camera_subsystem/g_camera_frontend[0].u_camera/dvp_data_sync_reg[5]/D. The startpoint(s) and endpoint(s) either belong to the same clock domain or belong to two clock domains that can safely be timed together (without valid synchronizer). It is only recommended to use the -datapath_only option on paths between clocks that do not have a known phase relationship. This DRC is waived when a synchronizer is found on the path endpoint
Related violations: <none>

TIMING-11#7 Warning
Inappropriate max delay with datapath only option  
A max delay constraint with -datapath_only has been applied between u_camera_hdmi/u_camera_subsystem/g_camera_frontend[0].u_camera/dvp_data_iob_reg[6]/C and u_camera_hdmi/u_camera_subsystem/g_camera_frontend[0].u_camera/dvp_data_sync_reg[6]/D. The startpoint(s) and endpoint(s) either belong to the same clock domain or belong to two clock domains that can safely be timed together (without valid synchronizer). It is only recommended to use the -datapath_only option on paths between clocks that do not have a known phase relationship. This DRC is waived when a synchronizer is found on the path endpoint
Related violations: <none>

TIMING-11#8 Warning
Inappropriate max delay with datapath only option  
A max delay constraint with -datapath_only has been applied between u_camera_hdmi/u_camera_subsystem/g_camera_frontend[0].u_camera/dvp_data_iob_reg[7]/C and u_camera_hdmi/u_camera_subsystem/g_camera_frontend[0].u_camera/dvp_data_sync_reg[7]/D. The startpoint(s) and endpoint(s) either belong to the same clock domain or belong to two clock domains that can safely be timed together (without valid synchronizer). It is only recommended to use the -datapath_only option on paths between clocks that do not have a known phase relationship. This DRC is waived when a synchronizer is found on the path endpoint
Related violations: <none>

TIMING-11#9 Warning
Inappropriate max delay with datapath only option  
A max delay constraint with -datapath_only has been applied between u_camera_hdmi/u_camera_subsystem/g_camera_frontend[0].u_camera/dvp_href_iob_reg/C and u_camera_hdmi/u_camera_subsystem/g_camera_frontend[0].u_camera/dvp_href_sync_reg/D. The startpoint(s) and endpoint(s) either belong to the same clock domain or belong to two clock domains that can safely be timed together (without valid synchronizer). It is only recommended to use the -datapath_only option on paths between clocks that do not have a known phase relationship. This DRC is waived when a synchronizer is found on the path endpoint
Related violations: <none>

TIMING-11#10 Warning
Inappropriate max delay with datapath only option  
A max delay constraint with -datapath_only has been applied between u_camera_hdmi/u_camera_subsystem/g_camera_frontend[0].u_camera/dvp_pclk_iob_reg/C and u_camera_hdmi/u_camera_subsystem/g_camera_frontend[0].u_camera/dvp_pclk_sync_reg/D. The startpoint(s) and endpoint(s) either belong to the same clock domain or belong to two clock domains that can safely be timed together (without valid synchronizer). It is only recommended to use the -datapath_only option on paths between clocks that do not have a known phase relationship. This DRC is waived when a synchronizer is found on the path endpoint
Related violations: <none>

TIMING-11#11 Warning
Inappropriate max delay with datapath only option  
A max delay constraint with -datapath_only has been applied between u_camera_hdmi/u_camera_subsystem/g_camera_frontend[0].u_camera/dvp_vsync_iob_reg/C and u_camera_hdmi/u_camera_subsystem/g_camera_frontend[0].u_camera/dvp_vsync_sync_reg/D. The startpoint(s) and endpoint(s) either belong to the same clock domain or belong to two clock domains that can safely be timed together (without valid synchronizer). It is only recommended to use the -datapath_only option on paths between clocks that do not have a known phase relationship. This DRC is waived when a synchronizer is found on the path endpoint
Related violations: <none>

TIMING-11#12 Warning
Inappropriate max delay with datapath only option  
A max delay constraint with -datapath_only has been applied between u_camera_hdmi/u_camera_subsystem/g_camera_frontend[1].u_camera/dvp_data_iob_reg[0]/C and u_camera_hdmi/u_camera_subsystem/g_camera_frontend[1].u_camera/dvp_data_sync_reg[0]/D. The startpoint(s) and endpoint(s) either belong to the same clock domain or belong to two clock domains that can safely be timed together (without valid synchronizer). It is only recommended to use the -datapath_only option on paths between clocks that do not have a known phase relationship. This DRC is waived when a synchronizer is found on the path endpoint
Related violations: <none>

TIMING-11#13 Warning
Inappropriate max delay with datapath only option  
A max delay constraint with -datapath_only has been applied between u_camera_hdmi/u_camera_subsystem/g_camera_frontend[1].u_camera/dvp_data_iob_reg[1]/C and u_camera_hdmi/u_camera_subsystem/g_camera_frontend[1].u_camera/dvp_data_sync_reg[1]/D. The startpoint(s) and endpoint(s) either belong to the same clock domain or belong to two clock domains that can safely be timed together (without valid synchronizer). It is only recommended to use the -datapath_only option on paths between clocks that do not have a known phase relationship. This DRC is waived when a synchronizer is found on the path endpoint
Related violations: <none>

TIMING-11#14 Warning
Inappropriate max delay with datapath only option  
A max delay constraint with -datapath_only has been applied between u_camera_hdmi/u_camera_subsystem/g_camera_frontend[1].u_camera/dvp_data_iob_reg[2]/C and u_camera_hdmi/u_camera_subsystem/g_camera_frontend[1].u_camera/dvp_data_sync_reg[2]/D. The startpoint(s) and endpoint(s) either belong to the same clock domain or belong to two clock domains that can safely be timed together (without valid synchronizer). It is only recommended to use the -datapath_only option on paths between clocks that do not have a known phase relationship. This DRC is waived when a synchronizer is found on the path endpoint
Related violations: <none>

TIMING-11#15 Warning
Inappropriate max delay with datapath only option  
A max delay constraint with -datapath_only has been applied between u_camera_hdmi/u_camera_subsystem/g_camera_frontend[1].u_camera/dvp_data_iob_reg[3]/C and u_camera_hdmi/u_camera_subsystem/g_camera_frontend[1].u_camera/dvp_data_sync_reg[3]/D. The startpoint(s) and endpoint(s) either belong to the same clock domain or belong to two clock domains that can safely be timed together (without valid synchronizer). It is only recommended to use the -datapath_only option on paths between clocks that do not have a known phase relationship. This DRC is waived when a synchronizer is found on the path endpoint
Related violations: <none>

TIMING-11#16 Warning
Inappropriate max delay with datapath only option  
A max delay constraint with -datapath_only has been applied between u_camera_hdmi/u_camera_subsystem/g_camera_frontend[1].u_camera/dvp_data_iob_reg[4]/C and u_camera_hdmi/u_camera_subsystem/g_camera_frontend[1].u_camera/dvp_data_sync_reg[4]/D. The startpoint(s) and endpoint(s) either belong to the same clock domain or belong to two clock domains that can safely be timed together (without valid synchronizer). It is only recommended to use the -datapath_only option on paths between clocks that do not have a known phase relationship. This DRC is waived when a synchronizer is found on the path endpoint
Related violations: <none>

TIMING-11#17 Warning
Inappropriate max delay with datapath only option  
A max delay constraint with -datapath_only has been applied between u_camera_hdmi/u_camera_subsystem/g_camera_frontend[1].u_camera/dvp_data_iob_reg[5]/C and u_camera_hdmi/u_camera_subsystem/g_camera_frontend[1].u_camera/dvp_data_sync_reg[5]/D. The startpoint(s) and endpoint(s) either belong to the same clock domain or belong to two clock domains that can safely be timed together (without valid synchronizer). It is only recommended to use the -datapath_only option on paths between clocks that do not have a known phase relationship. This DRC is waived when a synchronizer is found on the path endpoint
Related violations: <none>

TIMING-11#18 Warning
Inappropriate max delay with datapath only option  
A max delay constraint with -datapath_only has been applied between u_camera_hdmi/u_camera_subsystem/g_camera_frontend[1].u_camera/dvp_data_iob_reg[6]/C and u_camera_hdmi/u_camera_subsystem/g_camera_frontend[1].u_camera/dvp_data_sync_reg[6]/D. The startpoint(s) and endpoint(s) either belong to the same clock domain or belong to two clock domains that can safely be timed together (without valid synchronizer). It is only recommended to use the -datapath_only option on paths between clocks that do not have a known phase relationship. This DRC is waived when a synchronizer is found on the path endpoint
Related violations: <none>

TIMING-11#19 Warning
Inappropriate max delay with datapath only option  
A max delay constraint with -datapath_only has been applied between u_camera_hdmi/u_camera_subsystem/g_camera_frontend[1].u_camera/dvp_data_iob_reg[7]/C and u_camera_hdmi/u_camera_subsystem/g_camera_frontend[1].u_camera/dvp_data_sync_reg[7]/D. The startpoint(s) and endpoint(s) either belong to the same clock domain or belong to two clock domains that can safely be timed together (without valid synchronizer). It is only recommended to use the -datapath_only option on paths between clocks that do not have a known phase relationship. This DRC is waived when a synchronizer is found on the path endpoint
Related violations: <none>

TIMING-11#20 Warning
Inappropriate max delay with datapath only option  
A max delay constraint with -datapath_only has been applied between u_camera_hdmi/u_camera_subsystem/g_camera_frontend[1].u_camera/dvp_href_iob_reg/C and u_camera_hdmi/u_camera_subsystem/g_camera_frontend[1].u_camera/dvp_href_sync_reg/D. The startpoint(s) and endpoint(s) either belong to the same clock domain or belong to two clock domains that can safely be timed together (without valid synchronizer). It is only recommended to use the -datapath_only option on paths between clocks that do not have a known phase relationship. This DRC is waived when a synchronizer is found on the path endpoint
Related violations: <none>

TIMING-11#21 Warning
Inappropriate max delay with datapath only option  
A max delay constraint with -datapath_only has been applied between u_camera_hdmi/u_camera_subsystem/g_camera_frontend[1].u_camera/dvp_pclk_iob_reg/C and u_camera_hdmi/u_camera_subsystem/g_camera_frontend[1].u_camera/dvp_pclk_sync_reg/D. The startpoint(s) and endpoint(s) either belong to the same clock domain or belong to two clock domains that can safely be timed together (without valid synchronizer). It is only recommended to use the -datapath_only option on paths between clocks that do not have a known phase relationship. This DRC is waived when a synchronizer is found on the path endpoint
Related violations: <none>

TIMING-11#22 Warning
Inappropriate max delay with datapath only option  
A max delay constraint with -datapath_only has been applied between u_camera_hdmi/u_camera_subsystem/g_camera_frontend[1].u_camera/dvp_vsync_iob_reg/C and u_camera_hdmi/u_camera_subsystem/g_camera_frontend[1].u_camera/dvp_vsync_sync_reg/D. The startpoint(s) and endpoint(s) either belong to the same clock domain or belong to two clock domains that can safely be timed together (without valid synchronizer). It is only recommended to use the -datapath_only option on paths between clocks that do not have a known phase relationship. This DRC is waived when a synchronizer is found on the path endpoint
Related violations: <none>

TIMING-11#23 Warning
Inappropriate max delay with datapath only option  
A max delay constraint with -datapath_only has been applied between u_camera_hdmi/u_camera_subsystem/g_camera_frontend[2].u_camera/dvp_data_iob_reg[0]/C and u_camera_hdmi/u_camera_subsystem/g_camera_frontend[2].u_camera/dvp_data_sync_reg[0]/D. The startpoint(s) and endpoint(s) either belong to the same clock domain or belong to two clock domains that can safely be timed together (without valid synchronizer). It is only recommended to use the -datapath_only option on paths between clocks that do not have a known phase relationship. This DRC is waived when a synchronizer is found on the path endpoint
Related violations: <none>

TIMING-11#24 Warning
Inappropriate max delay with datapath only option  
A max delay constraint with -datapath_only has been applied between u_camera_hdmi/u_camera_subsystem/g_camera_frontend[2].u_camera/dvp_data_iob_reg[1]/C and u_camera_hdmi/u_camera_subsystem/g_camera_frontend[2].u_camera/dvp_data_sync_reg[1]/D. The startpoint(s) and endpoint(s) either belong to the same clock domain or belong to two clock domains that can safely be timed together (without valid synchronizer). It is only recommended to use the -datapath_only option on paths between clocks that do not have a known phase relationship. This DRC is waived when a synchronizer is found on the path endpoint
Related violations: <none>

TIMING-11#25 Warning
Inappropriate max delay with datapath only option  
A max delay constraint with -datapath_only has been applied between u_camera_hdmi/u_camera_subsystem/g_camera_frontend[2].u_camera/dvp_data_iob_reg[2]/C and u_camera_hdmi/u_camera_subsystem/g_camera_frontend[2].u_camera/dvp_data_sync_reg[2]/D. The startpoint(s) and endpoint(s) either belong to the same clock domain or belong to two clock domains that can safely be timed together (without valid synchronizer). It is only recommended to use the -datapath_only option on paths between clocks that do not have a known phase relationship. This DRC is waived when a synchronizer is found on the path endpoint
Related violations: <none>

TIMING-11#26 Warning
Inappropriate max delay with datapath only option  
A max delay constraint with -datapath_only has been applied between u_camera_hdmi/u_camera_subsystem/g_camera_frontend[2].u_camera/dvp_data_iob_reg[3]/C and u_camera_hdmi/u_camera_subsystem/g_camera_frontend[2].u_camera/dvp_data_sync_reg[3]/D. The startpoint(s) and endpoint(s) either belong to the same clock domain or belong to two clock domains that can safely be timed together (without valid synchronizer). It is only recommended to use the -datapath_only option on paths between clocks that do not have a known phase relationship. This DRC is waived when a synchronizer is found on the path endpoint
Related violations: <none>

TIMING-11#27 Warning
Inappropriate max delay with datapath only option  
A max delay constraint with -datapath_only has been applied between u_camera_hdmi/u_camera_subsystem/g_camera_frontend[2].u_camera/dvp_data_iob_reg[4]/C and u_camera_hdmi/u_camera_subsystem/g_camera_frontend[2].u_camera/dvp_data_sync_reg[4]/D. The startpoint(s) and endpoint(s) either belong to the same clock domain or belong to two clock domains that can safely be timed together (without valid synchronizer). It is only recommended to use the -datapath_only option on paths between clocks that do not have a known phase relationship. This DRC is waived when a synchronizer is found on the path endpoint
Related violations: <none>

TIMING-11#28 Warning
Inappropriate max delay with datapath only option  
A max delay constraint with -datapath_only has been applied between u_camera_hdmi/u_camera_subsystem/g_camera_frontend[2].u_camera/dvp_data_iob_reg[5]/C and u_camera_hdmi/u_camera_subsystem/g_camera_frontend[2].u_camera/dvp_data_sync_reg[5]/D. The startpoint(s) and endpoint(s) either belong to the same clock domain or belong to two clock domains that can safely be timed together (without valid synchronizer). It is only recommended to use the -datapath_only option on paths between clocks that do not have a known phase relationship. This DRC is waived when a synchronizer is found on the path endpoint
Related violations: <none>

TIMING-11#29 Warning
Inappropriate max delay with datapath only option  
A max delay constraint with -datapath_only has been applied between u_camera_hdmi/u_camera_subsystem/g_camera_frontend[2].u_camera/dvp_data_iob_reg[6]/C and u_camera_hdmi/u_camera_subsystem/g_camera_frontend[2].u_camera/dvp_data_sync_reg[6]/D. The startpoint(s) and endpoint(s) either belong to the same clock domain or belong to two clock domains that can safely be timed together (without valid synchronizer). It is only recommended to use the -datapath_only option on paths between clocks that do not have a known phase relationship. This DRC is waived when a synchronizer is found on the path endpoint
Related violations: <none>

TIMING-11#30 Warning
Inappropriate max delay with datapath only option  
A max delay constraint with -datapath_only has been applied between u_camera_hdmi/u_camera_subsystem/g_camera_frontend[2].u_camera/dvp_data_iob_reg[7]/C and u_camera_hdmi/u_camera_subsystem/g_camera_frontend[2].u_camera/dvp_data_sync_reg[7]/D. The startpoint(s) and endpoint(s) either belong to the same clock domain or belong to two clock domains that can safely be timed together (without valid synchronizer). It is only recommended to use the -datapath_only option on paths between clocks that do not have a known phase relationship. This DRC is waived when a synchronizer is found on the path endpoint
Related violations: <none>

TIMING-11#31 Warning
Inappropriate max delay with datapath only option  
A max delay constraint with -datapath_only has been applied between u_camera_hdmi/u_camera_subsystem/g_camera_frontend[2].u_camera/dvp_href_iob_reg/C and u_camera_hdmi/u_camera_subsystem/g_camera_frontend[2].u_camera/dvp_href_sync_reg/D. The startpoint(s) and endpoint(s) either belong to the same clock domain or belong to two clock domains that can safely be timed together (without valid synchronizer). It is only recommended to use the -datapath_only option on paths between clocks that do not have a known phase relationship. This DRC is waived when a synchronizer is found on the path endpoint
Related violations: <none>

TIMING-11#32 Warning
Inappropriate max delay with datapath only option  
A max delay constraint with -datapath_only has been applied between u_camera_hdmi/u_camera_subsystem/g_camera_frontend[2].u_camera/dvp_pclk_iob_reg/C and u_camera_hdmi/u_camera_subsystem/g_camera_frontend[2].u_camera/dvp_pclk_sync_reg/D. The startpoint(s) and endpoint(s) either belong to the same clock domain or belong to two clock domains that can safely be timed together (without valid synchronizer). It is only recommended to use the -datapath_only option on paths between clocks that do not have a known phase relationship. This DRC is waived when a synchronizer is found on the path endpoint
Related violations: <none>

TIMING-11#33 Warning
Inappropriate max delay with datapath only option  
A max delay constraint with -datapath_only has been applied between u_camera_hdmi/u_camera_subsystem/g_camera_frontend[2].u_camera/dvp_vsync_iob_reg/C and u_camera_hdmi/u_camera_subsystem/g_camera_frontend[2].u_camera/dvp_vsync_sync_reg/D. The startpoint(s) and endpoint(s) either belong to the same clock domain or belong to two clock domains that can safely be timed together (without valid synchronizer). It is only recommended to use the -datapath_only option on paths between clocks that do not have a known phase relationship. This DRC is waived when a synchronizer is found on the path endpoint
Related violations: <none>

TIMING-11#34 Warning
Inappropriate max delay with datapath only option  
A max delay constraint with -datapath_only has been applied between u_camera_hdmi/u_camera_subsystem/g_camera_frontend[3].u_camera/dvp_data_iob_reg[0]/C and u_camera_hdmi/u_camera_subsystem/g_camera_frontend[3].u_camera/dvp_data_sync_reg[0]/D. The startpoint(s) and endpoint(s) either belong to the same clock domain or belong to two clock domains that can safely be timed together (without valid synchronizer). It is only recommended to use the -datapath_only option on paths between clocks that do not have a known phase relationship. This DRC is waived when a synchronizer is found on the path endpoint
Related violations: <none>

TIMING-11#35 Warning
Inappropriate max delay with datapath only option  
A max delay constraint with -datapath_only has been applied between u_camera_hdmi/u_camera_subsystem/g_camera_frontend[3].u_camera/dvp_data_iob_reg[1]/C and u_camera_hdmi/u_camera_subsystem/g_camera_frontend[3].u_camera/dvp_data_sync_reg[1]/D. The startpoint(s) and endpoint(s) either belong to the same clock domain or belong to two clock domains that can safely be timed together (without valid synchronizer). It is only recommended to use the -datapath_only option on paths between clocks that do not have a known phase relationship. This DRC is waived when a synchronizer is found on the path endpoint
Related violations: <none>

TIMING-11#36 Warning
Inappropriate max delay with datapath only option  
A max delay constraint with -datapath_only has been applied between u_camera_hdmi/u_camera_subsystem/g_camera_frontend[3].u_camera/dvp_data_iob_reg[2]/C and u_camera_hdmi/u_camera_subsystem/g_camera_frontend[3].u_camera/dvp_data_sync_reg[2]/D. The startpoint(s) and endpoint(s) either belong to the same clock domain or belong to two clock domains that can safely be timed together (without valid synchronizer). It is only recommended to use the -datapath_only option on paths between clocks that do not have a known phase relationship. This DRC is waived when a synchronizer is found on the path endpoint
Related violations: <none>

TIMING-11#37 Warning
Inappropriate max delay with datapath only option  
A max delay constraint with -datapath_only has been applied between u_camera_hdmi/u_camera_subsystem/g_camera_frontend[3].u_camera/dvp_data_iob_reg[3]/C and u_camera_hdmi/u_camera_subsystem/g_camera_frontend[3].u_camera/dvp_data_sync_reg[3]/D. The startpoint(s) and endpoint(s) either belong to the same clock domain or belong to two clock domains that can safely be timed together (without valid synchronizer). It is only recommended to use the -datapath_only option on paths between clocks that do not have a known phase relationship. This DRC is waived when a synchronizer is found on the path endpoint
Related violations: <none>

TIMING-11#38 Warning
Inappropriate max delay with datapath only option  
A max delay constraint with -datapath_only has been applied between u_camera_hdmi/u_camera_subsystem/g_camera_frontend[3].u_camera/dvp_data_iob_reg[4]/C and u_camera_hdmi/u_camera_subsystem/g_camera_frontend[3].u_camera/dvp_data_sync_reg[4]/D. The startpoint(s) and endpoint(s) either belong to the same clock domain or belong to two clock domains that can safely be timed together (without valid synchronizer). It is only recommended to use the -datapath_only option on paths between clocks that do not have a known phase relationship. This DRC is waived when a synchronizer is found on the path endpoint
Related violations: <none>

TIMING-11#39 Warning
Inappropriate max delay with datapath only option  
A max delay constraint with -datapath_only has been applied between u_camera_hdmi/u_camera_subsystem/g_camera_frontend[3].u_camera/dvp_data_iob_reg[5]/C and u_camera_hdmi/u_camera_subsystem/g_camera_frontend[3].u_camera/dvp_data_sync_reg[5]/D. The startpoint(s) and endpoint(s) either belong to the same clock domain or belong to two clock domains that can safely be timed together (without valid synchronizer). It is only recommended to use the -datapath_only option on paths between clocks that do not have a known phase relationship. This DRC is waived when a synchronizer is found on the path endpoint
Related violations: <none>

TIMING-11#40 Warning
Inappropriate max delay with datapath only option  
A max delay constraint with -datapath_only has been applied between u_camera_hdmi/u_camera_subsystem/g_camera_frontend[3].u_camera/dvp_data_iob_reg[6]/C and u_camera_hdmi/u_camera_subsystem/g_camera_frontend[3].u_camera/dvp_data_sync_reg[6]/D. The startpoint(s) and endpoint(s) either belong to the same clock domain or belong to two clock domains that can safely be timed together (without valid synchronizer). It is only recommended to use the -datapath_only option on paths between clocks that do not have a known phase relationship. This DRC is waived when a synchronizer is found on the path endpoint
Related violations: <none>

TIMING-11#41 Warning
Inappropriate max delay with datapath only option  
A max delay constraint with -datapath_only has been applied between u_camera_hdmi/u_camera_subsystem/g_camera_frontend[3].u_camera/dvp_data_iob_reg[7]/C and u_camera_hdmi/u_camera_subsystem/g_camera_frontend[3].u_camera/dvp_data_sync_reg[7]/D. The startpoint(s) and endpoint(s) either belong to the same clock domain or belong to two clock domains that can safely be timed together (without valid synchronizer). It is only recommended to use the -datapath_only option on paths between clocks that do not have a known phase relationship. This DRC is waived when a synchronizer is found on the path endpoint
Related violations: <none>

TIMING-11#42 Warning
Inappropriate max delay with datapath only option  
A max delay constraint with -datapath_only has been applied between u_camera_hdmi/u_camera_subsystem/g_camera_frontend[3].u_camera/dvp_href_iob_reg/C and u_camera_hdmi/u_camera_subsystem/g_camera_frontend[3].u_camera/dvp_href_sync_reg/D. The startpoint(s) and endpoint(s) either belong to the same clock domain or belong to two clock domains that can safely be timed together (without valid synchronizer). It is only recommended to use the -datapath_only option on paths between clocks that do not have a known phase relationship. This DRC is waived when a synchronizer is found on the path endpoint
Related violations: <none>

TIMING-11#43 Warning
Inappropriate max delay with datapath only option  
A max delay constraint with -datapath_only has been applied between u_camera_hdmi/u_camera_subsystem/g_camera_frontend[3].u_camera/dvp_pclk_iob_reg/C and u_camera_hdmi/u_camera_subsystem/g_camera_frontend[3].u_camera/dvp_pclk_sync_reg/D. The startpoint(s) and endpoint(s) either belong to the same clock domain or belong to two clock domains that can safely be timed together (without valid synchronizer). It is only recommended to use the -datapath_only option on paths between clocks that do not have a known phase relationship. This DRC is waived when a synchronizer is found on the path endpoint
Related violations: <none>

TIMING-11#44 Warning
Inappropriate max delay with datapath only option  
A max delay constraint with -datapath_only has been applied between u_camera_hdmi/u_camera_subsystem/g_camera_frontend[3].u_camera/dvp_vsync_iob_reg/C and u_camera_hdmi/u_camera_subsystem/g_camera_frontend[3].u_camera/dvp_vsync_sync_reg/D. The startpoint(s) and endpoint(s) either belong to the same clock domain or belong to two clock domains that can safely be timed together (without valid synchronizer). It is only recommended to use the -datapath_only option on paths between clocks that do not have a known phase relationship. This DRC is waived when a synchronizer is found on the path endpoint
Related violations: <none>

TIMING-11#45 Warning
Inappropriate max delay with datapath only option  
A max delay constraint with -datapath_only has been applied between u_camera_hdmi/u_camera_subsystem/g_camera_frontend[4].u_camera/dvp_data_iob_reg[0]/C and u_camera_hdmi/u_camera_subsystem/g_camera_frontend[4].u_camera/dvp_data_sync_reg[0]/D. The startpoint(s) and endpoint(s) either belong to the same clock domain or belong to two clock domains that can safely be timed together (without valid synchronizer). It is only recommended to use the -datapath_only option on paths between clocks that do not have a known phase relationship. This DRC is waived when a synchronizer is found on the path endpoint
Related violations: <none>

TIMING-11#46 Warning
Inappropriate max delay with datapath only option  
A max delay constraint with -datapath_only has been applied between u_camera_hdmi/u_camera_subsystem/g_camera_frontend[4].u_camera/dvp_data_iob_reg[1]/C and u_camera_hdmi/u_camera_subsystem/g_camera_frontend[4].u_camera/dvp_data_sync_reg[1]/D. The startpoint(s) and endpoint(s) either belong to the same clock domain or belong to two clock domains that can safely be timed together (without valid synchronizer). It is only recommended to use the -datapath_only option on paths between clocks that do not have a known phase relationship. This DRC is waived when a synchronizer is found on the path endpoint
Related violations: <none>

TIMING-11#47 Warning
Inappropriate max delay with datapath only option  
A max delay constraint with -datapath_only has been applied between u_camera_hdmi/u_camera_subsystem/g_camera_frontend[4].u_camera/dvp_data_iob_reg[2]/C and u_camera_hdmi/u_camera_subsystem/g_camera_frontend[4].u_camera/dvp_data_sync_reg[2]/D. The startpoint(s) and endpoint(s) either belong to the same clock domain or belong to two clock domains that can safely be timed together (without valid synchronizer). It is only recommended to use the -datapath_only option on paths between clocks that do not have a known phase relationship. This DRC is waived when a synchronizer is found on the path endpoint
Related violations: <none>

TIMING-11#48 Warning
Inappropriate max delay with datapath only option  
A max delay constraint with -datapath_only has been applied between u_camera_hdmi/u_camera_subsystem/g_camera_frontend[4].u_camera/dvp_data_iob_reg[3]/C and u_camera_hdmi/u_camera_subsystem/g_camera_frontend[4].u_camera/dvp_data_sync_reg[3]/D. The startpoint(s) and endpoint(s) either belong to the same clock domain or belong to two clock domains that can safely be timed together (without valid synchronizer). It is only recommended to use the -datapath_only option on paths between clocks that do not have a known phase relationship. This DRC is waived when a synchronizer is found on the path endpoint
Related violations: <none>

TIMING-11#49 Warning
Inappropriate max delay with datapath only option  
A max delay constraint with -datapath_only has been applied between u_camera_hdmi/u_camera_subsystem/g_camera_frontend[4].u_camera/dvp_data_iob_reg[4]/C and u_camera_hdmi/u_camera_subsystem/g_camera_frontend[4].u_camera/dvp_data_sync_reg[4]/D. The startpoint(s) and endpoint(s) either belong to the same clock domain or belong to two clock domains that can safely be timed together (without valid synchronizer). It is only recommended to use the -datapath_only option on paths between clocks that do not have a known phase relationship. This DRC is waived when a synchronizer is found on the path endpoint
Related violations: <none>

TIMING-11#50 Warning
Inappropriate max delay with datapath only option  
A max delay constraint with -datapath_only has been applied between u_camera_hdmi/u_camera_subsystem/g_camera_frontend[4].u_camera/dvp_data_iob_reg[5]/C and u_camera_hdmi/u_camera_subsystem/g_camera_frontend[4].u_camera/dvp_data_sync_reg[5]/D. The startpoint(s) and endpoint(s) either belong to the same clock domain or belong to two clock domains that can safely be timed together (without valid synchronizer). It is only recommended to use the -datapath_only option on paths between clocks that do not have a known phase relationship. This DRC is waived when a synchronizer is found on the path endpoint
Related violations: <none>

TIMING-11#51 Warning
Inappropriate max delay with datapath only option  
A max delay constraint with -datapath_only has been applied between u_camera_hdmi/u_camera_subsystem/g_camera_frontend[4].u_camera/dvp_data_iob_reg[6]/C and u_camera_hdmi/u_camera_subsystem/g_camera_frontend[4].u_camera/dvp_data_sync_reg[6]/D. The startpoint(s) and endpoint(s) either belong to the same clock domain or belong to two clock domains that can safely be timed together (without valid synchronizer). It is only recommended to use the -datapath_only option on paths between clocks that do not have a known phase relationship. This DRC is waived when a synchronizer is found on the path endpoint
Related violations: <none>

TIMING-11#52 Warning
Inappropriate max delay with datapath only option  
A max delay constraint with -datapath_only has been applied between u_camera_hdmi/u_camera_subsystem/g_camera_frontend[4].u_camera/dvp_data_iob_reg[7]/C and u_camera_hdmi/u_camera_subsystem/g_camera_frontend[4].u_camera/dvp_data_sync_reg[7]/D. The startpoint(s) and endpoint(s) either belong to the same clock domain or belong to two clock domains that can safely be timed together (without valid synchronizer). It is only recommended to use the -datapath_only option on paths between clocks that do not have a known phase relationship. This DRC is waived when a synchronizer is found on the path endpoint
Related violations: <none>

TIMING-11#53 Warning
Inappropriate max delay with datapath only option  
A max delay constraint with -datapath_only has been applied between u_camera_hdmi/u_camera_subsystem/g_camera_frontend[4].u_camera/dvp_href_iob_reg/C and u_camera_hdmi/u_camera_subsystem/g_camera_frontend[4].u_camera/dvp_href_sync_reg/D. The startpoint(s) and endpoint(s) either belong to the same clock domain or belong to two clock domains that can safely be timed together (without valid synchronizer). It is only recommended to use the -datapath_only option on paths between clocks that do not have a known phase relationship. This DRC is waived when a synchronizer is found on the path endpoint
Related violations: <none>

TIMING-11#54 Warning
Inappropriate max delay with datapath only option  
A max delay constraint with -datapath_only has been applied between u_camera_hdmi/u_camera_subsystem/g_camera_frontend[4].u_camera/dvp_pclk_iob_reg/C and u_camera_hdmi/u_camera_subsystem/g_camera_frontend[4].u_camera/dvp_pclk_sync_reg/D. The startpoint(s) and endpoint(s) either belong to the same clock domain or belong to two clock domains that can safely be timed together (without valid synchronizer). It is only recommended to use the -datapath_only option on paths between clocks that do not have a known phase relationship. This DRC is waived when a synchronizer is found on the path endpoint
Related violations: <none>

TIMING-11#55 Warning
Inappropriate max delay with datapath only option  
A max delay constraint with -datapath_only has been applied between u_camera_hdmi/u_camera_subsystem/g_camera_frontend[4].u_camera/dvp_vsync_iob_reg/C and u_camera_hdmi/u_camera_subsystem/g_camera_frontend[4].u_camera/dvp_vsync_sync_reg/D. The startpoint(s) and endpoint(s) either belong to the same clock domain or belong to two clock domains that can safely be timed together (without valid synchronizer). It is only recommended to use the -datapath_only option on paths between clocks that do not have a known phase relationship. This DRC is waived when a synchronizer is found on the path endpoint
Related violations: <none>

TIMING-11#56 Warning
Inappropriate max delay with datapath only option  
A max delay constraint with -datapath_only has been applied between u_camera_hdmi/u_camera_subsystem/g_camera_frontend[5].u_camera/dvp_data_iob_reg[0]/C and u_camera_hdmi/u_camera_subsystem/g_camera_frontend[5].u_camera/dvp_data_sync_reg[0]/D. The startpoint(s) and endpoint(s) either belong to the same clock domain or belong to two clock domains that can safely be timed together (without valid synchronizer). It is only recommended to use the -datapath_only option on paths between clocks that do not have a known phase relationship. This DRC is waived when a synchronizer is found on the path endpoint
Related violations: <none>

TIMING-11#57 Warning
Inappropriate max delay with datapath only option  
A max delay constraint with -datapath_only has been applied between u_camera_hdmi/u_camera_subsystem/g_camera_frontend[5].u_camera/dvp_data_iob_reg[1]/C and u_camera_hdmi/u_camera_subsystem/g_camera_frontend[5].u_camera/dvp_data_sync_reg[1]/D. The startpoint(s) and endpoint(s) either belong to the same clock domain or belong to two clock domains that can safely be timed together (without valid synchronizer). It is only recommended to use the -datapath_only option on paths between clocks that do not have a known phase relationship. This DRC is waived when a synchronizer is found on the path endpoint
Related violations: <none>

TIMING-11#58 Warning
Inappropriate max delay with datapath only option  
A max delay constraint with -datapath_only has been applied between u_camera_hdmi/u_camera_subsystem/g_camera_frontend[5].u_camera/dvp_data_iob_reg[2]/C and u_camera_hdmi/u_camera_subsystem/g_camera_frontend[5].u_camera/dvp_data_sync_reg[2]/D. The startpoint(s) and endpoint(s) either belong to the same clock domain or belong to two clock domains that can safely be timed together (without valid synchronizer). It is only recommended to use the -datapath_only option on paths between clocks that do not have a known phase relationship. This DRC is waived when a synchronizer is found on the path endpoint
Related violations: <none>

TIMING-11#59 Warning
Inappropriate max delay with datapath only option  
A max delay constraint with -datapath_only has been applied between u_camera_hdmi/u_camera_subsystem/g_camera_frontend[5].u_camera/dvp_data_iob_reg[3]/C and u_camera_hdmi/u_camera_subsystem/g_camera_frontend[5].u_camera/dvp_data_sync_reg[3]/D. The startpoint(s) and endpoint(s) either belong to the same clock domain or belong to two clock domains that can safely be timed together (without valid synchronizer). It is only recommended to use the -datapath_only option on paths between clocks that do not have a known phase relationship. This DRC is waived when a synchronizer is found on the path endpoint
Related violations: <none>

TIMING-11#60 Warning
Inappropriate max delay with datapath only option  
A max delay constraint with -datapath_only has been applied between u_camera_hdmi/u_camera_subsystem/g_camera_frontend[5].u_camera/dvp_data_iob_reg[4]/C and u_camera_hdmi/u_camera_subsystem/g_camera_frontend[5].u_camera/dvp_data_sync_reg[4]/D. The startpoint(s) and endpoint(s) either belong to the same clock domain or belong to two clock domains that can safely be timed together (without valid synchronizer). It is only recommended to use the -datapath_only option on paths between clocks that do not have a known phase relationship. This DRC is waived when a synchronizer is found on the path endpoint
Related violations: <none>

TIMING-11#61 Warning
Inappropriate max delay with datapath only option  
A max delay constraint with -datapath_only has been applied between u_camera_hdmi/u_camera_subsystem/g_camera_frontend[5].u_camera/dvp_data_iob_reg[5]/C and u_camera_hdmi/u_camera_subsystem/g_camera_frontend[5].u_camera/dvp_data_sync_reg[5]/D. The startpoint(s) and endpoint(s) either belong to the same clock domain or belong to two clock domains that can safely be timed together (without valid synchronizer). It is only recommended to use the -datapath_only option on paths between clocks that do not have a known phase relationship. This DRC is waived when a synchronizer is found on the path endpoint
Related violations: <none>

TIMING-11#62 Warning
Inappropriate max delay with datapath only option  
A max delay constraint with -datapath_only has been applied between u_camera_hdmi/u_camera_subsystem/g_camera_frontend[5].u_camera/dvp_data_iob_reg[6]/C and u_camera_hdmi/u_camera_subsystem/g_camera_frontend[5].u_camera/dvp_data_sync_reg[6]/D. The startpoint(s) and endpoint(s) either belong to the same clock domain or belong to two clock domains that can safely be timed together (without valid synchronizer). It is only recommended to use the -datapath_only option on paths between clocks that do not have a known phase relationship. This DRC is waived when a synchronizer is found on the path endpoint
Related violations: <none>

TIMING-11#63 Warning
Inappropriate max delay with datapath only option  
A max delay constraint with -datapath_only has been applied between u_camera_hdmi/u_camera_subsystem/g_camera_frontend[5].u_camera/dvp_data_iob_reg[7]/C and u_camera_hdmi/u_camera_subsystem/g_camera_frontend[5].u_camera/dvp_data_sync_reg[7]/D. The startpoint(s) and endpoint(s) either belong to the same clock domain or belong to two clock domains that can safely be timed together (without valid synchronizer). It is only recommended to use the -datapath_only option on paths between clocks that do not have a known phase relationship. This DRC is waived when a synchronizer is found on the path endpoint
Related violations: <none>

TIMING-11#64 Warning
Inappropriate max delay with datapath only option  
A max delay constraint with -datapath_only has been applied between u_camera_hdmi/u_camera_subsystem/g_camera_frontend[5].u_camera/dvp_href_iob_reg/C and u_camera_hdmi/u_camera_subsystem/g_camera_frontend[5].u_camera/dvp_href_sync_reg/D. The startpoint(s) and endpoint(s) either belong to the same clock domain or belong to two clock domains that can safely be timed together (without valid synchronizer). It is only recommended to use the -datapath_only option on paths between clocks that do not have a known phase relationship. This DRC is waived when a synchronizer is found on the path endpoint
Related violations: <none>

TIMING-11#65 Warning
Inappropriate max delay with datapath only option  
A max delay constraint with -datapath_only has been applied between u_camera_hdmi/u_camera_subsystem/g_camera_frontend[5].u_camera/dvp_pclk_iob_reg/C and u_camera_hdmi/u_camera_subsystem/g_camera_frontend[5].u_camera/dvp_pclk_sync_reg/D. The startpoint(s) and endpoint(s) either belong to the same clock domain or belong to two clock domains that can safely be timed together (without valid synchronizer). It is only recommended to use the -datapath_only option on paths between clocks that do not have a known phase relationship. This DRC is waived when a synchronizer is found on the path endpoint
Related violations: <none>

TIMING-11#66 Warning
Inappropriate max delay with datapath only option  
A max delay constraint with -datapath_only has been applied between u_camera_hdmi/u_camera_subsystem/g_camera_frontend[5].u_camera/dvp_vsync_iob_reg/C and u_camera_hdmi/u_camera_subsystem/g_camera_frontend[5].u_camera/dvp_vsync_sync_reg/D. The startpoint(s) and endpoint(s) either belong to the same clock domain or belong to two clock domains that can safely be timed together (without valid synchronizer). It is only recommended to use the -datapath_only option on paths between clocks that do not have a known phase relationship. This DRC is waived when a synchronizer is found on the path endpoint
Related violations: <none>

TIMING-11#67 Warning
Inappropriate max delay with datapath only option  
A max delay constraint with -datapath_only has been applied between u_camera_hdmi/u_camera_subsystem/g_camera_frontend[6].u_camera/dvp_data_iob_reg[0]/C and u_camera_hdmi/u_camera_subsystem/g_camera_frontend[6].u_camera/dvp_data_sync_reg[0]/D. The startpoint(s) and endpoint(s) either belong to the same clock domain or belong to two clock domains that can safely be timed together (without valid synchronizer). It is only recommended to use the -datapath_only option on paths between clocks that do not have a known phase relationship. This DRC is waived when a synchronizer is found on the path endpoint
Related violations: <none>

TIMING-11#68 Warning
Inappropriate max delay with datapath only option  
A max delay constraint with -datapath_only has been applied between u_camera_hdmi/u_camera_subsystem/g_camera_frontend[6].u_camera/dvp_data_iob_reg[1]/C and u_camera_hdmi/u_camera_subsystem/g_camera_frontend[6].u_camera/dvp_data_sync_reg[1]/D. The startpoint(s) and endpoint(s) either belong to the same clock domain or belong to two clock domains that can safely be timed together (without valid synchronizer). It is only recommended to use the -datapath_only option on paths between clocks that do not have a known phase relationship. This DRC is waived when a synchronizer is found on the path endpoint
Related violations: <none>

TIMING-11#69 Warning
Inappropriate max delay with datapath only option  
A max delay constraint with -datapath_only has been applied between u_camera_hdmi/u_camera_subsystem/g_camera_frontend[6].u_camera/dvp_data_iob_reg[2]/C and u_camera_hdmi/u_camera_subsystem/g_camera_frontend[6].u_camera/dvp_data_sync_reg[2]/D. The startpoint(s) and endpoint(s) either belong to the same clock domain or belong to two clock domains that can safely be timed together (without valid synchronizer). It is only recommended to use the -datapath_only option on paths between clocks that do not have a known phase relationship. This DRC is waived when a synchronizer is found on the path endpoint
Related violations: <none>

TIMING-11#70 Warning
Inappropriate max delay with datapath only option  
A max delay constraint with -datapath_only has been applied between u_camera_hdmi/u_camera_subsystem/g_camera_frontend[6].u_camera/dvp_data_iob_reg[3]/C and u_camera_hdmi/u_camera_subsystem/g_camera_frontend[6].u_camera/dvp_data_sync_reg[3]/D. The startpoint(s) and endpoint(s) either belong to the same clock domain or belong to two clock domains that can safely be timed together (without valid synchronizer). It is only recommended to use the -datapath_only option on paths between clocks that do not have a known phase relationship. This DRC is waived when a synchronizer is found on the path endpoint
Related violations: <none>

TIMING-11#71 Warning
Inappropriate max delay with datapath only option  
A max delay constraint with -datapath_only has been applied between u_camera_hdmi/u_camera_subsystem/g_camera_frontend[6].u_camera/dvp_data_iob_reg[4]/C and u_camera_hdmi/u_camera_subsystem/g_camera_frontend[6].u_camera/dvp_data_sync_reg[4]/D. The startpoint(s) and endpoint(s) either belong to the same clock domain or belong to two clock domains that can safely be timed together (without valid synchronizer). It is only recommended to use the -datapath_only option on paths between clocks that do not have a known phase relationship. This DRC is waived when a synchronizer is found on the path endpoint
Related violations: <none>

TIMING-11#72 Warning
Inappropriate max delay with datapath only option  
A max delay constraint with -datapath_only has been applied between u_camera_hdmi/u_camera_subsystem/g_camera_frontend[6].u_camera/dvp_data_iob_reg[5]/C and u_camera_hdmi/u_camera_subsystem/g_camera_frontend[6].u_camera/dvp_data_sync_reg[5]/D. The startpoint(s) and endpoint(s) either belong to the same clock domain or belong to two clock domains that can safely be timed together (without valid synchronizer). It is only recommended to use the -datapath_only option on paths between clocks that do not have a known phase relationship. This DRC is waived when a synchronizer is found on the path endpoint
Related violations: <none>

TIMING-11#73 Warning
Inappropriate max delay with datapath only option  
A max delay constraint with -datapath_only has been applied between u_camera_hdmi/u_camera_subsystem/g_camera_frontend[6].u_camera/dvp_data_iob_reg[6]/C and u_camera_hdmi/u_camera_subsystem/g_camera_frontend[6].u_camera/dvp_data_sync_reg[6]/D. The startpoint(s) and endpoint(s) either belong to the same clock domain or belong to two clock domains that can safely be timed together (without valid synchronizer). It is only recommended to use the -datapath_only option on paths between clocks that do not have a known phase relationship. This DRC is waived when a synchronizer is found on the path endpoint
Related violations: <none>

TIMING-11#74 Warning
Inappropriate max delay with datapath only option  
A max delay constraint with -datapath_only has been applied between u_camera_hdmi/u_camera_subsystem/g_camera_frontend[6].u_camera/dvp_data_iob_reg[7]/C and u_camera_hdmi/u_camera_subsystem/g_camera_frontend[6].u_camera/dvp_data_sync_reg[7]/D. The startpoint(s) and endpoint(s) either belong to the same clock domain or belong to two clock domains that can safely be timed together (without valid synchronizer). It is only recommended to use the -datapath_only option on paths between clocks that do not have a known phase relationship. This DRC is waived when a synchronizer is found on the path endpoint
Related violations: <none>

TIMING-11#75 Warning
Inappropriate max delay with datapath only option  
A max delay constraint with -datapath_only has been applied between u_camera_hdmi/u_camera_subsystem/g_camera_frontend[6].u_camera/dvp_href_iob_reg/C and u_camera_hdmi/u_camera_subsystem/g_camera_frontend[6].u_camera/dvp_href_sync_reg/D. The startpoint(s) and endpoint(s) either belong to the same clock domain or belong to two clock domains that can safely be timed together (without valid synchronizer). It is only recommended to use the -datapath_only option on paths between clocks that do not have a known phase relationship. This DRC is waived when a synchronizer is found on the path endpoint
Related violations: <none>

TIMING-11#76 Warning
Inappropriate max delay with datapath only option  
A max delay constraint with -datapath_only has been applied between u_camera_hdmi/u_camera_subsystem/g_camera_frontend[6].u_camera/dvp_pclk_iob_reg/C and u_camera_hdmi/u_camera_subsystem/g_camera_frontend[6].u_camera/dvp_pclk_sync_reg/D. The startpoint(s) and endpoint(s) either belong to the same clock domain or belong to two clock domains that can safely be timed together (without valid synchronizer). It is only recommended to use the -datapath_only option on paths between clocks that do not have a known phase relationship. This DRC is waived when a synchronizer is found on the path endpoint
Related violations: <none>

TIMING-11#77 Warning
Inappropriate max delay with datapath only option  
A max delay constraint with -datapath_only has been applied between u_camera_hdmi/u_camera_subsystem/g_camera_frontend[6].u_camera/dvp_vsync_iob_reg/C and u_camera_hdmi/u_camera_subsystem/g_camera_frontend[6].u_camera/dvp_vsync_sync_reg/D. The startpoint(s) and endpoint(s) either belong to the same clock domain or belong to two clock domains that can safely be timed together (without valid synchronizer). It is only recommended to use the -datapath_only option on paths between clocks that do not have a known phase relationship. This DRC is waived when a synchronizer is found on the path endpoint
Related violations: <none>

TIMING-11#78 Warning
Inappropriate max delay with datapath only option  
A max delay constraint with -datapath_only has been applied between u_camera_hdmi/u_camera_subsystem/g_camera_frontend[7].u_camera/dvp_data_iob_reg[0]/C and u_camera_hdmi/u_camera_subsystem/g_camera_frontend[7].u_camera/dvp_data_sync_reg[0]/D. The startpoint(s) and endpoint(s) either belong to the same clock domain or belong to two clock domains that can safely be timed together (without valid synchronizer). It is only recommended to use the -datapath_only option on paths between clocks that do not have a known phase relationship. This DRC is waived when a synchronizer is found on the path endpoint
Related violations: <none>

TIMING-11#79 Warning
Inappropriate max delay with datapath only option  
A max delay constraint with -datapath_only has been applied between u_camera_hdmi/u_camera_subsystem/g_camera_frontend[7].u_camera/dvp_data_iob_reg[1]/C and u_camera_hdmi/u_camera_subsystem/g_camera_frontend[7].u_camera/dvp_data_sync_reg[1]/D. The startpoint(s) and endpoint(s) either belong to the same clock domain or belong to two clock domains that can safely be timed together (without valid synchronizer). It is only recommended to use the -datapath_only option on paths between clocks that do not have a known phase relationship. This DRC is waived when a synchronizer is found on the path endpoint
Related violations: <none>

TIMING-11#80 Warning
Inappropriate max delay with datapath only option  
A max delay constraint with -datapath_only has been applied between u_camera_hdmi/u_camera_subsystem/g_camera_frontend[7].u_camera/dvp_data_iob_reg[2]/C and u_camera_hdmi/u_camera_subsystem/g_camera_frontend[7].u_camera/dvp_data_sync_reg[2]/D. The startpoint(s) and endpoint(s) either belong to the same clock domain or belong to two clock domains that can safely be timed together (without valid synchronizer). It is only recommended to use the -datapath_only option on paths between clocks that do not have a known phase relationship. This DRC is waived when a synchronizer is found on the path endpoint
Related violations: <none>

TIMING-11#81 Warning
Inappropriate max delay with datapath only option  
A max delay constraint with -datapath_only has been applied between u_camera_hdmi/u_camera_subsystem/g_camera_frontend[7].u_camera/dvp_data_iob_reg[3]/C and u_camera_hdmi/u_camera_subsystem/g_camera_frontend[7].u_camera/dvp_data_sync_reg[3]/D. The startpoint(s) and endpoint(s) either belong to the same clock domain or belong to two clock domains that can safely be timed together (without valid synchronizer). It is only recommended to use the -datapath_only option on paths between clocks that do not have a known phase relationship. This DRC is waived when a synchronizer is found on the path endpoint
Related violations: <none>

TIMING-11#82 Warning
Inappropriate max delay with datapath only option  
A max delay constraint with -datapath_only has been applied between u_camera_hdmi/u_camera_subsystem/g_camera_frontend[7].u_camera/dvp_data_iob_reg[4]/C and u_camera_hdmi/u_camera_subsystem/g_camera_frontend[7].u_camera/dvp_data_sync_reg[4]/D. The startpoint(s) and endpoint(s) either belong to the same clock domain or belong to two clock domains that can safely be timed together (without valid synchronizer). It is only recommended to use the -datapath_only option on paths between clocks that do not have a known phase relationship. This DRC is waived when a synchronizer is found on the path endpoint
Related violations: <none>

TIMING-11#83 Warning
Inappropriate max delay with datapath only option  
A max delay constraint with -datapath_only has been applied between u_camera_hdmi/u_camera_subsystem/g_camera_frontend[7].u_camera/dvp_data_iob_reg[5]/C and u_camera_hdmi/u_camera_subsystem/g_camera_frontend[7].u_camera/dvp_data_sync_reg[5]/D. The startpoint(s) and endpoint(s) either belong to the same clock domain or belong to two clock domains that can safely be timed together (without valid synchronizer). It is only recommended to use the -datapath_only option on paths between clocks that do not have a known phase relationship. This DRC is waived when a synchronizer is found on the path endpoint
Related violations: <none>

TIMING-11#84 Warning
Inappropriate max delay with datapath only option  
A max delay constraint with -datapath_only has been applied between u_camera_hdmi/u_camera_subsystem/g_camera_frontend[7].u_camera/dvp_data_iob_reg[6]/C and u_camera_hdmi/u_camera_subsystem/g_camera_frontend[7].u_camera/dvp_data_sync_reg[6]/D. The startpoint(s) and endpoint(s) either belong to the same clock domain or belong to two clock domains that can safely be timed together (without valid synchronizer). It is only recommended to use the -datapath_only option on paths between clocks that do not have a known phase relationship. This DRC is waived when a synchronizer is found on the path endpoint
Related violations: <none>

TIMING-11#85 Warning
Inappropriate max delay with datapath only option  
A max delay constraint with -datapath_only has been applied between u_camera_hdmi/u_camera_subsystem/g_camera_frontend[7].u_camera/dvp_data_iob_reg[7]/C and u_camera_hdmi/u_camera_subsystem/g_camera_frontend[7].u_camera/dvp_data_sync_reg[7]/D. The startpoint(s) and endpoint(s) either belong to the same clock domain or belong to two clock domains that can safely be timed together (without valid synchronizer). It is only recommended to use the -datapath_only option on paths between clocks that do not have a known phase relationship. This DRC is waived when a synchronizer is found on the path endpoint
Related violations: <none>

TIMING-11#86 Warning
Inappropriate max delay with datapath only option  
A max delay constraint with -datapath_only has been applied between u_camera_hdmi/u_camera_subsystem/g_camera_frontend[7].u_camera/dvp_href_iob_reg/C and u_camera_hdmi/u_camera_subsystem/g_camera_frontend[7].u_camera/dvp_href_sync_reg/D. The startpoint(s) and endpoint(s) either belong to the same clock domain or belong to two clock domains that can safely be timed together (without valid synchronizer). It is only recommended to use the -datapath_only option on paths between clocks that do not have a known phase relationship. This DRC is waived when a synchronizer is found on the path endpoint
Related violations: <none>

TIMING-11#87 Warning
Inappropriate max delay with datapath only option  
A max delay constraint with -datapath_only has been applied between u_camera_hdmi/u_camera_subsystem/g_camera_frontend[7].u_camera/dvp_pclk_iob_reg/C and u_camera_hdmi/u_camera_subsystem/g_camera_frontend[7].u_camera/dvp_pclk_sync_reg/D. The startpoint(s) and endpoint(s) either belong to the same clock domain or belong to two clock domains that can safely be timed together (without valid synchronizer). It is only recommended to use the -datapath_only option on paths between clocks that do not have a known phase relationship. This DRC is waived when a synchronizer is found on the path endpoint
Related violations: <none>

TIMING-11#88 Warning
Inappropriate max delay with datapath only option  
A max delay constraint with -datapath_only has been applied between u_camera_hdmi/u_camera_subsystem/g_camera_frontend[7].u_camera/dvp_vsync_iob_reg/C and u_camera_hdmi/u_camera_subsystem/g_camera_frontend[7].u_camera/dvp_vsync_sync_reg/D. The startpoint(s) and endpoint(s) either belong to the same clock domain or belong to two clock domains that can safely be timed together (without valid synchronizer). It is only recommended to use the -datapath_only option on paths between clocks that do not have a known phase relationship. This DRC is waived when a synchronizer is found on the path endpoint
Related violations: <none>

TIMING-15#1 Warning
Large hold violation  
There is a large clock skew of -28.518 ns between u_control_soc/u_rocket/chiptop0/inst_jtag_tunnel/bscane2/INTERNAL_TCK (clocked by rocket_bscan_tck) and u_control_soc/u_rocket/chiptop0/inst_jtag_tunnel/negCounter_reg[0]/R (clocked by rocket_bscan_tck) that results in large hold timing violation(s) of -3.996 ns. Fixing large hold violations during routing might impact setup slack and result in more difficult timing closure
Related violations: <none>

TIMING-15#2 Warning
Large hold violation  
There is a large clock skew of -28.518 ns between u_control_soc/u_rocket/chiptop0/inst_jtag_tunnel/bscane2/INTERNAL_TCK (clocked by rocket_bscan_tck) and u_control_soc/u_rocket/chiptop0/inst_jtag_tunnel/negCounter_reg[1]/R (clocked by rocket_bscan_tck) that results in large hold timing violation(s) of -3.996 ns. Fixing large hold violations during routing might impact setup slack and result in more difficult timing closure
Related violations: <none>

TIMING-15#3 Warning
Large hold violation  
There is a large clock skew of -28.518 ns between u_control_soc/u_rocket/chiptop0/inst_jtag_tunnel/bscane2/INTERNAL_TCK (clocked by rocket_bscan_tck) and u_control_soc/u_rocket/chiptop0/inst_jtag_tunnel/negCounter_reg[2]/R (clocked by rocket_bscan_tck) that results in large hold timing violation(s) of -3.996 ns. Fixing large hold violations during routing might impact setup slack and result in more difficult timing closure
Related violations: <none>

TIMING-15#4 Warning
Large hold violation  
There is a large clock skew of -28.518 ns between u_control_soc/u_rocket/chiptop0/inst_jtag_tunnel/bscane2/INTERNAL_TCK (clocked by rocket_bscan_tck) and u_control_soc/u_rocket/chiptop0/inst_jtag_tunnel/negCounter_reg[3]/R (clocked by rocket_bscan_tck) that results in large hold timing violation(s) of -3.996 ns. Fixing large hold violations during routing might impact setup slack and result in more difficult timing closure
Related violations: <none>

TIMING-15#5 Warning
Large hold violation  
There is a large clock skew of -28.518 ns between u_control_soc/u_rocket/chiptop0/inst_jtag_tunnel/bscane2/INTERNAL_TCK (clocked by rocket_bscan_tck) and u_control_soc/u_rocket/chiptop0/inst_jtag_tunnel/negCounter_reg[4]/R (clocked by rocket_bscan_tck) that results in large hold timing violation(s) of -3.996 ns. Fixing large hold violations during routing might impact setup slack and result in more difficult timing closure
Related violations: <none>

TIMING-15#6 Warning
Large hold violation  
There is a large clock skew of -28.518 ns between u_control_soc/u_rocket/chiptop0/inst_jtag_tunnel/bscane2/INTERNAL_TCK (clocked by rocket_bscan_tck) and u_control_soc/u_rocket/chiptop0/inst_jtag_tunnel/negCounter_reg[5]/R (clocked by rocket_bscan_tck) that results in large hold timing violation(s) of -3.996 ns. Fixing large hold violations during routing might impact setup slack and result in more difficult timing closure
Related violations: <none>

TIMING-15#7 Warning
Large hold violation  
There is a large clock skew of -28.518 ns between u_control_soc/u_rocket/chiptop0/inst_jtag_tunnel/bscane2/INTERNAL_TCK (clocked by rocket_bscan_tck) and u_control_soc/u_rocket/chiptop0/inst_jtag_tunnel/negCounter_reg[6]/R (clocked by rocket_bscan_tck) that results in large hold timing violation(s) of -3.996 ns. Fixing large hold violations during routing might impact setup slack and result in more difficult timing closure
Related violations: <none>

TIMING-15#8 Warning
Large hold violation  
There is a large clock skew of -28.518 ns between u_control_soc/u_rocket/chiptop0/inst_jtag_tunnel/bscane2/INTERNAL_TCK (clocked by rocket_bscan_tck) and u_control_soc/u_rocket/chiptop0/inst_jtag_tunnel/negCounter_reg[7]/R (clocked by rocket_bscan_tck) that results in large hold timing violation(s) of -3.996 ns. Fixing large hold violations during routing might impact setup slack and result in more difficult timing closure
Related violations: <none>

TIMING-15#9 Warning
Large hold violation  
There is a large clock skew of 5.005 ns between u_control_soc/u_rocket/chiptop0/inst_jtag_tunnel/shiftCounter_reg[6]/C (clocked by rocket_bscan_tck) and u_control_soc/u_rocket/chiptop0/system/dtm/tapIO_controllerInternal/stateMachine/currState_reg[0]/D (clocked by rocket_bscan_tck) that results in large hold timing violation(s) of -4.623 ns. Fixing large hold violations during routing might impact setup slack and result in more difficult timing closure
Related violations: <none>

TIMING-15#10 Warning
Large hold violation  
There is a large clock skew of 5.005 ns between u_control_soc/u_rocket/chiptop0/inst_jtag_tunnel/shiftCounter_reg[6]/C (clocked by rocket_bscan_tck) and u_control_soc/u_rocket/chiptop0/system/dtm/tapIO_controllerInternal/stateMachine/currState_reg[1]/D (clocked by rocket_bscan_tck) that results in large hold timing violation(s) of -4.612 ns. Fixing large hold violations during routing might impact setup slack and result in more difficult timing closure
Related violations: <none>

TIMING-15#11 Warning
Large hold violation  
There is a large clock skew of 5.005 ns between u_control_soc/u_rocket/chiptop0/inst_jtag_tunnel/shiftCounter_reg[6]/C (clocked by rocket_bscan_tck) and u_control_soc/u_rocket/chiptop0/system/dtm/tapIO_controllerInternal/stateMachine/currState_reg[2]/D (clocked by rocket_bscan_tck) that results in large hold timing violation(s) of -4.623 ns. Fixing large hold violations during routing might impact setup slack and result in more difficult timing closure
Related violations: <none>

TIMING-15#12 Warning
Large hold violation  
There is a large clock skew of 5.005 ns between u_control_soc/u_rocket/chiptop0/inst_jtag_tunnel/shiftCounter_reg[6]/C (clocked by rocket_bscan_tck) and u_control_soc/u_rocket/chiptop0/system/dtm/tapIO_controllerInternal/stateMachine/currState_reg[3]/D (clocked by rocket_bscan_tck) that results in large hold timing violation(s) of -4.623 ns. Fixing large hold violations during routing might impact setup slack and result in more difficult timing closure
Related violations: <none>

TIMING-18#1 Warning
Missing input or output delay  
An input delay is missing on cam_data[0] relative to the rising and/or falling clock edge(s) of clk_100m_p.
Related violations: <none>

TIMING-18#2 Warning
Missing input or output delay  
An input delay is missing on cam_data[10] relative to the rising and/or falling clock edge(s) of clk_100m_p.
Related violations: <none>

TIMING-18#3 Warning
Missing input or output delay  
An input delay is missing on cam_data[11] relative to the rising and/or falling clock edge(s) of clk_100m_p.
Related violations: <none>

TIMING-18#4 Warning
Missing input or output delay  
An input delay is missing on cam_data[12] relative to the rising and/or falling clock edge(s) of clk_100m_p.
Related violations: <none>

TIMING-18#5 Warning
Missing input or output delay  
An input delay is missing on cam_data[13] relative to the rising and/or falling clock edge(s) of clk_100m_p.
Related violations: <none>

TIMING-18#6 Warning
Missing input or output delay  
An input delay is missing on cam_data[14] relative to the rising and/or falling clock edge(s) of clk_100m_p.
Related violations: <none>

TIMING-18#7 Warning
Missing input or output delay  
An input delay is missing on cam_data[15] relative to the rising and/or falling clock edge(s) of clk_100m_p.
Related violations: <none>

TIMING-18#8 Warning
Missing input or output delay  
An input delay is missing on cam_data[16] relative to the rising and/or falling clock edge(s) of clk_100m_p.
Related violations: <none>

TIMING-18#9 Warning
Missing input or output delay  
An input delay is missing on cam_data[17] relative to the rising and/or falling clock edge(s) of clk_100m_p.
Related violations: <none>

TIMING-18#10 Warning
Missing input or output delay  
An input delay is missing on cam_data[18] relative to the rising and/or falling clock edge(s) of clk_100m_p.
Related violations: <none>

TIMING-18#11 Warning
Missing input or output delay  
An input delay is missing on cam_data[19] relative to the rising and/or falling clock edge(s) of clk_100m_p.
Related violations: <none>

TIMING-18#12 Warning
Missing input or output delay  
An input delay is missing on cam_data[1] relative to the rising and/or falling clock edge(s) of clk_100m_p.
Related violations: <none>

TIMING-18#13 Warning
Missing input or output delay  
An input delay is missing on cam_data[20] relative to the rising and/or falling clock edge(s) of clk_100m_p.
Related violations: <none>

TIMING-18#14 Warning
Missing input or output delay  
An input delay is missing on cam_data[21] relative to the rising and/or falling clock edge(s) of clk_100m_p.
Related violations: <none>

TIMING-18#15 Warning
Missing input or output delay  
An input delay is missing on cam_data[22] relative to the rising and/or falling clock edge(s) of clk_100m_p.
Related violations: <none>

TIMING-18#16 Warning
Missing input or output delay  
An input delay is missing on cam_data[23] relative to the rising and/or falling clock edge(s) of clk_100m_p.
Related violations: <none>

TIMING-18#17 Warning
Missing input or output delay  
An input delay is missing on cam_data[24] relative to the rising and/or falling clock edge(s) of clk_100m_p.
Related violations: <none>

TIMING-18#18 Warning
Missing input or output delay  
An input delay is missing on cam_data[25] relative to the rising and/or falling clock edge(s) of clk_100m_p.
Related violations: <none>

TIMING-18#19 Warning
Missing input or output delay  
An input delay is missing on cam_data[26] relative to the rising and/or falling clock edge(s) of clk_100m_p.
Related violations: <none>

TIMING-18#20 Warning
Missing input or output delay  
An input delay is missing on cam_data[27] relative to the rising and/or falling clock edge(s) of clk_100m_p.
Related violations: <none>

TIMING-18#21 Warning
Missing input or output delay  
An input delay is missing on cam_data[28] relative to the rising and/or falling clock edge(s) of clk_100m_p.
Related violations: <none>

TIMING-18#22 Warning
Missing input or output delay  
An input delay is missing on cam_data[29] relative to the rising and/or falling clock edge(s) of clk_100m_p.
Related violations: <none>

TIMING-18#23 Warning
Missing input or output delay  
An input delay is missing on cam_data[2] relative to the rising and/or falling clock edge(s) of clk_100m_p.
Related violations: <none>

TIMING-18#24 Warning
Missing input or output delay  
An input delay is missing on cam_data[30] relative to the rising and/or falling clock edge(s) of clk_100m_p.
Related violations: <none>

TIMING-18#25 Warning
Missing input or output delay  
An input delay is missing on cam_data[31] relative to the rising and/or falling clock edge(s) of clk_100m_p.
Related violations: <none>

TIMING-18#26 Warning
Missing input or output delay  
An input delay is missing on cam_data[32] relative to the rising and/or falling clock edge(s) of clk_100m_p.
Related violations: <none>

TIMING-18#27 Warning
Missing input or output delay  
An input delay is missing on cam_data[33] relative to the rising and/or falling clock edge(s) of clk_100m_p.
Related violations: <none>

TIMING-18#28 Warning
Missing input or output delay  
An input delay is missing on cam_data[34] relative to the rising and/or falling clock edge(s) of clk_100m_p.
Related violations: <none>

TIMING-18#29 Warning
Missing input or output delay  
An input delay is missing on cam_data[35] relative to the rising and/or falling clock edge(s) of clk_100m_p.
Related violations: <none>

TIMING-18#30 Warning
Missing input or output delay  
An input delay is missing on cam_data[36] relative to the rising and/or falling clock edge(s) of clk_100m_p.
Related violations: <none>

TIMING-18#31 Warning
Missing input or output delay  
An input delay is missing on cam_data[37] relative to the rising and/or falling clock edge(s) of clk_100m_p.
Related violations: <none>

TIMING-18#32 Warning
Missing input or output delay  
An input delay is missing on cam_data[38] relative to the rising and/or falling clock edge(s) of clk_100m_p.
Related violations: <none>

TIMING-18#33 Warning
Missing input or output delay  
An input delay is missing on cam_data[39] relative to the rising and/or falling clock edge(s) of clk_100m_p.
Related violations: <none>

TIMING-18#34 Warning
Missing input or output delay  
An input delay is missing on cam_data[3] relative to the rising and/or falling clock edge(s) of clk_100m_p.
Related violations: <none>

TIMING-18#35 Warning
Missing input or output delay  
An input delay is missing on cam_data[40] relative to the rising and/or falling clock edge(s) of clk_100m_p.
Related violations: <none>

TIMING-18#36 Warning
Missing input or output delay  
An input delay is missing on cam_data[41] relative to the rising and/or falling clock edge(s) of clk_100m_p.
Related violations: <none>

TIMING-18#37 Warning
Missing input or output delay  
An input delay is missing on cam_data[42] relative to the rising and/or falling clock edge(s) of clk_100m_p.
Related violations: <none>

TIMING-18#38 Warning
Missing input or output delay  
An input delay is missing on cam_data[43] relative to the rising and/or falling clock edge(s) of clk_100m_p.
Related violations: <none>

TIMING-18#39 Warning
Missing input or output delay  
An input delay is missing on cam_data[44] relative to the rising and/or falling clock edge(s) of clk_100m_p.
Related violations: <none>

TIMING-18#40 Warning
Missing input or output delay  
An input delay is missing on cam_data[45] relative to the rising and/or falling clock edge(s) of clk_100m_p.
Related violations: <none>

TIMING-18#41 Warning
Missing input or output delay  
An input delay is missing on cam_data[46] relative to the rising and/or falling clock edge(s) of clk_100m_p.
Related violations: <none>

TIMING-18#42 Warning
Missing input or output delay  
An input delay is missing on cam_data[47] relative to the rising and/or falling clock edge(s) of clk_100m_p.
Related violations: <none>

TIMING-18#43 Warning
Missing input or output delay  
An input delay is missing on cam_data[48] relative to the rising and/or falling clock edge(s) of clk_100m_p.
Related violations: <none>

TIMING-18#44 Warning
Missing input or output delay  
An input delay is missing on cam_data[49] relative to the rising and/or falling clock edge(s) of clk_100m_p.
Related violations: <none>

TIMING-18#45 Warning
Missing input or output delay  
An input delay is missing on cam_data[4] relative to the rising and/or falling clock edge(s) of clk_100m_p.
Related violations: <none>

TIMING-18#46 Warning
Missing input or output delay  
An input delay is missing on cam_data[50] relative to the rising and/or falling clock edge(s) of clk_100m_p.
Related violations: <none>

TIMING-18#47 Warning
Missing input or output delay  
An input delay is missing on cam_data[51] relative to the rising and/or falling clock edge(s) of clk_100m_p.
Related violations: <none>

TIMING-18#48 Warning
Missing input or output delay  
An input delay is missing on cam_data[52] relative to the rising and/or falling clock edge(s) of clk_100m_p.
Related violations: <none>

TIMING-18#49 Warning
Missing input or output delay  
An input delay is missing on cam_data[53] relative to the rising and/or falling clock edge(s) of clk_100m_p.
Related violations: <none>

TIMING-18#50 Warning
Missing input or output delay  
An input delay is missing on cam_data[54] relative to the rising and/or falling clock edge(s) of clk_100m_p.
Related violations: <none>

TIMING-18#51 Warning
Missing input or output delay  
An input delay is missing on cam_data[55] relative to the rising and/or falling clock edge(s) of clk_100m_p.
Related violations: <none>

TIMING-18#52 Warning
Missing input or output delay  
An input delay is missing on cam_data[56] relative to the rising and/or falling clock edge(s) of clk_100m_p.
Related violations: <none>

TIMING-18#53 Warning
Missing input or output delay  
An input delay is missing on cam_data[57] relative to the rising and/or falling clock edge(s) of clk_100m_p.
Related violations: <none>

TIMING-18#54 Warning
Missing input or output delay  
An input delay is missing on cam_data[58] relative to the rising and/or falling clock edge(s) of clk_100m_p.
Related violations: <none>

TIMING-18#55 Warning
Missing input or output delay  
An input delay is missing on cam_data[59] relative to the rising and/or falling clock edge(s) of clk_100m_p.
Related violations: <none>

TIMING-18#56 Warning
Missing input or output delay  
An input delay is missing on cam_data[5] relative to the rising and/or falling clock edge(s) of clk_100m_p.
Related violations: <none>

TIMING-18#57 Warning
Missing input or output delay  
An input delay is missing on cam_data[60] relative to the rising and/or falling clock edge(s) of clk_100m_p.
Related violations: <none>

TIMING-18#58 Warning
Missing input or output delay  
An input delay is missing on cam_data[61] relative to the rising and/or falling clock edge(s) of clk_100m_p.
Related violations: <none>

TIMING-18#59 Warning
Missing input or output delay  
An input delay is missing on cam_data[62] relative to the rising and/or falling clock edge(s) of clk_100m_p.
Related violations: <none>

TIMING-18#60 Warning
Missing input or output delay  
An input delay is missing on cam_data[63] relative to the rising and/or falling clock edge(s) of clk_100m_p.
Related violations: <none>

TIMING-18#61 Warning
Missing input or output delay  
An input delay is missing on cam_data[6] relative to the rising and/or falling clock edge(s) of clk_100m_p.
Related violations: <none>

TIMING-18#62 Warning
Missing input or output delay  
An input delay is missing on cam_data[7] relative to the rising and/or falling clock edge(s) of clk_100m_p.
Related violations: <none>

TIMING-18#63 Warning
Missing input or output delay  
An input delay is missing on cam_data[8] relative to the rising and/or falling clock edge(s) of clk_100m_p.
Related violations: <none>

TIMING-18#64 Warning
Missing input or output delay  
An input delay is missing on cam_data[9] relative to the rising and/or falling clock edge(s) of clk_100m_p.
Related violations: <none>

TIMING-18#65 Warning
Missing input or output delay  
An input delay is missing on cam_href[0] relative to the rising and/or falling clock edge(s) of clk_100m_p.
Related violations: <none>

TIMING-18#66 Warning
Missing input or output delay  
An input delay is missing on cam_href[1] relative to the rising and/or falling clock edge(s) of clk_100m_p.
Related violations: <none>

TIMING-18#67 Warning
Missing input or output delay  
An input delay is missing on cam_href[2] relative to the rising and/or falling clock edge(s) of clk_100m_p.
Related violations: <none>

TIMING-18#68 Warning
Missing input or output delay  
An input delay is missing on cam_href[3] relative to the rising and/or falling clock edge(s) of clk_100m_p.
Related violations: <none>

TIMING-18#69 Warning
Missing input or output delay  
An input delay is missing on cam_href[4] relative to the rising and/or falling clock edge(s) of clk_100m_p.
Related violations: <none>

TIMING-18#70 Warning
Missing input or output delay  
An input delay is missing on cam_href[5] relative to the rising and/or falling clock edge(s) of clk_100m_p.
Related violations: <none>

TIMING-18#71 Warning
Missing input or output delay  
An input delay is missing on cam_href[6] relative to the rising and/or falling clock edge(s) of clk_100m_p.
Related violations: <none>

TIMING-18#72 Warning
Missing input or output delay  
An input delay is missing on cam_href[7] relative to the rising and/or falling clock edge(s) of clk_100m_p.
Related violations: <none>

TIMING-18#73 Warning
Missing input or output delay  
An input delay is missing on cam_sda[0] relative to the rising and/or falling clock edge(s) of clk_100m_p.
Related violations: <none>

TIMING-18#74 Warning
Missing input or output delay  
An input delay is missing on cam_sda[1] relative to the rising and/or falling clock edge(s) of clk_100m_p.
Related violations: <none>

TIMING-18#75 Warning
Missing input or output delay  
An input delay is missing on cam_sda[2] relative to the rising and/or falling clock edge(s) of clk_100m_p.
Related violations: <none>

TIMING-18#76 Warning
Missing input or output delay  
An input delay is missing on cam_sda[3] relative to the rising and/or falling clock edge(s) of clk_100m_p.
Related violations: <none>

TIMING-18#77 Warning
Missing input or output delay  
An input delay is missing on cam_sda[4] relative to the rising and/or falling clock edge(s) of clk_100m_p.
Related violations: <none>

TIMING-18#78 Warning
Missing input or output delay  
An input delay is missing on cam_sda[5] relative to the rising and/or falling clock edge(s) of clk_100m_p.
Related violations: <none>

TIMING-18#79 Warning
Missing input or output delay  
An input delay is missing on cam_sda[6] relative to the rising and/or falling clock edge(s) of clk_100m_p.
Related violations: <none>

TIMING-18#80 Warning
Missing input or output delay  
An input delay is missing on cam_sda[7] relative to the rising and/or falling clock edge(s) of clk_100m_p.
Related violations: <none>

TIMING-18#81 Warning
Missing input or output delay  
An input delay is missing on cam_vsync[0] relative to the rising and/or falling clock edge(s) of clk_100m_p.
Related violations: <none>

TIMING-18#82 Warning
Missing input or output delay  
An input delay is missing on cam_vsync[1] relative to the rising and/or falling clock edge(s) of clk_100m_p.
Related violations: <none>

TIMING-18#83 Warning
Missing input or output delay  
An input delay is missing on cam_vsync[2] relative to the rising and/or falling clock edge(s) of clk_100m_p.
Related violations: <none>

TIMING-18#84 Warning
Missing input or output delay  
An input delay is missing on cam_vsync[3] relative to the rising and/or falling clock edge(s) of clk_100m_p.
Related violations: <none>

TIMING-18#85 Warning
Missing input or output delay  
An input delay is missing on cam_vsync[4] relative to the rising and/or falling clock edge(s) of clk_100m_p.
Related violations: <none>

TIMING-18#86 Warning
Missing input or output delay  
An input delay is missing on cam_vsync[5] relative to the rising and/or falling clock edge(s) of clk_100m_p.
Related violations: <none>

TIMING-18#87 Warning
Missing input or output delay  
An input delay is missing on cam_vsync[6] relative to the rising and/or falling clock edge(s) of clk_100m_p.
Related violations: <none>

TIMING-18#88 Warning
Missing input or output delay  
An input delay is missing on cam_vsync[7] relative to the rising and/or falling clock edge(s) of clk_100m_p.
Related violations: <none>

TIMING-18#89 Warning
Missing input or output delay  
An input delay is missing on hdmi_clkchip_int relative to the rising and/or falling clock edge(s) of clk_100m_p.
Related violations: <none>

TIMING-18#90 Warning
Missing input or output delay  
An input delay is missing on hdmi_clkchip_lol relative to the rising and/or falling clock edge(s) of clk_100m_p.
Related violations: <none>

TIMING-18#91 Warning
Missing input or output delay  
An input delay is missing on hdmi_clkchip_scl relative to the rising and/or falling clock edge(s) of clk_100m_p.
Related violations: <none>

TIMING-18#92 Warning
Missing input or output delay  
An input delay is missing on hdmi_clkchip_sda relative to the rising and/or falling clock edge(s) of clk_100m_p.
Related violations: <none>

TIMING-18#93 Warning
Missing input or output delay  
An input delay is missing on hdmi_rx_ddc_scl relative to the rising and/or falling clock edge(s) of clk_100m_p.
Related violations: <none>

TIMING-18#94 Warning
Missing input or output delay  
An input delay is missing on hdmi_rx_ddc_sda relative to the rising and/or falling clock edge(s) of clk_100m_p.
Related violations: <none>

TIMING-18#95 Warning
Missing input or output delay  
An input delay is missing on hdmi_rx_pwr_det relative to the rising and/or falling clock edge(s) of clk_100m_p.
Related violations: <none>

TIMING-18#96 Warning
Missing input or output delay  
An input delay is missing on hdmi_tx_ddc_scl relative to the rising and/or falling clock edge(s) of clk_100m_p.
Related violations: <none>

TIMING-18#97 Warning
Missing input or output delay  
An input delay is missing on hdmi_tx_ddc_sda relative to the rising and/or falling clock edge(s) of clk_100m_p.
Related violations: <none>

TIMING-18#98 Warning
Missing input or output delay  
An input delay is missing on hdmi_tx_hpd relative to the rising and/or falling clock edge(s) of clk_100m_p.
Related violations: <none>

TIMING-18#99 Warning
Missing input or output delay  
An input delay is missing on si5338_sda1 relative to the rising and/or falling clock edge(s) of clk_25m.
Related violations: <none>

TIMING-18#100 Warning
Missing input or output delay  
An input delay is missing on si5338_sda2 relative to the rising and/or falling clock edge(s) of clk_25m.
Related violations: <none>

TIMING-18#101 Warning
Missing input or output delay  
An input delay is missing on sys_rstn relative to the rising and/or falling clock edge(s) of c0_sys_clk_p, clk_100m_p, clk_25m.
Related violations: <none>

TIMING-18#102 Warning
Missing input or output delay  
An input delay is missing on uart_rxd relative to the rising and/or falling clock edge(s) of clk_100m_p.
Related violations: <none>

TIMING-18#103 Warning
Missing input or output delay  
An output delay is missing on cam_pwdn[0] relative to the rising and/or falling clock edge(s) of clk_100m_p.
Related violations: <none>

TIMING-18#104 Warning
Missing input or output delay  
An output delay is missing on cam_pwdn[1] relative to the rising and/or falling clock edge(s) of clk_100m_p.
Related violations: <none>

TIMING-18#105 Warning
Missing input or output delay  
An output delay is missing on cam_pwdn[2] relative to the rising and/or falling clock edge(s) of clk_100m_p.
Related violations: <none>

TIMING-18#106 Warning
Missing input or output delay  
An output delay is missing on cam_pwdn[3] relative to the rising and/or falling clock edge(s) of clk_100m_p.
Related violations: <none>

TIMING-18#107 Warning
Missing input or output delay  
An output delay is missing on cam_pwdn[4] relative to the rising and/or falling clock edge(s) of clk_100m_p.
Related violations: <none>

TIMING-18#108 Warning
Missing input or output delay  
An output delay is missing on cam_pwdn[5] relative to the rising and/or falling clock edge(s) of clk_100m_p.
Related violations: <none>

TIMING-18#109 Warning
Missing input or output delay  
An output delay is missing on cam_pwdn[6] relative to the rising and/or falling clock edge(s) of clk_100m_p.
Related violations: <none>

TIMING-18#110 Warning
Missing input or output delay  
An output delay is missing on cam_pwdn[7] relative to the rising and/or falling clock edge(s) of clk_100m_p.
Related violations: <none>

TIMING-18#111 Warning
Missing input or output delay  
An output delay is missing on cam_rst_n[0] relative to the rising and/or falling clock edge(s) of clk_100m_p.
Related violations: <none>

TIMING-18#112 Warning
Missing input or output delay  
An output delay is missing on cam_rst_n[1] relative to the rising and/or falling clock edge(s) of clk_100m_p.
Related violations: <none>

TIMING-18#113 Warning
Missing input or output delay  
An output delay is missing on cam_rst_n[2] relative to the rising and/or falling clock edge(s) of clk_100m_p.
Related violations: <none>

TIMING-18#114 Warning
Missing input or output delay  
An output delay is missing on cam_rst_n[3] relative to the rising and/or falling clock edge(s) of clk_100m_p.
Related violations: <none>

TIMING-18#115 Warning
Missing input or output delay  
An output delay is missing on cam_rst_n[4] relative to the rising and/or falling clock edge(s) of clk_100m_p.
Related violations: <none>

TIMING-18#116 Warning
Missing input or output delay  
An output delay is missing on cam_rst_n[5] relative to the rising and/or falling clock edge(s) of clk_100m_p.
Related violations: <none>

TIMING-18#117 Warning
Missing input or output delay  
An output delay is missing on cam_rst_n[6] relative to the rising and/or falling clock edge(s) of clk_100m_p.
Related violations: <none>

TIMING-18#118 Warning
Missing input or output delay  
An output delay is missing on cam_rst_n[7] relative to the rising and/or falling clock edge(s) of clk_100m_p.
Related violations: <none>

TIMING-18#119 Warning
Missing input or output delay  
An output delay is missing on cam_scl[0] relative to the rising and/or falling clock edge(s) of clk_100m_p.
Related violations: <none>

TIMING-18#120 Warning
Missing input or output delay  
An output delay is missing on cam_scl[1] relative to the rising and/or falling clock edge(s) of clk_100m_p.
Related violations: <none>

TIMING-18#121 Warning
Missing input or output delay  
An output delay is missing on cam_scl[2] relative to the rising and/or falling clock edge(s) of clk_100m_p.
Related violations: <none>

TIMING-18#122 Warning
Missing input or output delay  
An output delay is missing on cam_scl[3] relative to the rising and/or falling clock edge(s) of clk_100m_p.
Related violations: <none>

TIMING-18#123 Warning
Missing input or output delay  
An output delay is missing on cam_scl[4] relative to the rising and/or falling clock edge(s) of clk_100m_p.
Related violations: <none>

TIMING-18#124 Warning
Missing input or output delay  
An output delay is missing on cam_scl[5] relative to the rising and/or falling clock edge(s) of clk_100m_p.
Related violations: <none>

TIMING-18#125 Warning
Missing input or output delay  
An output delay is missing on cam_scl[6] relative to the rising and/or falling clock edge(s) of clk_100m_p.
Related violations: <none>

TIMING-18#126 Warning
Missing input or output delay  
An output delay is missing on cam_scl[7] relative to the rising and/or falling clock edge(s) of clk_100m_p.
Related violations: <none>

TIMING-18#127 Warning
Missing input or output delay  
An output delay is missing on cam_sda[0] relative to the rising and/or falling clock edge(s) of clk_100m_p.
Related violations: <none>

TIMING-18#128 Warning
Missing input or output delay  
An output delay is missing on cam_sda[1] relative to the rising and/or falling clock edge(s) of clk_100m_p.
Related violations: <none>

TIMING-18#129 Warning
Missing input or output delay  
An output delay is missing on cam_sda[2] relative to the rising and/or falling clock edge(s) of clk_100m_p.
Related violations: <none>

TIMING-18#130 Warning
Missing input or output delay  
An output delay is missing on cam_sda[3] relative to the rising and/or falling clock edge(s) of clk_100m_p.
Related violations: <none>

TIMING-18#131 Warning
Missing input or output delay  
An output delay is missing on cam_sda[4] relative to the rising and/or falling clock edge(s) of clk_100m_p.
Related violations: <none>

TIMING-18#132 Warning
Missing input or output delay  
An output delay is missing on cam_sda[5] relative to the rising and/or falling clock edge(s) of clk_100m_p.
Related violations: <none>

TIMING-18#133 Warning
Missing input or output delay  
An output delay is missing on cam_sda[6] relative to the rising and/or falling clock edge(s) of clk_100m_p.
Related violations: <none>

TIMING-18#134 Warning
Missing input or output delay  
An output delay is missing on cam_sda[7] relative to the rising and/or falling clock edge(s) of clk_100m_p.
Related violations: <none>

TIMING-18#135 Warning
Missing input or output delay  
An output delay is missing on cam_xclk[0] relative to the rising and/or falling clock edge(s) of clk_100m_p.
Related violations: <none>

TIMING-18#136 Warning
Missing input or output delay  
An output delay is missing on cam_xclk[1] relative to the rising and/or falling clock edge(s) of clk_100m_p.
Related violations: <none>

TIMING-18#137 Warning
Missing input or output delay  
An output delay is missing on cam_xclk[2] relative to the rising and/or falling clock edge(s) of clk_100m_p.
Related violations: <none>

TIMING-18#138 Warning
Missing input or output delay  
An output delay is missing on cam_xclk[3] relative to the rising and/or falling clock edge(s) of clk_100m_p.
Related violations: <none>

TIMING-18#139 Warning
Missing input or output delay  
An output delay is missing on cam_xclk[4] relative to the rising and/or falling clock edge(s) of clk_100m_p.
Related violations: <none>

TIMING-18#140 Warning
Missing input or output delay  
An output delay is missing on cam_xclk[5] relative to the rising and/or falling clock edge(s) of clk_100m_p.
Related violations: <none>

TIMING-18#141 Warning
Missing input or output delay  
An output delay is missing on cam_xclk[6] relative to the rising and/or falling clock edge(s) of clk_100m_p.
Related violations: <none>

TIMING-18#142 Warning
Missing input or output delay  
An output delay is missing on cam_xclk[7] relative to the rising and/or falling clock edge(s) of clk_100m_p.
Related violations: <none>

TIMING-18#143 Warning
Missing input or output delay  
An output delay is missing on hdmi_clkchip_rst relative to the rising and/or falling clock edge(s) of clk_100m_p.
Related violations: <none>

TIMING-18#144 Warning
Missing input or output delay  
An output delay is missing on hdmi_clkchip_scl relative to the rising and/or falling clock edge(s) of clk_100m_p.
Related violations: <none>

TIMING-18#145 Warning
Missing input or output delay  
An output delay is missing on hdmi_clkchip_sda relative to the rising and/or falling clock edge(s) of clk_100m_p.
Related violations: <none>

TIMING-18#146 Warning
Missing input or output delay  
An output delay is missing on hdmi_ref_clk_n relative to the rising and/or falling clock edge(s) of clk_100m_p, hdmi_rx_mgt_refclk.
Related violations: <none>

TIMING-18#147 Warning
Missing input or output delay  
An output delay is missing on hdmi_ref_clk_p relative to the rising and/or falling clock edge(s) of clk_100m_p, hdmi_rx_mgt_refclk.
Related violations: <none>

TIMING-18#148 Warning
Missing input or output delay  
An output delay is missing on hdmi_rx_ddc_scl relative to the rising and/or falling clock edge(s) of clk_100m_p.
Related violations: <none>

TIMING-18#149 Warning
Missing input or output delay  
An output delay is missing on hdmi_rx_ddc_sda relative to the rising and/or falling clock edge(s) of clk_100m_p.
Related violations: <none>

TIMING-18#150 Warning
Missing input or output delay  
An output delay is missing on hdmi_rx_hpd relative to the rising and/or falling clock edge(s) of clk_100m_p.
Related violations: <none>

TIMING-18#151 Warning
Missing input or output delay  
An output delay is missing on hdmi_tx_ddc_scl relative to the rising and/or falling clock edge(s) of clk_100m_p.
Related violations: <none>

TIMING-18#152 Warning
Missing input or output delay  
An output delay is missing on hdmi_tx_ddc_sda relative to the rising and/or falling clock edge(s) of clk_100m_p.
Related violations: <none>

TIMING-18#153 Warning
Missing input or output delay  
An output delay is missing on hdmi_tx_en relative to the rising and/or falling clock edge(s) of clk_100m_p.
Related violations: <none>

TIMING-18#154 Warning
Missing input or output delay  
An output delay is missing on si5338_scl1 relative to the rising and/or falling clock edge(s) of clk_25m.
Related violations: <none>

TIMING-18#155 Warning
Missing input or output delay  
An output delay is missing on si5338_scl2 relative to the rising and/or falling clock edge(s) of clk_25m.
Related violations: <none>

TIMING-18#156 Warning
Missing input or output delay  
An output delay is missing on si5338_sda1 relative to the rising and/or falling clock edge(s) of clk_25m.
Related violations: <none>

TIMING-18#157 Warning
Missing input or output delay  
An output delay is missing on si5338_sda2 relative to the rising and/or falling clock edge(s) of clk_25m.
Related violations: <none>

TIMING-18#158 Warning
Missing input or output delay  
An output delay is missing on uart_txd relative to the rising and/or falling clock edge(s) of clk_100m_p.
Related violations: <none>

XDCB-5#1 Warning
Runtime inefficient way to find pin objects  
The option '-to : [get_pins -hierarchical -filter {NAME =~ */u_diagnostics/rdata_reg*/D}]' of constraint 'set_false_path' uses inefficient query to find pin objects (see constraint position '138' in the Timing Constraint window in Vivado IDE). To reduce runtime, it is recommended to get the pins through the cell objects. Please refer to Using Constraints Guide (Constraints Efficiency). An example of optimal query is: get_pins -filter {REF_PIN_NAME=~yy*} -of_objects [get_cells -hierarchical xx*].
Current XDC: /mnt/data/wzr/13p/ov7670/sixteen_camera/xdc/clk.xdc (Line: 201)
Related violations: <none>

XDCB-5#2 Warning
Runtime inefficient way to find pin objects  
The option '-to : [get_pins -hierarchical -filter {NAME =~ */u_video_framebuffer/u_control/ack_sync_1_reg/D}]' of constraint 'set_false_path' uses inefficient query to find pin objects (see constraint position '126' in the Timing Constraint window in Vivado IDE). To reduce runtime, it is recommended to get the pins through the cell objects. Please refer to Using Constraints Guide (Constraints Efficiency). An example of optimal query is: get_pins -filter {REF_PIN_NAME=~yy*} -of_objects [get_cells -hierarchical xx*].
Current XDC: /mnt/data/wzr/13p/ov7670/sixteen_camera/xdc/clk.xdc (Line: 72)
Related violations: <none>

XDCB-5#3 Warning
Runtime inefficient way to find pin objects  
The option '-to : [get_pins -hierarchical -filter {NAME =~ */u_video_framebuffer/u_manager/cfg_sync_1_reg/D}]' of constraint 'set_false_path' uses inefficient query to find pin objects (see constraint position '135' in the Timing Constraint window in Vivado IDE). To reduce runtime, it is recommended to get the pins through the cell objects. Please refer to Using Constraints Guide (Constraints Efficiency). An example of optimal query is: get_pins -filter {REF_PIN_NAME=~yy*} -of_objects [get_cells -hierarchical xx*].
Current XDC: /mnt/data/wzr/13p/ov7670/sixteen_camera/xdc/clk.xdc (Line: 181)
Related violations: <none>

XDCB-5#4 Warning
Runtime inefficient way to find pin objects  
The option '-to : [get_pins -hierarchical -filter {NAME =~ *pad_sync_1_reg*/D}]' of constraint 'set_false_path' uses inefficient query to find pin objects (see constraint position '132' in the Timing Constraint window in Vivado IDE). To reduce runtime, it is recommended to get the pins through the cell objects. Please refer to Using Constraints Guide (Constraints Efficiency). An example of optimal query is: get_pins -filter {REF_PIN_NAME=~yy*} -of_objects [get_cells -hierarchical xx*].
Current XDC: /mnt/data/wzr/13p/ov7670/sixteen_camera/xdc/clk.xdc (Line: 146)
Related violations: <none>

XDCB-5#5 Warning
Runtime inefficient way to find pin objects  
The option '-to : [get_pins -hierarchical -filter {NAME =~ *sample_sync_1_reg*/D}]' of constraint 'set_false_path' uses inefficient query to find pin objects (see constraint position '131' in the Timing Constraint window in Vivado IDE). To reduce runtime, it is recommended to get the pins through the cell objects. Please refer to Using Constraints Guide (Constraints Efficiency). An example of optimal query is: get_pins -filter {REF_PIN_NAME=~yy*} -of_objects [get_cells -hierarchical xx*].
Current XDC: /mnt/data/wzr/13p/ov7670/sixteen_camera/xdc/clk.xdc (Line: 144)
Related violations: <none>

XDCB-5#6 Warning
Runtime inefficient way to find pin objects  
The option 'objects : [get_pins -hierarchical -filter {NAME =~ */inst_jtag_tunnel/bscane2/INTERNAL_TCK}]' of constraint 'create_clock' uses inefficient query to find pin objects (see constraint position '123' in the Timing Constraint window in Vivado IDE). To reduce runtime, it is recommended to get the pins through the cell objects. Please refer to Using Constraints Guide (Constraints Efficiency). An example of optimal query is: get_pins -filter {REF_PIN_NAME=~yy*} -of_objects [get_cells -hierarchical xx*].
Current XDC: /mnt/data/wzr/13p/ov7670/sixteen_camera/xdc/clk.xdc (Line: 44)
Related violations: <none>

CLKC-5#1 Advisory
BUFGCE with constant CE has BUFG driver  
The BUFGCE cell u_camera_hdmi/u_camera_subsystem/u_camera_clocking/u_ov7670_clk_wiz/inst/clkin1_bufg u_camera_hdmi/u_camera_subsystem/u_camera_clocking/u_ov7670_clk_wiz/inst/clkin1_bufg/I pin (and CE pin not ACTIVE) is driven by BUFGCE clock buffer u_control_soc/u_ref_clk_100m_bufg. This may be an unnecessary use of multiple clocking resources and should be reviewed. Cascaded buffers introduce skew that can lead to difficult or impossible timing closure.
Related violations: <none>

CLKC-5#2 Advisory
BUFGCE with constant CE has BUFG driver  
The BUFGCE cell u_camera_hdmi/u_hdmi/u_phy/u_vphy/inst/gt_usrclk_source_inst/rx_mmcm.rxoutclk_mmcm0_i/clkin1_buf u_camera_hdmi/u_hdmi/u_phy/u_vphy/inst/gt_usrclk_source_inst/rx_mmcm.rxoutclk_mmcm0_i/clkin1_buf/I pin (and CE pin not ACTIVE) is driven by BUFG_GT clock buffer u_camera_hdmi/u_hdmi/u_phy/u_vphy/inst/gt_usrclk_source_inst/bufg_gt_gtrefclk0_odiv2_inst. This may be an unnecessary use of multiple clocking resources and should be reviewed. Cascaded buffers introduce skew that can lead to difficult or impossible timing closure.
Related violations: <none>

CLKC-5#3 Advisory
BUFGCE with constant CE has BUFG driver  
The BUFGCE cell u_camera_hdmi/u_hdmi/u_phy/u_vphy/inst/gt_usrclk_source_inst/tx_mmcm.txoutclk_mmcm0_i/clkin1_buf u_camera_hdmi/u_hdmi/u_phy/u_vphy/inst/gt_usrclk_source_inst/tx_mmcm.txoutclk_mmcm0_i/clkin1_buf/I pin (and CE pin not ACTIVE) is driven by BUFG_GT clock buffer u_camera_hdmi/u_hdmi/u_phy/u_tx_refclk_bufg/U0/USE_BUFG_GT.GEN_BUFG_GT[0].BUFG_GT_U. This may be an unnecessary use of multiple clocking resources and should be reviewed. Cascaded buffers introduce skew that can lead to difficult or impossible timing closure.
Related violations: <none>

CLKC-8#1 Advisory
BUFGCE_DIV with active CE or DIVIDE not 1 has BUFG driver  
The BUFGCE_DIV cell u_ddr_memory/u_camera_video_clk_div u_ddr_memory/u_camera_video_clk_div/I pin (and CE is ACTIVE or BUFGCE_DIVIDE is not 1) is driven by BUFGCE clock buffer u_ddr_memory/u_ddr_bd/design_1_i/ddr4_0/inst/u_ddr4_infrastructure/u_bufg_divClk. It should be reconnected in parallel to the driving clock buffer in order to reduce skew. Cascaded buffers introduce skew that can lead to difficult or impossible timing closure.
Related violations: <none>

CLKC-11#1 Advisory
MMCME4 divide could be done by BUFG_GT  
The MMCME4 cell u_camera_hdmi/u_hdmi/u_phy/u_vphy/inst/gt_usrclk_source_inst/rx_mmcm.rxoutclk_mmcm0_i/mmcm_adv_inst driven by BUFG_GT cell u_camera_hdmi/u_hdmi/u_phy/u_vphy/inst/gt_usrclk_source_inst/bufg_gt_gtrefclk0_odiv2_inst uses CLKOUT* output(s) with a DIVIDE value of [1..8] which could be accomplished using a BUFG_GT divide capability. Consider using BUFG_GT(s) to accomplish the desired divide(s).
Related violations: <none>

CLKC-11#2 Advisory
MMCME4 divide could be done by BUFG_GT  
The MMCME4 cell u_camera_hdmi/u_hdmi/u_phy/u_vphy/inst/gt_usrclk_source_inst/tx_mmcm.txoutclk_mmcm0_i/mmcm_adv_inst driven by BUFG_GT cell u_camera_hdmi/u_hdmi/u_phy/u_tx_refclk_bufg/U0/USE_BUFG_GT.GEN_BUFG_GT[0].BUFG_GT_U uses CLKOUT* output(s) with a DIVIDE value of [1..8] which could be accomplished using a BUFG_GT divide capability. Consider using BUFG_GT(s) to accomplish the desired divide(s).
Related violations: <none>

CLKC-40#1 Advisory
Substitute PLLE4 for MMCME4 check  
The MMCME4 cell u_camera_hdmi/u_camera_subsystem/u_camera_clocking/u_ov7670_clk_wiz/inst/mmcme4_adv_inst has a single input clock whose source driver, UNKNOWN, is not optimally located and the MMCM has a configuration which could be accommodated by a PLL.  Consider changing the MMCM to a PLL which could align better with the input clock driver.
Related violations: <none>

CLKC-40#2 Advisory
Substitute PLLE4 for MMCME4 check  
The MMCME4 cell u_camera_hdmi/u_hdmi/u_phy/u_vphy/inst/gt_usrclk_source_inst/rx_mmcm.rxoutclk_mmcm0_i/mmcm_adv_inst has a single input clock whose source driver, BUFG_GT u_camera_hdmi/u_hdmi/u_phy/u_vphy/inst/gt_usrclk_source_inst/bufg_gt_gtrefclk0_odiv2_inst, is not optimally located and the MMCM has a configuration which could be accommodated by a PLL.  Consider changing the MMCM to a PLL which could align better with the input clock driver.
Related violations: <none>

CLKC-40#3 Advisory
Substitute PLLE4 for MMCME4 check  
The MMCME4 cell u_camera_hdmi/u_hdmi/u_phy/u_vphy/inst/gt_usrclk_source_inst/tx_mmcm.txoutclk_mmcm0_i/mmcm_adv_inst has a single input clock whose source driver, BUFG_GT u_camera_hdmi/u_hdmi/u_phy/u_tx_refclk_bufg/U0/USE_BUFG_GT.GEN_BUFG_GT[0].BUFG_GT_U, is not optimally located and the MMCM has a configuration which could be accommodated by a PLL.  Consider changing the MMCM to a PLL which could align better with the input clock driver.
Related violations: <none>

CLKC-56#1 Advisory
MMCME4 with global clock driver has no LOC  
The MMCME4_ADV cell u_camera_hdmi/u_camera_subsystem/u_camera_clocking/u_ov7670_clk_wiz/inst/mmcme4_adv_inst CLKIN1 or CLKIN2 pin is driven by global Clock buffer(s) u_camera_hdmi/u_camera_subsystem/u_camera_clocking/u_ov7670_clk_wiz/inst/clkin1_bufg and does not have a LOC constraint. It is recommended to LOC the MMCM and use the CLOCK_DEDICATED_ROUTE constraint on the net(s) driven by the global Clock buffer(s).
Related violations: <none>

CLKC-56#2 Advisory
MMCME4 with global clock driver has no LOC  
The MMCME4_ADV cell u_camera_hdmi/u_hdmi/u_phy/u_vphy/inst/gt_usrclk_source_inst/rx_mmcm.rxoutclk_mmcm0_i/mmcm_adv_inst CLKIN1 or CLKIN2 pin is driven by global Clock buffer(s) u_camera_hdmi/u_hdmi/u_phy/u_vphy/inst/gt_usrclk_source_inst/rx_mmcm.rxoutclk_mmcm0_i/clkin1_buf and does not have a LOC constraint. It is recommended to LOC the MMCM and use the CLOCK_DEDICATED_ROUTE constraint on the net(s) driven by the global Clock buffer(s).
Related violations: <none>

CLKC-56#3 Advisory
MMCME4 with global clock driver has no LOC  
The MMCME4_ADV cell u_camera_hdmi/u_hdmi/u_phy/u_vphy/inst/gt_usrclk_source_inst/tx_mmcm.txoutclk_mmcm0_i/mmcm_adv_inst CLKIN1 or CLKIN2 pin is driven by global Clock buffer(s) u_camera_hdmi/u_hdmi/u_phy/u_vphy/inst/gt_usrclk_source_inst/tx_mmcm.txoutclk_mmcm0_i/clkin1_buf and does not have a LOC constraint. It is recommended to LOC the MMCM and use the CLOCK_DEDICATED_ROUTE constraint on the net(s) driven by the global Clock buffer(s).
Related violations: <none>


