Copyright 1986-2022 Xilinx, Inc. All Rights Reserved. Copyright 2022-2023 Advanced Micro Devices, Inc. All Rights Reserved.
----------------------------------------------------------------------------------------------------------------------------------------------------------------------------------
| Tool Version : Vivado v.2023.2 (lin64) Build 4029153 Fri Oct 13 20:13:54 MDT 2023
| Date         : Sun Sep  6 17:04:40 2026
| Host         : tsmc184 running 64-bit Ubuntu 22.04.5 LTS
| Command      : report_utilization -hierarchical -hierarchical_depth 7 -file /mnt/data/wzr/13p/ov7670/sixteen_camera/reports/video_timing_refactor/P4/synth/utilization_hier.rpt
| Design       : top_wrapper
| Device       : xcvu13p-fhga2104-2-i
| Speed File   : -2
| Design State : Synthesized
----------------------------------------------------------------------------------------------------------------------------------------------------------------------------------

Utilization Design Information

Table of Contents
-----------------
1. Utilization by Hierarchy

1. Utilization by Hierarchy
---------------------------

+------------------------------------------------------------------+---------------------------------------------------------------------------------------------+------------+------------+---------+------+--------+--------+--------+------+------------+
|                             Instance                             |                                            Module                                           | Total LUTs | Logic LUTs | LUTRAMs | SRLs |   FFs  | RAMB36 | RAMB18 | URAM | DSP Blocks |
+------------------------------------------------------------------+---------------------------------------------------------------------------------------------+------------+------------+---------+------+--------+--------+--------+------+------------+
| top_wrapper                                                      |                                                                                       (top) |     132610 |     120794 |   10456 | 1360 | 240383 |    405 |     81 |    0 |         18 |
|   (top_wrapper)                                                  |                                                                                       (top) |          2 |          2 |       0 |    0 |     20 |      0 |      0 |    0 |          0 |
|   dbg_hub                                                        |                                                                                  dbg_hub_CV |          0 |          0 |       0 |    0 |      0 |      0 |      0 |    0 |          0 |
|   u_camera_hdmi                                                  |                                                                       camera_hdmi_subsystem |      57765 |      55712 |    1588 |  465 | 139469 |    184 |     26 |    0 |          0 |
|     u_camera_subsystem                                           |                                                                            camera_subsystem |      37067 |      36915 |       0 |  152 | 110028 |    176 |     24 |    0 |          0 |
|       (u_camera_subsystem)                                       |                                                                            camera_subsystem |         88 |         88 |       0 |    0 |    200 |      0 |      0 |    0 |          0 |
|       g_camera_frontend[0].u_camera                              |                                                                  ov7670_frontend__xdcDup__1 |       4092 |       4073 |       0 |   19 |  12361 |      0 |      1 |    0 |          0 |
|         (g_camera_frontend[0].u_camera)                          |                                                                  ov7670_frontend__xdcDup__1 |        515 |        507 |       0 |    8 |   2629 |      0 |      0 |    0 |          0 |
|         u_cdc_diag_cdc                                           |                                                   xpm_cdc_array_single__parameterized14__16 |         17 |         17 |       0 |    0 |    271 |      0 |      0 |    0 |          0 |
|         u_control_cdc                                            |                                                    xpm_cdc_array_single__parameterized2__10 |          0 |          0 |       0 |    0 |     12 |      0 |      0 |    0 |          0 |
|         u_ctrl_diag_cdc                                          |                                                    xpm_cdc_array_single__parameterized12__8 |         34 |         34 |       0 |    0 |   1214 |      0 |      0 |    0 |          0 |
|         u_diagnostics                                            |                                                                        ov7670_axil_regs_633 |       1975 |       1975 |       0 |    0 |     75 |      0 |      0 |    0 |          0 |
|         u_href_diag_cdc                                          |                                                    xpm_cdc_array_single__parameterized8__10 |          0 |          0 |       0 |    0 |    480 |      0 |      0 |    0 |          0 |
|         u_href_guard_diag_cdc                                    |                                                   xpm_cdc_array_single__parameterized14__17 |          7 |          7 |       0 |    0 |    281 |      0 |      0 |    0 |          0 |
|         u_href_line_guard                                        |                                                                     dvp_href_line_guard_634 |         61 |         61 |       0 |    0 |    109 |      0 |      0 |    0 |          0 |
|         u_line_flush_diag_cdc                                    |                                                   xpm_cdc_array_single__parameterized15__33 |          0 |          0 |       0 |    0 |     96 |      0 |      0 |    0 |          0 |
|         u_ov7670_ctrl                                            |                                                                     ov7670_ztachip_ctrl_635 |        229 |        229 |       0 |    0 |    399 |      0 |      1 |    0 |          0 |
|         u_pclk_diag_cdc                                          |                                                   xpm_cdc_array_single__parameterized11__18 |          4 |          4 |       0 |    0 |    764 |      0 |      0 |    0 |          0 |
|         u_pclk_extended_diag_cdc                                 |                                                   xpm_cdc_array_single__parameterized17__16 |          8 |          8 |       0 |    0 |    512 |      0 |      0 |    0 |          0 |
|         u_pclk_quality_diag_cdc                                  |                                                    xpm_cdc_array_single__parameterized16__8 |          3 |          3 |       0 |    0 |    320 |      0 |      0 |    0 |          0 |
|         u_pclk_recovery                                          |                                                                       dvp_pclk_recovery_636 |       1063 |       1052 |       0 |   11 |   1291 |      0 |      0 |    0 |          0 |
|         u_pclk_snapshot_ack_cdc                                  |                                                           xpm_cdc_single__parameterized0__8 |          0 |          0 |       0 |    0 |      4 |      0 |      0 |    0 |          0 |
|         u_pclk_snapshot_cdc_high                                 |                                                   xpm_cdc_array_single__parameterized17__17 |         88 |         88 |       0 |    0 |    512 |      0 |      0 |    0 |          0 |
|         u_pclk_snapshot_cdc_low                                  |                                                    xpm_cdc_array_single__parameterized18__8 |         88 |         88 |       0 |    0 |   2048 |      0 |      0 |    0 |          0 |
|         u_rejected_vsync_diag_cdc                                |                                                   xpm_cdc_array_single__parameterized15__32 |          0 |          0 |       0 |    0 |     96 |      0 |      0 |    0 |          0 |
|         u_stream_diag_cdc                                        |                                                   xpm_cdc_array_single__parameterized11__19 |          0 |          0 |       0 |    0 |    768 |      0 |      0 |    0 |          0 |
|         u_timeout_abort_diag_cdc                                 |                                                   xpm_cdc_array_single__parameterized15__34 |          0 |          0 |       0 |    0 |     96 |      0 |      0 |    0 |          0 |
|         u_vsync_diag_cdc                                         |                                                    xpm_cdc_array_single__parameterized13__8 |          0 |          0 |       0 |    0 |    384 |      0 |      0 |    0 |          0 |
|       g_camera_frontend[0].u_camera_cdc                          |                                                                  camera_axis_cdc__xdcDup__1 |        246 |        246 |       0 |    0 |    428 |     22 |      1 |    0 |          0 |
|         (g_camera_frontend[0].u_camera_cdc)                      |                                                                  camera_axis_cdc__xdcDup__1 |         86 |         86 |       0 |    0 |    305 |      0 |      0 |    0 |          0 |
|         u_fifo                                                   |                                                            xpm_fifo_sync__parameterized2__9 |        160 |        160 |       0 |    0 |    123 |     22 |      1 |    0 |          0 |
|           (u_fifo)                                               |                                                            xpm_fifo_sync__parameterized2__9 |          0 |          0 |       0 |    0 |      0 |      0 |      0 |    0 |          0 |
|           xpm_fifo_base_inst                                     |                                                            xpm_fifo_base__parameterized8__9 |        160 |        160 |       0 |    0 |    123 |     22 |      1 |    0 |          0 |
|             (xpm_fifo_base_inst)                                 |                                                            xpm_fifo_base__parameterized8__9 |          2 |          2 |       0 |    0 |     20 |      0 |      0 |    0 |          0 |
|             gen_fwft.rdpp1_inst                                  |                                                                        xpm_counter_updn_626 |          5 |          5 |       0 |    0 |      2 |      0 |      0 |    0 |          0 |
|             gen_sdpram.xpm_memory_base_inst                      |                                                          xpm_memory_base__parameterized8__9 |         57 |         57 |       0 |    0 |     37 |     22 |      1 |    0 |          0 |
|             rdp_inst                                             |                                                       xpm_counter_updn__parameterized12_627 |         42 |         42 |       0 |    0 |     15 |      0 |      0 |    0 |          0 |
|             rdpp1_inst                                           |                                                       xpm_counter_updn__parameterized13_628 |         15 |         15 |       0 |    0 |     14 |      0 |      0 |    0 |          0 |
|             rst_d1_inst                                          |                                                                        xpm_fifo_reg_bit_629 |          0 |          0 |       0 |    0 |      1 |      0 |      0 |    0 |          0 |
|             wrp_inst                                             |                                                       xpm_counter_updn__parameterized12_630 |         34 |         34 |       0 |    0 |     15 |      0 |      0 |    0 |          0 |
|             wrpp1_inst                                           |                                                       xpm_counter_updn__parameterized13_631 |         14 |         14 |       0 |    0 |     14 |      0 |      0 |    0 |          0 |
|             xpm_fifo_rst_inst                                    |                                                            xpm_fifo_rst__parameterized0_632 |          3 |          3 |       0 |    0 |      5 |      0 |      0 |    0 |          0 |
|       g_camera_frontend[0].u_camera_stream                       |                                                                       camera_axis_to_stream |        122 |        122 |       0 |    0 |    452 |      0 |      0 |    0 |          0 |
|       g_camera_frontend[0].u_event_bridge                        |                                                                 dvp_event_bridge__xdcDup__1 |        243 |        243 |       0 |    0 |    358 |      0 |      1 |    0 |          0 |
|         (g_camera_frontend[0].u_event_bridge)                    |                                                                 dvp_event_bridge__xdcDup__1 |         31 |         31 |       0 |    0 |     48 |      0 |      0 |    0 |          0 |
|         u_event_fifo                                             |                                                   xpm_fifo_async__parameterized4__xdcDup__1 |        212 |        212 |       0 |    0 |    310 |      0 |      1 |    0 |          0 |
|           (u_event_fifo)                                         |                                                   xpm_fifo_async__parameterized4__xdcDup__1 |          0 |          0 |       0 |    0 |      0 |      0 |      0 |    0 |          0 |
|           gnuram_async_fifo.xpm_fifo_base_inst                   |                                                    xpm_fifo_base__parameterized7__xdcDup__1 |        212 |        212 |       0 |    0 |    310 |      0 |      1 |    0 |          0 |
|             (gnuram_async_fifo.xpm_fifo_base_inst)               |                                                    xpm_fifo_base__parameterized7__xdcDup__1 |          6 |          6 |       0 |    0 |     48 |      0 |      0 |    0 |          0 |
|             gen_cdc_pntr.rd_pntr_cdc_dc_inst                     |                                                            xpm_cdc_gray__parameterized1__25 |         15 |         15 |       0 |    0 |     33 |      0 |      0 |    0 |          0 |
|             gen_cdc_pntr.rd_pntr_cdc_inst                        |                                                                            xpm_cdc_gray__51 |         14 |         14 |       0 |    0 |     30 |      0 |      0 |    0 |          0 |
|             gen_cdc_pntr.rpw_gray_reg                            |                                                                        xpm_fifo_reg_vec_615 |          8 |          8 |       0 |    0 |     10 |      0 |      0 |    0 |          0 |
|             gen_cdc_pntr.rpw_gray_reg_dc                         |                                                        xpm_fifo_reg_vec__parameterized0_616 |          0 |          0 |       0 |    0 |     11 |      0 |      0 |    0 |          0 |
|             gen_cdc_pntr.wpr_gray_reg                            |                                                                        xpm_fifo_reg_vec_617 |          5 |          5 |       0 |    0 |     10 |      0 |      0 |    0 |          0 |
|             gen_cdc_pntr.wpr_gray_reg_dc                         |                                                        xpm_fifo_reg_vec__parameterized0_618 |          9 |          9 |       0 |    0 |     11 |      0 |      0 |    0 |          0 |
|             gen_cdc_pntr.wr_pntr_cdc_dc_inst                     |                                                            xpm_cdc_gray__parameterized0__25 |         16 |         16 |       0 |    0 |     55 |      0 |      0 |    0 |          0 |
|             gen_cdc_pntr.wr_pntr_cdc_inst                        |                                                                            xpm_cdc_gray__50 |         15 |         15 |       0 |    0 |     30 |      0 |      0 |    0 |          0 |
|             gen_fwft.rdpp1_inst                                  |                                                                        xpm_counter_updn_619 |          6 |          6 |       0 |    0 |      2 |      0 |      0 |    0 |          0 |
|             gen_sdpram.xpm_memory_base_inst                      |                                                          xpm_memory_base__parameterized7__9 |          0 |          0 |       0 |    0 |      0 |      0 |      1 |    0 |          0 |
|             rdp_inst                                             |                                                        xpm_counter_updn__parameterized0_620 |         42 |         42 |       0 |    0 |     11 |      0 |      0 |    0 |          0 |
|             rdpp1_inst                                           |                                                        xpm_counter_updn__parameterized1_621 |         10 |         10 |       0 |    0 |     10 |      0 |      0 |    0 |          0 |
|             rst_d1_inst                                          |                                                                        xpm_fifo_reg_bit_622 |          3 |          3 |       0 |    0 |      1 |      0 |      0 |    0 |          0 |
|             wrp_inst                                             |                                                        xpm_counter_updn__parameterized0_623 |         22 |         22 |       0 |    0 |     11 |      0 |      0 |    0 |          0 |
|             wrpp1_inst                                           |                                                        xpm_counter_updn__parameterized1_624 |         19 |         19 |       0 |    0 |     10 |      0 |      0 |    0 |          0 |
|             wrpp2_inst                                           |                                                        xpm_counter_updn__parameterized2_625 |          9 |          9 |       0 |    0 |     10 |      0 |      0 |    0 |          0 |
|             xpm_fifo_rst_inst                                    |                                                                    xpm_fifo_rst__xdcDup__19 |         21 |         21 |       0 |    0 |     17 |      0 |      0 |    0 |          0 |
|               (xpm_fifo_rst_inst)                                |                                                                    xpm_fifo_rst__xdcDup__19 |         21 |         21 |       0 |    0 |     13 |      0 |      0 |    0 |          0 |
|               gen_rst_ic.rrst_wr_inst                            |                                                                        xpm_cdc_sync_rst__91 |          0 |          0 |       0 |    0 |      2 |      0 |      0 |    0 |          0 |
|               gen_rst_ic.wrst_rd_inst                            |                                                                        xpm_cdc_sync_rst__90 |          0 |          0 |       0 |    0 |      2 |      0 |      0 |    0 |          0 |
|       g_camera_frontend[0].u_event_overflow_diag_cdc             |                                                       xpm_cdc_array_single__parameterized15 |          0 |          0 |       0 |    0 |     96 |      0 |      0 |    0 |          0 |
|       g_camera_frontend[0].u_pixel_assembler                     |                                                                      camera_pixel_assembler |          4 |          4 |       0 |    0 |     32 |      0 |      0 |    0 |          0 |
|       g_camera_frontend[1].u_camera                              |                                                                  ov7670_frontend__xdcDup__2 |       3806 |       3787 |       0 |   19 |  12361 |      0 |      1 |    0 |          0 |
|         (g_camera_frontend[1].u_camera)                          |                                                                  ov7670_frontend__xdcDup__2 |        318 |        310 |       0 |    8 |   2629 |      0 |      0 |    0 |          0 |
|         u_cdc_diag_cdc                                           |                                                   xpm_cdc_array_single__parameterized14__18 |         17 |         17 |       0 |    0 |    271 |      0 |      0 |    0 |          0 |
|         u_control_cdc                                            |                                                    xpm_cdc_array_single__parameterized2__11 |          0 |          0 |       0 |    0 |     12 |      0 |      0 |    0 |          0 |
|         u_ctrl_diag_cdc                                          |                                                    xpm_cdc_array_single__parameterized12__9 |         34 |         34 |       0 |    0 |   1214 |      0 |      0 |    0 |          0 |
|         u_diagnostics                                            |                                                                        ov7670_axil_regs_611 |       1846 |       1846 |       0 |    0 |     75 |      0 |      0 |    0 |          0 |
|         u_href_diag_cdc                                          |                                                    xpm_cdc_array_single__parameterized8__11 |          0 |          0 |       0 |    0 |    480 |      0 |      0 |    0 |          0 |
|         u_href_guard_diag_cdc                                    |                                                   xpm_cdc_array_single__parameterized14__19 |          7 |          7 |       0 |    0 |    281 |      0 |      0 |    0 |          0 |
|         u_href_line_guard                                        |                                                                     dvp_href_line_guard_612 |         95 |         95 |       0 |    0 |    109 |      0 |      0 |    0 |          0 |
|         u_line_flush_diag_cdc                                    |                                                   xpm_cdc_array_single__parameterized15__36 |          0 |          0 |       0 |    0 |     96 |      0 |      0 |    0 |          0 |
|         u_ov7670_ctrl                                            |                                                                     ov7670_ztachip_ctrl_613 |        235 |        235 |       0 |    0 |    399 |      0 |      1 |    0 |          0 |
|         u_pclk_diag_cdc                                          |                                                   xpm_cdc_array_single__parameterized11__20 |          4 |          4 |       0 |    0 |    764 |      0 |      0 |    0 |          0 |
|         u_pclk_extended_diag_cdc                                 |                                                   xpm_cdc_array_single__parameterized17__18 |          8 |          8 |       0 |    0 |    512 |      0 |      0 |    0 |          0 |
|         u_pclk_quality_diag_cdc                                  |                                                    xpm_cdc_array_single__parameterized16__9 |          3 |          3 |       0 |    0 |    320 |      0 |      0 |    0 |          0 |
|         u_pclk_recovery                                          |                                                                       dvp_pclk_recovery_614 |       1063 |       1052 |       0 |   11 |   1291 |      0 |      0 |    0 |          0 |
|         u_pclk_snapshot_ack_cdc                                  |                                                           xpm_cdc_single__parameterized0__9 |          0 |          0 |       0 |    0 |      4 |      0 |      0 |    0 |          0 |
|         u_pclk_snapshot_cdc_high                                 |                                                   xpm_cdc_array_single__parameterized17__19 |         88 |         88 |       0 |    0 |    512 |      0 |      0 |    0 |          0 |
|         u_pclk_snapshot_cdc_low                                  |                                                    xpm_cdc_array_single__parameterized18__9 |         88 |         88 |       0 |    0 |   2048 |      0 |      0 |    0 |          0 |
|         u_rejected_vsync_diag_cdc                                |                                                   xpm_cdc_array_single__parameterized15__35 |          0 |          0 |       0 |    0 |     96 |      0 |      0 |    0 |          0 |
|         u_stream_diag_cdc                                        |                                                   xpm_cdc_array_single__parameterized11__21 |          0 |          0 |       0 |    0 |    768 |      0 |      0 |    0 |          0 |
|         u_timeout_abort_diag_cdc                                 |                                                   xpm_cdc_array_single__parameterized15__37 |          0 |          0 |       0 |    0 |     96 |      0 |      0 |    0 |          0 |
|         u_vsync_diag_cdc                                         |                                                    xpm_cdc_array_single__parameterized13__9 |          0 |          0 |       0 |    0 |    384 |      0 |      0 |    0 |          0 |
|       g_camera_frontend[1].u_camera_cdc                          |                                                                  camera_axis_cdc__xdcDup__2 |        261 |        261 |       0 |    0 |    428 |     22 |      1 |    0 |          0 |
|         (g_camera_frontend[1].u_camera_cdc)                      |                                                                  camera_axis_cdc__xdcDup__2 |        101 |        101 |       0 |    0 |    305 |      0 |      0 |    0 |          0 |
|         u_fifo                                                   |                                                           xpm_fifo_sync__parameterized2__14 |        160 |        160 |       0 |    0 |    123 |     22 |      1 |    0 |          0 |
|           (u_fifo)                                               |                                                           xpm_fifo_sync__parameterized2__14 |          0 |          0 |       0 |    0 |      0 |      0 |      0 |    0 |          0 |
|           xpm_fifo_base_inst                                     |                                                           xpm_fifo_base__parameterized8__14 |        160 |        160 |       0 |    0 |    123 |     22 |      1 |    0 |          0 |
|             (xpm_fifo_base_inst)                                 |                                                           xpm_fifo_base__parameterized8__14 |          2 |          2 |       0 |    0 |     20 |      0 |      0 |    0 |          0 |
|             gen_fwft.rdpp1_inst                                  |                                                                        xpm_counter_updn_604 |          5 |          5 |       0 |    0 |      2 |      0 |      0 |    0 |          0 |
|             gen_sdpram.xpm_memory_base_inst                      |                                                         xpm_memory_base__parameterized8__14 |         57 |         57 |       0 |    0 |     37 |     22 |      1 |    0 |          0 |
|             rdp_inst                                             |                                                       xpm_counter_updn__parameterized12_605 |         42 |         42 |       0 |    0 |     15 |      0 |      0 |    0 |          0 |
|             rdpp1_inst                                           |                                                       xpm_counter_updn__parameterized13_606 |         15 |         15 |       0 |    0 |     14 |      0 |      0 |    0 |          0 |
|             rst_d1_inst                                          |                                                                        xpm_fifo_reg_bit_607 |          0 |          0 |       0 |    0 |      1 |      0 |      0 |    0 |          0 |
|             wrp_inst                                             |                                                       xpm_counter_updn__parameterized12_608 |         34 |         34 |       0 |    0 |     15 |      0 |      0 |    0 |          0 |
|             wrpp1_inst                                           |                                                       xpm_counter_updn__parameterized13_609 |         14 |         14 |       0 |    0 |     14 |      0 |      0 |    0 |          0 |
|             xpm_fifo_rst_inst                                    |                                                            xpm_fifo_rst__parameterized0_610 |          3 |          3 |       0 |    0 |      5 |      0 |      0 |    0 |          0 |
|       g_camera_frontend[1].u_camera_stream                       |                                                       camera_axis_to_stream__parameterized0 |        282 |        282 |       0 |    0 |    452 |      0 |      0 |    0 |          0 |
|       g_camera_frontend[1].u_event_bridge                        |                                                                 dvp_event_bridge__xdcDup__2 |        243 |        243 |       0 |    0 |    358 |      0 |      1 |    0 |          0 |
|         (g_camera_frontend[1].u_event_bridge)                    |                                                                 dvp_event_bridge__xdcDup__2 |         31 |         31 |       0 |    0 |     48 |      0 |      0 |    0 |          0 |
|         u_event_fifo                                             |                                                   xpm_fifo_async__parameterized4__xdcDup__2 |        212 |        212 |       0 |    0 |    310 |      0 |      1 |    0 |          0 |
|           (u_event_fifo)                                         |                                                   xpm_fifo_async__parameterized4__xdcDup__2 |          0 |          0 |       0 |    0 |      0 |      0 |      0 |    0 |          0 |
|           gnuram_async_fifo.xpm_fifo_base_inst                   |                                                    xpm_fifo_base__parameterized7__xdcDup__2 |        212 |        212 |       0 |    0 |    310 |      0 |      1 |    0 |          0 |
|             (gnuram_async_fifo.xpm_fifo_base_inst)               |                                                    xpm_fifo_base__parameterized7__xdcDup__2 |          6 |          6 |       0 |    0 |     48 |      0 |      0 |    0 |          0 |
|             gen_cdc_pntr.rd_pntr_cdc_dc_inst                     |                                                            xpm_cdc_gray__parameterized1__26 |         15 |         15 |       0 |    0 |     33 |      0 |      0 |    0 |          0 |
|             gen_cdc_pntr.rd_pntr_cdc_inst                        |                                                                            xpm_cdc_gray__53 |         14 |         14 |       0 |    0 |     30 |      0 |      0 |    0 |          0 |
|             gen_cdc_pntr.rpw_gray_reg                            |                                                                        xpm_fifo_reg_vec_593 |          8 |          8 |       0 |    0 |     10 |      0 |      0 |    0 |          0 |
|             gen_cdc_pntr.rpw_gray_reg_dc                         |                                                        xpm_fifo_reg_vec__parameterized0_594 |          0 |          0 |       0 |    0 |     11 |      0 |      0 |    0 |          0 |
|             gen_cdc_pntr.wpr_gray_reg                            |                                                                        xpm_fifo_reg_vec_595 |          5 |          5 |       0 |    0 |     10 |      0 |      0 |    0 |          0 |
|             gen_cdc_pntr.wpr_gray_reg_dc                         |                                                        xpm_fifo_reg_vec__parameterized0_596 |          9 |          9 |       0 |    0 |     11 |      0 |      0 |    0 |          0 |
|             gen_cdc_pntr.wr_pntr_cdc_dc_inst                     |                                                            xpm_cdc_gray__parameterized0__26 |         16 |         16 |       0 |    0 |     55 |      0 |      0 |    0 |          0 |
|             gen_cdc_pntr.wr_pntr_cdc_inst                        |                                                                            xpm_cdc_gray__52 |         15 |         15 |       0 |    0 |     30 |      0 |      0 |    0 |          0 |
|             gen_fwft.rdpp1_inst                                  |                                                                        xpm_counter_updn_597 |          6 |          6 |       0 |    0 |      2 |      0 |      0 |    0 |          0 |
|             gen_sdpram.xpm_memory_base_inst                      |                                                         xpm_memory_base__parameterized7__10 |          0 |          0 |       0 |    0 |      0 |      0 |      1 |    0 |          0 |
|             rdp_inst                                             |                                                        xpm_counter_updn__parameterized0_598 |         42 |         42 |       0 |    0 |     11 |      0 |      0 |    0 |          0 |
|             rdpp1_inst                                           |                                                        xpm_counter_updn__parameterized1_599 |         10 |         10 |       0 |    0 |     10 |      0 |      0 |    0 |          0 |
|             rst_d1_inst                                          |                                                                        xpm_fifo_reg_bit_600 |          3 |          3 |       0 |    0 |      1 |      0 |      0 |    0 |          0 |
|             wrp_inst                                             |                                                        xpm_counter_updn__parameterized0_601 |         22 |         22 |       0 |    0 |     11 |      0 |      0 |    0 |          0 |
|             wrpp1_inst                                           |                                                        xpm_counter_updn__parameterized1_602 |         19 |         19 |       0 |    0 |     10 |      0 |      0 |    0 |          0 |
|             wrpp2_inst                                           |                                                        xpm_counter_updn__parameterized2_603 |          9 |          9 |       0 |    0 |     10 |      0 |      0 |    0 |          0 |
|             xpm_fifo_rst_inst                                    |                                                                    xpm_fifo_rst__xdcDup__20 |         21 |         21 |       0 |    0 |     17 |      0 |      0 |    0 |          0 |
|               (xpm_fifo_rst_inst)                                |                                                                    xpm_fifo_rst__xdcDup__20 |         21 |         21 |       0 |    0 |     13 |      0 |      0 |    0 |          0 |
|               gen_rst_ic.rrst_wr_inst                            |                                                                        xpm_cdc_sync_rst__93 |          0 |          0 |       0 |    0 |      2 |      0 |      0 |    0 |          0 |
|               gen_rst_ic.wrst_rd_inst                            |                                                                        xpm_cdc_sync_rst__92 |          0 |          0 |       0 |    0 |      2 |      0 |      0 |    0 |          0 |
|       g_camera_frontend[1].u_event_overflow_diag_cdc             |                                                   xpm_cdc_array_single__parameterized15__62 |          0 |          0 |       0 |    0 |     96 |      0 |      0 |    0 |          0 |
|       g_camera_frontend[1].u_pixel_assembler                     |                                                                  camera_pixel_assembler_460 |          4 |          4 |       0 |    0 |     32 |      0 |      0 |    0 |          0 |
|       g_camera_frontend[2].u_camera                              |                                                                  ov7670_frontend__xdcDup__3 |       3806 |       3787 |       0 |   19 |  12361 |      0 |      1 |    0 |          0 |
|         (g_camera_frontend[2].u_camera)                          |                                                                  ov7670_frontend__xdcDup__3 |        318 |        310 |       0 |    8 |   2629 |      0 |      0 |    0 |          0 |
|         u_cdc_diag_cdc                                           |                                                   xpm_cdc_array_single__parameterized14__20 |         17 |         17 |       0 |    0 |    271 |      0 |      0 |    0 |          0 |
|         u_control_cdc                                            |                                                    xpm_cdc_array_single__parameterized2__12 |          0 |          0 |       0 |    0 |     12 |      0 |      0 |    0 |          0 |
|         u_ctrl_diag_cdc                                          |                                                   xpm_cdc_array_single__parameterized12__10 |         34 |         34 |       0 |    0 |   1214 |      0 |      0 |    0 |          0 |
|         u_diagnostics                                            |                                                                        ov7670_axil_regs_589 |       1846 |       1846 |       0 |    0 |     75 |      0 |      0 |    0 |          0 |
|         u_href_diag_cdc                                          |                                                    xpm_cdc_array_single__parameterized8__12 |          0 |          0 |       0 |    0 |    480 |      0 |      0 |    0 |          0 |
|         u_href_guard_diag_cdc                                    |                                                   xpm_cdc_array_single__parameterized14__21 |          7 |          7 |       0 |    0 |    281 |      0 |      0 |    0 |          0 |
|         u_href_line_guard                                        |                                                                     dvp_href_line_guard_590 |         95 |         95 |       0 |    0 |    109 |      0 |      0 |    0 |          0 |
|         u_line_flush_diag_cdc                                    |                                                   xpm_cdc_array_single__parameterized15__39 |          0 |          0 |       0 |    0 |     96 |      0 |      0 |    0 |          0 |
|         u_ov7670_ctrl                                            |                                                                     ov7670_ztachip_ctrl_591 |        235 |        235 |       0 |    0 |    399 |      0 |      1 |    0 |          0 |
|         u_pclk_diag_cdc                                          |                                                   xpm_cdc_array_single__parameterized11__22 |          4 |          4 |       0 |    0 |    764 |      0 |      0 |    0 |          0 |
|         u_pclk_extended_diag_cdc                                 |                                                   xpm_cdc_array_single__parameterized17__20 |          8 |          8 |       0 |    0 |    512 |      0 |      0 |    0 |          0 |
|         u_pclk_quality_diag_cdc                                  |                                                   xpm_cdc_array_single__parameterized16__10 |          3 |          3 |       0 |    0 |    320 |      0 |      0 |    0 |          0 |
|         u_pclk_recovery                                          |                                                                       dvp_pclk_recovery_592 |       1063 |       1052 |       0 |   11 |   1291 |      0 |      0 |    0 |          0 |
|         u_pclk_snapshot_ack_cdc                                  |                                                          xpm_cdc_single__parameterized0__10 |          0 |          0 |       0 |    0 |      4 |      0 |      0 |    0 |          0 |
|         u_pclk_snapshot_cdc_high                                 |                                                   xpm_cdc_array_single__parameterized17__21 |         88 |         88 |       0 |    0 |    512 |      0 |      0 |    0 |          0 |
|         u_pclk_snapshot_cdc_low                                  |                                                   xpm_cdc_array_single__parameterized18__10 |         88 |         88 |       0 |    0 |   2048 |      0 |      0 |    0 |          0 |
|         u_rejected_vsync_diag_cdc                                |                                                   xpm_cdc_array_single__parameterized15__38 |          0 |          0 |       0 |    0 |     96 |      0 |      0 |    0 |          0 |
|         u_stream_diag_cdc                                        |                                                   xpm_cdc_array_single__parameterized11__23 |          0 |          0 |       0 |    0 |    768 |      0 |      0 |    0 |          0 |
|         u_timeout_abort_diag_cdc                                 |                                                   xpm_cdc_array_single__parameterized15__40 |          0 |          0 |       0 |    0 |     96 |      0 |      0 |    0 |          0 |
|         u_vsync_diag_cdc                                         |                                                   xpm_cdc_array_single__parameterized13__10 |          0 |          0 |       0 |    0 |    384 |      0 |      0 |    0 |          0 |
|       g_camera_frontend[2].u_camera_cdc                          |                                                                  camera_axis_cdc__xdcDup__3 |        261 |        261 |       0 |    0 |    428 |     22 |      1 |    0 |          0 |
|         (g_camera_frontend[2].u_camera_cdc)                      |                                                                  camera_axis_cdc__xdcDup__3 |        101 |        101 |       0 |    0 |    305 |      0 |      0 |    0 |          0 |
|         u_fifo                                                   |                                                               xpm_fifo_sync__parameterized2 |        160 |        160 |       0 |    0 |    123 |     22 |      1 |    0 |          0 |
|           (u_fifo)                                               |                                                               xpm_fifo_sync__parameterized2 |          0 |          0 |       0 |    0 |      0 |      0 |      0 |    0 |          0 |
|           xpm_fifo_base_inst                                     |                                                               xpm_fifo_base__parameterized8 |        160 |        160 |       0 |    0 |    123 |     22 |      1 |    0 |          0 |
|             (xpm_fifo_base_inst)                                 |                                                               xpm_fifo_base__parameterized8 |          2 |          2 |       0 |    0 |     20 |      0 |      0 |    0 |          0 |
|             gen_fwft.rdpp1_inst                                  |                                                                        xpm_counter_updn_582 |          5 |          5 |       0 |    0 |      2 |      0 |      0 |    0 |          0 |
|             gen_sdpram.xpm_memory_base_inst                      |                                                             xpm_memory_base__parameterized8 |         57 |         57 |       0 |    0 |     37 |     22 |      1 |    0 |          0 |
|             rdp_inst                                             |                                                       xpm_counter_updn__parameterized12_583 |         42 |         42 |       0 |    0 |     15 |      0 |      0 |    0 |          0 |
|             rdpp1_inst                                           |                                                       xpm_counter_updn__parameterized13_584 |         15 |         15 |       0 |    0 |     14 |      0 |      0 |    0 |          0 |
|             rst_d1_inst                                          |                                                                        xpm_fifo_reg_bit_585 |          0 |          0 |       0 |    0 |      1 |      0 |      0 |    0 |          0 |
|             wrp_inst                                             |                                                       xpm_counter_updn__parameterized12_586 |         34 |         34 |       0 |    0 |     15 |      0 |      0 |    0 |          0 |
|             wrpp1_inst                                           |                                                       xpm_counter_updn__parameterized13_587 |         14 |         14 |       0 |    0 |     14 |      0 |      0 |    0 |          0 |
|             xpm_fifo_rst_inst                                    |                                                            xpm_fifo_rst__parameterized0_588 |          3 |          3 |       0 |    0 |      5 |      0 |      0 |    0 |          0 |
|       g_camera_frontend[2].u_camera_stream                       |                                                       camera_axis_to_stream__parameterized1 |        282 |        282 |       0 |    0 |    452 |      0 |      0 |    0 |          0 |
|       g_camera_frontend[2].u_event_bridge                        |                                                                 dvp_event_bridge__xdcDup__3 |        243 |        243 |       0 |    0 |    358 |      0 |      1 |    0 |          0 |
|         (g_camera_frontend[2].u_event_bridge)                    |                                                                 dvp_event_bridge__xdcDup__3 |         31 |         31 |       0 |    0 |     48 |      0 |      0 |    0 |          0 |
|         u_event_fifo                                             |                                                   xpm_fifo_async__parameterized4__xdcDup__3 |        212 |        212 |       0 |    0 |    310 |      0 |      1 |    0 |          0 |
|           (u_event_fifo)                                         |                                                   xpm_fifo_async__parameterized4__xdcDup__3 |          0 |          0 |       0 |    0 |      0 |      0 |      0 |    0 |          0 |
|           gnuram_async_fifo.xpm_fifo_base_inst                   |                                                    xpm_fifo_base__parameterized7__xdcDup__3 |        212 |        212 |       0 |    0 |    310 |      0 |      1 |    0 |          0 |
|             (gnuram_async_fifo.xpm_fifo_base_inst)               |                                                    xpm_fifo_base__parameterized7__xdcDup__3 |          6 |          6 |       0 |    0 |     48 |      0 |      0 |    0 |          0 |
|             gen_cdc_pntr.rd_pntr_cdc_dc_inst                     |                                                            xpm_cdc_gray__parameterized1__27 |         15 |         15 |       0 |    0 |     33 |      0 |      0 |    0 |          0 |
|             gen_cdc_pntr.rd_pntr_cdc_inst                        |                                                                            xpm_cdc_gray__55 |         14 |         14 |       0 |    0 |     30 |      0 |      0 |    0 |          0 |
|             gen_cdc_pntr.rpw_gray_reg                            |                                                                        xpm_fifo_reg_vec_571 |          8 |          8 |       0 |    0 |     10 |      0 |      0 |    0 |          0 |
|             gen_cdc_pntr.rpw_gray_reg_dc                         |                                                        xpm_fifo_reg_vec__parameterized0_572 |          0 |          0 |       0 |    0 |     11 |      0 |      0 |    0 |          0 |
|             gen_cdc_pntr.wpr_gray_reg                            |                                                                        xpm_fifo_reg_vec_573 |          5 |          5 |       0 |    0 |     10 |      0 |      0 |    0 |          0 |
|             gen_cdc_pntr.wpr_gray_reg_dc                         |                                                        xpm_fifo_reg_vec__parameterized0_574 |          9 |          9 |       0 |    0 |     11 |      0 |      0 |    0 |          0 |
|             gen_cdc_pntr.wr_pntr_cdc_dc_inst                     |                                                            xpm_cdc_gray__parameterized0__27 |         16 |         16 |       0 |    0 |     55 |      0 |      0 |    0 |          0 |
|             gen_cdc_pntr.wr_pntr_cdc_inst                        |                                                                            xpm_cdc_gray__54 |         15 |         15 |       0 |    0 |     30 |      0 |      0 |    0 |          0 |
|             gen_fwft.rdpp1_inst                                  |                                                                        xpm_counter_updn_575 |          6 |          6 |       0 |    0 |      2 |      0 |      0 |    0 |          0 |
|             gen_sdpram.xpm_memory_base_inst                      |                                                         xpm_memory_base__parameterized7__11 |          0 |          0 |       0 |    0 |      0 |      0 |      1 |    0 |          0 |
|             rdp_inst                                             |                                                        xpm_counter_updn__parameterized0_576 |         42 |         42 |       0 |    0 |     11 |      0 |      0 |    0 |          0 |
|             rdpp1_inst                                           |                                                        xpm_counter_updn__parameterized1_577 |         10 |         10 |       0 |    0 |     10 |      0 |      0 |    0 |          0 |
|             rst_d1_inst                                          |                                                                        xpm_fifo_reg_bit_578 |          3 |          3 |       0 |    0 |      1 |      0 |      0 |    0 |          0 |
|             wrp_inst                                             |                                                        xpm_counter_updn__parameterized0_579 |         22 |         22 |       0 |    0 |     11 |      0 |      0 |    0 |          0 |
|             wrpp1_inst                                           |                                                        xpm_counter_updn__parameterized1_580 |         19 |         19 |       0 |    0 |     10 |      0 |      0 |    0 |          0 |
|             wrpp2_inst                                           |                                                        xpm_counter_updn__parameterized2_581 |          9 |          9 |       0 |    0 |     10 |      0 |      0 |    0 |          0 |
|             xpm_fifo_rst_inst                                    |                                                                    xpm_fifo_rst__xdcDup__21 |         21 |         21 |       0 |    0 |     17 |      0 |      0 |    0 |          0 |
|               (xpm_fifo_rst_inst)                                |                                                                    xpm_fifo_rst__xdcDup__21 |         21 |         21 |       0 |    0 |     13 |      0 |      0 |    0 |          0 |
|               gen_rst_ic.rrst_wr_inst                            |                                                                        xpm_cdc_sync_rst__95 |          0 |          0 |       0 |    0 |      2 |      0 |      0 |    0 |          0 |
|               gen_rst_ic.wrst_rd_inst                            |                                                                        xpm_cdc_sync_rst__94 |          0 |          0 |       0 |    0 |      2 |      0 |      0 |    0 |          0 |
|       g_camera_frontend[2].u_event_overflow_diag_cdc             |                                                   xpm_cdc_array_single__parameterized15__60 |          0 |          0 |       0 |    0 |     96 |      0 |      0 |    0 |          0 |
|       g_camera_frontend[2].u_pixel_assembler                     |                                                                  camera_pixel_assembler_461 |          4 |          4 |       0 |    0 |     32 |      0 |      0 |    0 |          0 |
|       g_camera_frontend[3].u_camera                              |                                                                  ov7670_frontend__xdcDup__4 |       3810 |       3791 |       0 |   19 |  12361 |      0 |      1 |    0 |          0 |
|         (g_camera_frontend[3].u_camera)                          |                                                                  ov7670_frontend__xdcDup__4 |        318 |        310 |       0 |    8 |   2629 |      0 |      0 |    0 |          0 |
|         u_cdc_diag_cdc                                           |                                                   xpm_cdc_array_single__parameterized14__22 |         17 |         17 |       0 |    0 |    271 |      0 |      0 |    0 |          0 |
|         u_control_cdc                                            |                                                    xpm_cdc_array_single__parameterized2__13 |          0 |          0 |       0 |    0 |     12 |      0 |      0 |    0 |          0 |
|         u_ctrl_diag_cdc                                          |                                                   xpm_cdc_array_single__parameterized12__11 |         34 |         34 |       0 |    0 |   1214 |      0 |      0 |    0 |          0 |
|         u_diagnostics                                            |                                                                        ov7670_axil_regs_567 |       1846 |       1846 |       0 |    0 |     75 |      0 |      0 |    0 |          0 |
|         u_href_diag_cdc                                          |                                                    xpm_cdc_array_single__parameterized8__13 |          0 |          0 |       0 |    0 |    480 |      0 |      0 |    0 |          0 |
|         u_href_guard_diag_cdc                                    |                                                   xpm_cdc_array_single__parameterized14__23 |          7 |          7 |       0 |    0 |    281 |      0 |      0 |    0 |          0 |
|         u_href_line_guard                                        |                                                                     dvp_href_line_guard_568 |         95 |         95 |       0 |    0 |    109 |      0 |      0 |    0 |          0 |
|         u_line_flush_diag_cdc                                    |                                                   xpm_cdc_array_single__parameterized15__42 |          0 |          0 |       0 |    0 |     96 |      0 |      0 |    0 |          0 |
|         u_ov7670_ctrl                                            |                                                                     ov7670_ztachip_ctrl_569 |        239 |        239 |       0 |    0 |    399 |      0 |      1 |    0 |          0 |
|         u_pclk_diag_cdc                                          |                                                   xpm_cdc_array_single__parameterized11__24 |          4 |          4 |       0 |    0 |    764 |      0 |      0 |    0 |          0 |
|         u_pclk_extended_diag_cdc                                 |                                                   xpm_cdc_array_single__parameterized17__22 |          8 |          8 |       0 |    0 |    512 |      0 |      0 |    0 |          0 |
|         u_pclk_quality_diag_cdc                                  |                                                   xpm_cdc_array_single__parameterized16__11 |          3 |          3 |       0 |    0 |    320 |      0 |      0 |    0 |          0 |
|         u_pclk_recovery                                          |                                                                       dvp_pclk_recovery_570 |       1063 |       1052 |       0 |   11 |   1291 |      0 |      0 |    0 |          0 |
|         u_pclk_snapshot_ack_cdc                                  |                                                          xpm_cdc_single__parameterized0__11 |          0 |          0 |       0 |    0 |      4 |      0 |      0 |    0 |          0 |
|         u_pclk_snapshot_cdc_high                                 |                                                   xpm_cdc_array_single__parameterized17__23 |         88 |         88 |       0 |    0 |    512 |      0 |      0 |    0 |          0 |
|         u_pclk_snapshot_cdc_low                                  |                                                   xpm_cdc_array_single__parameterized18__11 |         88 |         88 |       0 |    0 |   2048 |      0 |      0 |    0 |          0 |
|         u_rejected_vsync_diag_cdc                                |                                                   xpm_cdc_array_single__parameterized15__41 |          0 |          0 |       0 |    0 |     96 |      0 |      0 |    0 |          0 |
|         u_stream_diag_cdc                                        |                                                   xpm_cdc_array_single__parameterized11__25 |          0 |          0 |       0 |    0 |    768 |      0 |      0 |    0 |          0 |
|         u_timeout_abort_diag_cdc                                 |                                                   xpm_cdc_array_single__parameterized15__43 |          0 |          0 |       0 |    0 |     96 |      0 |      0 |    0 |          0 |
|         u_vsync_diag_cdc                                         |                                                   xpm_cdc_array_single__parameterized13__11 |          0 |          0 |       0 |    0 |    384 |      0 |      0 |    0 |          0 |
|       g_camera_frontend[3].u_camera_cdc                          |                                                                  camera_axis_cdc__xdcDup__4 |        262 |        262 |       0 |    0 |    428 |     22 |      1 |    0 |          0 |
|         (g_camera_frontend[3].u_camera_cdc)                      |                                                                  camera_axis_cdc__xdcDup__4 |        102 |        102 |       0 |    0 |    305 |      0 |      0 |    0 |          0 |
|         u_fifo                                                   |                                                           xpm_fifo_sync__parameterized2__13 |        160 |        160 |       0 |    0 |    123 |     22 |      1 |    0 |          0 |
|           (u_fifo)                                               |                                                           xpm_fifo_sync__parameterized2__13 |          0 |          0 |       0 |    0 |      0 |      0 |      0 |    0 |          0 |
|           xpm_fifo_base_inst                                     |                                                           xpm_fifo_base__parameterized8__13 |        160 |        160 |       0 |    0 |    123 |     22 |      1 |    0 |          0 |
|             (xpm_fifo_base_inst)                                 |                                                           xpm_fifo_base__parameterized8__13 |          2 |          2 |       0 |    0 |     20 |      0 |      0 |    0 |          0 |
|             gen_fwft.rdpp1_inst                                  |                                                                        xpm_counter_updn_560 |          5 |          5 |       0 |    0 |      2 |      0 |      0 |    0 |          0 |
|             gen_sdpram.xpm_memory_base_inst                      |                                                         xpm_memory_base__parameterized8__13 |         57 |         57 |       0 |    0 |     37 |     22 |      1 |    0 |          0 |
|             rdp_inst                                             |                                                       xpm_counter_updn__parameterized12_561 |         42 |         42 |       0 |    0 |     15 |      0 |      0 |    0 |          0 |
|             rdpp1_inst                                           |                                                       xpm_counter_updn__parameterized13_562 |         15 |         15 |       0 |    0 |     14 |      0 |      0 |    0 |          0 |
|             rst_d1_inst                                          |                                                                        xpm_fifo_reg_bit_563 |          0 |          0 |       0 |    0 |      1 |      0 |      0 |    0 |          0 |
|             wrp_inst                                             |                                                       xpm_counter_updn__parameterized12_564 |         34 |         34 |       0 |    0 |     15 |      0 |      0 |    0 |          0 |
|             wrpp1_inst                                           |                                                       xpm_counter_updn__parameterized13_565 |         14 |         14 |       0 |    0 |     14 |      0 |      0 |    0 |          0 |
|             xpm_fifo_rst_inst                                    |                                                            xpm_fifo_rst__parameterized0_566 |          3 |          3 |       0 |    0 |      5 |      0 |      0 |    0 |          0 |
|       g_camera_frontend[3].u_camera_stream                       |                                                       camera_axis_to_stream__parameterized2 |        267 |        267 |       0 |    0 |    452 |      0 |      0 |    0 |          0 |
|       g_camera_frontend[3].u_event_bridge                        |                                                                 dvp_event_bridge__xdcDup__4 |        243 |        243 |       0 |    0 |    358 |      0 |      1 |    0 |          0 |
|         (g_camera_frontend[3].u_event_bridge)                    |                                                                 dvp_event_bridge__xdcDup__4 |         31 |         31 |       0 |    0 |     48 |      0 |      0 |    0 |          0 |
|         u_event_fifo                                             |                                                   xpm_fifo_async__parameterized4__xdcDup__4 |        212 |        212 |       0 |    0 |    310 |      0 |      1 |    0 |          0 |
|           (u_event_fifo)                                         |                                                   xpm_fifo_async__parameterized4__xdcDup__4 |          0 |          0 |       0 |    0 |      0 |      0 |      0 |    0 |          0 |
|           gnuram_async_fifo.xpm_fifo_base_inst                   |                                                    xpm_fifo_base__parameterized7__xdcDup__4 |        212 |        212 |       0 |    0 |    310 |      0 |      1 |    0 |          0 |
|             (gnuram_async_fifo.xpm_fifo_base_inst)               |                                                    xpm_fifo_base__parameterized7__xdcDup__4 |          6 |          6 |       0 |    0 |     48 |      0 |      0 |    0 |          0 |
|             gen_cdc_pntr.rd_pntr_cdc_dc_inst                     |                                                            xpm_cdc_gray__parameterized1__29 |         15 |         15 |       0 |    0 |     33 |      0 |      0 |    0 |          0 |
|             gen_cdc_pntr.rd_pntr_cdc_inst                        |                                                                            xpm_cdc_gray__59 |         14 |         14 |       0 |    0 |     30 |      0 |      0 |    0 |          0 |
|             gen_cdc_pntr.rpw_gray_reg                            |                                                                        xpm_fifo_reg_vec_549 |          8 |          8 |       0 |    0 |     10 |      0 |      0 |    0 |          0 |
|             gen_cdc_pntr.rpw_gray_reg_dc                         |                                                        xpm_fifo_reg_vec__parameterized0_550 |          0 |          0 |       0 |    0 |     11 |      0 |      0 |    0 |          0 |
|             gen_cdc_pntr.wpr_gray_reg                            |                                                                        xpm_fifo_reg_vec_551 |          5 |          5 |       0 |    0 |     10 |      0 |      0 |    0 |          0 |
|             gen_cdc_pntr.wpr_gray_reg_dc                         |                                                        xpm_fifo_reg_vec__parameterized0_552 |          9 |          9 |       0 |    0 |     11 |      0 |      0 |    0 |          0 |
|             gen_cdc_pntr.wr_pntr_cdc_dc_inst                     |                                                            xpm_cdc_gray__parameterized0__29 |         16 |         16 |       0 |    0 |     55 |      0 |      0 |    0 |          0 |
|             gen_cdc_pntr.wr_pntr_cdc_inst                        |                                                                            xpm_cdc_gray__58 |         15 |         15 |       0 |    0 |     30 |      0 |      0 |    0 |          0 |
|             gen_fwft.rdpp1_inst                                  |                                                                        xpm_counter_updn_553 |          6 |          6 |       0 |    0 |      2 |      0 |      0 |    0 |          0 |
|             gen_sdpram.xpm_memory_base_inst                      |                                                         xpm_memory_base__parameterized7__13 |          0 |          0 |       0 |    0 |      0 |      0 |      1 |    0 |          0 |
|             rdp_inst                                             |                                                        xpm_counter_updn__parameterized0_554 |         42 |         42 |       0 |    0 |     11 |      0 |      0 |    0 |          0 |
|             rdpp1_inst                                           |                                                        xpm_counter_updn__parameterized1_555 |         10 |         10 |       0 |    0 |     10 |      0 |      0 |    0 |          0 |
|             rst_d1_inst                                          |                                                                        xpm_fifo_reg_bit_556 |          3 |          3 |       0 |    0 |      1 |      0 |      0 |    0 |          0 |
|             wrp_inst                                             |                                                        xpm_counter_updn__parameterized0_557 |         22 |         22 |       0 |    0 |     11 |      0 |      0 |    0 |          0 |
|             wrpp1_inst                                           |                                                        xpm_counter_updn__parameterized1_558 |         19 |         19 |       0 |    0 |     10 |      0 |      0 |    0 |          0 |
|             wrpp2_inst                                           |                                                        xpm_counter_updn__parameterized2_559 |          9 |          9 |       0 |    0 |     10 |      0 |      0 |    0 |          0 |
|             xpm_fifo_rst_inst                                    |                                                                    xpm_fifo_rst__xdcDup__22 |         21 |         21 |       0 |    0 |     17 |      0 |      0 |    0 |          0 |
|               (xpm_fifo_rst_inst)                                |                                                                    xpm_fifo_rst__xdcDup__22 |         21 |         21 |       0 |    0 |     13 |      0 |      0 |    0 |          0 |
|               gen_rst_ic.rrst_wr_inst                            |                                                                        xpm_cdc_sync_rst__99 |          0 |          0 |       0 |    0 |      2 |      0 |      0 |    0 |          0 |
|               gen_rst_ic.wrst_rd_inst                            |                                                                        xpm_cdc_sync_rst__98 |          0 |          0 |       0 |    0 |      2 |      0 |      0 |    0 |          0 |
|       g_camera_frontend[3].u_event_overflow_diag_cdc             |                                                   xpm_cdc_array_single__parameterized15__58 |          0 |          0 |       0 |    0 |     96 |      0 |      0 |    0 |          0 |
|       g_camera_frontend[3].u_pixel_assembler                     |                                                                  camera_pixel_assembler_462 |          4 |          4 |       0 |    0 |     32 |      0 |      0 |    0 |          0 |
|       g_camera_frontend[4].u_camera                              |                                                                  ov7670_frontend__xdcDup__5 |       3843 |       3824 |       0 |   19 |  12361 |      0 |      1 |    0 |          0 |
|         (g_camera_frontend[4].u_camera)                          |                                                                  ov7670_frontend__xdcDup__5 |        318 |        310 |       0 |    8 |   2629 |      0 |      0 |    0 |          0 |
|         u_cdc_diag_cdc                                           |                                                   xpm_cdc_array_single__parameterized14__24 |         17 |         17 |       0 |    0 |    271 |      0 |      0 |    0 |          0 |
|         u_control_cdc                                            |                                                    xpm_cdc_array_single__parameterized2__14 |          0 |          0 |       0 |    0 |     12 |      0 |      0 |    0 |          0 |
|         u_ctrl_diag_cdc                                          |                                                   xpm_cdc_array_single__parameterized12__12 |         34 |         34 |       0 |    0 |   1214 |      0 |      0 |    0 |          0 |
|         u_diagnostics                                            |                                                                        ov7670_axil_regs_545 |       1882 |       1882 |       0 |    0 |     75 |      0 |      0 |    0 |          0 |
|         u_href_diag_cdc                                          |                                                    xpm_cdc_array_single__parameterized8__14 |          0 |          0 |       0 |    0 |    480 |      0 |      0 |    0 |          0 |
|         u_href_guard_diag_cdc                                    |                                                   xpm_cdc_array_single__parameterized14__25 |          7 |          7 |       0 |    0 |    281 |      0 |      0 |    0 |          0 |
|         u_href_line_guard                                        |                                                                     dvp_href_line_guard_546 |         95 |         95 |       0 |    0 |    109 |      0 |      0 |    0 |          0 |
|         u_line_flush_diag_cdc                                    |                                                   xpm_cdc_array_single__parameterized15__45 |          0 |          0 |       0 |    0 |     96 |      0 |      0 |    0 |          0 |
|         u_ov7670_ctrl                                            |                                                                     ov7670_ztachip_ctrl_547 |        236 |        236 |       0 |    0 |    399 |      0 |      1 |    0 |          0 |
|         u_pclk_diag_cdc                                          |                                                   xpm_cdc_array_single__parameterized11__26 |          4 |          4 |       0 |    0 |    764 |      0 |      0 |    0 |          0 |
|         u_pclk_extended_diag_cdc                                 |                                                   xpm_cdc_array_single__parameterized17__24 |          8 |          8 |       0 |    0 |    512 |      0 |      0 |    0 |          0 |
|         u_pclk_quality_diag_cdc                                  |                                                   xpm_cdc_array_single__parameterized16__12 |          3 |          3 |       0 |    0 |    320 |      0 |      0 |    0 |          0 |
|         u_pclk_recovery                                          |                                                                       dvp_pclk_recovery_548 |       1063 |       1052 |       0 |   11 |   1291 |      0 |      0 |    0 |          0 |
|         u_pclk_snapshot_ack_cdc                                  |                                                          xpm_cdc_single__parameterized0__12 |          0 |          0 |       0 |    0 |      4 |      0 |      0 |    0 |          0 |
|         u_pclk_snapshot_cdc_high                                 |                                                   xpm_cdc_array_single__parameterized17__25 |         88 |         88 |       0 |    0 |    512 |      0 |      0 |    0 |          0 |
|         u_pclk_snapshot_cdc_low                                  |                                                   xpm_cdc_array_single__parameterized18__12 |         88 |         88 |       0 |    0 |   2048 |      0 |      0 |    0 |          0 |
|         u_rejected_vsync_diag_cdc                                |                                                   xpm_cdc_array_single__parameterized15__44 |          0 |          0 |       0 |    0 |     96 |      0 |      0 |    0 |          0 |
|         u_stream_diag_cdc                                        |                                                   xpm_cdc_array_single__parameterized11__27 |          0 |          0 |       0 |    0 |    768 |      0 |      0 |    0 |          0 |
|         u_timeout_abort_diag_cdc                                 |                                                   xpm_cdc_array_single__parameterized15__46 |          0 |          0 |       0 |    0 |     96 |      0 |      0 |    0 |          0 |
|         u_vsync_diag_cdc                                         |                                                   xpm_cdc_array_single__parameterized13__12 |          0 |          0 |       0 |    0 |    384 |      0 |      0 |    0 |          0 |
|       g_camera_frontend[4].u_camera_cdc                          |                                                                  camera_axis_cdc__xdcDup__5 |        264 |        264 |       0 |    0 |    428 |     22 |      1 |    0 |          0 |
|         (g_camera_frontend[4].u_camera_cdc)                      |                                                                  camera_axis_cdc__xdcDup__5 |        104 |        104 |       0 |    0 |    305 |      0 |      0 |    0 |          0 |
|         u_fifo                                                   |                                                           xpm_fifo_sync__parameterized2__11 |        160 |        160 |       0 |    0 |    123 |     22 |      1 |    0 |          0 |
|           (u_fifo)                                               |                                                           xpm_fifo_sync__parameterized2__11 |          0 |          0 |       0 |    0 |      0 |      0 |      0 |    0 |          0 |
|           xpm_fifo_base_inst                                     |                                                           xpm_fifo_base__parameterized8__11 |        160 |        160 |       0 |    0 |    123 |     22 |      1 |    0 |          0 |
|             (xpm_fifo_base_inst)                                 |                                                           xpm_fifo_base__parameterized8__11 |          2 |          2 |       0 |    0 |     20 |      0 |      0 |    0 |          0 |
|             gen_fwft.rdpp1_inst                                  |                                                                        xpm_counter_updn_538 |          5 |          5 |       0 |    0 |      2 |      0 |      0 |    0 |          0 |
|             gen_sdpram.xpm_memory_base_inst                      |                                                         xpm_memory_base__parameterized8__11 |         57 |         57 |       0 |    0 |     37 |     22 |      1 |    0 |          0 |
|             rdp_inst                                             |                                                       xpm_counter_updn__parameterized12_539 |         42 |         42 |       0 |    0 |     15 |      0 |      0 |    0 |          0 |
|             rdpp1_inst                                           |                                                       xpm_counter_updn__parameterized13_540 |         15 |         15 |       0 |    0 |     14 |      0 |      0 |    0 |          0 |
|             rst_d1_inst                                          |                                                                        xpm_fifo_reg_bit_541 |          0 |          0 |       0 |    0 |      1 |      0 |      0 |    0 |          0 |
|             wrp_inst                                             |                                                       xpm_counter_updn__parameterized12_542 |         34 |         34 |       0 |    0 |     15 |      0 |      0 |    0 |          0 |
|             wrpp1_inst                                           |                                                       xpm_counter_updn__parameterized13_543 |         14 |         14 |       0 |    0 |     14 |      0 |      0 |    0 |          0 |
|             xpm_fifo_rst_inst                                    |                                                            xpm_fifo_rst__parameterized0_544 |          3 |          3 |       0 |    0 |      5 |      0 |      0 |    0 |          0 |
|       g_camera_frontend[4].u_camera_stream                       |                                                       camera_axis_to_stream__parameterized3 |        282 |        282 |       0 |    0 |    452 |      0 |      0 |    0 |          0 |
|       g_camera_frontend[4].u_event_bridge                        |                                                                 dvp_event_bridge__xdcDup__5 |        243 |        243 |       0 |    0 |    358 |      0 |      1 |    0 |          0 |
|         (g_camera_frontend[4].u_event_bridge)                    |                                                                 dvp_event_bridge__xdcDup__5 |         31 |         31 |       0 |    0 |     48 |      0 |      0 |    0 |          0 |
|         u_event_fifo                                             |                                                   xpm_fifo_async__parameterized4__xdcDup__5 |        212 |        212 |       0 |    0 |    310 |      0 |      1 |    0 |          0 |
|           (u_event_fifo)                                         |                                                   xpm_fifo_async__parameterized4__xdcDup__5 |          0 |          0 |       0 |    0 |      0 |      0 |      0 |    0 |          0 |
|           gnuram_async_fifo.xpm_fifo_base_inst                   |                                                    xpm_fifo_base__parameterized7__xdcDup__5 |        212 |        212 |       0 |    0 |    310 |      0 |      1 |    0 |          0 |
|             (gnuram_async_fifo.xpm_fifo_base_inst)               |                                                    xpm_fifo_base__parameterized7__xdcDup__5 |          6 |          6 |       0 |    0 |     48 |      0 |      0 |    0 |          0 |
|             gen_cdc_pntr.rd_pntr_cdc_dc_inst                     |                                                                xpm_cdc_gray__parameterized1 |         15 |         15 |       0 |    0 |     33 |      0 |      0 |    0 |          0 |
|             gen_cdc_pntr.rd_pntr_cdc_inst                        |                                                                                xpm_cdc_gray |         14 |         14 |       0 |    0 |     30 |      0 |      0 |    0 |          0 |
|             gen_cdc_pntr.rpw_gray_reg                            |                                                                        xpm_fifo_reg_vec_527 |          8 |          8 |       0 |    0 |     10 |      0 |      0 |    0 |          0 |
|             gen_cdc_pntr.rpw_gray_reg_dc                         |                                                        xpm_fifo_reg_vec__parameterized0_528 |          0 |          0 |       0 |    0 |     11 |      0 |      0 |    0 |          0 |
|             gen_cdc_pntr.wpr_gray_reg                            |                                                                        xpm_fifo_reg_vec_529 |          5 |          5 |       0 |    0 |     10 |      0 |      0 |    0 |          0 |
|             gen_cdc_pntr.wpr_gray_reg_dc                         |                                                        xpm_fifo_reg_vec__parameterized0_530 |          9 |          9 |       0 |    0 |     11 |      0 |      0 |    0 |          0 |
|             gen_cdc_pntr.wr_pntr_cdc_dc_inst                     |                                                                xpm_cdc_gray__parameterized0 |         16 |         16 |       0 |    0 |     55 |      0 |      0 |    0 |          0 |
|             gen_cdc_pntr.wr_pntr_cdc_inst                        |                                                                            xpm_cdc_gray__62 |         15 |         15 |       0 |    0 |     30 |      0 |      0 |    0 |          0 |
|             gen_fwft.rdpp1_inst                                  |                                                                        xpm_counter_updn_531 |          6 |          6 |       0 |    0 |      2 |      0 |      0 |    0 |          0 |
|             gen_sdpram.xpm_memory_base_inst                      |                                                             xpm_memory_base__parameterized7 |          0 |          0 |       0 |    0 |      0 |      0 |      1 |    0 |          0 |
|             rdp_inst                                             |                                                        xpm_counter_updn__parameterized0_532 |         42 |         42 |       0 |    0 |     11 |      0 |      0 |    0 |          0 |
|             rdpp1_inst                                           |                                                        xpm_counter_updn__parameterized1_533 |         10 |         10 |       0 |    0 |     10 |      0 |      0 |    0 |          0 |
|             rst_d1_inst                                          |                                                                        xpm_fifo_reg_bit_534 |          3 |          3 |       0 |    0 |      1 |      0 |      0 |    0 |          0 |
|             wrp_inst                                             |                                                        xpm_counter_updn__parameterized0_535 |         22 |         22 |       0 |    0 |     11 |      0 |      0 |    0 |          0 |
|             wrpp1_inst                                           |                                                        xpm_counter_updn__parameterized1_536 |         19 |         19 |       0 |    0 |     10 |      0 |      0 |    0 |          0 |
|             wrpp2_inst                                           |                                                        xpm_counter_updn__parameterized2_537 |          9 |          9 |       0 |    0 |     10 |      0 |      0 |    0 |          0 |
|             xpm_fifo_rst_inst                                    |                                                                    xpm_fifo_rst__xdcDup__23 |         21 |         21 |       0 |    0 |     17 |      0 |      0 |    0 |          0 |
|               (xpm_fifo_rst_inst)                                |                                                                    xpm_fifo_rst__xdcDup__23 |         21 |         21 |       0 |    0 |     13 |      0 |      0 |    0 |          0 |
|               gen_rst_ic.rrst_wr_inst                            |                                                                            xpm_cdc_sync_rst |          0 |          0 |       0 |    0 |      2 |      0 |      0 |    0 |          0 |
|               gen_rst_ic.wrst_rd_inst                            |                                                                       xpm_cdc_sync_rst__102 |          0 |          0 |       0 |    0 |      2 |      0 |      0 |    0 |          0 |
|       g_camera_frontend[4].u_event_overflow_diag_cdc             |                                                   xpm_cdc_array_single__parameterized15__57 |          0 |          0 |       0 |    0 |     96 |      0 |      0 |    0 |          0 |
|       g_camera_frontend[4].u_pixel_assembler                     |                                                                  camera_pixel_assembler_463 |          4 |          4 |       0 |    0 |     32 |      0 |      0 |    0 |          0 |
|       g_camera_frontend[5].u_camera                              |                                                                  ov7670_frontend__xdcDup__6 |       3806 |       3787 |       0 |   19 |  12361 |      0 |      1 |    0 |          0 |
|         (g_camera_frontend[5].u_camera)                          |                                                                  ov7670_frontend__xdcDup__6 |        318 |        310 |       0 |    8 |   2629 |      0 |      0 |    0 |          0 |
|         u_cdc_diag_cdc                                           |                                                   xpm_cdc_array_single__parameterized14__26 |         17 |         17 |       0 |    0 |    271 |      0 |      0 |    0 |          0 |
|         u_control_cdc                                            |                                                    xpm_cdc_array_single__parameterized2__15 |          0 |          0 |       0 |    0 |     12 |      0 |      0 |    0 |          0 |
|         u_ctrl_diag_cdc                                          |                                                   xpm_cdc_array_single__parameterized12__13 |         34 |         34 |       0 |    0 |   1214 |      0 |      0 |    0 |          0 |
|         u_diagnostics                                            |                                                                        ov7670_axil_regs_523 |       1846 |       1846 |       0 |    0 |     75 |      0 |      0 |    0 |          0 |
|         u_href_diag_cdc                                          |                                                    xpm_cdc_array_single__parameterized8__15 |          0 |          0 |       0 |    0 |    480 |      0 |      0 |    0 |          0 |
|         u_href_guard_diag_cdc                                    |                                                   xpm_cdc_array_single__parameterized14__27 |          7 |          7 |       0 |    0 |    281 |      0 |      0 |    0 |          0 |
|         u_href_line_guard                                        |                                                                     dvp_href_line_guard_524 |         95 |         95 |       0 |    0 |    109 |      0 |      0 |    0 |          0 |
|         u_line_flush_diag_cdc                                    |                                                   xpm_cdc_array_single__parameterized15__48 |          0 |          0 |       0 |    0 |     96 |      0 |      0 |    0 |          0 |
|         u_ov7670_ctrl                                            |                                                                     ov7670_ztachip_ctrl_525 |        235 |        235 |       0 |    0 |    399 |      0 |      1 |    0 |          0 |
|         u_pclk_diag_cdc                                          |                                                   xpm_cdc_array_single__parameterized11__28 |          4 |          4 |       0 |    0 |    764 |      0 |      0 |    0 |          0 |
|         u_pclk_extended_diag_cdc                                 |                                                   xpm_cdc_array_single__parameterized17__26 |          8 |          8 |       0 |    0 |    512 |      0 |      0 |    0 |          0 |
|         u_pclk_quality_diag_cdc                                  |                                                   xpm_cdc_array_single__parameterized16__13 |          3 |          3 |       0 |    0 |    320 |      0 |      0 |    0 |          0 |
|         u_pclk_recovery                                          |                                                                       dvp_pclk_recovery_526 |       1063 |       1052 |       0 |   11 |   1291 |      0 |      0 |    0 |          0 |
|         u_pclk_snapshot_ack_cdc                                  |                                                          xpm_cdc_single__parameterized0__13 |          0 |          0 |       0 |    0 |      4 |      0 |      0 |    0 |          0 |
|         u_pclk_snapshot_cdc_high                                 |                                                   xpm_cdc_array_single__parameterized17__27 |         88 |         88 |       0 |    0 |    512 |      0 |      0 |    0 |          0 |
|         u_pclk_snapshot_cdc_low                                  |                                                   xpm_cdc_array_single__parameterized18__13 |         88 |         88 |       0 |    0 |   2048 |      0 |      0 |    0 |          0 |
|         u_rejected_vsync_diag_cdc                                |                                                   xpm_cdc_array_single__parameterized15__47 |          0 |          0 |       0 |    0 |     96 |      0 |      0 |    0 |          0 |
|         u_stream_diag_cdc                                        |                                                   xpm_cdc_array_single__parameterized11__29 |          0 |          0 |       0 |    0 |    768 |      0 |      0 |    0 |          0 |
|         u_timeout_abort_diag_cdc                                 |                                                   xpm_cdc_array_single__parameterized15__49 |          0 |          0 |       0 |    0 |     96 |      0 |      0 |    0 |          0 |
|         u_vsync_diag_cdc                                         |                                                   xpm_cdc_array_single__parameterized13__13 |          0 |          0 |       0 |    0 |    384 |      0 |      0 |    0 |          0 |
|       g_camera_frontend[5].u_camera_cdc                          |                                                                  camera_axis_cdc__xdcDup__6 |        261 |        261 |       0 |    0 |    428 |     22 |      1 |    0 |          0 |
|         (g_camera_frontend[5].u_camera_cdc)                      |                                                                  camera_axis_cdc__xdcDup__6 |        101 |        101 |       0 |    0 |    305 |      0 |      0 |    0 |          0 |
|         u_fifo                                                   |                                                           xpm_fifo_sync__parameterized2__12 |        160 |        160 |       0 |    0 |    123 |     22 |      1 |    0 |          0 |
|           (u_fifo)                                               |                                                           xpm_fifo_sync__parameterized2__12 |          0 |          0 |       0 |    0 |      0 |      0 |      0 |    0 |          0 |
|           xpm_fifo_base_inst                                     |                                                           xpm_fifo_base__parameterized8__12 |        160 |        160 |       0 |    0 |    123 |     22 |      1 |    0 |          0 |
|             (xpm_fifo_base_inst)                                 |                                                           xpm_fifo_base__parameterized8__12 |          2 |          2 |       0 |    0 |     20 |      0 |      0 |    0 |          0 |
|             gen_fwft.rdpp1_inst                                  |                                                                        xpm_counter_updn_516 |          5 |          5 |       0 |    0 |      2 |      0 |      0 |    0 |          0 |
|             gen_sdpram.xpm_memory_base_inst                      |                                                         xpm_memory_base__parameterized8__12 |         57 |         57 |       0 |    0 |     37 |     22 |      1 |    0 |          0 |
|             rdp_inst                                             |                                                       xpm_counter_updn__parameterized12_517 |         42 |         42 |       0 |    0 |     15 |      0 |      0 |    0 |          0 |
|             rdpp1_inst                                           |                                                       xpm_counter_updn__parameterized13_518 |         15 |         15 |       0 |    0 |     14 |      0 |      0 |    0 |          0 |
|             rst_d1_inst                                          |                                                                        xpm_fifo_reg_bit_519 |          0 |          0 |       0 |    0 |      1 |      0 |      0 |    0 |          0 |
|             wrp_inst                                             |                                                       xpm_counter_updn__parameterized12_520 |         34 |         34 |       0 |    0 |     15 |      0 |      0 |    0 |          0 |
|             wrpp1_inst                                           |                                                       xpm_counter_updn__parameterized13_521 |         14 |         14 |       0 |    0 |     14 |      0 |      0 |    0 |          0 |
|             xpm_fifo_rst_inst                                    |                                                            xpm_fifo_rst__parameterized0_522 |          3 |          3 |       0 |    0 |      5 |      0 |      0 |    0 |          0 |
|       g_camera_frontend[5].u_camera_stream                       |                                                       camera_axis_to_stream__parameterized4 |        268 |        268 |       0 |    0 |    452 |      0 |      0 |    0 |          0 |
|       g_camera_frontend[5].u_event_bridge                        |                                                                 dvp_event_bridge__xdcDup__6 |        243 |        243 |       0 |    0 |    358 |      0 |      1 |    0 |          0 |
|         (g_camera_frontend[5].u_event_bridge)                    |                                                                 dvp_event_bridge__xdcDup__6 |         31 |         31 |       0 |    0 |     48 |      0 |      0 |    0 |          0 |
|         u_event_fifo                                             |                                                   xpm_fifo_async__parameterized4__xdcDup__6 |        212 |        212 |       0 |    0 |    310 |      0 |      1 |    0 |          0 |
|           (u_event_fifo)                                         |                                                   xpm_fifo_async__parameterized4__xdcDup__6 |          0 |          0 |       0 |    0 |      0 |      0 |      0 |    0 |          0 |
|           gnuram_async_fifo.xpm_fifo_base_inst                   |                                                    xpm_fifo_base__parameterized7__xdcDup__6 |        212 |        212 |       0 |    0 |    310 |      0 |      1 |    0 |          0 |
|             (gnuram_async_fifo.xpm_fifo_base_inst)               |                                                    xpm_fifo_base__parameterized7__xdcDup__6 |          6 |          6 |       0 |    0 |     48 |      0 |      0 |    0 |          0 |
|             gen_cdc_pntr.rd_pntr_cdc_dc_inst                     |                                                            xpm_cdc_gray__parameterized1__30 |         15 |         15 |       0 |    0 |     33 |      0 |      0 |    0 |          0 |
|             gen_cdc_pntr.rd_pntr_cdc_inst                        |                                                                            xpm_cdc_gray__61 |         14 |         14 |       0 |    0 |     30 |      0 |      0 |    0 |          0 |
|             gen_cdc_pntr.rpw_gray_reg                            |                                                                        xpm_fifo_reg_vec_505 |          8 |          8 |       0 |    0 |     10 |      0 |      0 |    0 |          0 |
|             gen_cdc_pntr.rpw_gray_reg_dc                         |                                                        xpm_fifo_reg_vec__parameterized0_506 |          0 |          0 |       0 |    0 |     11 |      0 |      0 |    0 |          0 |
|             gen_cdc_pntr.wpr_gray_reg                            |                                                                        xpm_fifo_reg_vec_507 |          5 |          5 |       0 |    0 |     10 |      0 |      0 |    0 |          0 |
|             gen_cdc_pntr.wpr_gray_reg_dc                         |                                                        xpm_fifo_reg_vec__parameterized0_508 |          9 |          9 |       0 |    0 |     11 |      0 |      0 |    0 |          0 |
|             gen_cdc_pntr.wr_pntr_cdc_dc_inst                     |                                                            xpm_cdc_gray__parameterized0__30 |         16 |         16 |       0 |    0 |     55 |      0 |      0 |    0 |          0 |
|             gen_cdc_pntr.wr_pntr_cdc_inst                        |                                                                            xpm_cdc_gray__60 |         15 |         15 |       0 |    0 |     30 |      0 |      0 |    0 |          0 |
|             gen_fwft.rdpp1_inst                                  |                                                                        xpm_counter_updn_509 |          6 |          6 |       0 |    0 |      2 |      0 |      0 |    0 |          0 |
|             gen_sdpram.xpm_memory_base_inst                      |                                                         xpm_memory_base__parameterized7__14 |          0 |          0 |       0 |    0 |      0 |      0 |      1 |    0 |          0 |
|             rdp_inst                                             |                                                        xpm_counter_updn__parameterized0_510 |         42 |         42 |       0 |    0 |     11 |      0 |      0 |    0 |          0 |
|             rdpp1_inst                                           |                                                        xpm_counter_updn__parameterized1_511 |         10 |         10 |       0 |    0 |     10 |      0 |      0 |    0 |          0 |
|             rst_d1_inst                                          |                                                                        xpm_fifo_reg_bit_512 |          3 |          3 |       0 |    0 |      1 |      0 |      0 |    0 |          0 |
|             wrp_inst                                             |                                                        xpm_counter_updn__parameterized0_513 |         22 |         22 |       0 |    0 |     11 |      0 |      0 |    0 |          0 |
|             wrpp1_inst                                           |                                                        xpm_counter_updn__parameterized1_514 |         19 |         19 |       0 |    0 |     10 |      0 |      0 |    0 |          0 |
|             wrpp2_inst                                           |                                                        xpm_counter_updn__parameterized2_515 |          9 |          9 |       0 |    0 |     10 |      0 |      0 |    0 |          0 |
|             xpm_fifo_rst_inst                                    |                                                                    xpm_fifo_rst__xdcDup__24 |         21 |         21 |       0 |    0 |     17 |      0 |      0 |    0 |          0 |
|               (xpm_fifo_rst_inst)                                |                                                                    xpm_fifo_rst__xdcDup__24 |         21 |         21 |       0 |    0 |     13 |      0 |      0 |    0 |          0 |
|               gen_rst_ic.rrst_wr_inst                            |                                                                       xpm_cdc_sync_rst__101 |          0 |          0 |       0 |    0 |      2 |      0 |      0 |    0 |          0 |
|               gen_rst_ic.wrst_rd_inst                            |                                                                       xpm_cdc_sync_rst__100 |          0 |          0 |       0 |    0 |      2 |      0 |      0 |    0 |          0 |
|       g_camera_frontend[5].u_event_overflow_diag_cdc             |                                                   xpm_cdc_array_single__parameterized15__59 |          0 |          0 |       0 |    0 |     96 |      0 |      0 |    0 |          0 |
|       g_camera_frontend[5].u_pixel_assembler                     |                                                                  camera_pixel_assembler_464 |          4 |          4 |       0 |    0 |     32 |      0 |      0 |    0 |          0 |
|       g_camera_frontend[6].u_camera                              |                                                                  ov7670_frontend__xdcDup__7 |       3805 |       3786 |       0 |   19 |  12361 |      0 |      1 |    0 |          0 |
|         (g_camera_frontend[6].u_camera)                          |                                                                  ov7670_frontend__xdcDup__7 |        318 |        310 |       0 |    8 |   2629 |      0 |      0 |    0 |          0 |
|         u_cdc_diag_cdc                                           |                                                   xpm_cdc_array_single__parameterized14__28 |         17 |         17 |       0 |    0 |    271 |      0 |      0 |    0 |          0 |
|         u_control_cdc                                            |                                                    xpm_cdc_array_single__parameterized2__16 |          0 |          0 |       0 |    0 |     12 |      0 |      0 |    0 |          0 |
|         u_ctrl_diag_cdc                                          |                                                   xpm_cdc_array_single__parameterized12__14 |         34 |         34 |       0 |    0 |   1214 |      0 |      0 |    0 |          0 |
|         u_diagnostics                                            |                                                                        ov7670_axil_regs_501 |       1846 |       1846 |       0 |    0 |     75 |      0 |      0 |    0 |          0 |
|         u_href_diag_cdc                                          |                                                    xpm_cdc_array_single__parameterized8__16 |          0 |          0 |       0 |    0 |    480 |      0 |      0 |    0 |          0 |
|         u_href_guard_diag_cdc                                    |                                                   xpm_cdc_array_single__parameterized14__29 |          7 |          7 |       0 |    0 |    281 |      0 |      0 |    0 |          0 |
|         u_href_line_guard                                        |                                                                     dvp_href_line_guard_502 |         95 |         95 |       0 |    0 |    109 |      0 |      0 |    0 |          0 |
|         u_line_flush_diag_cdc                                    |                                                   xpm_cdc_array_single__parameterized15__51 |          0 |          0 |       0 |    0 |     96 |      0 |      0 |    0 |          0 |
|         u_ov7670_ctrl                                            |                                                                     ov7670_ztachip_ctrl_503 |        234 |        234 |       0 |    0 |    399 |      0 |      1 |    0 |          0 |
|         u_pclk_diag_cdc                                          |                                                   xpm_cdc_array_single__parameterized11__30 |          4 |          4 |       0 |    0 |    764 |      0 |      0 |    0 |          0 |
|         u_pclk_extended_diag_cdc                                 |                                                   xpm_cdc_array_single__parameterized17__28 |          8 |          8 |       0 |    0 |    512 |      0 |      0 |    0 |          0 |
|         u_pclk_quality_diag_cdc                                  |                                                   xpm_cdc_array_single__parameterized16__14 |          3 |          3 |       0 |    0 |    320 |      0 |      0 |    0 |          0 |
|         u_pclk_recovery                                          |                                                                       dvp_pclk_recovery_504 |       1063 |       1052 |       0 |   11 |   1291 |      0 |      0 |    0 |          0 |
|         u_pclk_snapshot_ack_cdc                                  |                                                          xpm_cdc_single__parameterized0__14 |          0 |          0 |       0 |    0 |      4 |      0 |      0 |    0 |          0 |
|         u_pclk_snapshot_cdc_high                                 |                                                   xpm_cdc_array_single__parameterized17__29 |         88 |         88 |       0 |    0 |    512 |      0 |      0 |    0 |          0 |
|         u_pclk_snapshot_cdc_low                                  |                                                   xpm_cdc_array_single__parameterized18__14 |         88 |         88 |       0 |    0 |   2048 |      0 |      0 |    0 |          0 |
|         u_rejected_vsync_diag_cdc                                |                                                   xpm_cdc_array_single__parameterized15__50 |          0 |          0 |       0 |    0 |     96 |      0 |      0 |    0 |          0 |
|         u_stream_diag_cdc                                        |                                                   xpm_cdc_array_single__parameterized11__31 |          0 |          0 |       0 |    0 |    768 |      0 |      0 |    0 |          0 |
|         u_timeout_abort_diag_cdc                                 |                                                   xpm_cdc_array_single__parameterized15__52 |          0 |          0 |       0 |    0 |     96 |      0 |      0 |    0 |          0 |
|         u_vsync_diag_cdc                                         |                                                   xpm_cdc_array_single__parameterized13__14 |          0 |          0 |       0 |    0 |    384 |      0 |      0 |    0 |          0 |
|       g_camera_frontend[6].u_camera_cdc                          |                                                                  camera_axis_cdc__xdcDup__7 |        262 |        262 |       0 |    0 |    428 |     22 |      1 |    0 |          0 |
|         (g_camera_frontend[6].u_camera_cdc)                      |                                                                  camera_axis_cdc__xdcDup__7 |        102 |        102 |       0 |    0 |    305 |      0 |      0 |    0 |          0 |
|         u_fifo                                                   |                                                           xpm_fifo_sync__parameterized2__10 |        160 |        160 |       0 |    0 |    123 |     22 |      1 |    0 |          0 |
|           (u_fifo)                                               |                                                           xpm_fifo_sync__parameterized2__10 |          0 |          0 |       0 |    0 |      0 |      0 |      0 |    0 |          0 |
|           xpm_fifo_base_inst                                     |                                                           xpm_fifo_base__parameterized8__10 |        160 |        160 |       0 |    0 |    123 |     22 |      1 |    0 |          0 |
|             (xpm_fifo_base_inst)                                 |                                                           xpm_fifo_base__parameterized8__10 |          2 |          2 |       0 |    0 |     20 |      0 |      0 |    0 |          0 |
|             gen_fwft.rdpp1_inst                                  |                                                                        xpm_counter_updn_494 |          5 |          5 |       0 |    0 |      2 |      0 |      0 |    0 |          0 |
|             gen_sdpram.xpm_memory_base_inst                      |                                                         xpm_memory_base__parameterized8__10 |         57 |         57 |       0 |    0 |     37 |     22 |      1 |    0 |          0 |
|             rdp_inst                                             |                                                       xpm_counter_updn__parameterized12_495 |         42 |         42 |       0 |    0 |     15 |      0 |      0 |    0 |          0 |
|             rdpp1_inst                                           |                                                       xpm_counter_updn__parameterized13_496 |         15 |         15 |       0 |    0 |     14 |      0 |      0 |    0 |          0 |
|             rst_d1_inst                                          |                                                                        xpm_fifo_reg_bit_497 |          0 |          0 |       0 |    0 |      1 |      0 |      0 |    0 |          0 |
|             wrp_inst                                             |                                                       xpm_counter_updn__parameterized12_498 |         34 |         34 |       0 |    0 |     15 |      0 |      0 |    0 |          0 |
|             wrpp1_inst                                           |                                                       xpm_counter_updn__parameterized13_499 |         14 |         14 |       0 |    0 |     14 |      0 |      0 |    0 |          0 |
|             xpm_fifo_rst_inst                                    |                                                            xpm_fifo_rst__parameterized0_500 |          3 |          3 |       0 |    0 |      5 |      0 |      0 |    0 |          0 |
|       g_camera_frontend[6].u_camera_stream                       |                                                       camera_axis_to_stream__parameterized5 |        280 |        280 |       0 |    0 |    452 |      0 |      0 |    0 |          0 |
|       g_camera_frontend[6].u_event_bridge                        |                                                                 dvp_event_bridge__xdcDup__7 |        243 |        243 |       0 |    0 |    358 |      0 |      1 |    0 |          0 |
|         (g_camera_frontend[6].u_event_bridge)                    |                                                                 dvp_event_bridge__xdcDup__7 |         31 |         31 |       0 |    0 |     48 |      0 |      0 |    0 |          0 |
|         u_event_fifo                                             |                                                   xpm_fifo_async__parameterized4__xdcDup__7 |        212 |        212 |       0 |    0 |    310 |      0 |      1 |    0 |          0 |
|           (u_event_fifo)                                         |                                                   xpm_fifo_async__parameterized4__xdcDup__7 |          0 |          0 |       0 |    0 |      0 |      0 |      0 |    0 |          0 |
|           gnuram_async_fifo.xpm_fifo_base_inst                   |                                                    xpm_fifo_base__parameterized7__xdcDup__7 |        212 |        212 |       0 |    0 |    310 |      0 |      1 |    0 |          0 |
|             (gnuram_async_fifo.xpm_fifo_base_inst)               |                                                    xpm_fifo_base__parameterized7__xdcDup__7 |          6 |          6 |       0 |    0 |     48 |      0 |      0 |    0 |          0 |
|             gen_cdc_pntr.rd_pntr_cdc_dc_inst                     |                                                            xpm_cdc_gray__parameterized1__28 |         15 |         15 |       0 |    0 |     33 |      0 |      0 |    0 |          0 |
|             gen_cdc_pntr.rd_pntr_cdc_inst                        |                                                                            xpm_cdc_gray__57 |         14 |         14 |       0 |    0 |     30 |      0 |      0 |    0 |          0 |
|             gen_cdc_pntr.rpw_gray_reg                            |                                                                        xpm_fifo_reg_vec_483 |          8 |          8 |       0 |    0 |     10 |      0 |      0 |    0 |          0 |
|             gen_cdc_pntr.rpw_gray_reg_dc                         |                                                        xpm_fifo_reg_vec__parameterized0_484 |          0 |          0 |       0 |    0 |     11 |      0 |      0 |    0 |          0 |
|             gen_cdc_pntr.wpr_gray_reg                            |                                                                        xpm_fifo_reg_vec_485 |          5 |          5 |       0 |    0 |     10 |      0 |      0 |    0 |          0 |
|             gen_cdc_pntr.wpr_gray_reg_dc                         |                                                        xpm_fifo_reg_vec__parameterized0_486 |          9 |          9 |       0 |    0 |     11 |      0 |      0 |    0 |          0 |
|             gen_cdc_pntr.wr_pntr_cdc_dc_inst                     |                                                            xpm_cdc_gray__parameterized0__28 |         16 |         16 |       0 |    0 |     55 |      0 |      0 |    0 |          0 |
|             gen_cdc_pntr.wr_pntr_cdc_inst                        |                                                                            xpm_cdc_gray__56 |         15 |         15 |       0 |    0 |     30 |      0 |      0 |    0 |          0 |
|             gen_fwft.rdpp1_inst                                  |                                                                        xpm_counter_updn_487 |          6 |          6 |       0 |    0 |      2 |      0 |      0 |    0 |          0 |
|             gen_sdpram.xpm_memory_base_inst                      |                                                         xpm_memory_base__parameterized7__12 |          0 |          0 |       0 |    0 |      0 |      0 |      1 |    0 |          0 |
|             rdp_inst                                             |                                                        xpm_counter_updn__parameterized0_488 |         42 |         42 |       0 |    0 |     11 |      0 |      0 |    0 |          0 |
|             rdpp1_inst                                           |                                                        xpm_counter_updn__parameterized1_489 |         10 |         10 |       0 |    0 |     10 |      0 |      0 |    0 |          0 |
|             rst_d1_inst                                          |                                                                        xpm_fifo_reg_bit_490 |          3 |          3 |       0 |    0 |      1 |      0 |      0 |    0 |          0 |
|             wrp_inst                                             |                                                        xpm_counter_updn__parameterized0_491 |         22 |         22 |       0 |    0 |     11 |      0 |      0 |    0 |          0 |
|             wrpp1_inst                                           |                                                        xpm_counter_updn__parameterized1_492 |         19 |         19 |       0 |    0 |     10 |      0 |      0 |    0 |          0 |
|             wrpp2_inst                                           |                                                        xpm_counter_updn__parameterized2_493 |          9 |          9 |       0 |    0 |     10 |      0 |      0 |    0 |          0 |
|             xpm_fifo_rst_inst                                    |                                                                    xpm_fifo_rst__xdcDup__25 |         21 |         21 |       0 |    0 |     17 |      0 |      0 |    0 |          0 |
|               (xpm_fifo_rst_inst)                                |                                                                    xpm_fifo_rst__xdcDup__25 |         21 |         21 |       0 |    0 |     13 |      0 |      0 |    0 |          0 |
|               gen_rst_ic.rrst_wr_inst                            |                                                                        xpm_cdc_sync_rst__97 |          0 |          0 |       0 |    0 |      2 |      0 |      0 |    0 |          0 |
|               gen_rst_ic.wrst_rd_inst                            |                                                                        xpm_cdc_sync_rst__96 |          0 |          0 |       0 |    0 |      2 |      0 |      0 |    0 |          0 |
|       g_camera_frontend[6].u_event_overflow_diag_cdc             |                                                   xpm_cdc_array_single__parameterized15__61 |          0 |          0 |       0 |    0 |     96 |      0 |      0 |    0 |          0 |
|       g_camera_frontend[6].u_pixel_assembler                     |                                                                  camera_pixel_assembler_465 |          4 |          4 |       0 |    0 |     32 |      0 |      0 |    0 |          0 |
|       g_camera_frontend[7].u_camera                              |                                                                             ov7670_frontend |       4021 |       4002 |       0 |   19 |  12361 |      0 |      1 |    0 |          0 |
|         (g_camera_frontend[7].u_camera)                          |                                                                             ov7670_frontend |        515 |        507 |       0 |    8 |   2629 |      0 |      0 |    0 |          0 |
|         u_cdc_diag_cdc                                           |                                                   xpm_cdc_array_single__parameterized14__30 |         17 |         17 |       0 |    0 |    271 |      0 |      0 |    0 |          0 |
|         u_control_cdc                                            |                                                        xpm_cdc_array_single__parameterized2 |          0 |          0 |       0 |    0 |     12 |      0 |      0 |    0 |          0 |
|         u_ctrl_diag_cdc                                          |                                                       xpm_cdc_array_single__parameterized12 |         34 |         34 |       0 |    0 |   1214 |      0 |      0 |    0 |          0 |
|         u_diagnostics                                            |                                                                            ov7670_axil_regs |       1905 |       1905 |       0 |    0 |     75 |      0 |      0 |    0 |          0 |
|         u_href_diag_cdc                                          |                                                        xpm_cdc_array_single__parameterized8 |          0 |          0 |       0 |    0 |    480 |      0 |      0 |    0 |          0 |
|         u_href_guard_diag_cdc                                    |                                                       xpm_cdc_array_single__parameterized14 |          7 |          7 |       0 |    0 |    281 |      0 |      0 |    0 |          0 |
|         u_href_line_guard                                        |                                                                         dvp_href_line_guard |         61 |         61 |       0 |    0 |    109 |      0 |      0 |    0 |          0 |
|         u_line_flush_diag_cdc                                    |                                                   xpm_cdc_array_single__parameterized15__54 |          0 |          0 |       0 |    0 |     96 |      0 |      0 |    0 |          0 |
|         u_ov7670_ctrl                                            |                                                                         ov7670_ztachip_ctrl |        228 |        228 |       0 |    0 |    399 |      0 |      1 |    0 |          0 |
|         u_pclk_diag_cdc                                          |                                                   xpm_cdc_array_single__parameterized11__32 |          4 |          4 |       0 |    0 |    764 |      0 |      0 |    0 |          0 |
|         u_pclk_extended_diag_cdc                                 |                                                   xpm_cdc_array_single__parameterized17__30 |          8 |          8 |       0 |    0 |    512 |      0 |      0 |    0 |          0 |
|         u_pclk_quality_diag_cdc                                  |                                                       xpm_cdc_array_single__parameterized16 |          3 |          3 |       0 |    0 |    320 |      0 |      0 |    0 |          0 |
|         u_pclk_recovery                                          |                                                                           dvp_pclk_recovery |       1063 |       1052 |       0 |   11 |   1291 |      0 |      0 |    0 |          0 |
|         u_pclk_snapshot_ack_cdc                                  |                                                              xpm_cdc_single__parameterized0 |          0 |          0 |       0 |    0 |      4 |      0 |      0 |    0 |          0 |
|         u_pclk_snapshot_cdc_high                                 |                                                       xpm_cdc_array_single__parameterized17 |         88 |         88 |       0 |    0 |    512 |      0 |      0 |    0 |          0 |
|         u_pclk_snapshot_cdc_low                                  |                                                       xpm_cdc_array_single__parameterized18 |         88 |         88 |       0 |    0 |   2048 |      0 |      0 |    0 |          0 |
|         u_rejected_vsync_diag_cdc                                |                                                   xpm_cdc_array_single__parameterized15__53 |          0 |          0 |       0 |    0 |     96 |      0 |      0 |    0 |          0 |
|         u_stream_diag_cdc                                        |                                                       xpm_cdc_array_single__parameterized11 |          0 |          0 |       0 |    0 |    768 |      0 |      0 |    0 |          0 |
|         u_timeout_abort_diag_cdc                                 |                                                   xpm_cdc_array_single__parameterized15__55 |          0 |          0 |       0 |    0 |     96 |      0 |      0 |    0 |          0 |
|         u_vsync_diag_cdc                                         |                                                       xpm_cdc_array_single__parameterized13 |          0 |          0 |       0 |    0 |    384 |      0 |      0 |    0 |          0 |
|       g_camera_frontend[7].u_camera_cdc                          |                                                                             camera_axis_cdc |        272 |        272 |       0 |    0 |    428 |     22 |      1 |    0 |          0 |
|         (g_camera_frontend[7].u_camera_cdc)                      |                                                                             camera_axis_cdc |        112 |        112 |       0 |    0 |    305 |      0 |      0 |    0 |          0 |
|         u_fifo                                                   |                                                            xpm_fifo_sync__parameterized2__8 |        160 |        160 |       0 |    0 |    123 |     22 |      1 |    0 |          0 |
|           (u_fifo)                                               |                                                            xpm_fifo_sync__parameterized2__8 |          0 |          0 |       0 |    0 |      0 |      0 |      0 |    0 |          0 |
|           xpm_fifo_base_inst                                     |                                                            xpm_fifo_base__parameterized8__8 |        160 |        160 |       0 |    0 |    123 |     22 |      1 |    0 |          0 |
|             (xpm_fifo_base_inst)                                 |                                                            xpm_fifo_base__parameterized8__8 |          2 |          2 |       0 |    0 |     20 |      0 |      0 |    0 |          0 |
|             gen_fwft.rdpp1_inst                                  |                                                                        xpm_counter_updn_478 |          5 |          5 |       0 |    0 |      2 |      0 |      0 |    0 |          0 |
|             gen_sdpram.xpm_memory_base_inst                      |                                                          xpm_memory_base__parameterized8__8 |         57 |         57 |       0 |    0 |     37 |     22 |      1 |    0 |          0 |
|             rdp_inst                                             |                                                           xpm_counter_updn__parameterized12 |         42 |         42 |       0 |    0 |     15 |      0 |      0 |    0 |          0 |
|             rdpp1_inst                                           |                                                           xpm_counter_updn__parameterized13 |         15 |         15 |       0 |    0 |     14 |      0 |      0 |    0 |          0 |
|             rst_d1_inst                                          |                                                                        xpm_fifo_reg_bit_479 |          0 |          0 |       0 |    0 |      1 |      0 |      0 |    0 |          0 |
|             wrp_inst                                             |                                                       xpm_counter_updn__parameterized12_480 |         34 |         34 |       0 |    0 |     15 |      0 |      0 |    0 |          0 |
|             wrpp1_inst                                           |                                                       xpm_counter_updn__parameterized13_481 |         14 |         14 |       0 |    0 |     14 |      0 |      0 |    0 |          0 |
|             xpm_fifo_rst_inst                                    |                                                            xpm_fifo_rst__parameterized0_482 |          3 |          3 |       0 |    0 |      5 |      0 |      0 |    0 |          0 |
|       g_camera_frontend[7].u_camera_stream                       |                                                       camera_axis_to_stream__parameterized6 |        123 |        123 |       0 |    0 |    452 |      0 |      0 |    0 |          0 |
|       g_camera_frontend[7].u_event_bridge                        |                                                                            dvp_event_bridge |        244 |        244 |       0 |    0 |    358 |      0 |      1 |    0 |          0 |
|         (g_camera_frontend[7].u_event_bridge)                    |                                                                            dvp_event_bridge |         32 |         32 |       0 |    0 |     48 |      0 |      0 |    0 |          0 |
|         u_event_fifo                                             |                                                              xpm_fifo_async__parameterized4 |        212 |        212 |       0 |    0 |    310 |      0 |      1 |    0 |          0 |
|           (u_event_fifo)                                         |                                                              xpm_fifo_async__parameterized4 |          0 |          0 |       0 |    0 |      0 |      0 |      0 |    0 |          0 |
|           gnuram_async_fifo.xpm_fifo_base_inst                   |                                                               xpm_fifo_base__parameterized7 |        212 |        212 |       0 |    0 |    310 |      0 |      1 |    0 |          0 |
|             (gnuram_async_fifo.xpm_fifo_base_inst)               |                                                               xpm_fifo_base__parameterized7 |          6 |          6 |       0 |    0 |     48 |      0 |      0 |    0 |          0 |
|             gen_cdc_pntr.rd_pntr_cdc_dc_inst                     |                                                            xpm_cdc_gray__parameterized1__24 |         15 |         15 |       0 |    0 |     33 |      0 |      0 |    0 |          0 |
|             gen_cdc_pntr.rd_pntr_cdc_inst                        |                                                                            xpm_cdc_gray__49 |         14 |         14 |       0 |    0 |     30 |      0 |      0 |    0 |          0 |
|             gen_cdc_pntr.rpw_gray_reg                            |                                                                        xpm_fifo_reg_vec_467 |          8 |          8 |       0 |    0 |     10 |      0 |      0 |    0 |          0 |
|             gen_cdc_pntr.rpw_gray_reg_dc                         |                                                        xpm_fifo_reg_vec__parameterized0_468 |          0 |          0 |       0 |    0 |     11 |      0 |      0 |    0 |          0 |
|             gen_cdc_pntr.wpr_gray_reg                            |                                                                        xpm_fifo_reg_vec_469 |          5 |          5 |       0 |    0 |     10 |      0 |      0 |    0 |          0 |
|             gen_cdc_pntr.wpr_gray_reg_dc                         |                                                        xpm_fifo_reg_vec__parameterized0_470 |          9 |          9 |       0 |    0 |     11 |      0 |      0 |    0 |          0 |
|             gen_cdc_pntr.wr_pntr_cdc_dc_inst                     |                                                            xpm_cdc_gray__parameterized0__24 |         16 |         16 |       0 |    0 |     55 |      0 |      0 |    0 |          0 |
|             gen_cdc_pntr.wr_pntr_cdc_inst                        |                                                                            xpm_cdc_gray__48 |         15 |         15 |       0 |    0 |     30 |      0 |      0 |    0 |          0 |
|             gen_fwft.rdpp1_inst                                  |                                                                        xpm_counter_updn_471 |          6 |          6 |       0 |    0 |      2 |      0 |      0 |    0 |          0 |
|             gen_sdpram.xpm_memory_base_inst                      |                                                          xpm_memory_base__parameterized7__8 |          0 |          0 |       0 |    0 |      0 |      0 |      1 |    0 |          0 |
|             rdp_inst                                             |                                                        xpm_counter_updn__parameterized0_472 |         42 |         42 |       0 |    0 |     11 |      0 |      0 |    0 |          0 |
|             rdpp1_inst                                           |                                                        xpm_counter_updn__parameterized1_473 |         10 |         10 |       0 |    0 |     10 |      0 |      0 |    0 |          0 |
|             rst_d1_inst                                          |                                                                        xpm_fifo_reg_bit_474 |          3 |          3 |       0 |    0 |      1 |      0 |      0 |    0 |          0 |
|             wrp_inst                                             |                                                        xpm_counter_updn__parameterized0_475 |         22 |         22 |       0 |    0 |     11 |      0 |      0 |    0 |          0 |
|             wrpp1_inst                                           |                                                        xpm_counter_updn__parameterized1_476 |         19 |         19 |       0 |    0 |     10 |      0 |      0 |    0 |          0 |
|             wrpp2_inst                                           |                                                        xpm_counter_updn__parameterized2_477 |          9 |          9 |       0 |    0 |     10 |      0 |      0 |    0 |          0 |
|             xpm_fifo_rst_inst                                    |                                                                                xpm_fifo_rst |         21 |         21 |       0 |    0 |     17 |      0 |      0 |    0 |          0 |
|               (xpm_fifo_rst_inst)                                |                                                                                xpm_fifo_rst |         21 |         21 |       0 |    0 |     13 |      0 |      0 |    0 |          0 |
|               gen_rst_ic.rrst_wr_inst                            |                                                                        xpm_cdc_sync_rst__89 |          0 |          0 |       0 |    0 |      2 |      0 |      0 |    0 |          0 |
|               gen_rst_ic.wrst_rd_inst                            |                                                                        xpm_cdc_sync_rst__88 |          0 |          0 |       0 |    0 |      2 |      0 |      0 |    0 |          0 |
|       g_camera_frontend[7].u_event_overflow_diag_cdc             |                                                   xpm_cdc_array_single__parameterized15__56 |          0 |          0 |       0 |    0 |     96 |      0 |      0 |    0 |          0 |
|       g_camera_frontend[7].u_pixel_assembler                     |                                                                  camera_pixel_assembler_466 |          6 |          6 |       0 |    0 |     32 |      0 |      0 |    0 |          0 |
|       u_camera_clocking                                          |                                                                             camera_clocking |          0 |          0 |       0 |    0 |      0 |      0 |      0 |    0 |          0 |
|         u_ov7670_clk_wiz                                         |                                                                              clk_wiz_ov7670 |          0 |          0 |       0 |    0 |      0 |      0 |      0 |    0 |          0 |
|           inst                                                   |                                                                      clk_wiz_ov7670_clk_wiz |          0 |          0 |       0 |    0 |      0 |      0 |      0 |    0 |          0 |
|       u_camera_init_scheduler                                    |                                                                       ov7670_init_scheduler |         16 |         16 |       0 |    0 |     12 |      0 |      0 |    0 |          0 |
|     u_hdmi                                                       |                                                                              hdmi_subsystem |      20698 |      18797 |    1588 |  313 |  29441 |      8 |      2 |    0 |          0 |
|       u_control                                                  |                                                                     video_control_subsystem |       1137 |       1119 |       0 |   18 |    855 |      0 |      0 |    0 |          0 |
|         (u_control)                                              |                                                                     video_control_subsystem |          0 |          0 |       0 |    0 |      0 |      0 |      0 |    0 |          0 |
|         u_gpio                                                   |                                                                                  axi_gpio_0 |        119 |        119 |       0 |    0 |    237 |      0 |      0 |    0 |          0 |
|           (u_gpio)                                               |                                                                                  axi_gpio_0 |          0 |          0 |       0 |    0 |      0 |      0 |      0 |    0 |          0 |
|           U0                                                     |                                                                          axi_gpio_0axi_gpio |        119 |        119 |       0 |    0 |    237 |      0 |      0 |    0 |          0 |
|             (U0)                                                 |                                                                          axi_gpio_0axi_gpio |          0 |          0 |       0 |    0 |     39 |      0 |      0 |    0 |          0 |
|             AXI_LITE_IPIF_I                                      |                                                                     axi_gpio_0axi_lite_ipif |        106 |        106 |       0 |    0 |     78 |      0 |      0 |    0 |          0 |
|               I_SLAVE_ATTACHMENT                                 |                                                                  axi_gpio_0slave_attachment |        106 |        106 |       0 |    0 |     78 |      0 |      0 |    0 |          0 |
|             INTR_CTRLR_GEN.INTERRUPT_CONTROL_I                   |                                                                 axi_gpio_0interrupt_control |          5 |          5 |       0 |    0 |     13 |      0 |      0 |    0 |          0 |
|             gpio_core_1                                          |                                                                         axi_gpio_0GPIO_Core |          8 |          8 |       0 |    0 |    107 |      0 |      0 |    0 |          0 |
|               (gpio_core_1)                                      |                                                                         axi_gpio_0GPIO_Core |          3 |          3 |       0 |    0 |     87 |      0 |      0 |    0 |          0 |
|               Dual.INPUT_DOUBLE_REGS5                            |                                                          axi_gpio_0cdc_sync__parameterized0 |          5 |          5 |       0 |    0 |     20 |      0 |      0 |    0 |          0 |
|         u_iic                                                    |                                                                                   axi_iic_0 |        385 |        367 |       0 |   18 |    352 |      0 |      0 |    0 |          0 |
|           (u_iic)                                                |                                                                                   axi_iic_0 |          0 |          0 |       0 |    0 |      0 |      0 |      0 |    0 |          0 |
|           U0                                                     |                                                                            axi_iic_0axi_iic |        385 |        367 |       0 |   18 |    352 |      0 |      0 |    0 |          0 |
|             (U0)                                                 |                                                                            axi_iic_0axi_iic |          0 |          0 |       0 |    0 |      0 |      0 |      0 |    0 |          0 |
|             X_IIC                                                |                                                                                axi_iic_0iic |        385 |        367 |       0 |   18 |    352 |      0 |      0 |    0 |          0 |
|               (X_IIC)                                            |                                                                                axi_iic_0iic |          0 |          0 |       0 |    0 |      4 |      0 |      0 |    0 |          0 |
|               DYN_MASTER_I                                       |                                                                     axi_iic_0dynamic_master |         15 |         15 |       0 |    0 |     16 |      0 |      0 |    0 |          0 |
|               FILTER_I                                           |                                                                             axi_iic_0filter |          1 |          1 |       0 |    0 |      8 |      0 |      0 |    0 |          0 |
|               IIC_CONTROL_I                                      |                                                                        axi_iic_0iic_control |        123 |        123 |       0 |    0 |    111 |      0 |      0 |    0 |          0 |
|               READ_FIFO_I                                        |                                                                           axi_iic_0SRL_FIFO |         18 |         10 |       0 |    8 |      5 |      0 |      0 |    0 |          0 |
|               REG_INTERFACE_I                                    |                                                                      axi_iic_0reg_interface |         61 |         61 |       0 |    0 |    108 |      0 |      0 |    0 |          0 |
|               WRITE_FIFO_CTRL_I                                  |                                                           axi_iic_0SRL_FIFO__parameterized0 |          9 |          7 |       0 |    2 |      5 |      0 |      0 |    0 |          0 |
|               WRITE_FIFO_I                                       |                                                                         axi_iic_0SRL_FIFO_0 |         20 |         12 |       0 |    8 |      5 |      0 |      0 |    0 |          0 |
|               X_AXI_IPIF_SSP1                                    |                                                                      axi_iic_0axi_ipif_ssp1 |        139 |        139 |       0 |    0 |     90 |      0 |      0 |    0 |          0 |
|         u_mmio_fabric                                            |                                                                           video_mmio_fabric |        188 |        188 |       0 |    0 |    135 |      0 |      0 |    0 |          0 |
|         u_peripheral_fabric                                      |                                                                     video_peripheral_fabric |        445 |        445 |       0 |    0 |    131 |      0 |      0 |    0 |          0 |
|       u_phy                                                      |                                                                          hdmi_phy_subsystem |       3559 |       3559 |       0 |    0 |   7884 |      0 |      0 |    0 |          0 |
|         (u_phy)                                                  |                                                                          hdmi_phy_subsystem |          0 |          0 |       0 |    0 |      0 |      0 |      0 |    0 |          0 |
|         u_tx_refclk_bufg                                         |                                                                              tx_refclk_bufg |          0 |          0 |       0 |    0 |      0 |      0 |      0 |    0 |          0 |
|           (u_tx_refclk_bufg)                                     |                                                                              tx_refclk_bufg |          0 |          0 |       0 |    0 |      0 |      0 |      0 |    0 |          0 |
|           U0                                                     |                                                                   tx_refclk_bufgutil_ds_buf |          0 |          0 |       0 |    0 |      0 |      0 |      0 |    0 |          0 |
|         u_tx_refclk_ibuf                                         |                                                                              tx_refclk_ibuf |          0 |          0 |       0 |    0 |      0 |      0 |      0 |    0 |          0 |
|           (u_tx_refclk_ibuf)                                     |                                                                              tx_refclk_ibuf |          0 |          0 |       0 |    0 |      0 |      0 |      0 |    0 |          0 |
|           U0                                                     |                                                                   tx_refclk_ibufutil_ds_buf |          0 |          0 |       0 |    0 |      0 |      0 |      0 |    0 |          0 |
|         u_vphy                                                   |                                                                        vid_phy_controller_0 |       3559 |       3559 |       0 |    0 |   7884 |      0 |      0 |    0 |          0 |
|           (u_vphy)                                               |                                                                        vid_phy_controller_0 |          0 |          0 |       0 |    0 |      0 |      0 |      0 |    0 |          0 |
|           inst                                                   |                                                                    vid_phy_controller_0_top |       3559 |       3559 |       0 |    0 |   7884 |      0 |      0 |    0 |          0 |
|             (inst)                                               |                                                                    vid_phy_controller_0_top |         54 |         54 |       0 |    0 |    124 |      0 |      0 |    0 |          0 |
|             clock_detector_inst                                  |                                                                 vid_phy_controller_0_clkdet |        246 |        246 |       0 |    0 |    489 |      0 |      0 |    0 |          0 |
|               (clock_detector_inst)                              |                                                                 vid_phy_controller_0_clkdet |        224 |        224 |       0 |    0 |    302 |      0 |      0 |    0 |          0 |
|               DRUCLK_FREQ_CAP_INST                               |                                 vid_phy_controller_0xpm_cdc_array_single__parameterized3__7 |          0 |          0 |       0 |    0 |     54 |      0 |      0 |    0 |          0 |
|               DRUCLK_RST_INST                                    |                                       vid_phy_controller_0xpm_cdc_async_rst__parameterized0 |          0 |          0 |       0 |    0 |      3 |      0 |      0 |    0 |          0 |
|               DRUCLK_RUN_SYNC_INST                               |                                      vid_phy_controller_0xpm_cdc_single__parameterized0__82 |          0 |          0 |       0 |    0 |      3 |      0 |      0 |    0 |          0 |
|               RXCLK_FREQ_CAP_INST                                |                                 vid_phy_controller_0xpm_cdc_array_single__parameterized3__6 |          0 |          0 |       0 |    0 |     54 |      0 |      0 |    0 |          0 |
|               RXCLK_RST_INST                                     |                                    vid_phy_controller_0xpm_cdc_async_rst__parameterized0__2 |          0 |          0 |       0 |    0 |      3 |      0 |      0 |    0 |          0 |
|               RXCLK_RUN_SYNC_INST                                |                                      vid_phy_controller_0xpm_cdc_single__parameterized0__81 |          0 |          0 |       0 |    0 |      3 |      0 |      0 |    0 |          0 |
|               RX_FREQ_LOCK_EDGE_INST                             |                                vid_phy_controller_0vid_phy_controller_v2_2_17_lib_edge_v1_0 |          1 |          1 |       0 |    0 |      1 |      0 |      0 |    0 |          0 |
|               RX_TMR_END_EDGE_INST                               |                              vid_phy_controller_0vid_phy_controller_v2_2_17_lib_edge_v1_0_0 |         10 |         10 |       0 |    0 |      1 |      0 |      0 |    0 |          0 |
|               TXCLK_FREQ_CAP_INST                                |                                 vid_phy_controller_0xpm_cdc_array_single__parameterized3__5 |          0 |          0 |       0 |    0 |     54 |      0 |      0 |    0 |          0 |
|               TXCLK_RST_INST                                     |                                    vid_phy_controller_0xpm_cdc_async_rst__parameterized0__1 |          0 |          0 |       0 |    0 |      3 |      0 |      0 |    0 |          0 |
|               TXCLK_RUN_SYNC_INST                                |                                      vid_phy_controller_0xpm_cdc_single__parameterized0__80 |          0 |          0 |       0 |    0 |      3 |      0 |      0 |    0 |          0 |
|               TX_FREQ_LOCK_EDGE_INST                             |                              vid_phy_controller_0vid_phy_controller_v2_2_17_lib_edge_v1_0_1 |          1 |          1 |       0 |    0 |      1 |      0 |      0 |    0 |          0 |
|               TX_LOCK_CAP_INST                                   |                                      vid_phy_controller_0xpm_cdc_single__parameterized0__79 |          0 |          0 |       0 |    0 |      3 |      0 |      0 |    0 |          0 |
|               TX_TMR_END_EDGE_INST                               |                              vid_phy_controller_0vid_phy_controller_v2_2_17_lib_edge_v1_0_2 |         10 |         10 |       0 |    0 |      1 |      0 |      0 |    0 |          0 |
|             drp_control_b0gt0_inst                               |  vid_phy_controller_0vid_phy_controller_v2_2_17_drp_control_hdmi__parameterized0__xdcDup__1 |         39 |         39 |       0 |    0 |    286 |      0 |      0 |    0 |          0 |
|               (drp_control_b0gt0_inst)                           |  vid_phy_controller_0vid_phy_controller_v2_2_17_drp_control_hdmi__parameterized0__xdcDup__1 |         22 |         22 |       0 |    0 |     84 |      0 |      0 |    0 |          0 |
|               xpm_handshake_DRP_Config_inst                      |                                 vid_phy_controller_0xpm_cdc_array_single__parameterized0__9 |          2 |          2 |       0 |    0 |     99 |      0 |      0 |    0 |          0 |
|               xpm_handshake_DRP_Status_inst                      |                                 vid_phy_controller_0xpm_cdc_array_single__parameterized1__9 |         15 |         15 |       0 |    0 |     96 |      0 |      0 |    0 |          0 |
|               xpm_single_DRP_Rsp_Rd_Toggle_inst                  |                                      vid_phy_controller_0xpm_cdc_single__parameterized0__69 |          0 |          0 |       0 |    0 |      3 |      0 |      0 |    0 |          0 |
|               xpm_single_drp_reset_RST_inst                      |                                                    vid_phy_controller_0xpm_cdc_async_rst__8 |          0 |          0 |       0 |    0 |      4 |      0 |      0 |    0 |          0 |
|             drp_control_b0gt1_inst                               |  vid_phy_controller_0vid_phy_controller_v2_2_17_drp_control_hdmi__parameterized0__xdcDup__2 |         40 |         40 |       0 |    0 |    286 |      0 |      0 |    0 |          0 |
|               (drp_control_b0gt1_inst)                           |  vid_phy_controller_0vid_phy_controller_v2_2_17_drp_control_hdmi__parameterized0__xdcDup__2 |         23 |         23 |       0 |    0 |     84 |      0 |      0 |    0 |          0 |
|               xpm_handshake_DRP_Config_inst                      |                                vid_phy_controller_0xpm_cdc_array_single__parameterized0__10 |          2 |          2 |       0 |    0 |     99 |      0 |      0 |    0 |          0 |
|               xpm_handshake_DRP_Status_inst                      |                                vid_phy_controller_0xpm_cdc_array_single__parameterized1__10 |         15 |         15 |       0 |    0 |     96 |      0 |      0 |    0 |          0 |
|               xpm_single_DRP_Rsp_Rd_Toggle_inst                  |                                      vid_phy_controller_0xpm_cdc_single__parameterized0__71 |          0 |          0 |       0 |    0 |      3 |      0 |      0 |    0 |          0 |
|               xpm_single_drp_reset_RST_inst                      |                                                    vid_phy_controller_0xpm_cdc_async_rst__9 |          0 |          0 |       0 |    0 |      4 |      0 |      0 |    0 |          0 |
|             drp_control_b0gt2_inst                               |  vid_phy_controller_0vid_phy_controller_v2_2_17_drp_control_hdmi__parameterized0__xdcDup__3 |         39 |         39 |       0 |    0 |    286 |      0 |      0 |    0 |          0 |
|               (drp_control_b0gt2_inst)                           |  vid_phy_controller_0vid_phy_controller_v2_2_17_drp_control_hdmi__parameterized0__xdcDup__3 |         22 |         22 |       0 |    0 |     84 |      0 |      0 |    0 |          0 |
|               xpm_handshake_DRP_Config_inst                      |                                vid_phy_controller_0xpm_cdc_array_single__parameterized0__11 |          2 |          2 |       0 |    0 |     99 |      0 |      0 |    0 |          0 |
|               xpm_handshake_DRP_Status_inst                      |                                vid_phy_controller_0xpm_cdc_array_single__parameterized1__11 |         15 |         15 |       0 |    0 |     96 |      0 |      0 |    0 |          0 |
|               xpm_single_DRP_Rsp_Rd_Toggle_inst                  |                                      vid_phy_controller_0xpm_cdc_single__parameterized0__73 |          0 |          0 |       0 |    0 |      3 |      0 |      0 |    0 |          0 |
|               xpm_single_drp_reset_RST_inst                      |                                                   vid_phy_controller_0xpm_cdc_async_rst__10 |          0 |          0 |       0 |    0 |      4 |      0 |      0 |    0 |          0 |
|             drp_control_b0gt3_inst                               |  vid_phy_controller_0vid_phy_controller_v2_2_17_drp_control_hdmi__parameterized0__xdcDup__4 |         39 |         39 |       0 |    0 |    286 |      0 |      0 |    0 |          0 |
|               (drp_control_b0gt3_inst)                           |  vid_phy_controller_0vid_phy_controller_v2_2_17_drp_control_hdmi__parameterized0__xdcDup__4 |         22 |         22 |       0 |    0 |     84 |      0 |      0 |    0 |          0 |
|               xpm_handshake_DRP_Config_inst                      |                                vid_phy_controller_0xpm_cdc_array_single__parameterized0__12 |          2 |          2 |       0 |    0 |     99 |      0 |      0 |    0 |          0 |
|               xpm_handshake_DRP_Status_inst                      |                                vid_phy_controller_0xpm_cdc_array_single__parameterized1__12 |         15 |         15 |       0 |    0 |     96 |      0 |      0 |    0 |          0 |
|               xpm_single_DRP_Rsp_Rd_Toggle_inst                  |                                      vid_phy_controller_0xpm_cdc_single__parameterized0__75 |          0 |          0 |       0 |    0 |      3 |      0 |      0 |    0 |          0 |
|               xpm_single_drp_reset_RST_inst                      |                                                   vid_phy_controller_0xpm_cdc_async_rst__11 |          0 |          0 |       0 |    0 |      4 |      0 |      0 |    0 |          0 |
|             drp_control_b0gtcommon_inst                          |             vid_phy_controller_0vid_phy_controller_v2_2_17_drp_control_hdmi__parameterized0 |         39 |         39 |       0 |    0 |    286 |      0 |      0 |    0 |          0 |
|               (drp_control_b0gtcommon_inst)                      |             vid_phy_controller_0vid_phy_controller_v2_2_17_drp_control_hdmi__parameterized0 |         22 |         22 |       0 |    0 |     84 |      0 |      0 |    0 |          0 |
|               xpm_handshake_DRP_Config_inst                      |                                    vid_phy_controller_0xpm_cdc_array_single__parameterized0 |          2 |          2 |       0 |    0 |     99 |      0 |      0 |    0 |          0 |
|               xpm_handshake_DRP_Status_inst                      |                                    vid_phy_controller_0xpm_cdc_array_single__parameterized1 |         15 |         15 |       0 |    0 |     96 |      0 |      0 |    0 |          0 |
|               xpm_single_DRP_Rsp_Rd_Toggle_inst                  |                                      vid_phy_controller_0xpm_cdc_single__parameterized0__77 |          0 |          0 |       0 |    0 |      3 |      0 |      0 |    0 |          0 |
|               xpm_single_drp_reset_RST_inst                      |                                                       vid_phy_controller_0xpm_cdc_async_rst |          0 |          0 |       0 |    0 |      4 |      0 |      0 |    0 |          0 |
|             gt_common_inst                                       |                                         vid_phy_controller_0_gtwrapper_gtye4_common_wrapper |         31 |         31 |       0 |    0 |      0 |      0 |      0 |    0 |          0 |
|               common_inst                                        |                                                           vid_phy_controller_0_gtye4_common |         31 |         31 |       0 |    0 |      0 |      0 |      0 |    0 |          0 |
|             gt_usrclk_source_inst                                |                                               vid_phy_controller_0_gt_usrclk_source_8series |        118 |        118 |       0 |    0 |    570 |      0 |      0 |    0 |          0 |
|               (gt_usrclk_source_inst)                            |                                               vid_phy_controller_0_gt_usrclk_source_8series |          2 |          2 |       0 |    0 |      4 |      0 |      0 |    0 |          0 |
|               rx_mmcm.RXPLL_DRP_INST                             |                             vid_phy_controller_0vid_phy_controller_v2_2_17_drp_control_hdmi |         40 |         40 |       0 |    0 |    280 |      0 |      0 |    0 |          0 |
|               rx_mmcm.rxoutclk_mmcm0_i                           |                                   vid_phy_controller_0_CLOCK_MODULE_8series__parameterized0 |         18 |         18 |       0 |    0 |      3 |      0 |      0 |    0 |          0 |
|               tx_mmcm.TXPLL_DRP_INST                             |                  vid_phy_controller_0vid_phy_controller_v2_2_17_drp_control_hdmi__xdcDup__1 |         40 |         40 |       0 |    0 |    280 |      0 |      0 |    0 |          0 |
|               tx_mmcm.txoutclk_mmcm0_i                           |                                                   vid_phy_controller_0_CLOCK_MODULE_8series |         18 |         18 |       0 |    0 |      3 |      0 |      0 |    0 |          0 |
|             gt_wrapper_inst                                      |                                                              vid_phy_controller_0_gtwrapper |       1927 |       1927 |       0 |    0 |   3221 |      0 |      0 |    0 |          0 |
|               (gt_wrapper_inst)                                  |                                                              vid_phy_controller_0_gtwrapper |          0 |          0 |       0 |    0 |      0 |      0 |      0 |    0 |          0 |
|               inst                                               |                                                 vid_phy_controller_0_gtwrapper_gtwizard_top |       1927 |       1927 |       0 |    0 |   3221 |      0 |      0 |    0 |          0 |
|             tx_tmdsclk_patgen_inst                               |                         vid_phy_controller_0vid_phy_controller_v2_2_17_gt_tx_tmdsclk_patgen |         35 |         35 |       0 |    0 |     49 |      0 |      0 |    0 |          0 |
|               (tx_tmdsclk_patgen_inst)                           |                         vid_phy_controller_0vid_phy_controller_v2_2_17_gt_tx_tmdsclk_patgen |         35 |         35 |       0 |    0 |     37 |      0 |      0 |    0 |          0 |
|               BIT_REP_IN_SYNC_INST                               |                                 vid_phy_controller_0xpm_cdc_array_single__parameterized2__5 |          0 |          0 |       0 |    0 |      9 |      0 |      0 |    0 |          0 |
|               RESET_IN_SYNC_INST                                 |                                      vid_phy_controller_0xpm_cdc_single__parameterized0__68 |          0 |          0 |       0 |    0 |      3 |      0 |      0 |    0 |          0 |
|             vid_phy_controller_v2_2_17_vid_phy_axi4lite_inst     |                                     vid_phy_controller_0vid_phy_controller_v2_2_17_axi4lite |        953 |        953 |       0 |    0 |   1397 |      0 |      0 |    0 |          0 |
|               (vid_phy_controller_v2_2_17_vid_phy_axi4lite_inst) |                                     vid_phy_controller_0vid_phy_controller_v2_2_17_axi4lite |        885 |        885 |       0 |    0 |   1372 |      0 |      0 |    0 |          0 |
|               vid_phy_controller_interrupts_inst                 |                                   vid_phy_controller_0vid_phy_controller_v2_2_17_interrupts |         68 |         68 |       0 |    0 |     25 |      0 |      0 |    0 |          0 |
|             xpm_array_gtwiz_reset_sync_inst                      |                                                    vid_phy_controller_0xpm_cdc_array_single |          0 |          0 |       0 |    0 |     16 |      0 |      0 |    0 |          0 |
|             xpm_array_single_cpll_cal_cnt_tol_b0_inst            |                                    vid_phy_controller_0xpm_cdc_array_single__parameterized3 |          0 |          0 |       0 |    0 |     54 |      0 |      0 |    0 |          0 |
|             xpm_array_single_cpll_cal_txoutclk_period_b0_inst    |                                 vid_phy_controller_0xpm_cdc_array_single__parameterized3__8 |          0 |          0 |       0 |    0 |     54 |      0 |      0 |    0 |          0 |
|             xpm_array_single_qpll0lock_b0_inst                   |                                     vid_phy_controller_0xpm_cdc_single__parameterized0__126 |          0 |          0 |       0 |    0 |      3 |      0 |      0 |    0 |          0 |
|             xpm_array_single_qpll0lock_out_dly_sync_inst         |                                     vid_phy_controller_0xpm_cdc_single__parameterized0__128 |          0 |          0 |       0 |    0 |      3 |      0 |      0 |    0 |          0 |
|             xpm_array_single_qpll1lock_b0_inst                   |                                     vid_phy_controller_0xpm_cdc_single__parameterized0__127 |          0 |          0 |       0 |    0 |      3 |      0 |      0 |    0 |          0 |
|             xpm_array_single_rxbufstatus_b00_inst                |                                 vid_phy_controller_0xpm_cdc_array_single__parameterized2__6 |          0 |          0 |       0 |    0 |      9 |      0 |      0 |    0 |          0 |
|             xpm_array_single_rxbufstatus_b01_inst                |                                 vid_phy_controller_0xpm_cdc_array_single__parameterized2__7 |          0 |          0 |       0 |    0 |      9 |      0 |      0 |    0 |          0 |
|             xpm_array_single_rxbufstatus_b02_inst                |                                 vid_phy_controller_0xpm_cdc_array_single__parameterized2__8 |          0 |          0 |       0 |    0 |      9 |      0 |      0 |    0 |          0 |
|             xpm_array_single_rxbufstatus_b03_inst                |                                    vid_phy_controller_0xpm_cdc_array_single__parameterized2 |          0 |          0 |       0 |    0 |      9 |      0 |      0 |    0 |          0 |
|             xpm_array_single_rxcdrlock_b00_inst                  |                                      vid_phy_controller_0xpm_cdc_single__parameterized0__90 |          0 |          0 |       0 |    0 |      3 |      0 |      0 |    0 |          0 |
|             xpm_array_single_rxcdrlock_b01_inst                  |                                      vid_phy_controller_0xpm_cdc_single__parameterized0__99 |          0 |          0 |       0 |    0 |      3 |      0 |      0 |    0 |          0 |
|             xpm_array_single_rxcdrlock_b02_inst                  |                                     vid_phy_controller_0xpm_cdc_single__parameterized0__108 |          0 |          0 |       0 |    0 |      3 |      0 |      0 |    0 |          0 |
|             xpm_array_single_rxcdrlock_b03_inst                  |                                     vid_phy_controller_0xpm_cdc_single__parameterized0__117 |          0 |          0 |       0 |    0 |      3 |      0 |      0 |    0 |          0 |
|             xpm_array_single_rxpllclksel_in_drp0_inst            |                                                      vid_phy_controller_0xpm_cdc_single__21 |          0 |          0 |       0 |    0 |      4 |      0 |      0 |    0 |          0 |
|             xpm_array_single_rxpllclksel_in_drp1_inst            |                                                      vid_phy_controller_0xpm_cdc_single__23 |          0 |          0 |       0 |    0 |      4 |      0 |      0 |    0 |          0 |
|             xpm_array_single_rxpllclksel_in_drp2_inst            |                                                      vid_phy_controller_0xpm_cdc_single__25 |          0 |          0 |       0 |    0 |      4 |      0 |      0 |    0 |          0 |
|             xpm_array_single_rxpllclksel_in_drp3_inst            |                                                      vid_phy_controller_0xpm_cdc_single__27 |          0 |          0 |       0 |    0 |      4 |      0 |      0 |    0 |          0 |
|             xpm_array_single_rxpllclksel_in_drp4_inst            |                                                      vid_phy_controller_0xpm_cdc_single__29 |          0 |          0 |       0 |    0 |      4 |      0 |      0 |    0 |          0 |
|             xpm_array_single_rxpllclksel_in_drp5_inst            |                                                      vid_phy_controller_0xpm_cdc_single__31 |          0 |          0 |       0 |    0 |      4 |      0 |      0 |    0 |          0 |
|             xpm_array_single_rxpllclksel_in_drp6_inst            |                                                      vid_phy_controller_0xpm_cdc_single__33 |          0 |          0 |       0 |    0 |      4 |      0 |      0 |    0 |          0 |
|             xpm_array_single_rxpllclksel_in_drp7_inst            |                                                      vid_phy_controller_0xpm_cdc_single__35 |          0 |          0 |       0 |    0 |      4 |      0 |      0 |    0 |          0 |
|             xpm_array_single_rxpmaresetdone_b00_inst             |                                      vid_phy_controller_0xpm_cdc_single__parameterized0__97 |          0 |          0 |       0 |    0 |      3 |      0 |      0 |    0 |          0 |
|             xpm_array_single_rxpmaresetdone_b01_inst             |                                     vid_phy_controller_0xpm_cdc_single__parameterized0__106 |          0 |          0 |       0 |    0 |      3 |      0 |      0 |    0 |          0 |
|             xpm_array_single_rxpmaresetdone_b02_inst             |                                     vid_phy_controller_0xpm_cdc_single__parameterized0__115 |          0 |          0 |       0 |    0 |      3 |      0 |      0 |    0 |          0 |
|             xpm_array_single_rxpmaresetdone_b03_inst             |                                     vid_phy_controller_0xpm_cdc_single__parameterized0__124 |          0 |          0 |       0 |    0 |      3 |      0 |      0 |    0 |          0 |
|             xpm_array_single_rxprbssel_b00_inst                  |                                 vid_phy_controller_0xpm_cdc_array_single__parameterized4__8 |          0 |          0 |       0 |    0 |     12 |      0 |      0 |    0 |          0 |
|             xpm_array_single_rxprbssel_b01_inst                  |                                vid_phy_controller_0xpm_cdc_array_single__parameterized4__10 |          0 |          0 |       0 |    0 |     12 |      0 |      0 |    0 |          0 |
|             xpm_array_single_rxprbssel_b02_inst                  |                                vid_phy_controller_0xpm_cdc_array_single__parameterized4__12 |          0 |          0 |       0 |    0 |     12 |      0 |      0 |    0 |          0 |
|             xpm_array_single_rxprbssel_b03_inst                  |                                vid_phy_controller_0xpm_cdc_array_single__parameterized4__14 |          0 |          0 |       0 |    0 |     12 |      0 |      0 |    0 |          0 |
|             xpm_array_single_txbufstatus_b00_inst                |                                 vid_phy_controller_0xpm_cdc_array_single__parameterized6__9 |          0 |          0 |       0 |    0 |      6 |      0 |      0 |    0 |          0 |
|             xpm_array_single_txbufstatus_b01_inst                |                                vid_phy_controller_0xpm_cdc_array_single__parameterized6__11 |          0 |          0 |       0 |    0 |      6 |      0 |      0 |    0 |          0 |
|             xpm_array_single_txbufstatus_b02_inst                |                                vid_phy_controller_0xpm_cdc_array_single__parameterized6__13 |          0 |          0 |       0 |    0 |      6 |      0 |      0 |    0 |          0 |
|             xpm_array_single_txbufstatus_b03_inst                |                                    vid_phy_controller_0xpm_cdc_array_single__parameterized6 |          0 |          0 |       0 |    0 |      6 |      0 |      0 |    0 |          0 |
|             xpm_array_single_txdiffctrl_b00_inst                 |                                 vid_phy_controller_0xpm_cdc_array_single__parameterized5__4 |          1 |          1 |       0 |    0 |     15 |      0 |      0 |    0 |          0 |
|             xpm_array_single_txdiffctrl_b01_inst                 |                                 vid_phy_controller_0xpm_cdc_array_single__parameterized5__5 |          1 |          1 |       0 |    0 |     15 |      0 |      0 |    0 |          0 |
|             xpm_array_single_txdiffctrl_b02_inst                 |                                 vid_phy_controller_0xpm_cdc_array_single__parameterized5__6 |          1 |          1 |       0 |    0 |     15 |      0 |      0 |    0 |          0 |
|             xpm_array_single_txdiffctrl_b03_inst                 |                                    vid_phy_controller_0xpm_cdc_array_single__parameterized5 |          1 |          1 |       0 |    0 |     15 |      0 |      0 |    0 |          0 |
|             xpm_array_single_txelecidle_b00_inst                 |                                                      vid_phy_controller_0xpm_cdc_single__36 |          0 |          0 |       0 |    0 |      4 |      0 |      0 |    0 |          0 |
|             xpm_array_single_txelecidle_b01_inst                 |                                                      vid_phy_controller_0xpm_cdc_single__37 |          0 |          0 |       0 |    0 |      4 |      0 |      0 |    0 |          0 |
|             xpm_array_single_txelecidle_b02_inst                 |                                                      vid_phy_controller_0xpm_cdc_single__38 |          0 |          0 |       0 |    0 |      4 |      0 |      0 |    0 |          0 |
|             xpm_array_single_txelecidle_b03_inst                 |                                                          vid_phy_controller_0xpm_cdc_single |          0 |          0 |       0 |    0 |      4 |      0 |      0 |    0 |          0 |
|             xpm_array_single_txinhibit_b00_inst                  |                                      vid_phy_controller_0xpm_cdc_single__parameterized0__94 |          0 |          0 |       0 |    0 |      3 |      0 |      0 |    0 |          0 |
|             xpm_array_single_txinhibit_b01_inst                  |                                     vid_phy_controller_0xpm_cdc_single__parameterized0__103 |          0 |          0 |       0 |    0 |      3 |      0 |      0 |    0 |          0 |
|             xpm_array_single_txinhibit_b02_inst                  |                                     vid_phy_controller_0xpm_cdc_single__parameterized0__112 |          0 |          0 |       0 |    0 |      3 |      0 |      0 |    0 |          0 |
|             xpm_array_single_txinhibit_b03_inst                  |                                     vid_phy_controller_0xpm_cdc_single__parameterized0__121 |          0 |          0 |       0 |    0 |      3 |      0 |      0 |    0 |          0 |
|             xpm_array_single_txpd_b00_inst                       |                                 vid_phy_controller_0xpm_cdc_array_single__parameterized6__8 |          0 |          0 |       0 |    0 |      6 |      0 |      0 |    0 |          0 |
|             xpm_array_single_txpd_b01_inst                       |                                vid_phy_controller_0xpm_cdc_array_single__parameterized6__10 |          0 |          0 |       0 |    0 |      6 |      0 |      0 |    0 |          0 |
|             xpm_array_single_txpd_b02_inst                       |                                vid_phy_controller_0xpm_cdc_array_single__parameterized6__12 |          0 |          0 |       0 |    0 |      6 |      0 |      0 |    0 |          0 |
|             xpm_array_single_txpd_b03_inst                       |                                vid_phy_controller_0xpm_cdc_array_single__parameterized6__14 |          0 |          0 |       0 |    0 |      6 |      0 |      0 |    0 |          0 |
|             xpm_array_single_txpllclksel_in_drp0_inst            |                                                      vid_phy_controller_0xpm_cdc_single__20 |          0 |          0 |       0 |    0 |      4 |      0 |      0 |    0 |          0 |
|             xpm_array_single_txpllclksel_in_drp1_inst            |                                                      vid_phy_controller_0xpm_cdc_single__22 |          0 |          0 |       0 |    0 |      4 |      0 |      0 |    0 |          0 |
|             xpm_array_single_txpllclksel_in_drp2_inst            |                                                      vid_phy_controller_0xpm_cdc_single__24 |          0 |          0 |       0 |    0 |      4 |      0 |      0 |    0 |          0 |
|             xpm_array_single_txpllclksel_in_drp3_inst            |                                                      vid_phy_controller_0xpm_cdc_single__26 |          0 |          0 |       0 |    0 |      4 |      0 |      0 |    0 |          0 |
|             xpm_array_single_txpllclksel_in_drp4_inst            |                                                      vid_phy_controller_0xpm_cdc_single__28 |          0 |          0 |       0 |    0 |      4 |      0 |      0 |    0 |          0 |
|             xpm_array_single_txpllclksel_in_drp5_inst            |                                                      vid_phy_controller_0xpm_cdc_single__30 |          0 |          0 |       0 |    0 |      4 |      0 |      0 |    0 |          0 |
|             xpm_array_single_txpllclksel_in_drp6_inst            |                                                      vid_phy_controller_0xpm_cdc_single__32 |          0 |          0 |       0 |    0 |      4 |      0 |      0 |    0 |          0 |
|             xpm_array_single_txpllclksel_in_drp7_inst            |                                                      vid_phy_controller_0xpm_cdc_single__34 |          0 |          0 |       0 |    0 |      4 |      0 |      0 |    0 |          0 |
|             xpm_array_single_txpmaresetdone_b00_inst             |                                      vid_phy_controller_0xpm_cdc_single__parameterized0__98 |          0 |          0 |       0 |    0 |      3 |      0 |      0 |    0 |          0 |
|             xpm_array_single_txpmaresetdone_b01_inst             |                                     vid_phy_controller_0xpm_cdc_single__parameterized0__107 |          0 |          0 |       0 |    0 |      3 |      0 |      0 |    0 |          0 |
|             xpm_array_single_txpmaresetdone_b02_inst             |                                     vid_phy_controller_0xpm_cdc_single__parameterized0__116 |          0 |          0 |       0 |    0 |      3 |      0 |      0 |    0 |          0 |
|             xpm_array_single_txpmaresetdone_b03_inst             |                                     vid_phy_controller_0xpm_cdc_single__parameterized0__125 |          0 |          0 |       0 |    0 |      3 |      0 |      0 |    0 |          0 |
|             xpm_array_single_txpolarity_b00_inst                 |                                      vid_phy_controller_0xpm_cdc_single__parameterized0__95 |          0 |          0 |       0 |    0 |      3 |      0 |      0 |    0 |          0 |
|             xpm_array_single_txpolarity_b01_inst                 |                                     vid_phy_controller_0xpm_cdc_single__parameterized0__104 |          0 |          0 |       0 |    0 |      3 |      0 |      0 |    0 |          0 |
|             xpm_array_single_txpolarity_b02_inst                 |                                     vid_phy_controller_0xpm_cdc_single__parameterized0__113 |          0 |          0 |       0 |    0 |      3 |      0 |      0 |    0 |          0 |
|             xpm_array_single_txpolarity_b03_inst                 |                                     vid_phy_controller_0xpm_cdc_single__parameterized0__122 |          0 |          0 |       0 |    0 |      3 |      0 |      0 |    0 |          0 |
|             xpm_array_single_txprbsforceerr_b00_inst             |                                      vid_phy_controller_0xpm_cdc_single__parameterized0__96 |          0 |          0 |       0 |    0 |      3 |      0 |      0 |    0 |          0 |
|             xpm_array_single_txprbsforceerr_b01_inst             |                                     vid_phy_controller_0xpm_cdc_single__parameterized0__105 |          0 |          0 |       0 |    0 |      3 |      0 |      0 |    0 |          0 |
|             xpm_array_single_txprbsforceerr_b02_inst             |                                     vid_phy_controller_0xpm_cdc_single__parameterized0__114 |          0 |          0 |       0 |    0 |      3 |      0 |      0 |    0 |          0 |
|             xpm_array_single_txprbsforceerr_b03_inst             |                                     vid_phy_controller_0xpm_cdc_single__parameterized0__123 |          0 |          0 |       0 |    0 |      3 |      0 |      0 |    0 |          0 |
|             xpm_array_single_txprbssel_b00_inst                  |                                 vid_phy_controller_0xpm_cdc_array_single__parameterized4__9 |          0 |          0 |       0 |    0 |     12 |      0 |      0 |    0 |          0 |
|             xpm_array_single_txprbssel_b01_inst                  |                                vid_phy_controller_0xpm_cdc_array_single__parameterized4__11 |          0 |          0 |       0 |    0 |     12 |      0 |      0 |    0 |          0 |
|             xpm_array_single_txprbssel_b02_inst                  |                                vid_phy_controller_0xpm_cdc_array_single__parameterized4__13 |          0 |          0 |       0 |    0 |     12 |      0 |      0 |    0 |          0 |
|             xpm_array_single_txprbssel_b03_inst                  |                                    vid_phy_controller_0xpm_cdc_array_single__parameterized4 |          0 |          0 |       0 |    0 |     12 |      0 |      0 |    0 |          0 |
|             xpm_cdc_async_rst_QPLL_axi4lite_to_drp_resetn_inst   |                                       vid_phy_controller_0xpm_cdc_async_rst__parameterized1 |          1 |          1 |       0 |    0 |      4 |      0 |      0 |    0 |          0 |
|             xpm_single_buffbypass_tx_done_b0_inst                |                                      vid_phy_controller_0xpm_cdc_single__parameterized0__86 |          0 |          0 |       0 |    0 |      3 |      0 |      0 |    0 |          0 |
|             xpm_single_buffbypass_tx_error_b0_inst               |                                      vid_phy_controller_0xpm_cdc_single__parameterized0__89 |          0 |          0 |       0 |    0 |      3 |      0 |      0 |    0 |          0 |
|             xpm_single_buffbypass_tx_reset_b0_inst               |                                      vid_phy_controller_0xpm_cdc_single__parameterized0__87 |          0 |          0 |       0 |    0 |      3 |      0 |      0 |    0 |          0 |
|             xpm_single_buffbypass_tx_start_b0_inst               |                                      vid_phy_controller_0xpm_cdc_single__parameterized0__88 |          0 |          0 |       0 |    0 |      3 |      0 |      0 |    0 |          0 |
|             xpm_single_drp_rdy_b0_common_inst                    |                                      vid_phy_controller_0xpm_cdc_single__parameterized0__78 |          0 |          0 |       0 |    0 |      3 |      0 |      0 |    0 |          0 |
|             xpm_single_drp_rdy_b0gt0_inst                        |                                      vid_phy_controller_0xpm_cdc_single__parameterized0__70 |          0 |          0 |       0 |    0 |      3 |      0 |      0 |    0 |          0 |
|             xpm_single_drp_rdy_b0gt1_inst                        |                                      vid_phy_controller_0xpm_cdc_single__parameterized0__72 |          0 |          0 |       0 |    0 |      3 |      0 |      0 |    0 |          0 |
|             xpm_single_drp_rdy_b0gt2_inst                        |                                      vid_phy_controller_0xpm_cdc_single__parameterized0__74 |          0 |          0 |       0 |    0 |      3 |      0 |      0 |    0 |          0 |
|             xpm_single_drp_rdy_b0gt3_inst                        |                                      vid_phy_controller_0xpm_cdc_single__parameterized0__76 |          0 |          0 |       0 |    0 |      3 |      0 |      0 |    0 |          0 |
|             xpm_single_gtwiz_reset_rx_done_out_b0_inst           |                                      vid_phy_controller_0xpm_cdc_single__parameterized0__85 |          0 |          0 |       0 |    0 |      3 |      0 |      0 |    0 |          0 |
|             xpm_single_gtwiz_reset_tx_done_out_b0_inst           |                                      vid_phy_controller_0xpm_cdc_single__parameterized0__84 |          0 |          0 |       0 |    0 |      3 |      0 |      0 |    0 |          0 |
|             xpm_single_prbserr_out_sync_b0gt0inst                |                                      vid_phy_controller_0xpm_cdc_single__parameterized0__93 |          0 |          0 |       0 |    0 |      3 |      0 |      0 |    0 |          0 |
|             xpm_single_prbserr_out_sync_b0gt1inst                |                                     vid_phy_controller_0xpm_cdc_single__parameterized0__102 |          0 |          0 |       0 |    0 |      3 |      0 |      0 |    0 |          0 |
|             xpm_single_prbserr_out_sync_b0gt2inst                |                                     vid_phy_controller_0xpm_cdc_single__parameterized0__111 |          0 |          0 |       0 |    0 |      3 |      0 |      0 |    0 |          0 |
|             xpm_single_prbserr_out_sync_b0gt3inst                |                                     vid_phy_controller_0xpm_cdc_single__parameterized0__120 |          0 |          0 |       0 |    0 |      3 |      0 |      0 |    0 |          0 |
|             xpm_single_rxpolarity_b00_inst                       |                                      vid_phy_controller_0xpm_cdc_single__parameterized0__91 |          0 |          0 |       0 |    0 |      3 |      0 |      0 |    0 |          0 |
|             xpm_single_rxpolarity_b01_inst                       |                                     vid_phy_controller_0xpm_cdc_single__parameterized0__100 |          0 |          0 |       0 |    0 |      3 |      0 |      0 |    0 |          0 |
|             xpm_single_rxpolarity_b02_inst                       |                                     vid_phy_controller_0xpm_cdc_single__parameterized0__109 |          0 |          0 |       0 |    0 |      3 |      0 |      0 |    0 |          0 |
|             xpm_single_rxpolarity_b03_inst                       |                                     vid_phy_controller_0xpm_cdc_single__parameterized0__118 |          0 |          0 |       0 |    0 |      3 |      0 |      0 |    0 |          0 |
|             xpm_single_rxprbscntreset_b00_inst                   |                                      vid_phy_controller_0xpm_cdc_single__parameterized0__92 |          0 |          0 |       0 |    0 |      3 |      0 |      0 |    0 |          0 |
|             xpm_single_rxprbscntreset_b01_inst                   |                                     vid_phy_controller_0xpm_cdc_single__parameterized0__101 |          0 |          0 |       0 |    0 |      3 |      0 |      0 |    0 |          0 |
|             xpm_single_rxprbscntreset_b02_inst                   |                                     vid_phy_controller_0xpm_cdc_single__parameterized0__110 |          0 |          0 |       0 |    0 |      3 |      0 |      0 |    0 |          0 |
|             xpm_single_rxprbscntreset_b03_inst                   |                                     vid_phy_controller_0xpm_cdc_single__parameterized0__119 |          0 |          0 |       0 |    0 |      3 |      0 |      0 |    0 |          0 |
|             xpm_single_tx_mmcm_drp_locked_b0_inst                |                                      vid_phy_controller_0xpm_cdc_single__parameterized0__83 |          0 |          0 |       0 |    0 |      3 |      0 |      0 |    0 |          0 |
|             xpm_single_tx_pll_lock_sync_inst                     |                                          vid_phy_controller_0xpm_cdc_single__parameterized0 |          0 |          0 |       0 |    0 |      3 |      0 |      0 |    0 |          0 |
|       u_rx                                                       |                                                                           hdmi_rx_subsystem |       9340 |       8421 |     820 |   99 |  10758 |      6 |      1 |    0 |          0 |
|         (u_rx)                                                   |                                                                           hdmi_rx_subsystem |          0 |          0 |       0 |    0 |      0 |      0 |      0 |    0 |          0 |
|         u_hdmi_rx                                                |                                                                              v_hdmi_rx_ss_0 |       9134 |       8215 |     820 |   99 |   9332 |      6 |      1 |    0 |          0 |
|           inst                                                   |                                                                      v_hdmi_rx_ss_0_bd_2422 |       9134 |       8215 |     820 |   99 |   9332 |      6 |      1 |    0 |          0 |
|             (inst)                                               |                                                                      v_hdmi_rx_ss_0_bd_2422 |          0 |          0 |       0 |    0 |      0 |      0 |      0 |    0 |          0 |
|             inverter_1                                           |                                                                        bd_2422_inverter_1_0 |          1 |          1 |       0 |    0 |      0 |      0 |      0 |    0 |          0 |
|             v_hdmi_rx                                            |                                                                         bd_2422_v_hdmi_rx_0 |       8572 |       7653 |     820 |   99 |   8427 |      1 |      0 |    0 |          0 |
|               (v_hdmi_rx)                                        |                                                                         bd_2422_v_hdmi_rx_0 |          0 |          0 |       0 |    0 |      0 |      0 |      0 |    0 |          0 |
|               inst                                               |                                                        bd_2422_v_hdmi_rx_0_v_hdmi_rx_v3_0_3 |       8572 |       7653 |     820 |   99 |   8427 |      1 |      0 |    0 |          0 |
|             v_vid_in_axi4s                                       |                                                                    bd_2422_v_vid_in_axi4s_0 |        561 |        561 |       0 |    0 |    905 |      5 |      1 |    0 |          0 |
|               (v_vid_in_axi4s)                                   |                                                                    bd_2422_v_vid_in_axi4s_0 |          0 |          0 |       0 |    0 |      0 |      0 |      0 |    0 |          0 |
|               inst                                               |                                              bd_2422_v_vid_in_axi4s_0_v_vid_in_axi4s_v5_0_3 |        561 |        561 |       0 |    0 |    905 |      5 |      1 |    0 |          0 |
|         u_rx_axis_reg_slice                                      |                                                                           rx_axis_reg_slice |         31 |         31 |       0 |    0 |    105 |      0 |      0 |    0 |          0 |
|           (u_rx_axis_reg_slice)                                  |                                                                           rx_axis_reg_slice |          0 |          0 |       0 |    0 |      0 |      0 |      0 |    0 |          0 |
|           inst                                                   |                            rx_axis_reg_sliceaxis_register_slice_v1_1_29_axis_register_slice |         31 |         31 |       0 |    0 |    105 |      0 |      0 |    0 |          0 |
|             (inst)                                               |                            rx_axis_reg_sliceaxis_register_slice_v1_1_29_axis_register_slice |          1 |          1 |       0 |    0 |      1 |      0 |      0 |    0 |          0 |
|             axisc_register_slice_0                               |                           rx_axis_reg_sliceaxis_register_slice_v1_1_29_axisc_register_slice |         30 |         30 |       0 |    0 |    104 |      0 |      0 |    0 |          0 |
|         u_spatial_demux                                          |                                                                       hdmi_4k_spatial_demux |        175 |        175 |       0 |    0 |   1321 |      0 |      0 |    0 |          0 |
|       u_tx                                                       |                                                                           hdmi_tx_subsystem |       6662 |       5698 |     768 |  196 |   9944 |      2 |      1 |    0 |          0 |
|         (u_tx)                                                   |                                                                           hdmi_tx_subsystem |          0 |          0 |       0 |    0 |      0 |      0 |      0 |    0 |          0 |
|         u_hdmi_tx                                                |                                                                              v_hdmi_tx_ss_0 |       6631 |       5667 |     768 |  196 |   9839 |      2 |      1 |    0 |          0 |
|           inst                                                   |                                                                      v_hdmi_tx_ss_0_bd_2444 |       6631 |       5667 |     768 |  196 |   9839 |      2 |      1 |    0 |          0 |
|             (inst)                                               |                                                                      v_hdmi_tx_ss_0_bd_2444 |          0 |          0 |       0 |    0 |      0 |      0 |      0 |    0 |          0 |
|             axi_crossbar                                         |                                                                      bd_2444_axi_crossbar_0 |         93 |         93 |       0 |    0 |    109 |      0 |      0 |    0 |          0 |
|               (axi_crossbar)                                     |                                                                      bd_2444_axi_crossbar_0 |          0 |          0 |       0 |    0 |      0 |      0 |      0 |    0 |          0 |
|               inst                                               |                                    bd_2444_axi_crossbar_0_axi_crossbar_v2_1_30_axi_crossbar |         93 |         93 |       0 |    0 |    109 |      0 |      0 |    0 |          0 |
|             util_vector_logic_0                                  |                                                               bd_2444_util_vector_logic_0_0 |          1 |          1 |       0 |    0 |      0 |      0 |      0 |    0 |          0 |
|             v_axi4s_vid_out                                      |                                                                   bd_2444_v_axi4s_vid_out_0 |        487 |        487 |       0 |    0 |    789 |      2 |      1 |    0 |          0 |
|               (v_axi4s_vid_out)                                  |                                                                   bd_2444_v_axi4s_vid_out_0 |          0 |          0 |       0 |    0 |      0 |      0 |      0 |    0 |          0 |
|               inst                                               |                                           bd_2444_v_axi4s_vid_out_0_v_axi4s_vid_out_v4_0_17 |        487 |        487 |       0 |    0 |    789 |      2 |      1 |    0 |          0 |
|             v_hdmi_tx                                            |                                                                         bd_2444_v_hdmi_tx_0 |       4642 |       3683 |     768 |  191 |   5553 |      0 |      0 |    0 |          0 |
|               (v_hdmi_tx)                                        |                                                                         bd_2444_v_hdmi_tx_0 |          0 |          0 |       0 |    0 |      0 |      0 |      0 |    0 |          0 |
|               inst                                               |                                                        bd_2444_v_hdmi_tx_0_v_hdmi_tx_v3_0_3 |       4642 |       3683 |     768 |  191 |   5553 |      0 |      0 |    0 |          0 |
|             v_tc                                                 |                                                                              bd_2444_v_tc_0 |       1408 |       1403 |       0 |    5 |   3388 |      0 |      0 |    0 |          0 |
|               (v_tc)                                             |                                                                              bd_2444_v_tc_0 |          0 |          0 |       0 |    0 |      0 |      0 |      0 |    0 |          0 |
|               U0                                                 |                                                                         bd_2444_v_tc_0_v_tc |       1408 |       1403 |       0 |    5 |   3388 |      0 |      0 |    0 |          0 |
|         u_tx_axis_reg_slice                                      |                                                                           tx_axis_reg_slice |         31 |         31 |       0 |    0 |    105 |      0 |      0 |    0 |          0 |
|           (u_tx_axis_reg_slice)                                  |                                                                           tx_axis_reg_slice |          0 |          0 |       0 |    0 |      0 |      0 |      0 |    0 |          0 |
|           inst                                                   |                            tx_axis_reg_sliceaxis_register_slice_v1_1_29_axis_register_slice |         31 |         31 |       0 |    0 |    105 |      0 |      0 |    0 |          0 |
|             (inst)                                               |                            tx_axis_reg_sliceaxis_register_slice_v1_1_29_axis_register_slice |          1 |          1 |       0 |    0 |      1 |      0 |      0 |    0 |          0 |
|             axisc_register_slice_0                               |                           tx_axis_reg_sliceaxis_register_slice_v1_1_29_axisc_register_slice |         30 |         30 |       0 |    0 |    104 |      0 |      0 |    0 |          0 |
|   u_control_soc                                                  |                                                                       control_soc_subsystem |      18395 |      15427 |    2962 |    6 |   7865 |      0 |     44 |    0 |         10 |
|     (u_control_soc)                                              |                                                                       control_soc_subsystem |         16 |         16 |       0 |    0 |      2 |      0 |      0 |    0 |          0 |
|     u_rocket                                                     |                                                                      MyBoardFPGATestHarness |      17834 |      14866 |    2962 |    6 |   7583 |      0 |     42 |    0 |         10 |
|       chiptop0                                                   |                                                                                     ChipTop |      17834 |      14866 |    2962 |    6 |   7583 |      0 |     42 |    0 |         10 |
|         debug_reset_syncd_debug_reset_sync                       |                                                     AsyncResetSynchronizerShiftReg_w1_d3_i0 |          2 |          2 |       0 |    0 |      3 |      0 |      0 |    0 |          0 |
|           output_chain                                           |                                           AsyncResetSynchronizerPrimitiveShiftReg_d3_i0_459 |          2 |          2 |       0 |    0 |      3 |      0 |      0 |    0 |          0 |
|         inst_jtag_tunnel                                         |                                                                                  JTAGTUNNEL |         28 |         28 |       0 |    0 |     24 |      0 |      0 |    0 |          0 |
|         system                                                   |                                                                                  DigitalTop |      17803 |      14835 |    2962 |    6 |   7553 |      0 |     42 |    0 |         10 |
|           (system)                                               |                                                                                  DigitalTop |        264 |          8 |     256 |    0 |     10 |      0 |      0 |    0 |          0 |
|           bank                                                   |                                                                              ScratchpadBank |        541 |        193 |     348 |    0 |    302 |      0 |     32 |    0 |          0 |
|             buffer                                               |                                                                 TLBuffer_a28d256s5k1z3u_423 |        357 |          9 |     348 |    0 |      6 |      0 |      0 |    0 |          0 |
|               nodeIn_d_q                                         |                                                         Queue2_TLBundleD_a28d256s5k1z3u_455 |        159 |          3 |     156 |    0 |      3 |      0 |      0 |    0 |          0 |
|               nodeOut_a_q                                        |                                                         Queue2_TLBundleA_a28d256s5k1z3u_456 |        198 |          6 |     192 |    0 |      3 |      0 |      0 |    0 |          0 |
|             fragmenter                                           |                                                                 TLFragmenter_ScratchpadBank |         45 |         45 |       0 |    0 |     28 |      0 |      0 |    0 |          0 |
|               (fragmenter)                                       |                                                                 TLFragmenter_ScratchpadBank |          1 |          1 |       0 |    0 |      5 |      0 |      0 |    0 |          0 |
|               repeater                                           |                                                           Repeater_TLBundleA_a28d256s5k1z3u |         44 |         44 |       0 |    0 |     23 |      0 |      0 |    0 |          0 |
|             ram                                                  |                                                                        TLRAM_ScratchpadBank |        139 |        139 |       0 |    0 |    268 |      0 |     32 |    0 |          0 |
|               (ram)                                              |                                                                        TLRAM_ScratchpadBank |        139 |        139 |       0 |    0 |    268 |      0 |      0 |    0 |          0 |
|               mem                                                |                                                                                         mem |          0 |          0 |       0 |    0 |      0 |      0 |     32 |    0 |          0 |
|           cbus                                                   |                                                                           PeripheryBus_cbus |       2788 |       2516 |     272 |    0 |    441 |      0 |      0 |    0 |          0 |
|             (cbus)                                               |                                                                           PeripheryBus_cbus |          0 |          0 |       0 |    0 |      6 |      0 |      0 |    0 |          0 |
|             atomics                                              |                                                                       TLAtomicAutomata_cbus |        419 |        419 |       0 |    0 |    205 |      0 |      0 |    0 |          0 |
|             buffer                                               |                                                                      TLBuffer_a29d64s4k1z4u |        319 |        203 |     116 |    0 |      6 |      0 |      0 |    0 |          0 |
|               nodeIn_d_q                                         |                                                              Queue2_TLBundleD_a29d64s4k1z4u |        163 |        115 |      48 |    0 |      3 |      0 |      0 |    0 |          0 |
|               nodeOut_a_q                                        |                                                              Queue2_TLBundleA_a29d64s4k1z4u |        156 |         88 |      68 |    0 |      3 |      0 |      0 |    0 |          0 |
|             coupler_to_bootrom                                   |                                                       TLInterconnectCoupler_cbus_to_bootrom |        669 |        669 |       0 |    0 |     30 |      0 |      0 |    0 |          0 |
|               fragmenter                                         |                                                                        TLFragmenter_bootrom |        669 |        669 |       0 |    0 |     30 |      0 |      0 |    0 |          0 |
|             coupler_to_clint                                     |                                                         TLInterconnectCoupler_cbus_to_clint |        106 |        106 |       0 |    0 |     33 |      0 |      0 |    0 |          0 |
|               fragmenter                                         |                                                                          TLFragmenter_CLINT |        106 |        106 |       0 |    0 |     33 |      0 |      0 |    0 |          0 |
|             coupler_to_debug                                     |                                                         TLInterconnectCoupler_cbus_to_debug |        890 |        786 |     104 |    0 |     40 |      0 |      0 |    0 |          0 |
|               buffer                                             |                                                                      TLBuffer_a12d64s8k1z2u |        858 |        754 |     104 |    0 |      6 |      0 |      0 |    0 |          0 |
|               fragmenter                                         |                                                                          TLFragmenter_Debug |         32 |         32 |       0 |    0 |     34 |      0 |      0 |    0 |          0 |
|             coupler_to_plic                                      |                                                          TLInterconnectCoupler_cbus_to_plic |         28 |         28 |       0 |    0 |     43 |      0 |      0 |    0 |          0 |
|               fragmenter                                         |                                                                           TLFragmenter_PLIC |         28 |         28 |       0 |    0 |     43 |      0 |      0 |    0 |          0 |
|             coupler_to_prci_ctrl                                 |                                                     TLInterconnectCoupler_cbus_to_prci_ctrl |         65 |         33 |      32 |    0 |      6 |      0 |      0 |    0 |          0 |
|               buffer                                             |                                                                      TLBuffer_a21d64s4k1z3u |         65 |         33 |      32 |    0 |      6 |      0 |      0 |    0 |          0 |
|             in_xbar                                              |                                                          TLXbar_cbus_in_i2_o1_a29d64s4k1z4u |         45 |         45 |       0 |    0 |     13 |      0 |      0 |    0 |          0 |
|             out_xbar                                             |                                                         TLXbar_cbus_out_i1_o7_a29d64s4k1z4u |        168 |        168 |       0 |    0 |     23 |      0 |      0 |    0 |          0 |
|             wrapped_error_device                                 |                                                                          ErrorDeviceWrapper |         79 |         59 |      20 |    0 |     36 |      0 |      0 |    0 |          0 |
|               buffer                                             |                                                                      TLBuffer_a14d64s4k1z4u |         40 |         20 |      20 |    0 |      6 |      0 |      0 |    0 |          0 |
|               error                                              |                                                                                     TLError |         39 |         39 |       0 |    0 |     30 |      0 |      0 |    0 |          0 |
|           chipyard_prcictrl_domain                               |                                                             ChipyardPRCICtrlClockSinkDomain |         85 |         85 |       0 |    0 |     59 |      0 |      0 |    0 |          0 |
|             clock_gater                                          |                                                                              TileClockGater |          0 |          0 |       0 |    0 |      1 |      0 |      0 |    0 |          0 |
|               regs_0                                             |                                                                      AsyncResetRegVec_w1_i1 |          0 |          0 |       0 |    0 |      1 |      0 |      0 |    0 |          0 |
|             fragmenter                                           |                                                                 TLFragmenter_TileClockGater |         39 |         39 |       0 |    0 |     29 |      0 |      0 |    0 |          0 |
|               (fragmenter)                                       |                                                                 TLFragmenter_TileClockGater |          1 |          1 |       0 |    0 |      9 |      0 |      0 |    0 |          0 |
|               repeater                                           |                                                        Repeater_TLBundleA_a21d64s4k1z3u_420 |         38 |         38 |       0 |    0 |     20 |      0 |      0 |    0 |          0 |
|             fragmenter_1                                         |                                                                TLFragmenter_TileResetSetter |         29 |         29 |       0 |    0 |     20 |      0 |      0 |    0 |          0 |
|               (fragmenter_1)                                     |                                                                TLFragmenter_TileResetSetter |          0 |          0 |       0 |    0 |      9 |      0 |      0 |    0 |          0 |
|               repeater                                           |                                                            Repeater_TLBundleA_a21d64s4k1z3u |         29 |         29 |       0 |    0 |     11 |      0 |      0 |    0 |          0 |
|             resetSynchronizer                                    |                                                                 ClockGroupResetSynchronizer |          4 |          4 |       0 |    0 |      3 |      0 |      0 |    0 |          0 |
|               nodeOut_member_allClocks_uncore_reset_catcher      |                                                                    ResetCatchAndSync_d3_417 |          4 |          4 |       0 |    0 |      3 |      0 |      0 |    0 |          0 |
|             xbar                                                 |                                                          TLXbar_prcibus_i1_o2_a21d64s4k1z3u |         13 |         13 |       0 |    0 |      6 |      0 |      0 |    0 |          0 |
|           clint_domain                                           |                                                                        CLINTClockSinkDomain |         35 |         35 |       0 |    0 |    131 |      0 |      0 |    0 |          0 |
|             clint                                                |                                                                                       CLINT |         35 |         35 |       0 |    0 |    129 |      0 |      0 |    0 |          0 |
|             intsource                                            |                                                                  IntSyncCrossingSource_n1x2 |          0 |          0 |       0 |    0 |      2 |      0 |      0 |    0 |          0 |
|               reg_0                                              |                                                                      AsyncResetRegVec_w2_i0 |          0 |          0 |       0 |    0 |      2 |      0 |      0 |    0 |          0 |
|           coh_wrapper                                            |                                                                     CoherenceManagerWrapper |       1982 |       1310 |     672 |    0 |    281 |      0 |      0 |    0 |          0 |
|             (coh_wrapper)                                        |                                                                     CoherenceManagerWrapper |          2 |          2 |       0 |    0 |      0 |      0 |      0 |    0 |          0 |
|             broadcast_1                                          |                                                                                 TLBroadcast |       1980 |       1308 |     672 |    0 |    281 |      0 |      0 |    0 |          0 |
|               (broadcast_1)                                      |                                                                                 TLBroadcast |          9 |          9 |       0 |    0 |     45 |      0 |      0 |    0 |          0 |
|               TLBroadcastTracker                                 |                                                                          TLBroadcastTracker |        949 |        781 |     168 |    0 |     59 |      0 |      0 |    0 |          0 |
|               TLBroadcastTracker_1                               |                                                                        TLBroadcastTracker_1 |        407 |        239 |     168 |    0 |     59 |      0 |      0 |    0 |          0 |
|               TLBroadcastTracker_2                               |                                                                        TLBroadcastTracker_2 |        418 |        250 |     168 |    0 |     59 |      0 |      0 |    0 |          0 |
|               TLBroadcastTracker_3                               |                                                                        TLBroadcastTracker_3 |        197 |         29 |     168 |    0 |     59 |      0 |      0 |    0 |          0 |
|           dtm                                                    |                                                                    DebugTransportModuleJTAG |        109 |        109 |       0 |    0 |    168 |      0 |      0 |    0 |          0 |
|             (dtm)                                                |                                                                    DebugTransportModuleJTAG |         12 |         12 |       0 |    0 |     46 |      0 |      0 |    0 |          0 |
|             dmiAccessChain                                       |                                      CaptureUpdateChain_DMIAccessCapture_To_DMIAccessUpdate |          6 |          6 |       0 |    0 |     41 |      0 |      0 |    0 |          0 |
|             dtmInfoChain                                         |                                                       CaptureUpdateChain_DTMInfo_To_DTMInfo |          7 |          7 |       0 |    0 |     32 |      0 |      0 |    0 |          0 |
|             tapIO_bypassChain                                    |                                                                             JtagBypassChain |          0 |          0 |       0 |    0 |      1 |      0 |      0 |    0 |          0 |
|             tapIO_controllerInternal                             |                                                                           JtagTapController |         84 |         84 |       0 |    0 |     16 |      0 |      0 |    0 |          0 |
|               (tapIO_controllerInternal)                         |                                                                           JtagTapController |          4 |          4 |       0 |    0 |      7 |      0 |      0 |    0 |          0 |
|               irChain                                            |                                                           CaptureUpdateChain_UInt5_To_UInt5 |          3 |          3 |       0 |    0 |      5 |      0 |      0 |    0 |          0 |
|               stateMachine                                       |                                                                            JtagStateMachine |         77 |         77 |       0 |    0 |      4 |      0 |      0 |    0 |          0 |
|             tapIO_idcodeChain                                    |                                                               CaptureChain_JTAGIdcodeBundle |          0 |          0 |       0 |    0 |     32 |      0 |      0 |    0 |          0 |
|           fbus_buffer                                            |                                                                      TLBuffer_a33d64s1k2z4u |        180 |         60 |     120 |    0 |      6 |      0 |      0 |    0 |          0 |
|             nodeIn_d_q                                           |                                                              Queue2_TLBundleD_a33d64s1k2z4u |         75 |         27 |      48 |    0 |      3 |      0 |      0 |    0 |          0 |
|               (nodeIn_d_q)                                       |                                                              Queue2_TLBundleD_a33d64s1k2z4u |          8 |          8 |       0 |    0 |      3 |      0 |      0 |    0 |          0 |
|               ram_ext                                            |                                                                                    ram_2x77 |         67 |         19 |      48 |    0 |      0 |      0 |      0 |    0 |          0 |
|             nodeOut_a_q                                          |                                                              Queue2_TLBundleA_a33d64s1k2z4u |        105 |         33 |      72 |    0 |      3 |      0 |      0 |    0 |          0 |
|               (nodeOut_a_q)                                      |                                                              Queue2_TLBundleA_a33d64s1k2z4u |          4 |          4 |       0 |    0 |      3 |      0 |      0 |    0 |          0 |
|               ram_ext                                            |                                                                                   ram_2x124 |        101 |         29 |      72 |    0 |      0 |      0 |      0 |    0 |          0 |
|           fbus_coupler_from_debug_sb                             |                                                    TLInterconnectCoupler_fbus_from_debug_sb |         66 |         66 |       0 |    0 |    133 |      0 |      0 |    0 |          0 |
|             widget                                               |                                                                              TLWidthWidget1 |         66 |         66 |       0 |    0 |    133 |      0 |      0 |    0 |          0 |
|               (widget)                                           |                                                                              TLWidthWidget1 |         16 |         16 |       0 |    0 |     69 |      0 |      0 |    0 |          0 |
|               repeated_repeater                                  |                                                            Repeater_TLBundleD_a33d64s1k2z4u |         50 |         50 |       0 |    0 |     64 |      0 |      0 |    0 |          0 |
|           ibus_intsink                                           |                                                               IntSyncAsyncCrossingSink_n1x8 |         10 |          5 |       0 |    5 |      5 |      0 |      0 |    0 |          0 |
|             chain                                                |                                                                  SynchronizerShiftReg_w8_d3 |         10 |          5 |       0 |    5 |      5 |      0 |      0 |    0 |          0 |
|               output_chain                                       |                                            NonSyncResetSynchronizerPrimitiveShiftReg_d3_406 |          2 |          1 |       0 |    1 |      1 |      0 |      0 |    0 |          0 |
|               output_chain_1                                     |                                            NonSyncResetSynchronizerPrimitiveShiftReg_d3_407 |          2 |          1 |       0 |    1 |      1 |      0 |      0 |    0 |          0 |
|               output_chain_2                                     |                                            NonSyncResetSynchronizerPrimitiveShiftReg_d3_408 |          2 |          1 |       0 |    1 |      1 |      0 |      0 |    0 |          0 |
|               output_chain_3                                     |                                            NonSyncResetSynchronizerPrimitiveShiftReg_d3_409 |          2 |          1 |       0 |    1 |      1 |      0 |      0 |    0 |          0 |
|               output_chain_4                                     |                                            NonSyncResetSynchronizerPrimitiveShiftReg_d3_410 |          2 |          1 |       0 |    1 |      1 |      0 |      0 |    0 |          0 |
|           ibus_intsource                                         |                                                                  IntSyncCrossingSource_n1x8 |          0 |          0 |       0 |    0 |      5 |      0 |      0 |    0 |          0 |
|             reg_0                                                |                                                                      AsyncResetRegVec_w8_i0 |          0 |          0 |       0 |    0 |      5 |      0 |      0 |    0 |          0 |
|           mbus                                                   |                                                                                   MemoryBus |       1038 |        690 |     348 |    0 |    492 |      0 |      0 |    0 |          0 |
|             buffer_1                                             |                                                                     TLBuffer_a28d256s5k1z3u |        361 |         13 |     348 |    0 |      6 |      0 |      0 |    0 |          0 |
|               nodeIn_d_q                                         |                                                             Queue2_TLBundleD_a28d256s5k1z3u |        165 |          9 |     156 |    0 |      3 |      0 |      0 |    0 |          0 |
|               nodeOut_a_q                                        |                                                             Queue2_TLBundleA_a28d256s5k1z3u |        196 |          4 |     192 |    0 |      3 |      0 |      0 |    0 |          0 |
|             coupler_to_memory_controller_port_named_axi4         |                             TLInterconnectCoupler_mbus_to_memory_controller_port_named_axi4 |        306 |        306 |       0 |    0 |    481 |      0 |      0 |    0 |          0 |
|               axi4yank                                           |                                                                            AXI4UserYanker_1 |        130 |        130 |       0 |    0 |     96 |      0 |      0 |    0 |          0 |
|               tl2axi4                                            |                                                                                  TLToAXI4_1 |        176 |        176 |       0 |    0 |    385 |      0 |      0 |    0 |          0 |
|             mbus_xbar                                            |                                                            TLXbar_mbus_i1_o2_a33d256s5k1z3u |        371 |        371 |       0 |    0 |      5 |      0 |      0 |    0 |          0 |
|           pbus                                                   |                                                                           PeripheryBus_pbus |        862 |        630 |     232 |    0 |    330 |      0 |      0 |    0 |          0 |
|             (pbus)                                               |                                                                           PeripheryBus_pbus |          0 |          0 |       0 |    0 |     64 |      0 |      0 |    0 |          0 |
|             atomics                                              |                                                                       TLAtomicAutomata_pbus |        426 |        426 |       0 |    0 |    189 |      0 |      0 |    0 |          0 |
|             buffer                                               |                                                                      TLBuffer_a29d64s4k1z3u |        155 |         39 |     116 |    0 |      6 |      0 |      0 |    0 |          0 |
|               nodeIn_d_q                                         |                                                          Queue2_TLBundleD_a29d64s4k1z3u_371 |         60 |         12 |      48 |    0 |      3 |      0 |      0 |    0 |          0 |
|               nodeOut_a_q                                        |                                                          Queue2_TLBundleA_a29d64s4k1z3u_372 |         95 |         27 |      68 |    0 |      3 |      0 |      0 |    0 |          0 |
|             buffer_1                                             |                                                                  TLBuffer_a29d64s4k1z3u_369 |        132 |         16 |     116 |    0 |      6 |      0 |      0 |    0 |          0 |
|               nodeIn_d_q                                         |                                                              Queue2_TLBundleD_a29d64s4k1z3u |         54 |          6 |      48 |    0 |      3 |      0 |      0 |    0 |          0 |
|               nodeOut_a_q                                        |                                                              Queue2_TLBundleA_a29d64s4k1z3u |         78 |         10 |      68 |    0 |      3 |      0 |      0 |    0 |          0 |
|             coupler_to_bootaddressreg                            |                                                TLInterconnectCoupler_pbus_to_bootaddressreg |         40 |         40 |       0 |    0 |     29 |      0 |      0 |    0 |          0 |
|               fragmenter                                         |                                                                    TLFragmenter_BootAddrReg |         40 |         40 |       0 |    0 |     29 |      0 |      0 |    0 |          0 |
|             coupler_to_device_named_uart_0                       |                                           TLInterconnectCoupler_pbus_to_device_named_uart_0 |         46 |         46 |       0 |    0 |     29 |      0 |      0 |    0 |          0 |
|               fragmenter                                         |                                                                           TLFragmenter_UART |         46 |         46 |       0 |    0 |     29 |      0 |      0 |    0 |          0 |
|             out_xbar                                             |                                                         TLXbar_pbus_out_i1_o2_a29d64s4k1z3u |         63 |         63 |       0 |    0 |      7 |      0 |      0 |    0 |          0 |
|           plic_domain                                            |                                                                         PLICClockSinkDomain |        137 |        137 |       0 |    0 |    113 |      0 |      0 |    0 |          0 |
|             intsource                                            |                                                              IntSyncCrossingSource_n1x1_362 |          0 |          0 |       0 |    0 |      1 |      0 |      0 |    0 |          0 |
|               reg_0                                              |                                                                  AsyncResetRegVec_w1_i0_368 |          0 |          0 |       0 |    0 |      1 |      0 |      0 |    0 |          0 |
|             plic                                                 |                                                                                      TLPLIC |        137 |        137 |       0 |    0 |    112 |      0 |      0 |    0 |          0 |
|               (plic)                                             |                                                                                      TLPLIC |         52 |         52 |       0 |    0 |     52 |      0 |      0 |    0 |          0 |
|               gateways_gateway                                   |                                                                                LevelGateway |          0 |          0 |       0 |    0 |      1 |      0 |      0 |    0 |          0 |
|               gateways_gateway_1                                 |                                                                            LevelGateway_363 |          0 |          0 |       0 |    0 |      1 |      0 |      0 |    0 |          0 |
|               gateways_gateway_2                                 |                                                                            LevelGateway_364 |          0 |          0 |       0 |    0 |      1 |      0 |      0 |    0 |          0 |
|               gateways_gateway_3                                 |                                                                            LevelGateway_365 |          0 |          0 |       0 |    0 |      1 |      0 |      0 |    0 |          0 |
|               gateways_gateway_4                                 |                                                                            LevelGateway_366 |          0 |          0 |       0 |    0 |      1 |      0 |      0 |    0 |          0 |
|               gateways_gateway_8                                 |                                                                            LevelGateway_367 |          0 |          0 |       0 |    0 |      1 |      0 |      0 |    0 |          0 |
|               out_back_front_q                                   |                                                                Queue1_RegMapperInput_i23_m8 |         85 |         85 |       0 |    0 |     54 |      0 |      0 |    0 |          0 |
|           sbus                                                   |                                                                                   SystemBus |       1895 |       1551 |     344 |    0 |    964 |      0 |      0 |    0 |          0 |
|             coupler_to_bus_named_coh                             |                                                 TLInterconnectCoupler_sbus_to_bus_named_coh |        178 |        178 |       0 |    0 |    637 |      0 |      0 |    0 |          0 |
|               widget                                             |                                                                            TLWidthWidget8_2 |        178 |        178 |       0 |    0 |    637 |      0 |      0 |    0 |          0 |
|             coupler_to_port_named_mmio_port_axi4                 |                                     TLInterconnectCoupler_sbus_to_port_named_mmio_port_axi4 |        763 |        419 |     344 |    0 |    259 |      0 |      0 |    0 |          0 |
|               axi4buf                                            |                                                                                  AXI4Buffer |        256 |        104 |     152 |    0 |     15 |      0 |      0 |    0 |          0 |
|               axi4deint                                          |                                                                           AXI4Deinterleaver |        345 |        153 |     192 |    0 |     47 |      0 |      0 |    0 |          0 |
|               axi4yank                                           |                                                                              AXI4UserYanker |         25 |         25 |       0 |    0 |     56 |      0 |      0 |    0 |          0 |
|               tl2axi4                                            |                                                                                    TLToAXI4 |        137 |        137 |       0 |    0 |    141 |      0 |      0 |    0 |          0 |
|             system_bus_xbar                                      |                                                             TLXbar_sbus_i2_o3_a33d64s3k2z4c |        954 |        954 |       0 |    0 |     68 |      0 |      0 |    0 |          0 |
|           tile_prci_domain                                       |                                                                              TilePRCIDomain |       6510 |       6167 |     342 |    1 |   2755 |      0 |     10 |    0 |         10 |
|             (tile_prci_domain)                                   |                                                                              TilePRCIDomain |        545 |        545 |       0 |    0 |     18 |      0 |      0 |    0 |          0 |
|             buffer                                               |                                                                    TLBuffer_a33d64s2k2z4c_1 |        358 |        150 |     208 |    0 |     15 |      0 |      0 |    0 |          0 |
|               nodeIn_b_q                                         |                                                              Queue2_TLBundleB_a33d64s2k2z4c |         27 |          7 |      20 |    0 |      3 |      0 |      0 |    0 |          0 |
|               nodeIn_d_q                                         |                                                              Queue2_TLBundleD_a33d64s2k2z4c |         87 |         39 |      48 |    0 |      3 |      0 |      0 |    0 |          0 |
|               nodeOut_a_q                                        |                                                              Queue2_TLBundleA_a33d64s2k2z4c |        112 |         40 |      72 |    0 |      3 |      0 |      0 |    0 |          0 |
|               nodeOut_c_q                                        |                                                              Queue2_TLBundleC_a33d64s2k2z4c |        123 |         59 |      64 |    0 |      3 |      0 |      0 |    0 |          0 |
|               nodeOut_e_q                                        |                                                              Queue2_TLBundleE_a33d64s2k2z4c |          9 |          5 |       4 |    0 |      3 |      0 |      0 |    0 |          0 |
|             element_reset_domain_rockettile                      |                                                                                  RocketTile |       5621 |       5487 |     134 |    0 |   2721 |      0 |     10 |    0 |         10 |
|               (element_reset_domain_rockettile)                  |                                                                                  RocketTile |          3 |          3 |       0 |    0 |      0 |      0 |      0 |    0 |          0 |
|               core                                               |                                                                                      Rocket |       3197 |       3117 |      80 |    0 |   1629 |      0 |      0 |    0 |         10 |
|               dcache                                             |                                                                                      DCache |       1191 |       1163 |      28 |    0 |    513 |      0 |      8 |    0 |          0 |
|               frontend                                           |                                                                                    Frontend |       1190 |       1164 |      26 |    0 |    567 |      0 |      2 |    0 |          0 |
|               tlMasterXbar                                       |                                            TLXbar_MasterXbar_RocketTile_i2_o1_a33d64s2k2z4c |         45 |         45 |       0 |    0 |     12 |      0 |      0 |    0 |          0 |
|             intsink                                              |                                                               IntSyncAsyncCrossingSink_n1x1 |          1 |          0 |       0 |    1 |      1 |      0 |      0 |    0 |          0 |
|               chain                                              |                                                                  SynchronizerShiftReg_w1_d3 |          1 |          0 |       0 |    1 |      1 |      0 |      0 |    0 |          0 |
|           tlDM                                                   |                                                                               TLDebugModule |       1166 |       1158 |       8 |    0 |   1230 |      0 |      0 |    0 |          0 |
|             dmInner                                              |                                                                     TLDebugModuleInnerAsync |       1145 |       1137 |       8 |    0 |   1112 |      0 |      0 |    0 |          0 |
|               (dmInner)                                          |                                                                     TLDebugModuleInnerAsync |          1 |          1 |       0 |    0 |      0 |      0 |      0 |    0 |          0 |
|               dmInner                                            |                                                                          TLDebugModuleInner |        721 |        713 |       8 |    0 |   1004 |      0 |      0 |    0 |          0 |
|               dmactive_synced_dmInner_io_innerCtrl_sink          |                                                          AsyncQueueSink_DebugInternalBundle |          3 |          3 |       0 |    0 |      8 |      0 |      0 |    0 |          0 |
|               dmactive_synced_dmactive_synced_dmactiveSync       |                                                 AsyncResetSynchronizerShiftReg_w1_d3_i0_317 |         14 |         14 |       0 |    0 |      6 |      0 |      0 |    0 |          0 |
|               dmiXing                                            |                                                            TLAsyncCrossingSink_a9d32s1k1z2u |        406 |        406 |       0 |    0 |     94 |      0 |      0 |    0 |          0 |
|             dmOuter                                              |                                                                     TLDebugModuleOuterAsync |         21 |         21 |       0 |    0 |    118 |      0 |      0 |    0 |          0 |
|               asource                                            |                                                          TLAsyncCrossingSource_a9d32s1k1z2u |          6 |          6 |       0 |    0 |     94 |      0 |      0 |    0 |          0 |
|               dmOuter                                            |                                                                          TLDebugModuleOuter |          1 |          1 |       0 |    0 |      8 |      0 |      0 |    0 |          0 |
|               dmactiveAck_dmactiveAckSync                        |                                                 AsyncResetSynchronizerShiftReg_w1_d3_i0_299 |          0 |          0 |       0 |    0 |      3 |      0 |      0 |    0 |          0 |
|               dmiBypass                                          |                                                                                 TLBusBypass |         11 |         11 |       0 |    0 |      4 |      0 |      0 |    0 |          0 |
|               dmiXbar                                            |                                                           TLXbar_dmixbar_i1_o2_a9d32s1k1z2u |          0 |          0 |       0 |    0 |      1 |      0 |      0 |    0 |          0 |
|               io_innerCtrl_source                                |                                                        AsyncQueueSource_DebugInternalBundle |          3 |          3 |       0 |    0 |      8 |      0 |      0 |    0 |          0 |
|           uartClockDomainWrapper                                 |                                                                       TLUARTClockSinkDomain |        135 |        115 |      20 |    0 |    128 |      0 |      0 |    0 |          0 |
|             uart_0                                               |                                                                                      TLUART |        135 |        115 |      20 |    0 |    128 |      0 |      0 |    0 |          0 |
|               (uart_0)                                           |                                                                                      TLUART |          0 |          0 |       0 |    0 |     35 |      0 |      0 |    0 |          0 |
|               intsource                                          |                                                                  IntSyncCrossingSource_n1x1 |          1 |          1 |       0 |    0 |      1 |      0 |      0 |    0 |          0 |
|               rxm                                                |                                                                                      UARTRx |         35 |         35 |       0 |    0 |     36 |      0 |      0 |    0 |          0 |
|               rxq                                                |                                                                               Queue64_UInt8 |         35 |         25 |      10 |    0 |     13 |      0 |      0 |    0 |          0 |
|               txm                                                |                                                                                      UARTTx |         30 |         30 |       0 |    0 |     30 |      0 |      0 |    0 |          0 |
|               txq                                                |                                                                           Queue64_UInt8_297 |         34 |         24 |      10 |    0 |     13 |      0 |      0 |    0 |          0 |
|         system_debug_systemjtag_reset_catcher                    |                                                                        ResetCatchAndSync_d3 |          1 |          1 |       0 |    0 |      3 |      0 |      0 |    0 |          0 |
|           io_sync_reset_chain                                    |                                                 AsyncResetSynchronizerShiftReg_w1_d3_i0_296 |          1 |          1 |       0 |    0 |      3 |      0 |      0 |    0 |          0 |
|             output_chain                                         |                                               AsyncResetSynchronizerPrimitiveShiftReg_d3_i0 |          1 |          1 |       0 |    0 |      3 |      0 |      0 |    0 |          0 |
|     u_si5338top                                                  |                                                                                   si5338top |        545 |        545 |       0 |    0 |    280 |      0 |      2 |    0 |          0 |
|       si5338_inst1                                               |                                                                                      si5338 |        272 |        272 |       0 |    0 |    140 |      0 |      1 |    0 |          0 |
|         (si5338_inst1)                                           |                                                                                      si5338 |         25 |         25 |       0 |    0 |     89 |      0 |      1 |    0 |          0 |
|         i2c_master_inst                                          |                                                                              i2c_master_295 |        247 |        247 |       0 |    0 |     51 |      0 |      0 |    0 |          0 |
|       si5338_inst2                                               |                                                                      si5338__parameterized0 |        273 |        273 |       0 |    0 |    140 |      0 |      1 |    0 |          0 |
|         (si5338_inst2)                                           |                                                                      si5338__parameterized0 |         26 |         26 |       0 |    0 |     89 |      0 |      1 |    0 |          0 |
|         i2c_master_inst                                          |                                                                                  i2c_master |        247 |        247 |       0 |    0 |     51 |      0 |      0 |    0 |          0 |
|   u_ddr_memory                                                   |                                                                        ddr_memory_subsystem |      56448 |      49653 |    5906 |  889 |  93029 |    221 |     11 |    0 |          8 |
|     (u_ddr_memory)                                               |                                                                        ddr_memory_subsystem |          7 |          7 |       0 |    0 |      8 |      0 |      0 |    0 |          0 |
|     g_capture_merge[0].u_hdmi_stream_cdc                         |                                                                 video_stream_cdc__xdcDup__1 |        232 |        232 |       0 |    0 |    318 |      2 |      1 |    0 |          0 |
|       (g_capture_merge[0].u_hdmi_stream_cdc)                     |                                                                 video_stream_cdc__xdcDup__1 |         20 |         20 |       0 |    0 |      8 |      0 |      0 |    0 |          0 |
|       u_stream_fifo                                              |                                                                   xpm_fifo_async__xdcDup__1 |        212 |        212 |       0 |    0 |    310 |      2 |      1 |    0 |          0 |
|         (u_stream_fifo)                                          |                                                                   xpm_fifo_async__xdcDup__1 |          0 |          0 |       0 |    0 |      0 |      0 |      0 |    0 |          0 |
|         gnuram_async_fifo.xpm_fifo_base_inst                     |                                                                    xpm_fifo_base__xdcDup__1 |        212 |        212 |       0 |    0 |    310 |      2 |      1 |    0 |          0 |
|           (gnuram_async_fifo.xpm_fifo_base_inst)                 |                                                                    xpm_fifo_base__xdcDup__1 |          6 |          6 |       0 |    0 |     48 |      0 |      0 |    0 |          0 |
|           gen_cdc_pntr.rd_pntr_cdc_dc_inst                       |                                                            xpm_cdc_gray__parameterized1__23 |         15 |         15 |       0 |    0 |     33 |      0 |      0 |    0 |          0 |
|           gen_cdc_pntr.rd_pntr_cdc_inst                          |                                                                            xpm_cdc_gray__47 |         14 |         14 |       0 |    0 |     30 |      0 |      0 |    0 |          0 |
|           gen_cdc_pntr.rpw_gray_reg                              |                                                                        xpm_fifo_reg_vec_284 |          8 |          8 |       0 |    0 |     10 |      0 |      0 |    0 |          0 |
|           gen_cdc_pntr.rpw_gray_reg_dc                           |                                                        xpm_fifo_reg_vec__parameterized0_285 |          0 |          0 |       0 |    0 |     11 |      0 |      0 |    0 |          0 |
|           gen_cdc_pntr.wpr_gray_reg                              |                                                                        xpm_fifo_reg_vec_286 |          5 |          5 |       0 |    0 |     10 |      0 |      0 |    0 |          0 |
|           gen_cdc_pntr.wpr_gray_reg_dc                           |                                                        xpm_fifo_reg_vec__parameterized0_287 |          9 |          9 |       0 |    0 |     11 |      0 |      0 |    0 |          0 |
|           gen_cdc_pntr.wr_pntr_cdc_dc_inst                       |                                                            xpm_cdc_gray__parameterized0__23 |         16 |         16 |       0 |    0 |     55 |      0 |      0 |    0 |          0 |
|           gen_cdc_pntr.wr_pntr_cdc_inst                          |                                                                            xpm_cdc_gray__46 |         15 |         15 |       0 |    0 |     30 |      0 |      0 |    0 |          0 |
|           gen_fwft.rdpp1_inst                                    |                                                                        xpm_counter_updn_288 |          6 |          6 |       0 |    0 |      2 |      0 |      0 |    0 |          0 |
|           gen_sdpram.xpm_memory_base_inst                        |                                                                             xpm_memory_base |          0 |          0 |       0 |    0 |      0 |      2 |      1 |    0 |          0 |
|           rdp_inst                                               |                                                        xpm_counter_updn__parameterized0_289 |         42 |         42 |       0 |    0 |     11 |      0 |      0 |    0 |          0 |
|           rdpp1_inst                                             |                                                        xpm_counter_updn__parameterized1_290 |         10 |         10 |       0 |    0 |     10 |      0 |      0 |    0 |          0 |
|           rst_d1_inst                                            |                                                                        xpm_fifo_reg_bit_291 |          3 |          3 |       0 |    0 |      1 |      0 |      0 |    0 |          0 |
|           wrp_inst                                               |                                                        xpm_counter_updn__parameterized0_292 |         22 |         22 |       0 |    0 |     11 |      0 |      0 |    0 |          0 |
|           wrpp1_inst                                             |                                                        xpm_counter_updn__parameterized1_293 |         19 |         19 |       0 |    0 |     10 |      0 |      0 |    0 |          0 |
|           wrpp2_inst                                             |                                                        xpm_counter_updn__parameterized2_294 |          9 |          9 |       0 |    0 |     10 |      0 |      0 |    0 |          0 |
|           xpm_fifo_rst_inst                                      |                                                                     xpm_fifo_rst__xdcDup__1 |         21 |         21 |       0 |    0 |     17 |      0 |      0 |    0 |          0 |
|             (xpm_fifo_rst_inst)                                  |                                                                     xpm_fifo_rst__xdcDup__1 |         21 |         21 |       0 |    0 |     13 |      0 |      0 |    0 |          0 |
|             gen_rst_ic.rrst_wr_inst                              |                                                                        xpm_cdc_sync_rst__87 |          0 |          0 |       0 |    0 |      2 |      0 |      0 |    0 |          0 |
|             gen_rst_ic.wrst_rd_inst                              |                                                                        xpm_cdc_sync_rst__86 |          0 |          0 |       0 |    0 |      2 |      0 |      0 |    0 |          0 |
|     g_capture_merge[1].u_hdmi_stream_cdc                         |                                                                 video_stream_cdc__xdcDup__2 |        232 |        232 |       0 |    0 |    318 |      2 |      1 |    0 |          0 |
|       (g_capture_merge[1].u_hdmi_stream_cdc)                     |                                                                 video_stream_cdc__xdcDup__2 |         20 |         20 |       0 |    0 |      8 |      0 |      0 |    0 |          0 |
|       u_stream_fifo                                              |                                                                   xpm_fifo_async__xdcDup__2 |        212 |        212 |       0 |    0 |    310 |      2 |      1 |    0 |          0 |
|         (u_stream_fifo)                                          |                                                                   xpm_fifo_async__xdcDup__2 |          0 |          0 |       0 |    0 |      0 |      0 |      0 |    0 |          0 |
|         gnuram_async_fifo.xpm_fifo_base_inst                     |                                                                    xpm_fifo_base__xdcDup__2 |        212 |        212 |       0 |    0 |    310 |      2 |      1 |    0 |          0 |
|           (gnuram_async_fifo.xpm_fifo_base_inst)                 |                                                                    xpm_fifo_base__xdcDup__2 |          6 |          6 |       0 |    0 |     48 |      0 |      0 |    0 |          0 |
|           gen_cdc_pntr.rd_pntr_cdc_dc_inst                       |                                                            xpm_cdc_gray__parameterized1__22 |         15 |         15 |       0 |    0 |     33 |      0 |      0 |    0 |          0 |
|           gen_cdc_pntr.rd_pntr_cdc_inst                          |                                                                            xpm_cdc_gray__45 |         14 |         14 |       0 |    0 |     30 |      0 |      0 |    0 |          0 |
|           gen_cdc_pntr.rpw_gray_reg                              |                                                                        xpm_fifo_reg_vec_273 |          8 |          8 |       0 |    0 |     10 |      0 |      0 |    0 |          0 |
|           gen_cdc_pntr.rpw_gray_reg_dc                           |                                                        xpm_fifo_reg_vec__parameterized0_274 |          0 |          0 |       0 |    0 |     11 |      0 |      0 |    0 |          0 |
|           gen_cdc_pntr.wpr_gray_reg                              |                                                                        xpm_fifo_reg_vec_275 |          5 |          5 |       0 |    0 |     10 |      0 |      0 |    0 |          0 |
|           gen_cdc_pntr.wpr_gray_reg_dc                           |                                                        xpm_fifo_reg_vec__parameterized0_276 |          9 |          9 |       0 |    0 |     11 |      0 |      0 |    0 |          0 |
|           gen_cdc_pntr.wr_pntr_cdc_dc_inst                       |                                                            xpm_cdc_gray__parameterized0__22 |         16 |         16 |       0 |    0 |     55 |      0 |      0 |    0 |          0 |
|           gen_cdc_pntr.wr_pntr_cdc_inst                          |                                                                            xpm_cdc_gray__44 |         15 |         15 |       0 |    0 |     30 |      0 |      0 |    0 |          0 |
|           gen_fwft.rdpp1_inst                                    |                                                                        xpm_counter_updn_277 |          6 |          6 |       0 |    0 |      2 |      0 |      0 |    0 |          0 |
|           gen_sdpram.xpm_memory_base_inst                        |                                                                         xpm_memory_base__14 |          0 |          0 |       0 |    0 |      0 |      2 |      1 |    0 |          0 |
|           rdp_inst                                               |                                                        xpm_counter_updn__parameterized0_278 |         42 |         42 |       0 |    0 |     11 |      0 |      0 |    0 |          0 |
|           rdpp1_inst                                             |                                                        xpm_counter_updn__parameterized1_279 |         10 |         10 |       0 |    0 |     10 |      0 |      0 |    0 |          0 |
|           rst_d1_inst                                            |                                                                        xpm_fifo_reg_bit_280 |          3 |          3 |       0 |    0 |      1 |      0 |      0 |    0 |          0 |
|           wrp_inst                                               |                                                        xpm_counter_updn__parameterized0_281 |         22 |         22 |       0 |    0 |     11 |      0 |      0 |    0 |          0 |
|           wrpp1_inst                                             |                                                        xpm_counter_updn__parameterized1_282 |         19 |         19 |       0 |    0 |     10 |      0 |      0 |    0 |          0 |
|           wrpp2_inst                                             |                                                        xpm_counter_updn__parameterized2_283 |          9 |          9 |       0 |    0 |     10 |      0 |      0 |    0 |          0 |
|           xpm_fifo_rst_inst                                      |                                                                     xpm_fifo_rst__xdcDup__2 |         21 |         21 |       0 |    0 |     17 |      0 |      0 |    0 |          0 |
|             (xpm_fifo_rst_inst)                                  |                                                                     xpm_fifo_rst__xdcDup__2 |         21 |         21 |       0 |    0 |     13 |      0 |      0 |    0 |          0 |
|             gen_rst_ic.rrst_wr_inst                              |                                                                        xpm_cdc_sync_rst__85 |          0 |          0 |       0 |    0 |      2 |      0 |      0 |    0 |          0 |
|             gen_rst_ic.wrst_rd_inst                              |                                                                        xpm_cdc_sync_rst__84 |          0 |          0 |       0 |    0 |      2 |      0 |      0 |    0 |          0 |
|     g_capture_merge[2].u_hdmi_stream_cdc                         |                                                                 video_stream_cdc__xdcDup__3 |        232 |        232 |       0 |    0 |    318 |      2 |      1 |    0 |          0 |
|       (g_capture_merge[2].u_hdmi_stream_cdc)                     |                                                                 video_stream_cdc__xdcDup__3 |         20 |         20 |       0 |    0 |      8 |      0 |      0 |    0 |          0 |
|       u_stream_fifo                                              |                                                                   xpm_fifo_async__xdcDup__3 |        212 |        212 |       0 |    0 |    310 |      2 |      1 |    0 |          0 |
|         (u_stream_fifo)                                          |                                                                   xpm_fifo_async__xdcDup__3 |          0 |          0 |       0 |    0 |      0 |      0 |      0 |    0 |          0 |
|         gnuram_async_fifo.xpm_fifo_base_inst                     |                                                                    xpm_fifo_base__xdcDup__3 |        212 |        212 |       0 |    0 |    310 |      2 |      1 |    0 |          0 |
|           (gnuram_async_fifo.xpm_fifo_base_inst)                 |                                                                    xpm_fifo_base__xdcDup__3 |          6 |          6 |       0 |    0 |     48 |      0 |      0 |    0 |          0 |
|           gen_cdc_pntr.rd_pntr_cdc_dc_inst                       |                                                            xpm_cdc_gray__parameterized1__21 |         15 |         15 |       0 |    0 |     33 |      0 |      0 |    0 |          0 |
|           gen_cdc_pntr.rd_pntr_cdc_inst                          |                                                                            xpm_cdc_gray__43 |         14 |         14 |       0 |    0 |     30 |      0 |      0 |    0 |          0 |
|           gen_cdc_pntr.rpw_gray_reg                              |                                                                        xpm_fifo_reg_vec_262 |          8 |          8 |       0 |    0 |     10 |      0 |      0 |    0 |          0 |
|           gen_cdc_pntr.rpw_gray_reg_dc                           |                                                        xpm_fifo_reg_vec__parameterized0_263 |          0 |          0 |       0 |    0 |     11 |      0 |      0 |    0 |          0 |
|           gen_cdc_pntr.wpr_gray_reg                              |                                                                        xpm_fifo_reg_vec_264 |          5 |          5 |       0 |    0 |     10 |      0 |      0 |    0 |          0 |
|           gen_cdc_pntr.wpr_gray_reg_dc                           |                                                        xpm_fifo_reg_vec__parameterized0_265 |          9 |          9 |       0 |    0 |     11 |      0 |      0 |    0 |          0 |
|           gen_cdc_pntr.wr_pntr_cdc_dc_inst                       |                                                            xpm_cdc_gray__parameterized0__21 |         16 |         16 |       0 |    0 |     55 |      0 |      0 |    0 |          0 |
|           gen_cdc_pntr.wr_pntr_cdc_inst                          |                                                                            xpm_cdc_gray__42 |         15 |         15 |       0 |    0 |     30 |      0 |      0 |    0 |          0 |
|           gen_fwft.rdpp1_inst                                    |                                                                        xpm_counter_updn_266 |          6 |          6 |       0 |    0 |      2 |      0 |      0 |    0 |          0 |
|           gen_sdpram.xpm_memory_base_inst                        |                                                                         xpm_memory_base__13 |          0 |          0 |       0 |    0 |      0 |      2 |      1 |    0 |          0 |
|           rdp_inst                                               |                                                        xpm_counter_updn__parameterized0_267 |         42 |         42 |       0 |    0 |     11 |      0 |      0 |    0 |          0 |
|           rdpp1_inst                                             |                                                        xpm_counter_updn__parameterized1_268 |         10 |         10 |       0 |    0 |     10 |      0 |      0 |    0 |          0 |
|           rst_d1_inst                                            |                                                                        xpm_fifo_reg_bit_269 |          3 |          3 |       0 |    0 |      1 |      0 |      0 |    0 |          0 |
|           wrp_inst                                               |                                                        xpm_counter_updn__parameterized0_270 |         22 |         22 |       0 |    0 |     11 |      0 |      0 |    0 |          0 |
|           wrpp1_inst                                             |                                                        xpm_counter_updn__parameterized1_271 |         19 |         19 |       0 |    0 |     10 |      0 |      0 |    0 |          0 |
|           wrpp2_inst                                             |                                                        xpm_counter_updn__parameterized2_272 |          9 |          9 |       0 |    0 |     10 |      0 |      0 |    0 |          0 |
|           xpm_fifo_rst_inst                                      |                                                                     xpm_fifo_rst__xdcDup__3 |         21 |         21 |       0 |    0 |     17 |      0 |      0 |    0 |          0 |
|             (xpm_fifo_rst_inst)                                  |                                                                     xpm_fifo_rst__xdcDup__3 |         21 |         21 |       0 |    0 |     13 |      0 |      0 |    0 |          0 |
|             gen_rst_ic.rrst_wr_inst                              |                                                                        xpm_cdc_sync_rst__83 |          0 |          0 |       0 |    0 |      2 |      0 |      0 |    0 |          0 |
|             gen_rst_ic.wrst_rd_inst                              |                                                                        xpm_cdc_sync_rst__82 |          0 |          0 |       0 |    0 |      2 |      0 |      0 |    0 |          0 |
|     g_capture_merge[3].u_hdmi_stream_cdc                         |                                                                 video_stream_cdc__xdcDup__4 |        232 |        232 |       0 |    0 |    318 |      2 |      1 |    0 |          0 |
|       (g_capture_merge[3].u_hdmi_stream_cdc)                     |                                                                 video_stream_cdc__xdcDup__4 |         20 |         20 |       0 |    0 |      8 |      0 |      0 |    0 |          0 |
|       u_stream_fifo                                              |                                                                   xpm_fifo_async__xdcDup__4 |        212 |        212 |       0 |    0 |    310 |      2 |      1 |    0 |          0 |
|         (u_stream_fifo)                                          |                                                                   xpm_fifo_async__xdcDup__4 |          0 |          0 |       0 |    0 |      0 |      0 |      0 |    0 |          0 |
|         gnuram_async_fifo.xpm_fifo_base_inst                     |                                                                    xpm_fifo_base__xdcDup__4 |        212 |        212 |       0 |    0 |    310 |      2 |      1 |    0 |          0 |
|           (gnuram_async_fifo.xpm_fifo_base_inst)                 |                                                                    xpm_fifo_base__xdcDup__4 |          6 |          6 |       0 |    0 |     48 |      0 |      0 |    0 |          0 |
|           gen_cdc_pntr.rd_pntr_cdc_dc_inst                       |                                                            xpm_cdc_gray__parameterized1__20 |         15 |         15 |       0 |    0 |     33 |      0 |      0 |    0 |          0 |
|           gen_cdc_pntr.rd_pntr_cdc_inst                          |                                                                            xpm_cdc_gray__41 |         14 |         14 |       0 |    0 |     30 |      0 |      0 |    0 |          0 |
|           gen_cdc_pntr.rpw_gray_reg                              |                                                                        xpm_fifo_reg_vec_251 |          8 |          8 |       0 |    0 |     10 |      0 |      0 |    0 |          0 |
|           gen_cdc_pntr.rpw_gray_reg_dc                           |                                                        xpm_fifo_reg_vec__parameterized0_252 |          0 |          0 |       0 |    0 |     11 |      0 |      0 |    0 |          0 |
|           gen_cdc_pntr.wpr_gray_reg                              |                                                                        xpm_fifo_reg_vec_253 |          5 |          5 |       0 |    0 |     10 |      0 |      0 |    0 |          0 |
|           gen_cdc_pntr.wpr_gray_reg_dc                           |                                                        xpm_fifo_reg_vec__parameterized0_254 |          9 |          9 |       0 |    0 |     11 |      0 |      0 |    0 |          0 |
|           gen_cdc_pntr.wr_pntr_cdc_dc_inst                       |                                                            xpm_cdc_gray__parameterized0__20 |         16 |         16 |       0 |    0 |     55 |      0 |      0 |    0 |          0 |
|           gen_cdc_pntr.wr_pntr_cdc_inst                          |                                                                            xpm_cdc_gray__40 |         15 |         15 |       0 |    0 |     30 |      0 |      0 |    0 |          0 |
|           gen_fwft.rdpp1_inst                                    |                                                                        xpm_counter_updn_255 |          6 |          6 |       0 |    0 |      2 |      0 |      0 |    0 |          0 |
|           gen_sdpram.xpm_memory_base_inst                        |                                                                         xpm_memory_base__12 |          0 |          0 |       0 |    0 |      0 |      2 |      1 |    0 |          0 |
|           rdp_inst                                               |                                                        xpm_counter_updn__parameterized0_256 |         42 |         42 |       0 |    0 |     11 |      0 |      0 |    0 |          0 |
|           rdpp1_inst                                             |                                                        xpm_counter_updn__parameterized1_257 |         10 |         10 |       0 |    0 |     10 |      0 |      0 |    0 |          0 |
|           rst_d1_inst                                            |                                                                        xpm_fifo_reg_bit_258 |          3 |          3 |       0 |    0 |      1 |      0 |      0 |    0 |          0 |
|           wrp_inst                                               |                                                        xpm_counter_updn__parameterized0_259 |         22 |         22 |       0 |    0 |     11 |      0 |      0 |    0 |          0 |
|           wrpp1_inst                                             |                                                        xpm_counter_updn__parameterized1_260 |         19 |         19 |       0 |    0 |     10 |      0 |      0 |    0 |          0 |
|           wrpp2_inst                                             |                                                        xpm_counter_updn__parameterized2_261 |          9 |          9 |       0 |    0 |     10 |      0 |      0 |    0 |          0 |
|           xpm_fifo_rst_inst                                      |                                                                     xpm_fifo_rst__xdcDup__4 |         21 |         21 |       0 |    0 |     17 |      0 |      0 |    0 |          0 |
|             (xpm_fifo_rst_inst)                                  |                                                                     xpm_fifo_rst__xdcDup__4 |         21 |         21 |       0 |    0 |     13 |      0 |      0 |    0 |          0 |
|             gen_rst_ic.rrst_wr_inst                              |                                                                        xpm_cdc_sync_rst__81 |          0 |          0 |       0 |    0 |      2 |      0 |      0 |    0 |          0 |
|             gen_rst_ic.wrst_rd_inst                              |                                                                        xpm_cdc_sync_rst__80 |          0 |          0 |       0 |    0 |      2 |      0 |      0 |    0 |          0 |
|     g_capture_merge[4].u_hdmi_stream_cdc                         |                                                                 video_stream_cdc__xdcDup__5 |        232 |        232 |       0 |    0 |    318 |      2 |      1 |    0 |          0 |
|       (g_capture_merge[4].u_hdmi_stream_cdc)                     |                                                                 video_stream_cdc__xdcDup__5 |         20 |         20 |       0 |    0 |      8 |      0 |      0 |    0 |          0 |
|       u_stream_fifo                                              |                                                                   xpm_fifo_async__xdcDup__5 |        212 |        212 |       0 |    0 |    310 |      2 |      1 |    0 |          0 |
|         (u_stream_fifo)                                          |                                                                   xpm_fifo_async__xdcDup__5 |          0 |          0 |       0 |    0 |      0 |      0 |      0 |    0 |          0 |
|         gnuram_async_fifo.xpm_fifo_base_inst                     |                                                                    xpm_fifo_base__xdcDup__5 |        212 |        212 |       0 |    0 |    310 |      2 |      1 |    0 |          0 |
|           (gnuram_async_fifo.xpm_fifo_base_inst)                 |                                                                    xpm_fifo_base__xdcDup__5 |          6 |          6 |       0 |    0 |     48 |      0 |      0 |    0 |          0 |
|           gen_cdc_pntr.rd_pntr_cdc_dc_inst                       |                                                            xpm_cdc_gray__parameterized1__19 |         15 |         15 |       0 |    0 |     33 |      0 |      0 |    0 |          0 |
|           gen_cdc_pntr.rd_pntr_cdc_inst                          |                                                                            xpm_cdc_gray__39 |         14 |         14 |       0 |    0 |     30 |      0 |      0 |    0 |          0 |
|           gen_cdc_pntr.rpw_gray_reg                              |                                                                        xpm_fifo_reg_vec_240 |          8 |          8 |       0 |    0 |     10 |      0 |      0 |    0 |          0 |
|           gen_cdc_pntr.rpw_gray_reg_dc                           |                                                        xpm_fifo_reg_vec__parameterized0_241 |          0 |          0 |       0 |    0 |     11 |      0 |      0 |    0 |          0 |
|           gen_cdc_pntr.wpr_gray_reg                              |                                                                        xpm_fifo_reg_vec_242 |          5 |          5 |       0 |    0 |     10 |      0 |      0 |    0 |          0 |
|           gen_cdc_pntr.wpr_gray_reg_dc                           |                                                        xpm_fifo_reg_vec__parameterized0_243 |          9 |          9 |       0 |    0 |     11 |      0 |      0 |    0 |          0 |
|           gen_cdc_pntr.wr_pntr_cdc_dc_inst                       |                                                            xpm_cdc_gray__parameterized0__19 |         16 |         16 |       0 |    0 |     55 |      0 |      0 |    0 |          0 |
|           gen_cdc_pntr.wr_pntr_cdc_inst                          |                                                                            xpm_cdc_gray__38 |         15 |         15 |       0 |    0 |     30 |      0 |      0 |    0 |          0 |
|           gen_fwft.rdpp1_inst                                    |                                                                        xpm_counter_updn_244 |          6 |          6 |       0 |    0 |      2 |      0 |      0 |    0 |          0 |
|           gen_sdpram.xpm_memory_base_inst                        |                                                                         xpm_memory_base__11 |          0 |          0 |       0 |    0 |      0 |      2 |      1 |    0 |          0 |
|           rdp_inst                                               |                                                        xpm_counter_updn__parameterized0_245 |         42 |         42 |       0 |    0 |     11 |      0 |      0 |    0 |          0 |
|           rdpp1_inst                                             |                                                        xpm_counter_updn__parameterized1_246 |         10 |         10 |       0 |    0 |     10 |      0 |      0 |    0 |          0 |
|           rst_d1_inst                                            |                                                                        xpm_fifo_reg_bit_247 |          3 |          3 |       0 |    0 |      1 |      0 |      0 |    0 |          0 |
|           wrp_inst                                               |                                                        xpm_counter_updn__parameterized0_248 |         22 |         22 |       0 |    0 |     11 |      0 |      0 |    0 |          0 |
|           wrpp1_inst                                             |                                                        xpm_counter_updn__parameterized1_249 |         19 |         19 |       0 |    0 |     10 |      0 |      0 |    0 |          0 |
|           wrpp2_inst                                             |                                                        xpm_counter_updn__parameterized2_250 |          9 |          9 |       0 |    0 |     10 |      0 |      0 |    0 |          0 |
|           xpm_fifo_rst_inst                                      |                                                                     xpm_fifo_rst__xdcDup__5 |         21 |         21 |       0 |    0 |     17 |      0 |      0 |    0 |          0 |
|             (xpm_fifo_rst_inst)                                  |                                                                     xpm_fifo_rst__xdcDup__5 |         21 |         21 |       0 |    0 |     13 |      0 |      0 |    0 |          0 |
|             gen_rst_ic.rrst_wr_inst                              |                                                                        xpm_cdc_sync_rst__79 |          0 |          0 |       0 |    0 |      2 |      0 |      0 |    0 |          0 |
|             gen_rst_ic.wrst_rd_inst                              |                                                                        xpm_cdc_sync_rst__78 |          0 |          0 |       0 |    0 |      2 |      0 |      0 |    0 |          0 |
|     g_capture_merge[5].u_hdmi_stream_cdc                         |                                                                 video_stream_cdc__xdcDup__6 |        232 |        232 |       0 |    0 |    318 |      2 |      1 |    0 |          0 |
|       (g_capture_merge[5].u_hdmi_stream_cdc)                     |                                                                 video_stream_cdc__xdcDup__6 |         20 |         20 |       0 |    0 |      8 |      0 |      0 |    0 |          0 |
|       u_stream_fifo                                              |                                                                   xpm_fifo_async__xdcDup__6 |        212 |        212 |       0 |    0 |    310 |      2 |      1 |    0 |          0 |
|         (u_stream_fifo)                                          |                                                                   xpm_fifo_async__xdcDup__6 |          0 |          0 |       0 |    0 |      0 |      0 |      0 |    0 |          0 |
|         gnuram_async_fifo.xpm_fifo_base_inst                     |                                                                    xpm_fifo_base__xdcDup__6 |        212 |        212 |       0 |    0 |    310 |      2 |      1 |    0 |          0 |
|           (gnuram_async_fifo.xpm_fifo_base_inst)                 |                                                                    xpm_fifo_base__xdcDup__6 |          6 |          6 |       0 |    0 |     48 |      0 |      0 |    0 |          0 |
|           gen_cdc_pntr.rd_pntr_cdc_dc_inst                       |                                                            xpm_cdc_gray__parameterized1__18 |         15 |         15 |       0 |    0 |     33 |      0 |      0 |    0 |          0 |
|           gen_cdc_pntr.rd_pntr_cdc_inst                          |                                                                            xpm_cdc_gray__37 |         14 |         14 |       0 |    0 |     30 |      0 |      0 |    0 |          0 |
|           gen_cdc_pntr.rpw_gray_reg                              |                                                                        xpm_fifo_reg_vec_229 |          8 |          8 |       0 |    0 |     10 |      0 |      0 |    0 |          0 |
|           gen_cdc_pntr.rpw_gray_reg_dc                           |                                                        xpm_fifo_reg_vec__parameterized0_230 |          0 |          0 |       0 |    0 |     11 |      0 |      0 |    0 |          0 |
|           gen_cdc_pntr.wpr_gray_reg                              |                                                                        xpm_fifo_reg_vec_231 |          5 |          5 |       0 |    0 |     10 |      0 |      0 |    0 |          0 |
|           gen_cdc_pntr.wpr_gray_reg_dc                           |                                                        xpm_fifo_reg_vec__parameterized0_232 |          9 |          9 |       0 |    0 |     11 |      0 |      0 |    0 |          0 |
|           gen_cdc_pntr.wr_pntr_cdc_dc_inst                       |                                                            xpm_cdc_gray__parameterized0__18 |         16 |         16 |       0 |    0 |     55 |      0 |      0 |    0 |          0 |
|           gen_cdc_pntr.wr_pntr_cdc_inst                          |                                                                            xpm_cdc_gray__36 |         15 |         15 |       0 |    0 |     30 |      0 |      0 |    0 |          0 |
|           gen_fwft.rdpp1_inst                                    |                                                                        xpm_counter_updn_233 |          6 |          6 |       0 |    0 |      2 |      0 |      0 |    0 |          0 |
|           gen_sdpram.xpm_memory_base_inst                        |                                                                         xpm_memory_base__10 |          0 |          0 |       0 |    0 |      0 |      2 |      1 |    0 |          0 |
|           rdp_inst                                               |                                                        xpm_counter_updn__parameterized0_234 |         42 |         42 |       0 |    0 |     11 |      0 |      0 |    0 |          0 |
|           rdpp1_inst                                             |                                                        xpm_counter_updn__parameterized1_235 |         10 |         10 |       0 |    0 |     10 |      0 |      0 |    0 |          0 |
|           rst_d1_inst                                            |                                                                        xpm_fifo_reg_bit_236 |          3 |          3 |       0 |    0 |      1 |      0 |      0 |    0 |          0 |
|           wrp_inst                                               |                                                        xpm_counter_updn__parameterized0_237 |         22 |         22 |       0 |    0 |     11 |      0 |      0 |    0 |          0 |
|           wrpp1_inst                                             |                                                        xpm_counter_updn__parameterized1_238 |         19 |         19 |       0 |    0 |     10 |      0 |      0 |    0 |          0 |
|           wrpp2_inst                                             |                                                        xpm_counter_updn__parameterized2_239 |          9 |          9 |       0 |    0 |     10 |      0 |      0 |    0 |          0 |
|           xpm_fifo_rst_inst                                      |                                                                     xpm_fifo_rst__xdcDup__6 |         21 |         21 |       0 |    0 |     17 |      0 |      0 |    0 |          0 |
|             (xpm_fifo_rst_inst)                                  |                                                                     xpm_fifo_rst__xdcDup__6 |         21 |         21 |       0 |    0 |     13 |      0 |      0 |    0 |          0 |
|             gen_rst_ic.rrst_wr_inst                              |                                                                        xpm_cdc_sync_rst__77 |          0 |          0 |       0 |    0 |      2 |      0 |      0 |    0 |          0 |
|             gen_rst_ic.wrst_rd_inst                              |                                                                        xpm_cdc_sync_rst__76 |          0 |          0 |       0 |    0 |      2 |      0 |      0 |    0 |          0 |
|     g_capture_merge[6].u_hdmi_stream_cdc                         |                                                                 video_stream_cdc__xdcDup__7 |        232 |        232 |       0 |    0 |    318 |      2 |      1 |    0 |          0 |
|       (g_capture_merge[6].u_hdmi_stream_cdc)                     |                                                                 video_stream_cdc__xdcDup__7 |         20 |         20 |       0 |    0 |      8 |      0 |      0 |    0 |          0 |
|       u_stream_fifo                                              |                                                                   xpm_fifo_async__xdcDup__7 |        212 |        212 |       0 |    0 |    310 |      2 |      1 |    0 |          0 |
|         (u_stream_fifo)                                          |                                                                   xpm_fifo_async__xdcDup__7 |          0 |          0 |       0 |    0 |      0 |      0 |      0 |    0 |          0 |
|         gnuram_async_fifo.xpm_fifo_base_inst                     |                                                                    xpm_fifo_base__xdcDup__7 |        212 |        212 |       0 |    0 |    310 |      2 |      1 |    0 |          0 |
|           (gnuram_async_fifo.xpm_fifo_base_inst)                 |                                                                    xpm_fifo_base__xdcDup__7 |          6 |          6 |       0 |    0 |     48 |      0 |      0 |    0 |          0 |
|           gen_cdc_pntr.rd_pntr_cdc_dc_inst                       |                                                            xpm_cdc_gray__parameterized1__17 |         15 |         15 |       0 |    0 |     33 |      0 |      0 |    0 |          0 |
|           gen_cdc_pntr.rd_pntr_cdc_inst                          |                                                                            xpm_cdc_gray__35 |         14 |         14 |       0 |    0 |     30 |      0 |      0 |    0 |          0 |
|           gen_cdc_pntr.rpw_gray_reg                              |                                                                        xpm_fifo_reg_vec_218 |          8 |          8 |       0 |    0 |     10 |      0 |      0 |    0 |          0 |
|           gen_cdc_pntr.rpw_gray_reg_dc                           |                                                        xpm_fifo_reg_vec__parameterized0_219 |          0 |          0 |       0 |    0 |     11 |      0 |      0 |    0 |          0 |
|           gen_cdc_pntr.wpr_gray_reg                              |                                                                        xpm_fifo_reg_vec_220 |          5 |          5 |       0 |    0 |     10 |      0 |      0 |    0 |          0 |
|           gen_cdc_pntr.wpr_gray_reg_dc                           |                                                        xpm_fifo_reg_vec__parameterized0_221 |          9 |          9 |       0 |    0 |     11 |      0 |      0 |    0 |          0 |
|           gen_cdc_pntr.wr_pntr_cdc_dc_inst                       |                                                            xpm_cdc_gray__parameterized0__17 |         16 |         16 |       0 |    0 |     55 |      0 |      0 |    0 |          0 |
|           gen_cdc_pntr.wr_pntr_cdc_inst                          |                                                                            xpm_cdc_gray__34 |         15 |         15 |       0 |    0 |     30 |      0 |      0 |    0 |          0 |
|           gen_fwft.rdpp1_inst                                    |                                                                        xpm_counter_updn_222 |          6 |          6 |       0 |    0 |      2 |      0 |      0 |    0 |          0 |
|           gen_sdpram.xpm_memory_base_inst                        |                                                                          xpm_memory_base__9 |          0 |          0 |       0 |    0 |      0 |      2 |      1 |    0 |          0 |
|           rdp_inst                                               |                                                        xpm_counter_updn__parameterized0_223 |         42 |         42 |       0 |    0 |     11 |      0 |      0 |    0 |          0 |
|           rdpp1_inst                                             |                                                        xpm_counter_updn__parameterized1_224 |         10 |         10 |       0 |    0 |     10 |      0 |      0 |    0 |          0 |
|           rst_d1_inst                                            |                                                                        xpm_fifo_reg_bit_225 |          3 |          3 |       0 |    0 |      1 |      0 |      0 |    0 |          0 |
|           wrp_inst                                               |                                                        xpm_counter_updn__parameterized0_226 |         22 |         22 |       0 |    0 |     11 |      0 |      0 |    0 |          0 |
|           wrpp1_inst                                             |                                                        xpm_counter_updn__parameterized1_227 |         19 |         19 |       0 |    0 |     10 |      0 |      0 |    0 |          0 |
|           wrpp2_inst                                             |                                                        xpm_counter_updn__parameterized2_228 |          9 |          9 |       0 |    0 |     10 |      0 |      0 |    0 |          0 |
|           xpm_fifo_rst_inst                                      |                                                                     xpm_fifo_rst__xdcDup__7 |         21 |         21 |       0 |    0 |     17 |      0 |      0 |    0 |          0 |
|             (xpm_fifo_rst_inst)                                  |                                                                     xpm_fifo_rst__xdcDup__7 |         21 |         21 |       0 |    0 |     13 |      0 |      0 |    0 |          0 |
|             gen_rst_ic.rrst_wr_inst                              |                                                                        xpm_cdc_sync_rst__75 |          0 |          0 |       0 |    0 |      2 |      0 |      0 |    0 |          0 |
|             gen_rst_ic.wrst_rd_inst                              |                                                                        xpm_cdc_sync_rst__74 |          0 |          0 |       0 |    0 |      2 |      0 |      0 |    0 |          0 |
|     g_capture_merge[7].u_hdmi_stream_cdc                         |                                                                            video_stream_cdc |        232 |        232 |       0 |    0 |    318 |      2 |      1 |    0 |          0 |
|       (g_capture_merge[7].u_hdmi_stream_cdc)                     |                                                                            video_stream_cdc |         20 |         20 |       0 |    0 |      8 |      0 |      0 |    0 |          0 |
|       u_stream_fifo                                              |                                                                              xpm_fifo_async |        212 |        212 |       0 |    0 |    310 |      2 |      1 |    0 |          0 |
|         (u_stream_fifo)                                          |                                                                              xpm_fifo_async |          0 |          0 |       0 |    0 |      0 |      0 |      0 |    0 |          0 |
|         gnuram_async_fifo.xpm_fifo_base_inst                     |                                                                               xpm_fifo_base |        212 |        212 |       0 |    0 |    310 |      2 |      1 |    0 |          0 |
|           (gnuram_async_fifo.xpm_fifo_base_inst)                 |                                                                               xpm_fifo_base |          6 |          6 |       0 |    0 |     48 |      0 |      0 |    0 |          0 |
|           gen_cdc_pntr.rd_pntr_cdc_dc_inst                       |                                                            xpm_cdc_gray__parameterized1__16 |         15 |         15 |       0 |    0 |     33 |      0 |      0 |    0 |          0 |
|           gen_cdc_pntr.rd_pntr_cdc_inst                          |                                                                            xpm_cdc_gray__33 |         14 |         14 |       0 |    0 |     30 |      0 |      0 |    0 |          0 |
|           gen_cdc_pntr.rpw_gray_reg                              |                                                                        xpm_fifo_reg_vec_209 |          8 |          8 |       0 |    0 |     10 |      0 |      0 |    0 |          0 |
|           gen_cdc_pntr.rpw_gray_reg_dc                           |                                                            xpm_fifo_reg_vec__parameterized0 |          0 |          0 |       0 |    0 |     11 |      0 |      0 |    0 |          0 |
|           gen_cdc_pntr.wpr_gray_reg                              |                                                                        xpm_fifo_reg_vec_210 |          5 |          5 |       0 |    0 |     10 |      0 |      0 |    0 |          0 |
|           gen_cdc_pntr.wpr_gray_reg_dc                           |                                                        xpm_fifo_reg_vec__parameterized0_211 |          9 |          9 |       0 |    0 |     11 |      0 |      0 |    0 |          0 |
|           gen_cdc_pntr.wr_pntr_cdc_dc_inst                       |                                                            xpm_cdc_gray__parameterized0__16 |         16 |         16 |       0 |    0 |     55 |      0 |      0 |    0 |          0 |
|           gen_cdc_pntr.wr_pntr_cdc_inst                          |                                                                            xpm_cdc_gray__32 |         15 |         15 |       0 |    0 |     30 |      0 |      0 |    0 |          0 |
|           gen_fwft.rdpp1_inst                                    |                                                                        xpm_counter_updn_212 |          6 |          6 |       0 |    0 |      2 |      0 |      0 |    0 |          0 |
|           gen_sdpram.xpm_memory_base_inst                        |                                                                          xpm_memory_base__8 |          0 |          0 |       0 |    0 |      0 |      2 |      1 |    0 |          0 |
|           rdp_inst                                               |                                                        xpm_counter_updn__parameterized0_213 |         42 |         42 |       0 |    0 |     11 |      0 |      0 |    0 |          0 |
|           rdpp1_inst                                             |                                                        xpm_counter_updn__parameterized1_214 |         10 |         10 |       0 |    0 |     10 |      0 |      0 |    0 |          0 |
|           rst_d1_inst                                            |                                                                        xpm_fifo_reg_bit_215 |          3 |          3 |       0 |    0 |      1 |      0 |      0 |    0 |          0 |
|           wrp_inst                                               |                                                        xpm_counter_updn__parameterized0_216 |         22 |         22 |       0 |    0 |     11 |      0 |      0 |    0 |          0 |
|           wrpp1_inst                                             |                                                        xpm_counter_updn__parameterized1_217 |         19 |         19 |       0 |    0 |     10 |      0 |      0 |    0 |          0 |
|           wrpp2_inst                                             |                                                            xpm_counter_updn__parameterized2 |          9 |          9 |       0 |    0 |     10 |      0 |      0 |    0 |          0 |
|           xpm_fifo_rst_inst                                      |                                                                     xpm_fifo_rst__xdcDup__8 |         21 |         21 |       0 |    0 |     17 |      0 |      0 |    0 |          0 |
|             (xpm_fifo_rst_inst)                                  |                                                                     xpm_fifo_rst__xdcDup__8 |         21 |         21 |       0 |    0 |     13 |      0 |      0 |    0 |          0 |
|             gen_rst_ic.rrst_wr_inst                              |                                                                        xpm_cdc_sync_rst__73 |          0 |          0 |       0 |    0 |      2 |      0 |      0 |    0 |          0 |
|             gen_rst_ic.wrst_rd_inst                              |                                                                        xpm_cdc_sync_rst__72 |          0 |          0 |       0 |    0 |      2 |      0 |      0 |    0 |          0 |
|     u_ddr_bd                                                     |                                                                            design_1_wrapper |      22498 |      20089 |    1520 |  889 |  32447 |     25 |      1 |    0 |          3 |
|       (u_ddr_bd)                                                 |                                                                            design_1_wrapper |         52 |         52 |       0 |    0 |      0 |      0 |      0 |    0 |          0 |
|       design_1_i                                                 |                                                                                    design_1 |      22446 |      20037 |    1520 |  889 |  32447 |     25 |      1 |    0 |          3 |
|         (design_1_i)                                             |                                                                                    design_1 |          0 |          0 |       0 |    0 |      0 |      0 |      0 |    0 |          0 |
|         axi_interconnect_0                                       |                                                               design_1_axi_interconnect_0_0 |       7277 |       6293 |     704 |  280 |  13240 |      0 |      0 |    0 |          0 |
|           (axi_interconnect_0)                                   |                                                               design_1_axi_interconnect_0_0 |          0 |          0 |       0 |    0 |      0 |      0 |      0 |    0 |          0 |
|           s00_couplers                                           |                                                                     s00_couplers_imp_O7FAN0 |       2687 |       1889 |     704 |   94 |   5957 |      0 |      0 |    0 |          0 |
|             (s00_couplers)                                       |                                                                     s00_couplers_imp_O7FAN0 |          0 |          0 |       0 |    0 |      0 |      0 |      0 |    0 |          0 |
|             auto_cc                                              |                                                                          design_1_auto_cc_0 |        956 |        252 |     704 |    0 |   2942 |      0 |      0 |    0 |          0 |
|               (auto_cc)                                          |                                                                          design_1_auto_cc_0 |          0 |          0 |       0 |    0 |      0 |      0 |      0 |    0 |          0 |
|               inst                                               |                          design_1_auto_cc_0_axi_clock_converter_v2_1_28_axi_clock_converter |        956 |        252 |     704 |    0 |   2942 |      0 |      0 |    0 |          0 |
|             auto_us                                              |                                                                          design_1_auto_us_0 |       1731 |       1637 |       0 |   94 |   3015 |      0 |      0 |    0 |          0 |
|               (auto_us)                                          |                                                                          design_1_auto_us_0 |          0 |          0 |       0 |    0 |      0 |      0 |      0 |    0 |          0 |
|               inst                                               |                                         design_1_auto_us_0_axi_dwidth_converter_v2_1_29_top |       1731 |       1637 |       0 |   94 |   3015 |      0 |      0 |    0 |          0 |
|           s01_couplers                                           |                                                                    s01_couplers_imp_1F69D31 |       1735 |       1643 |       0 |   92 |   3011 |      0 |      0 |    0 |          0 |
|             (s01_couplers)                                       |                                                                    s01_couplers_imp_1F69D31 |          0 |          0 |       0 |    0 |      0 |      0 |      0 |    0 |          0 |
|             auto_us                                              |                                                                          design_1_auto_us_1 |       1735 |       1643 |       0 |   92 |   3011 |      0 |      0 |    0 |          0 |
|               (auto_us)                                          |                                                                          design_1_auto_us_1 |          0 |          0 |       0 |    0 |      0 |      0 |      0 |    0 |          0 |
|               inst                                               |                                         design_1_auto_us_1_axi_dwidth_converter_v2_1_29_top |       1735 |       1643 |       0 |   92 |   3011 |      0 |      0 |    0 |          0 |
|           s02_couplers                                           |                                                                     s02_couplers_imp_N071UN |       1735 |       1643 |       0 |   92 |   3011 |      0 |      0 |    0 |          0 |
|             (s02_couplers)                                       |                                                                     s02_couplers_imp_N071UN |          0 |          0 |       0 |    0 |      0 |      0 |      0 |    0 |          0 |
|             auto_us                                              |                                                                          design_1_auto_us_2 |       1735 |       1643 |       0 |   92 |   3011 |      0 |      0 |    0 |          0 |
|               (auto_us)                                          |                                                                          design_1_auto_us_2 |          0 |          0 |       0 |    0 |      0 |      0 |      0 |    0 |          0 |
|               inst                                               |                                         design_1_auto_us_2_axi_dwidth_converter_v2_1_29_top |       1735 |       1643 |       0 |   92 |   3011 |      0 |      0 |    0 |          0 |
|           xbar                                                   |                                                                             design_1_xbar_0 |       1120 |       1118 |       0 |    2 |   1261 |      0 |      0 |    0 |          0 |
|             (xbar)                                               |                                                                             design_1_xbar_0 |          0 |          0 |       0 |    0 |      0 |      0 |      0 |    0 |          0 |
|             inst                                                 |                                           design_1_xbar_0_axi_crossbar_v2_1_30_axi_crossbar |       1120 |       1118 |       0 |    2 |   1261 |      0 |      0 |    0 |          0 |
|               (inst)                                             |                                           design_1_xbar_0_axi_crossbar_v2_1_30_axi_crossbar |          0 |          0 |       0 |    0 |      0 |      0 |      0 |    0 |          0 |
|               gen_samd.crossbar_samd                             |                                               design_1_xbar_0_axi_crossbar_v2_1_30_crossbar |       1120 |       1118 |       0 |    2 |   1261 |      0 |      0 |    0 |          0 |
|         ddr4_0                                                   |                                                                           design_1_ddr4_0_0 |      15132 |      13708 |     816 |  608 |  17923 |     25 |      1 |    0 |          3 |
|           inst                                                   |                                                                      design_1_ddr4_0_0_ddr4 |      15132 |      13708 |     816 |  608 |  17923 |     25 |      1 |    0 |          3 |
|             (inst)                                               |                                                                      design_1_ddr4_0_0_ddr4 |          0 |          0 |       0 |    0 |      1 |      0 |      0 |    0 |          0 |
|             u_ddr4_infrastructure                                |                                               design_1_ddr4_0_0_ddr4_v2_2_20_infrastructure |         42 |         42 |       0 |    0 |     65 |      0 |      0 |    0 |          0 |
|             u_ddr4_mem_intfc                                     |                                                            design_1_ddr4_0_0_ddr4_mem_intfc |      13616 |      12714 |     816 |   86 |  16427 |     25 |      1 |    0 |          3 |
|               (u_ddr4_mem_intfc)                                 |                                                            design_1_ddr4_0_0_ddr4_mem_intfc |          0 |          0 |       0 |    0 |      6 |      0 |      0 |    0 |          0 |
|               u_ddr_cal_riu                                      |                                                              design_1_ddr4_0_0_ddr4_cal_riu |       1431 |       1285 |      64 |   82 |   1092 |     24 |      0 |    0 |          3 |
|               u_ddr_cal_top                                      |                                                      design_1_ddr4_0_0_ddr4_v2_2_20_cal_top |       6030 |       6027 |       0 |    3 |   9697 |      1 |      1 |    0 |          0 |
|               u_ddr_mc                                           |                                                           design_1_ddr4_0_0_ddr4_v2_2_20_mc |       2546 |       2545 |       0 |    1 |   2480 |      0 |      0 |    0 |          0 |
|               u_ddr_ui                                           |                                                           design_1_ddr4_0_0_ddr4_v2_2_20_ui |       2520 |       1768 |     752 |    0 |   2465 |      0 |      0 |    0 |          0 |
|               u_en_vtc_sync                                      |                                     design_1_ddr4_0_0_ddr4_v2_2_20_cal_sync__parameterized4 |          0 |          0 |       0 |    0 |      2 |      0 |      0 |    0 |          0 |
|               u_fab_rst_sync                                     |                                   design_1_ddr4_0_0_ddr4_v2_2_20_cal_sync__parameterized4_0 |          0 |          0 |       0 |    0 |      2 |      0 |      0 |    0 |          0 |
|               u_io_addr_strobe_lvl_sync                          |                                     design_1_ddr4_0_0_ddr4_v2_2_20_cal_sync__parameterized9 |          0 |          0 |       0 |    0 |      2 |      0 |      0 |    0 |          0 |
|               u_io_addr_sync                                     |                                     design_1_ddr4_0_0_ddr4_v2_2_20_cal_sync__parameterized8 |        660 |        660 |       0 |    0 |     64 |      0 |      0 |    0 |          0 |
|               u_io_read_data_sync                                |                                     design_1_ddr4_0_0_ddr4_v2_2_20_cal_sync__parameterized5 |          0 |          0 |       0 |    0 |     64 |      0 |      0 |    0 |          0 |
|               u_io_ready_lvl_sync                                |                                     design_1_ddr4_0_0_ddr4_v2_2_20_cal_sync__parameterized6 |          0 |          0 |       0 |    0 |      2 |      0 |      0 |    0 |          0 |
|               u_io_write_data_sync                               |                                   design_1_ddr4_0_0_ddr4_v2_2_20_cal_sync__parameterized8_1 |         82 |         82 |       0 |    0 |     64 |      0 |      0 |    0 |          0 |
|               u_io_write_strobe_sync                             |                                   design_1_ddr4_0_0_ddr4_v2_2_20_cal_sync__parameterized9_2 |          1 |          1 |       0 |    0 |      2 |      0 |      0 |    0 |          0 |
|               u_mig_ddr4_phy                                     |                                                                       design_1_ddr4_0_0_phy |        347 |        347 |       0 |    0 |    281 |      0 |      0 |    0 |          0 |
|               u_phy2clb_bisc_complete_sync                       |                                   design_1_ddr4_0_0_ddr4_v2_2_20_cal_sync__parameterized4_3 |          0 |          0 |       0 |    0 |      2 |      0 |      0 |    0 |          0 |
|               u_phy2clb_fixdly_rdy_low                           |                                     design_1_ddr4_0_0_ddr4_v2_2_20_cal_sync__parameterized7 |          0 |          0 |       0 |    0 |     40 |      0 |      0 |    0 |          0 |
|               u_phy2clb_fixdly_rdy_upp                           |                                   design_1_ddr4_0_0_ddr4_v2_2_20_cal_sync__parameterized7_4 |          0 |          0 |       0 |    0 |     40 |      0 |      0 |    0 |          0 |
|               u_phy2clb_phy_rdy_low                              |                                   design_1_ddr4_0_0_ddr4_v2_2_20_cal_sync__parameterized7_5 |          0 |          0 |       0 |    0 |     40 |      0 |      0 |    0 |          0 |
|               u_phy2clb_phy_rdy_upp                              |                                   design_1_ddr4_0_0_ddr4_v2_2_20_cal_sync__parameterized7_6 |          0 |          0 |       0 |    0 |     40 |      0 |      0 |    0 |          0 |
|               u_phy2clb_phy_ready_sync                           |                                   design_1_ddr4_0_0_ddr4_v2_2_20_cal_sync__parameterized4_7 |          0 |          0 |       0 |    0 |      2 |      0 |      0 |    0 |          0 |
|               u_riu2clb_valid_sync                               |                                   design_1_ddr4_0_0_ddr4_v2_2_20_cal_sync__parameterized7_8 |          0 |          0 |       0 |    0 |     40 |      0 |      0 |    0 |          0 |
|             u_ddr_axi                                            |                                                          design_1_ddr4_0_0_ddr4_v2_2_20_axi |       1474 |        952 |       0 |  522 |   1430 |      0 |      0 |    0 |          0 |
|               (u_ddr_axi)                                        |                                                          design_1_ddr4_0_0_ddr4_v2_2_20_axi |          1 |          1 |       0 |    0 |      2 |      0 |      0 |    0 |          0 |
|               axi_ar_channel_0                                   |                                               design_1_ddr4_0_0_ddr4_v2_2_20_axi_ar_channel |        146 |        146 |       0 |    0 |    101 |      0 |      0 |    0 |          0 |
|               axi_aw_channel_0                                   |                                               design_1_ddr4_0_0_ddr4_v2_2_20_axi_aw_channel |        148 |        148 |       0 |    0 |     99 |      0 |      0 |    0 |          0 |
|               axi_b_channel_0                                    |                                                design_1_ddr4_0_0_ddr4_v2_2_20_axi_b_channel |         13 |          9 |       0 |    4 |      4 |      0 |      0 |    0 |          0 |
|               axi_cmd_arbiter_0                                  |                                              design_1_ddr4_0_0_ddr4_v2_2_20_axi_cmd_arbiter |         32 |         32 |       0 |    0 |     31 |      0 |      0 |    0 |          0 |
|               axi_r_channel_0                                    |                                                design_1_ddr4_0_0_ddr4_v2_2_20_axi_r_channel |        549 |         31 |       0 |  518 |     29 |      0 |      0 |    0 |          0 |
|               axi_w_channel_0                                    |                                                design_1_ddr4_0_0_ddr4_v2_2_20_axi_w_channel |        585 |        585 |       0 |    0 |   1164 |      0 |      0 |    0 |          0 |
|         m00_full_regslice                                        |                                                                design_1_m00_full_regslice_0 |         18 |         18 |       0 |    0 |   1244 |      0 |      0 |    0 |          0 |
|           (m00_full_regslice)                                    |                                                                design_1_m00_full_regslice_0 |          0 |          0 |       0 |    0 |      0 |      0 |      0 |    0 |          0 |
|           inst                                                   |                  design_1_m00_full_regslice_0_axi_register_slice_v2_1_29_axi_register_slice |         18 |         18 |       0 |    0 |   1244 |      0 |      0 |    0 |          0 |
|             (inst)                                               |                  design_1_m00_full_regslice_0_axi_register_slice_v2_1_29_axi_register_slice |          0 |          0 |       0 |    0 |      0 |      0 |      0 |    0 |          0 |
|             ar.ar_pipe                                           |                 design_1_m00_full_regslice_0_axi_register_slice_v2_1_29_axic_register_slice |          3 |          3 |       0 |    0 |     67 |      0 |      0 |    0 |          0 |
|             aw.aw_pipe                                           |               design_1_m00_full_regslice_0_axi_register_slice_v2_1_29_axic_register_slice_0 |          4 |          4 |       0 |    0 |     68 |      0 |      0 |    0 |          0 |
|             b.b_pipe                                             | design_1_m00_full_regslice_0_axi_register_slice_v2_1_29_axic_register_slice__parameterized1 |          3 |          3 |       0 |    0 |      8 |      0 |      0 |    0 |          0 |
|             r.r_pipe                                             | design_1_m00_full_regslice_0_axi_register_slice_v2_1_29_axic_register_slice__parameterized2 |          3 |          3 |       0 |    0 |    521 |      0 |      0 |    0 |          0 |
|             w.w_pipe                                             | design_1_m00_full_regslice_0_axi_register_slice_v2_1_29_axic_register_slice__parameterized0 |          5 |          5 |       0 |    0 |    580 |      0 |      0 |    0 |          0 |
|         proc_sys_reset_0                                         |                                                                 design_1_proc_sys_reset_0_0 |         19 |         18 |       0 |    1 |     40 |      0 |      0 |    0 |          0 |
|           U0                                                     |                                                  design_1_proc_sys_reset_0_0_proc_sys_reset |         19 |         18 |       0 |    1 |     40 |      0 |      0 |    0 |          0 |
|             (U0)                                                 |                                                  design_1_proc_sys_reset_0_0_proc_sys_reset |          0 |          0 |       0 |    0 |      5 |      0 |      0 |    0 |          0 |
|             EXT_LPF                                              |                                                             design_1_proc_sys_reset_0_0_lpf |          6 |          5 |       0 |    1 |     17 |      0 |      0 |    0 |          0 |
|               (EXT_LPF)                                          |                                                             design_1_proc_sys_reset_0_0_lpf |          2 |          1 |       0 |    1 |      9 |      0 |      0 |    0 |          0 |
|               ACTIVE_HIGH_EXT.ACT_HI_EXT                         |                                                        design_1_proc_sys_reset_0_0_cdc_sync |          2 |          2 |       0 |    0 |      4 |      0 |      0 |    0 |          0 |
|               ACTIVE_LOW_AUX.ACT_LO_AUX                          |                                                      design_1_proc_sys_reset_0_0_cdc_sync_0 |          2 |          2 |       0 |    0 |      4 |      0 |      0 |    0 |          0 |
|             SEQ                                                  |                                                    design_1_proc_sys_reset_0_0_sequence_psr |         13 |         13 |       0 |    0 |     18 |      0 |      0 |    0 |          0 |
|               (SEQ)                                              |                                                    design_1_proc_sys_reset_0_0_sequence_psr |          8 |          8 |       0 |    0 |     12 |      0 |      0 |    0 |          0 |
|               SEQ_COUNTER                                        |                                                         design_1_proc_sys_reset_0_0_upcnt_n |          5 |          5 |       0 |    0 |      6 |      0 |      0 |    0 |          0 |
|     u_hdmi_stats_to_video                                        |                                                                        xpm_cdc_array_single |          0 |          0 |       0 |    0 |   1728 |      0 |      0 |    0 |          0 |
|     u_preprocess_read_ui_cdc                                     |                                                            axi4_ui_read_cdc__parameterized0 |        276 |        240 |      36 |    0 |    368 |      4 |      0 |    0 |          0 |
|       u_ar                                                       |                                                                 cdc_payload_fifo__xdcDup__3 |        129 |         93 |      36 |    0 |    220 |      0 |      0 |    0 |          0 |
|         (u_ar)                                                   |                                                                 cdc_payload_fifo__xdcDup__3 |          5 |          5 |       0 |    0 |      8 |      0 |      0 |    0 |          0 |
|         u_fifo                                                   |                                                   xpm_fifo_async__parameterized0__xdcDup__3 |        124 |         88 |      36 |    0 |    212 |      0 |      0 |    0 |          0 |
|           (u_fifo)                                               |                                                   xpm_fifo_async__parameterized0__xdcDup__3 |          0 |          0 |       0 |    0 |      0 |      0 |      0 |    0 |          0 |
|           gnuram_async_fifo.xpm_fifo_base_inst                   |                                                    xpm_fifo_base__parameterized0__xdcDup__3 |        124 |         88 |      36 |    0 |    212 |      0 |      0 |    0 |          0 |
|             (gnuram_async_fifo.xpm_fifo_base_inst)               |                                                    xpm_fifo_base__parameterized0__xdcDup__3 |          4 |          4 |       0 |    0 |     28 |      0 |      0 |    0 |          0 |
|             gen_fwft.rdpp1_inst                                  |                                                                        xpm_counter_updn_199 |          6 |          6 |       0 |    0 |      2 |      0 |      0 |    0 |          0 |
|             gen_pntr_pf_rc.rpw_rc_reg                            |                                                        xpm_fifo_reg_vec__parameterized1_200 |          0 |          0 |       0 |    0 |      5 |      0 |      0 |    0 |          0 |
|             gen_pntr_pf_rc.rpw_rc_reg_dc                         |                                                        xpm_fifo_reg_vec__parameterized2_201 |          0 |          0 |       0 |    0 |      6 |      0 |      0 |    0 |          0 |
|             gen_pntr_pf_rc.wpr_rc_reg_dc                         |                                                        xpm_fifo_reg_vec__parameterized2_202 |         12 |         12 |       0 |    0 |      6 |      0 |      0 |    0 |          0 |
|             gen_sdpram.xpm_memory_base_inst                      |                                                          xpm_memory_base__parameterized0__5 |         36 |          0 |      36 |    0 |    120 |      0 |      0 |    0 |          0 |
|             rdp_inst                                             |                                                        xpm_counter_updn__parameterized3_203 |         15 |         15 |       0 |    0 |      6 |      0 |      0 |    0 |          0 |
|             rdpp1_inst                                           |                                                        xpm_counter_updn__parameterized4_204 |          6 |          6 |       0 |    0 |      5 |      0 |      0 |    0 |          0 |
|             rst_d1_inst                                          |                                                                        xpm_fifo_reg_bit_205 |          2 |          2 |       0 |    0 |      1 |      0 |      0 |    0 |          0 |
|             wrp_inst                                             |                                                        xpm_counter_updn__parameterized3_206 |         11 |         11 |       0 |    0 |      6 |      0 |      0 |    0 |          0 |
|             wrpp1_inst                                           |                                                        xpm_counter_updn__parameterized4_207 |         10 |         10 |       0 |    0 |      5 |      0 |      0 |    0 |          0 |
|             wrpp2_inst                                           |                                                        xpm_counter_updn__parameterized5_208 |          5 |          5 |       0 |    0 |      5 |      0 |      0 |    0 |          0 |
|             xpm_fifo_rst_inst                                    |                                                                    xpm_fifo_rst__xdcDup__14 |         21 |         21 |       0 |    0 |     17 |      0 |      0 |    0 |          0 |
|               (xpm_fifo_rst_inst)                                |                                                                    xpm_fifo_rst__xdcDup__14 |         21 |         21 |       0 |    0 |     13 |      0 |      0 |    0 |          0 |
|               gen_rst_ic.rrst_wr_inst                            |                                                                        xpm_cdc_sync_rst__61 |          0 |          0 |       0 |    0 |      2 |      0 |      0 |    0 |          0 |
|               gen_rst_ic.wrst_rd_inst                            |                                                                        xpm_cdc_sync_rst__60 |          0 |          0 |       0 |    0 |      2 |      0 |      0 |    0 |          0 |
|       u_r                                                        |                                                            cdc_payload_fifo__parameterized2 |        147 |        147 |       0 |    0 |    148 |      4 |      0 |    0 |          0 |
|         (u_r)                                                    |                                                            cdc_payload_fifo__parameterized2 |          8 |          8 |       0 |    0 |      8 |      0 |      0 |    0 |          0 |
|         u_fifo                                                   |                                                              xpm_fifo_async__parameterized3 |        139 |        139 |       0 |    0 |    140 |      4 |      0 |    0 |          0 |
|           (u_fifo)                                               |                                                              xpm_fifo_async__parameterized3 |          0 |          0 |       0 |    0 |      0 |      0 |      0 |    0 |          0 |
|           gnuram_async_fifo.xpm_fifo_base_inst                   |                                                               xpm_fifo_base__parameterized3 |        139 |        139 |       0 |    0 |    140 |      4 |      0 |    0 |          0 |
|             (gnuram_async_fifo.xpm_fifo_base_inst)               |                                                               xpm_fifo_base__parameterized3 |          5 |          5 |       0 |    0 |     44 |      0 |      0 |    0 |          0 |
|             gen_fwft.rdpp1_inst                                  |                                                                        xpm_counter_updn_189 |          5 |          5 |       0 |    0 |      2 |      0 |      0 |    0 |          0 |
|             gen_pntr_pf_rc.rpw_rc_reg                            |                                                        xpm_fifo_reg_vec__parameterized3_190 |          8 |          8 |       0 |    0 |      9 |      0 |      0 |    0 |          0 |
|             gen_pntr_pf_rc.rpw_rc_reg_dc                         |                                                                        xpm_fifo_reg_vec_191 |          0 |          0 |       0 |    0 |     10 |      0 |      0 |    0 |          0 |
|             gen_pntr_pf_rc.wpr_rc_reg_dc                         |                                                                        xpm_fifo_reg_vec_192 |         16 |         16 |       0 |    0 |     10 |      0 |      0 |    0 |          0 |
|             gen_sdpram.xpm_memory_base_inst                      |                                                          xpm_memory_base__parameterized3__2 |          0 |          0 |       0 |    0 |      0 |      4 |      0 |    0 |          0 |
|             rdp_inst                                             |                                                        xpm_counter_updn__parameterized6_193 |         37 |         37 |       0 |    0 |     10 |      0 |      0 |    0 |          0 |
|             rdpp1_inst                                           |                                                        xpm_counter_updn__parameterized7_194 |          9 |          9 |       0 |    0 |      9 |      0 |      0 |    0 |          0 |
|             rst_d1_inst                                          |                                                                        xpm_fifo_reg_bit_195 |          2 |          2 |       0 |    0 |      1 |      0 |      0 |    0 |          0 |
|             wrp_inst                                             |                                                        xpm_counter_updn__parameterized6_196 |         19 |         19 |       0 |    0 |     10 |      0 |      0 |    0 |          0 |
|             wrpp1_inst                                           |                                                        xpm_counter_updn__parameterized7_197 |         17 |         17 |       0 |    0 |      9 |      0 |      0 |    0 |          0 |
|             wrpp2_inst                                           |                                                        xpm_counter_updn__parameterized8_198 |          8 |          8 |       0 |    0 |      9 |      0 |      0 |    0 |          0 |
|             xpm_fifo_rst_inst                                    |                                                                    xpm_fifo_rst__xdcDup__15 |         21 |         21 |       0 |    0 |     17 |      0 |      0 |    0 |          0 |
|               (xpm_fifo_rst_inst)                                |                                                                    xpm_fifo_rst__xdcDup__15 |         21 |         21 |       0 |    0 |     13 |      0 |      0 |    0 |          0 |
|               gen_rst_ic.rrst_wr_inst                            |                                                                        xpm_cdc_sync_rst__59 |          0 |          0 |       0 |    0 |      2 |      0 |      0 |    0 |          0 |
|               gen_rst_ic.wrst_rd_inst                            |                                                                        xpm_cdc_sync_rst__58 |          0 |          0 |       0 |    0 |      2 |      0 |      0 |    0 |          0 |
|     u_preprocess_write_ui_cdc                                    |                                                           axi4_ui_write_cdc__parameterized0 |        371 |        331 |      40 |    0 |    767 |      4 |      1 |    0 |          0 |
|       u_aw                                                       |                                                                            cdc_payload_fifo |        129 |         93 |      36 |    0 |    220 |      0 |      0 |    0 |          0 |
|         (u_aw)                                                   |                                                                            cdc_payload_fifo |          5 |          5 |       0 |    0 |      8 |      0 |      0 |    0 |          0 |
|         u_fifo                                                   |                                                              xpm_fifo_async__parameterized0 |        124 |         88 |      36 |    0 |    212 |      0 |      0 |    0 |          0 |
|           (u_fifo)                                               |                                                              xpm_fifo_async__parameterized0 |          0 |          0 |       0 |    0 |      0 |      0 |      0 |    0 |          0 |
|           gnuram_async_fifo.xpm_fifo_base_inst                   |                                                               xpm_fifo_base__parameterized0 |        124 |         88 |      36 |    0 |    212 |      0 |      0 |    0 |          0 |
|             (gnuram_async_fifo.xpm_fifo_base_inst)               |                                                               xpm_fifo_base__parameterized0 |          4 |          4 |       0 |    0 |     28 |      0 |      0 |    0 |          0 |
|             gen_fwft.rdpp1_inst                                  |                                                                        xpm_counter_updn_179 |          6 |          6 |       0 |    0 |      2 |      0 |      0 |    0 |          0 |
|             gen_pntr_pf_rc.rpw_rc_reg                            |                                                        xpm_fifo_reg_vec__parameterized1_180 |          0 |          0 |       0 |    0 |      5 |      0 |      0 |    0 |          0 |
|             gen_pntr_pf_rc.rpw_rc_reg_dc                         |                                                        xpm_fifo_reg_vec__parameterized2_181 |          0 |          0 |       0 |    0 |      6 |      0 |      0 |    0 |          0 |
|             gen_pntr_pf_rc.wpr_rc_reg_dc                         |                                                        xpm_fifo_reg_vec__parameterized2_182 |         12 |         12 |       0 |    0 |      6 |      0 |      0 |    0 |          0 |
|             gen_sdpram.xpm_memory_base_inst                      |                                                          xpm_memory_base__parameterized0__4 |         36 |          0 |      36 |    0 |    120 |      0 |      0 |    0 |          0 |
|             rdp_inst                                             |                                                        xpm_counter_updn__parameterized3_183 |         15 |         15 |       0 |    0 |      6 |      0 |      0 |    0 |          0 |
|             rdpp1_inst                                           |                                                        xpm_counter_updn__parameterized4_184 |          6 |          6 |       0 |    0 |      5 |      0 |      0 |    0 |          0 |
|             rst_d1_inst                                          |                                                                        xpm_fifo_reg_bit_185 |          2 |          2 |       0 |    0 |      1 |      0 |      0 |    0 |          0 |
|             wrp_inst                                             |                                                        xpm_counter_updn__parameterized3_186 |         11 |         11 |       0 |    0 |      6 |      0 |      0 |    0 |          0 |
|             wrpp1_inst                                           |                                                        xpm_counter_updn__parameterized4_187 |         10 |         10 |       0 |    0 |      5 |      0 |      0 |    0 |          0 |
|             wrpp2_inst                                           |                                                        xpm_counter_updn__parameterized5_188 |          5 |          5 |       0 |    0 |      5 |      0 |      0 |    0 |          0 |
|             xpm_fifo_rst_inst                                    |                                                                    xpm_fifo_rst__xdcDup__16 |         21 |         21 |       0 |    0 |     17 |      0 |      0 |    0 |          0 |
|               (xpm_fifo_rst_inst)                                |                                                                    xpm_fifo_rst__xdcDup__16 |         21 |         21 |       0 |    0 |     13 |      0 |      0 |    0 |          0 |
|               gen_rst_ic.rrst_wr_inst                            |                                                                        xpm_cdc_sync_rst__57 |          0 |          0 |       0 |    0 |      2 |      0 |      0 |    0 |          0 |
|               gen_rst_ic.wrst_rd_inst                            |                                                                        xpm_cdc_sync_rst__56 |          0 |          0 |       0 |    0 |      2 |      0 |      0 |    0 |          0 |
|       u_b                                                        |                                                            cdc_payload_fifo__parameterized1 |         98 |         94 |       4 |    0 |    110 |      0 |      0 |    0 |          0 |
|         (u_b)                                                    |                                                            cdc_payload_fifo__parameterized1 |          6 |          6 |       0 |    0 |      8 |      0 |      0 |    0 |          0 |
|         u_fifo                                                   |                                                              xpm_fifo_async__parameterized2 |         92 |         88 |       4 |    0 |    102 |      0 |      0 |    0 |          0 |
|           (u_fifo)                                               |                                                              xpm_fifo_async__parameterized2 |          0 |          0 |       0 |    0 |      0 |      0 |      0 |    0 |          0 |
|           gnuram_async_fifo.xpm_fifo_base_inst                   |                                                               xpm_fifo_base__parameterized2 |         92 |         88 |       4 |    0 |    102 |      0 |      0 |    0 |          0 |
|             (gnuram_async_fifo.xpm_fifo_base_inst)               |                                                               xpm_fifo_base__parameterized2 |          4 |          4 |       0 |    0 |     28 |      0 |      0 |    0 |          0 |
|             gen_fwft.rdpp1_inst                                  |                                                                        xpm_counter_updn_169 |          6 |          6 |       0 |    0 |      2 |      0 |      0 |    0 |          0 |
|             gen_pntr_pf_rc.rpw_rc_reg                            |                                                        xpm_fifo_reg_vec__parameterized1_170 |          0 |          0 |       0 |    0 |      5 |      0 |      0 |    0 |          0 |
|             gen_pntr_pf_rc.rpw_rc_reg_dc                         |                                                        xpm_fifo_reg_vec__parameterized2_171 |          0 |          0 |       0 |    0 |      6 |      0 |      0 |    0 |          0 |
|             gen_pntr_pf_rc.wpr_rc_reg_dc                         |                                                        xpm_fifo_reg_vec__parameterized2_172 |         12 |         12 |       0 |    0 |      6 |      0 |      0 |    0 |          0 |
|             gen_sdpram.xpm_memory_base_inst                      |                                                          xpm_memory_base__parameterized2__2 |          4 |          0 |       4 |    0 |     10 |      0 |      0 |    0 |          0 |
|             rdp_inst                                             |                                                        xpm_counter_updn__parameterized3_173 |         15 |         15 |       0 |    0 |      6 |      0 |      0 |    0 |          0 |
|             rdpp1_inst                                           |                                                        xpm_counter_updn__parameterized4_174 |          6 |          6 |       0 |    0 |      5 |      0 |      0 |    0 |          0 |
|             rst_d1_inst                                          |                                                                        xpm_fifo_reg_bit_175 |          2 |          2 |       0 |    0 |      1 |      0 |      0 |    0 |          0 |
|             wrp_inst                                             |                                                        xpm_counter_updn__parameterized3_176 |         11 |         11 |       0 |    0 |      6 |      0 |      0 |    0 |          0 |
|             wrpp1_inst                                           |                                                        xpm_counter_updn__parameterized4_177 |         10 |         10 |       0 |    0 |      5 |      0 |      0 |    0 |          0 |
|             wrpp2_inst                                           |                                                        xpm_counter_updn__parameterized5_178 |          5 |          5 |       0 |    0 |      5 |      0 |      0 |    0 |          0 |
|             xpm_fifo_rst_inst                                    |                                                                    xpm_fifo_rst__xdcDup__18 |         21 |         21 |       0 |    0 |     17 |      0 |      0 |    0 |          0 |
|               (xpm_fifo_rst_inst)                                |                                                                    xpm_fifo_rst__xdcDup__18 |         21 |         21 |       0 |    0 |     13 |      0 |      0 |    0 |          0 |
|               gen_rst_ic.rrst_wr_inst                            |                                                                        xpm_cdc_sync_rst__53 |          0 |          0 |       0 |    0 |      2 |      0 |      0 |    0 |          0 |
|               gen_rst_ic.wrst_rd_inst                            |                                                                        xpm_cdc_sync_rst__52 |          0 |          0 |       0 |    0 |      2 |      0 |      0 |    0 |          0 |
|       u_w                                                        |                                                            cdc_payload_fifo__parameterized0 |        144 |        144 |       0 |    0 |    437 |      4 |      1 |    0 |          0 |
|         (u_w)                                                    |                                                            cdc_payload_fifo__parameterized0 |          5 |          5 |       0 |    0 |      8 |      0 |      0 |    0 |          0 |
|         u_fifo                                                   |                                                              xpm_fifo_async__parameterized1 |        139 |        139 |       0 |    0 |    429 |      4 |      1 |    0 |          0 |
|           (u_fifo)                                               |                                                              xpm_fifo_async__parameterized1 |          0 |          0 |       0 |    0 |      0 |      0 |      0 |    0 |          0 |
|           gnuram_async_fifo.xpm_fifo_base_inst                   |                                                               xpm_fifo_base__parameterized1 |        139 |        139 |       0 |    0 |    429 |      4 |      1 |    0 |          0 |
|             (gnuram_async_fifo.xpm_fifo_base_inst)               |                                                               xpm_fifo_base__parameterized1 |          5 |          5 |       0 |    0 |     44 |      0 |      0 |    0 |          0 |
|             gen_fwft.rdpp1_inst                                  |                                                                        xpm_counter_updn_159 |          5 |          5 |       0 |    0 |      2 |      0 |      0 |    0 |          0 |
|             gen_pntr_pf_rc.rpw_rc_reg                            |                                                        xpm_fifo_reg_vec__parameterized3_160 |          8 |          8 |       0 |    0 |      9 |      0 |      0 |    0 |          0 |
|             gen_pntr_pf_rc.rpw_rc_reg_dc                         |                                                                        xpm_fifo_reg_vec_161 |          0 |          0 |       0 |    0 |     10 |      0 |      0 |    0 |          0 |
|             gen_pntr_pf_rc.wpr_rc_reg_dc                         |                                                                        xpm_fifo_reg_vec_162 |         16 |         16 |       0 |    0 |     10 |      0 |      0 |    0 |          0 |
|             gen_sdpram.xpm_memory_base_inst                      |                                                          xpm_memory_base__parameterized1__2 |          0 |          0 |       0 |    0 |    289 |      4 |      1 |    0 |          0 |
|             rdp_inst                                             |                                                        xpm_counter_updn__parameterized6_163 |         37 |         37 |       0 |    0 |     10 |      0 |      0 |    0 |          0 |
|             rdpp1_inst                                           |                                                        xpm_counter_updn__parameterized7_164 |          9 |          9 |       0 |    0 |      9 |      0 |      0 |    0 |          0 |
|             rst_d1_inst                                          |                                                                        xpm_fifo_reg_bit_165 |          2 |          2 |       0 |    0 |      1 |      0 |      0 |    0 |          0 |
|             wrp_inst                                             |                                                        xpm_counter_updn__parameterized6_166 |         19 |         19 |       0 |    0 |     10 |      0 |      0 |    0 |          0 |
|             wrpp1_inst                                           |                                                        xpm_counter_updn__parameterized7_167 |         17 |         17 |       0 |    0 |      9 |      0 |      0 |    0 |          0 |
|             wrpp2_inst                                           |                                                        xpm_counter_updn__parameterized8_168 |          8 |          8 |       0 |    0 |      9 |      0 |      0 |    0 |          0 |
|             xpm_fifo_rst_inst                                    |                                                                    xpm_fifo_rst__xdcDup__17 |         21 |         21 |       0 |    0 |     17 |      0 |      0 |    0 |          0 |
|               (xpm_fifo_rst_inst)                                |                                                                    xpm_fifo_rst__xdcDup__17 |         21 |         21 |       0 |    0 |     13 |      0 |      0 |    0 |          0 |
|               gen_rst_ic.rrst_wr_inst                            |                                                                        xpm_cdc_sync_rst__55 |          0 |          0 |       0 |    0 |      2 |      0 |      0 |    0 |          0 |
|               gen_rst_ic.wrst_rd_inst                            |                                                                        xpm_cdc_sync_rst__54 |          0 |          0 |       0 |    0 |      2 |      0 |      0 |    0 |          0 |
|     u_reader_ui_cdc                                              |                                                                            axi4_ui_read_cdc |        276 |        240 |      36 |    0 |    368 |      4 |      0 |    0 |          0 |
|       u_ar                                                       |                                                                 cdc_payload_fifo__xdcDup__2 |        129 |         93 |      36 |    0 |    220 |      0 |      0 |    0 |          0 |
|         (u_ar)                                                   |                                                                 cdc_payload_fifo__xdcDup__2 |          5 |          5 |       0 |    0 |      8 |      0 |      0 |    0 |          0 |
|         u_fifo                                                   |                                                   xpm_fifo_async__parameterized0__xdcDup__2 |        124 |         88 |      36 |    0 |    212 |      0 |      0 |    0 |          0 |
|           (u_fifo)                                               |                                                   xpm_fifo_async__parameterized0__xdcDup__2 |          0 |          0 |       0 |    0 |      0 |      0 |      0 |    0 |          0 |
|           gnuram_async_fifo.xpm_fifo_base_inst                   |                                                    xpm_fifo_base__parameterized0__xdcDup__2 |        124 |         88 |      36 |    0 |    212 |      0 |      0 |    0 |          0 |
|             (gnuram_async_fifo.xpm_fifo_base_inst)               |                                                    xpm_fifo_base__parameterized0__xdcDup__2 |          4 |          4 |       0 |    0 |     28 |      0 |      0 |    0 |          0 |
|             gen_fwft.rdpp1_inst                                  |                                                                        xpm_counter_updn_149 |          6 |          6 |       0 |    0 |      2 |      0 |      0 |    0 |          0 |
|             gen_pntr_pf_rc.rpw_rc_reg                            |                                                        xpm_fifo_reg_vec__parameterized1_150 |          0 |          0 |       0 |    0 |      5 |      0 |      0 |    0 |          0 |
|             gen_pntr_pf_rc.rpw_rc_reg_dc                         |                                                        xpm_fifo_reg_vec__parameterized2_151 |          0 |          0 |       0 |    0 |      6 |      0 |      0 |    0 |          0 |
|             gen_pntr_pf_rc.wpr_rc_reg_dc                         |                                                        xpm_fifo_reg_vec__parameterized2_152 |         12 |         12 |       0 |    0 |      6 |      0 |      0 |    0 |          0 |
|             gen_sdpram.xpm_memory_base_inst                      |                                                          xpm_memory_base__parameterized0__6 |         36 |          0 |      36 |    0 |    120 |      0 |      0 |    0 |          0 |
|             rdp_inst                                             |                                                        xpm_counter_updn__parameterized3_153 |         15 |         15 |       0 |    0 |      6 |      0 |      0 |    0 |          0 |
|             rdpp1_inst                                           |                                                        xpm_counter_updn__parameterized4_154 |          6 |          6 |       0 |    0 |      5 |      0 |      0 |    0 |          0 |
|             rst_d1_inst                                          |                                                                        xpm_fifo_reg_bit_155 |          2 |          2 |       0 |    0 |      1 |      0 |      0 |    0 |          0 |
|             wrp_inst                                             |                                                        xpm_counter_updn__parameterized3_156 |         11 |         11 |       0 |    0 |      6 |      0 |      0 |    0 |          0 |
|             wrpp1_inst                                           |                                                        xpm_counter_updn__parameterized4_157 |         10 |         10 |       0 |    0 |      5 |      0 |      0 |    0 |          0 |
|             wrpp2_inst                                           |                                                        xpm_counter_updn__parameterized5_158 |          5 |          5 |       0 |    0 |      5 |      0 |      0 |    0 |          0 |
|             xpm_fifo_rst_inst                                    |                                                                    xpm_fifo_rst__xdcDup__12 |         21 |         21 |       0 |    0 |     17 |      0 |      0 |    0 |          0 |
|               (xpm_fifo_rst_inst)                                |                                                                    xpm_fifo_rst__xdcDup__12 |         21 |         21 |       0 |    0 |     13 |      0 |      0 |    0 |          0 |
|               gen_rst_ic.rrst_wr_inst                            |                                                                        xpm_cdc_sync_rst__65 |          0 |          0 |       0 |    0 |      2 |      0 |      0 |    0 |          0 |
|               gen_rst_ic.wrst_rd_inst                            |                                                                        xpm_cdc_sync_rst__64 |          0 |          0 |       0 |    0 |      2 |      0 |      0 |    0 |          0 |
|       u_r                                                        |                                                 cdc_payload_fifo__parameterized2__xdcDup__1 |        147 |        147 |       0 |    0 |    148 |      4 |      0 |    0 |          0 |
|         (u_r)                                                    |                                                 cdc_payload_fifo__parameterized2__xdcDup__1 |          8 |          8 |       0 |    0 |      8 |      0 |      0 |    0 |          0 |
|         u_fifo                                                   |                                                   xpm_fifo_async__parameterized3__xdcDup__1 |        139 |        139 |       0 |    0 |    140 |      4 |      0 |    0 |          0 |
|           (u_fifo)                                               |                                                   xpm_fifo_async__parameterized3__xdcDup__1 |          0 |          0 |       0 |    0 |      0 |      0 |      0 |    0 |          0 |
|           gnuram_async_fifo.xpm_fifo_base_inst                   |                                                    xpm_fifo_base__parameterized3__xdcDup__1 |        139 |        139 |       0 |    0 |    140 |      4 |      0 |    0 |          0 |
|             (gnuram_async_fifo.xpm_fifo_base_inst)               |                                                    xpm_fifo_base__parameterized3__xdcDup__1 |          5 |          5 |       0 |    0 |     44 |      0 |      0 |    0 |          0 |
|             gen_fwft.rdpp1_inst                                  |                                                                        xpm_counter_updn_139 |          5 |          5 |       0 |    0 |      2 |      0 |      0 |    0 |          0 |
|             gen_pntr_pf_rc.rpw_rc_reg                            |                                                        xpm_fifo_reg_vec__parameterized3_140 |          8 |          8 |       0 |    0 |      9 |      0 |      0 |    0 |          0 |
|             gen_pntr_pf_rc.rpw_rc_reg_dc                         |                                                                        xpm_fifo_reg_vec_141 |          0 |          0 |       0 |    0 |     10 |      0 |      0 |    0 |          0 |
|             gen_pntr_pf_rc.wpr_rc_reg_dc                         |                                                                        xpm_fifo_reg_vec_142 |         16 |         16 |       0 |    0 |     10 |      0 |      0 |    0 |          0 |
|             gen_sdpram.xpm_memory_base_inst                      |                                                             xpm_memory_base__parameterized3 |          0 |          0 |       0 |    0 |      0 |      4 |      0 |    0 |          0 |
|             rdp_inst                                             |                                                        xpm_counter_updn__parameterized6_143 |         37 |         37 |       0 |    0 |     10 |      0 |      0 |    0 |          0 |
|             rdpp1_inst                                           |                                                        xpm_counter_updn__parameterized7_144 |          9 |          9 |       0 |    0 |      9 |      0 |      0 |    0 |          0 |
|             rst_d1_inst                                          |                                                                        xpm_fifo_reg_bit_145 |          2 |          2 |       0 |    0 |      1 |      0 |      0 |    0 |          0 |
|             wrp_inst                                             |                                                        xpm_counter_updn__parameterized6_146 |         19 |         19 |       0 |    0 |     10 |      0 |      0 |    0 |          0 |
|             wrpp1_inst                                           |                                                        xpm_counter_updn__parameterized7_147 |         17 |         17 |       0 |    0 |      9 |      0 |      0 |    0 |          0 |
|             wrpp2_inst                                           |                                                        xpm_counter_updn__parameterized8_148 |          8 |          8 |       0 |    0 |      9 |      0 |      0 |    0 |          0 |
|             xpm_fifo_rst_inst                                    |                                                                    xpm_fifo_rst__xdcDup__13 |         21 |         21 |       0 |    0 |     17 |      0 |      0 |    0 |          0 |
|               (xpm_fifo_rst_inst)                                |                                                                    xpm_fifo_rst__xdcDup__13 |         21 |         21 |       0 |    0 |     13 |      0 |      0 |    0 |          0 |
|               gen_rst_ic.rrst_wr_inst                            |                                                                        xpm_cdc_sync_rst__63 |          0 |          0 |       0 |    0 |      2 |      0 |      0 |    0 |          0 |
|               gen_rst_ic.wrst_rd_inst                            |                                                                        xpm_cdc_sync_rst__62 |          0 |          0 |       0 |    0 |      2 |      0 |      0 |    0 |          0 |
|     u_video_framebuffer                                          |                                                            multi_channel_ddr_video_pipeline |      30792 |      26558 |    4234 |    0 |  54032 |    164 |      0 |    0 |          5 |
|       (u_video_framebuffer)                                      |                                                            multi_channel_ddr_video_pipeline |          5 |          5 |       0 |    0 |    207 |      0 |      0 |    0 |          0 |
|       u_ai_meta_ack_cdc                                          |                                                                          xpm_cdc_single__19 |          0 |          0 |       0 |    0 |      3 |      0 |      0 |    0 |          0 |
|       u_ai_meta_index_cdc                                        |                                                     xpm_cdc_array_single__parameterized2__9 |          0 |          0 |       0 |    0 |     12 |      0 |      0 |    0 |          0 |
|       u_ai_meta_payload_cdc                                      |                                                        xpm_cdc_array_single__parameterized3 |          0 |          0 |       0 |    0 |    576 |      0 |      0 |    0 |          0 |
|       u_ai_meta_req_cdc                                          |                                                                          xpm_cdc_single__18 |          0 |          0 |       0 |    0 |      3 |      0 |      0 |    0 |          0 |
|       u_ai_release_ack_cdc                                       |                                                                          xpm_cdc_single__17 |          0 |          0 |       0 |    0 |      3 |      0 |      0 |    0 |          0 |
|       u_ai_release_mask_cdc                                      |                                                        xpm_cdc_array_single__parameterized1 |          0 |          0 |       0 |    0 |     48 |      0 |      0 |    0 |          0 |
|       u_ai_release_req_cdc                                       |                                                                          xpm_cdc_single__16 |          0 |          0 |       0 |    0 |      3 |      0 |      0 |    0 |          0 |
|       u_ai_snapshot_ack_cdc                                      |                                                                          xpm_cdc_single__15 |          0 |          0 |       0 |    0 |      3 |      0 |      0 |    0 |          0 |
|       u_ai_snapshot_req_cdc                                      |                                                                          xpm_cdc_single__14 |          0 |          0 |       0 |    0 |      3 |      0 |      0 |    0 |          0 |
|       u_ai_snapshot_status_cdc                                   |                                                        xpm_cdc_array_single__parameterized4 |          0 |          0 |       0 |    0 |    627 |      0 |      0 |    0 |          0 |
|       u_batch_preprocess                                         |                                                                     batch_preprocess_engine |       1403 |       1403 |       0 |    0 |   1910 |      4 |      0 |    0 |          4 |
|         (u_batch_preprocess)                                     |                                                                     batch_preprocess_engine |         95 |         95 |       0 |    0 |   1105 |      0 |      0 |    0 |          2 |
|         u_frame_preprocess                                       |                                                                      frame_preprocess_accel |       1308 |       1308 |       0 |    0 |    805 |      4 |      0 |    0 |          2 |
|       u_control                                                  |                                                              multi_channel_framebuffer_ctrl |       4484 |       4484 |       0 |    0 |   1444 |      0 |      0 |    0 |          0 |
|       u_drop_count_cdc                                           |                                                     xpm_cdc_array_single__parameterized9__4 |          0 |          0 |       0 |    0 |   1536 |      0 |      0 |    0 |          0 |
|       u_hdmi_diag_cdc                                            |                                                       xpm_cdc_array_single__parameterized10 |          0 |          0 |       0 |    0 |    960 |      0 |      0 |    0 |          0 |
|       u_hdmi_enable_cdc                                          |                                                                          xpm_cdc_single__13 |          0 |          0 |       0 |    0 |      3 |      0 |      0 |    0 |          0 |
|       u_malformed_count_cdc                                      |                                                        xpm_cdc_array_single__parameterized9 |          0 |          0 |       0 |    0 |   1536 |      0 |      0 |    0 |          0 |
|       u_manager                                                  |                                                                 multi_channel_frame_manager |      10608 |       9968 |     640 |    0 |  18402 |      0 |      0 |    0 |          0 |
|       u_overlay_commit_ack_cdc                                   |                                                                              xpm_cdc_single |          0 |          0 |       0 |    0 |      3 |      0 |      0 |    0 |          0 |
|       u_overlay_commit_req_cdc                                   |                                                                          xpm_cdc_single__24 |          0 |          0 |       0 |    0 |      3 |      0 |      0 |    0 |          0 |
|       u_overlay_payload_cdc                                      |                                                        xpm_cdc_array_single__parameterized7 |          0 |          0 |       0 |    0 |   1560 |      0 |      0 |    0 |          0 |
|       u_preprocess_config_cdc                                    |                                                        xpm_cdc_array_single__parameterized0 |          0 |          0 |       0 |    0 |    387 |      0 |      0 |    0 |          0 |
|       u_preprocess_recycle_ack_cdc                               |                                                                          xpm_cdc_single__23 |          0 |          0 |       0 |    0 |      3 |      0 |      0 |    0 |          0 |
|       u_preprocess_recycle_mask_cdc                              |                                                        xpm_cdc_array_single__parameterized5 |          0 |          0 |       0 |    0 |      6 |      0 |      0 |    0 |          0 |
|       u_preprocess_recycle_req_cdc                               |                                                                          xpm_cdc_single__22 |          0 |          0 |       0 |    0 |      3 |      0 |      0 |    0 |          0 |
|       u_preprocess_start_ack_cdc                                 |                                                                          xpm_cdc_single__21 |          0 |          0 |       0 |    0 |      3 |      0 |      0 |    0 |          0 |
|       u_preprocess_start_req_cdc                                 |                                                                          xpm_cdc_single__20 |          0 |          0 |       0 |    0 |      3 |      0 |      0 |    0 |          0 |
|       u_preprocess_status_cdc                                    |                                                        xpm_cdc_array_single__parameterized6 |          1 |          1 |       0 |    0 |   1289 |      0 |      0 |    0 |          0 |
|       u_reader                                                   |                                                                    display_reader_subsystem |       9127 |       5591 |    3536 |    0 |  14495 |     32 |      0 |    0 |          1 |
|         (u_reader)                                               |                                                                    display_reader_subsystem |          0 |          0 |       0 |    0 |      6 |      0 |      0 |    0 |          0 |
|         u_detection_overlay                                      |                                                                           detection_overlay |       2716 |       2716 |       0 |    0 |  12449 |      0 |      0 |    0 |          0 |
|         u_full_reader                                            |                                                                            ddr_frame_reader |        668 |        660 |       8 |    0 |    693 |     28 |      0 |    0 |          0 |
|           (u_full_reader)                                        |                                                                            ddr_frame_reader |        568 |        560 |       8 |    0 |    617 |      0 |      0 |    0 |          0 |
|           u_read_fifo                                            |                                                               xpm_fifo_sync__parameterized0 |        100 |        100 |       0 |    0 |     76 |     28 |      0 |    0 |          0 |
|             (u_read_fifo)                                        |                                                               xpm_fifo_sync__parameterized0 |          0 |          0 |       0 |    0 |      0 |      0 |      0 |    0 |          0 |
|             xpm_fifo_base_inst                                   |                                                               xpm_fifo_base__parameterized5 |        100 |        100 |       0 |    0 |     76 |     28 |      0 |    0 |          0 |
|               (xpm_fifo_base_inst)                               |                                                               xpm_fifo_base__parameterized5 |          2 |          2 |       0 |    0 |     18 |      0 |      0 |    0 |          0 |
|               gen_fwft.rdpp1_inst                                |                                                                        xpm_counter_updn_134 |          5 |          5 |       0 |    0 |      2 |      0 |      0 |    0 |          0 |
|               gen_sdpram.xpm_memory_base_inst                    |                                                             xpm_memory_base__parameterized5 |          8 |          8 |       0 |    0 |      0 |     28 |      0 |    0 |          0 |
|               rdp_inst                                           |                                                            xpm_counter_updn__parameterized9 |         37 |         37 |       0 |    0 |     13 |      0 |      0 |    0 |          0 |
|               rdpp1_inst                                         |                                                           xpm_counter_updn__parameterized10 |         13 |         13 |       0 |    0 |     12 |      0 |      0 |    0 |          0 |
|               rst_d1_inst                                        |                                                                        xpm_fifo_reg_bit_135 |          0 |          0 |       0 |    0 |      1 |      0 |      0 |    0 |          0 |
|               wrp_inst                                           |                                                        xpm_counter_updn__parameterized9_136 |         30 |         30 |       0 |    0 |     13 |      0 |      0 |    0 |          0 |
|               wrpp1_inst                                         |                                                       xpm_counter_updn__parameterized10_137 |         12 |         12 |       0 |    0 |     12 |      0 |      0 |    0 |          0 |
|               xpm_fifo_rst_inst                                  |                                                            xpm_fifo_rst__parameterized0_138 |          3 |          3 |       0 |    0 |      5 |      0 |      0 |    0 |          0 |
|         u_mosaic_reader                                          |                                                                         mosaic_frame_reader |       5743 |       2215 |    3528 |    0 |   1347 |      4 |      0 |    0 |          1 |
|           (u_mosaic_reader)                                      |                                                                         mosaic_frame_reader |       5675 |       2147 |    3528 |    0 |   1286 |      0 |      0 |    0 |          1 |
|           u_axi_read_fifo                                        |                                                               xpm_fifo_sync__parameterized1 |         68 |         68 |       0 |    0 |     61 |      4 |      0 |    0 |          0 |
|             (u_axi_read_fifo)                                    |                                                               xpm_fifo_sync__parameterized1 |          0 |          0 |       0 |    0 |      0 |      0 |      0 |    0 |          0 |
|             xpm_fifo_base_inst                                   |                                                               xpm_fifo_base__parameterized6 |         68 |         68 |       0 |    0 |     61 |      4 |      0 |    0 |          0 |
|               (xpm_fifo_base_inst)                               |                                                               xpm_fifo_base__parameterized6 |          2 |          2 |       0 |    0 |     15 |      0 |      0 |    0 |          0 |
|               gen_fwft.rdpp1_inst                                |                                                                        xpm_counter_updn_127 |          5 |          5 |       0 |    0 |      2 |      0 |      0 |    0 |          0 |
|               gen_sdpram.xpm_memory_base_inst                    |                                                             xpm_memory_base__parameterized6 |          0 |          0 |       0 |    0 |      0 |      4 |      0 |    0 |          0 |
|               rdp_inst                                           |                                                        xpm_counter_updn__parameterized6_128 |         27 |         27 |       0 |    0 |     10 |      0 |      0 |    0 |          0 |
|               rdpp1_inst                                         |                                                        xpm_counter_updn__parameterized7_129 |          9 |          9 |       0 |    0 |      9 |      0 |      0 |    0 |          0 |
|               rst_d1_inst                                        |                                                                        xpm_fifo_reg_bit_130 |          0 |          0 |       0 |    0 |      1 |      0 |      0 |    0 |          0 |
|               wrp_inst                                           |                                                        xpm_counter_updn__parameterized6_131 |         21 |         21 |       0 |    0 |     10 |      0 |      0 |    0 |          0 |
|               wrpp1_inst                                         |                                                        xpm_counter_updn__parameterized7_132 |          8 |          8 |       0 |    0 |      9 |      0 |      0 |    0 |          0 |
|               xpm_fifo_rst_inst                                  |                                                            xpm_fifo_rst__parameterized0_133 |          3 |          3 |       0 |    0 |      5 |      0 |      0 |    0 |          0 |
|       u_status_cdc                                               |                                                     xpm_cdc_array_single__parameterized8__9 |          0 |          0 |       0 |    0 |    480 |      0 |      0 |    0 |          0 |
|       u_writer                                                   |                                                                     multi_channel_video_dma |       5110 |       5052 |      58 |    0 |   6268 |    128 |      0 |    0 |          0 |
|         (u_writer)                                               |                                                                     multi_channel_video_dma |       2307 |       2249 |      58 |    0 |   2332 |      0 |      0 |    0 |          0 |
|         g_channels[0].u_fifo                                     |                                                               channel_write_fifo__xdcDup__1 |         96 |         96 |       0 |    0 |    246 |      8 |      0 |    0 |          0 |
|           (g_channels[0].u_fifo)                                 |                                                               channel_write_fifo__xdcDup__1 |         21 |         21 |       0 |    0 |    180 |      0 |      0 |    0 |          0 |
|           u_fifo                                                 |                                                                           xpm_fifo_sync__28 |         75 |         75 |       0 |    0 |     66 |      8 |      0 |    0 |          0 |
|             (u_fifo)                                             |                                                                           xpm_fifo_sync__28 |          0 |          0 |       0 |    0 |      0 |      0 |      0 |    0 |          0 |
|             xpm_fifo_base_inst                                   |                                                           xpm_fifo_base__parameterized4__28 |         75 |         75 |       0 |    0 |     66 |      8 |      0 |    0 |          0 |
|               (xpm_fifo_base_inst)                               |                                                           xpm_fifo_base__parameterized4__28 |          2 |          2 |       0 |    0 |     16 |      0 |      0 |    0 |          0 |
|               gen_fwft.rdpp1_inst                                |                                                                        xpm_counter_updn_120 |          5 |          5 |       0 |    0 |      2 |      0 |      0 |    0 |          0 |
|               gen_sdpram.xpm_memory_base_inst                    |                                                         xpm_memory_base__parameterized4__28 |          0 |          0 |       0 |    0 |      0 |      8 |      0 |    0 |          0 |
|               rdp_inst                                           |                                                        xpm_counter_updn__parameterized0_121 |         30 |         30 |       0 |    0 |     11 |      0 |      0 |    0 |          0 |
|               rdpp1_inst                                         |                                                        xpm_counter_updn__parameterized1_122 |         10 |         10 |       0 |    0 |     10 |      0 |      0 |    0 |          0 |
|               rst_d1_inst                                        |                                                                        xpm_fifo_reg_bit_123 |          0 |          0 |       0 |    0 |      1 |      0 |      0 |    0 |          0 |
|               wrp_inst                                           |                                                        xpm_counter_updn__parameterized0_124 |         24 |         24 |       0 |    0 |     11 |      0 |      0 |    0 |          0 |
|               wrpp1_inst                                         |                                                        xpm_counter_updn__parameterized1_125 |          9 |          9 |       0 |    0 |     10 |      0 |      0 |    0 |          0 |
|               xpm_fifo_rst_inst                                  |                                                            xpm_fifo_rst__parameterized0_126 |          3 |          3 |       0 |    0 |      5 |      0 |      0 |    0 |          0 |
|         g_channels[10].u_fifo                                    |                                                              channel_write_fifo__xdcDup__11 |        101 |        101 |       0 |    0 |    246 |      8 |      0 |    0 |          0 |
|           (g_channels[10].u_fifo)                                |                                                              channel_write_fifo__xdcDup__11 |         26 |         26 |       0 |    0 |    180 |      0 |      0 |    0 |          0 |
|           u_fifo                                                 |                                                                           xpm_fifo_sync__18 |         75 |         75 |       0 |    0 |     66 |      8 |      0 |    0 |          0 |
|             (u_fifo)                                             |                                                                           xpm_fifo_sync__18 |          0 |          0 |       0 |    0 |      0 |      0 |      0 |    0 |          0 |
|             xpm_fifo_base_inst                                   |                                                           xpm_fifo_base__parameterized4__18 |         75 |         75 |       0 |    0 |     66 |      8 |      0 |    0 |          0 |
|               (xpm_fifo_base_inst)                               |                                                           xpm_fifo_base__parameterized4__18 |          2 |          2 |       0 |    0 |     16 |      0 |      0 |    0 |          0 |
|               gen_fwft.rdpp1_inst                                |                                                                        xpm_counter_updn_113 |          5 |          5 |       0 |    0 |      2 |      0 |      0 |    0 |          0 |
|               gen_sdpram.xpm_memory_base_inst                    |                                                         xpm_memory_base__parameterized4__18 |          0 |          0 |       0 |    0 |      0 |      8 |      0 |    0 |          0 |
|               rdp_inst                                           |                                                        xpm_counter_updn__parameterized0_114 |         30 |         30 |       0 |    0 |     11 |      0 |      0 |    0 |          0 |
|               rdpp1_inst                                         |                                                        xpm_counter_updn__parameterized1_115 |         10 |         10 |       0 |    0 |     10 |      0 |      0 |    0 |          0 |
|               rst_d1_inst                                        |                                                                        xpm_fifo_reg_bit_116 |          0 |          0 |       0 |    0 |      1 |      0 |      0 |    0 |          0 |
|               wrp_inst                                           |                                                        xpm_counter_updn__parameterized0_117 |         24 |         24 |       0 |    0 |     11 |      0 |      0 |    0 |          0 |
|               wrpp1_inst                                         |                                                        xpm_counter_updn__parameterized1_118 |          9 |          9 |       0 |    0 |     10 |      0 |      0 |    0 |          0 |
|               xpm_fifo_rst_inst                                  |                                                            xpm_fifo_rst__parameterized0_119 |          3 |          3 |       0 |    0 |      5 |      0 |      0 |    0 |          0 |
|         g_channels[11].u_fifo                                    |                                                              channel_write_fifo__xdcDup__12 |        424 |        424 |       0 |    0 |    246 |      8 |      0 |    0 |          0 |
|           (g_channels[11].u_fifo)                                |                                                              channel_write_fifo__xdcDup__12 |        349 |        349 |       0 |    0 |    180 |      0 |      0 |    0 |          0 |
|           u_fifo                                                 |                                                                           xpm_fifo_sync__17 |         75 |         75 |       0 |    0 |     66 |      8 |      0 |    0 |          0 |
|             (u_fifo)                                             |                                                                           xpm_fifo_sync__17 |          0 |          0 |       0 |    0 |      0 |      0 |      0 |    0 |          0 |
|             xpm_fifo_base_inst                                   |                                                           xpm_fifo_base__parameterized4__17 |         75 |         75 |       0 |    0 |     66 |      8 |      0 |    0 |          0 |
|               (xpm_fifo_base_inst)                               |                                                           xpm_fifo_base__parameterized4__17 |          2 |          2 |       0 |    0 |     16 |      0 |      0 |    0 |          0 |
|               gen_fwft.rdpp1_inst                                |                                                                        xpm_counter_updn_106 |          5 |          5 |       0 |    0 |      2 |      0 |      0 |    0 |          0 |
|               gen_sdpram.xpm_memory_base_inst                    |                                                         xpm_memory_base__parameterized4__17 |          0 |          0 |       0 |    0 |      0 |      8 |      0 |    0 |          0 |
|               rdp_inst                                           |                                                        xpm_counter_updn__parameterized0_107 |         30 |         30 |       0 |    0 |     11 |      0 |      0 |    0 |          0 |
|               rdpp1_inst                                         |                                                        xpm_counter_updn__parameterized1_108 |         10 |         10 |       0 |    0 |     10 |      0 |      0 |    0 |          0 |
|               rst_d1_inst                                        |                                                                        xpm_fifo_reg_bit_109 |          0 |          0 |       0 |    0 |      1 |      0 |      0 |    0 |          0 |
|               wrp_inst                                           |                                                        xpm_counter_updn__parameterized0_110 |         24 |         24 |       0 |    0 |     11 |      0 |      0 |    0 |          0 |
|               wrpp1_inst                                         |                                                        xpm_counter_updn__parameterized1_111 |          9 |          9 |       0 |    0 |     10 |      0 |      0 |    0 |          0 |
|               xpm_fifo_rst_inst                                  |                                                            xpm_fifo_rst__parameterized0_112 |          3 |          3 |       0 |    0 |      5 |      0 |      0 |    0 |          0 |
|         g_channels[12].u_fifo                                    |                                                              channel_write_fifo__xdcDup__13 |         98 |         98 |       0 |    0 |    246 |      8 |      0 |    0 |          0 |
|           (g_channels[12].u_fifo)                                |                                                              channel_write_fifo__xdcDup__13 |         23 |         23 |       0 |    0 |    180 |      0 |      0 |    0 |          0 |
|           u_fifo                                                 |                                                                           xpm_fifo_sync__16 |         75 |         75 |       0 |    0 |     66 |      8 |      0 |    0 |          0 |
|             (u_fifo)                                             |                                                                           xpm_fifo_sync__16 |          0 |          0 |       0 |    0 |      0 |      0 |      0 |    0 |          0 |
|             xpm_fifo_base_inst                                   |                                                           xpm_fifo_base__parameterized4__16 |         75 |         75 |       0 |    0 |     66 |      8 |      0 |    0 |          0 |
|               (xpm_fifo_base_inst)                               |                                                           xpm_fifo_base__parameterized4__16 |          2 |          2 |       0 |    0 |     16 |      0 |      0 |    0 |          0 |
|               gen_fwft.rdpp1_inst                                |                                                                         xpm_counter_updn_99 |          5 |          5 |       0 |    0 |      2 |      0 |      0 |    0 |          0 |
|               gen_sdpram.xpm_memory_base_inst                    |                                                         xpm_memory_base__parameterized4__16 |          0 |          0 |       0 |    0 |      0 |      8 |      0 |    0 |          0 |
|               rdp_inst                                           |                                                        xpm_counter_updn__parameterized0_100 |         30 |         30 |       0 |    0 |     11 |      0 |      0 |    0 |          0 |
|               rdpp1_inst                                         |                                                        xpm_counter_updn__parameterized1_101 |         10 |         10 |       0 |    0 |     10 |      0 |      0 |    0 |          0 |
|               rst_d1_inst                                        |                                                                        xpm_fifo_reg_bit_102 |          0 |          0 |       0 |    0 |      1 |      0 |      0 |    0 |          0 |
|               wrp_inst                                           |                                                        xpm_counter_updn__parameterized0_103 |         24 |         24 |       0 |    0 |     11 |      0 |      0 |    0 |          0 |
|               wrpp1_inst                                         |                                                        xpm_counter_updn__parameterized1_104 |          9 |          9 |       0 |    0 |     10 |      0 |      0 |    0 |          0 |
|               xpm_fifo_rst_inst                                  |                                                            xpm_fifo_rst__parameterized0_105 |          3 |          3 |       0 |    0 |      5 |      0 |      0 |    0 |          0 |
|         g_channels[13].u_fifo                                    |                                                              channel_write_fifo__xdcDup__14 |         98 |         98 |       0 |    0 |    246 |      8 |      0 |    0 |          0 |
|           (g_channels[13].u_fifo)                                |                                                              channel_write_fifo__xdcDup__14 |         23 |         23 |       0 |    0 |    180 |      0 |      0 |    0 |          0 |
|           u_fifo                                                 |                                                                           xpm_fifo_sync__29 |         75 |         75 |       0 |    0 |     66 |      8 |      0 |    0 |          0 |
|             (u_fifo)                                             |                                                                           xpm_fifo_sync__29 |          0 |          0 |       0 |    0 |      0 |      0 |      0 |    0 |          0 |
|             xpm_fifo_base_inst                                   |                                                           xpm_fifo_base__parameterized4__29 |         75 |         75 |       0 |    0 |     66 |      8 |      0 |    0 |          0 |
|               (xpm_fifo_base_inst)                               |                                                           xpm_fifo_base__parameterized4__29 |          2 |          2 |       0 |    0 |     16 |      0 |      0 |    0 |          0 |
|               gen_fwft.rdpp1_inst                                |                                                                         xpm_counter_updn_92 |          5 |          5 |       0 |    0 |      2 |      0 |      0 |    0 |          0 |
|               gen_sdpram.xpm_memory_base_inst                    |                                                         xpm_memory_base__parameterized4__29 |          0 |          0 |       0 |    0 |      0 |      8 |      0 |    0 |          0 |
|               rdp_inst                                           |                                                         xpm_counter_updn__parameterized0_93 |         30 |         30 |       0 |    0 |     11 |      0 |      0 |    0 |          0 |
|               rdpp1_inst                                         |                                                         xpm_counter_updn__parameterized1_94 |         10 |         10 |       0 |    0 |     10 |      0 |      0 |    0 |          0 |
|               rst_d1_inst                                        |                                                                         xpm_fifo_reg_bit_95 |          0 |          0 |       0 |    0 |      1 |      0 |      0 |    0 |          0 |
|               wrp_inst                                           |                                                         xpm_counter_updn__parameterized0_96 |         24 |         24 |       0 |    0 |     11 |      0 |      0 |    0 |          0 |
|               wrpp1_inst                                         |                                                         xpm_counter_updn__parameterized1_97 |          9 |          9 |       0 |    0 |     10 |      0 |      0 |    0 |          0 |
|               xpm_fifo_rst_inst                                  |                                                             xpm_fifo_rst__parameterized0_98 |          3 |          3 |       0 |    0 |      5 |      0 |      0 |    0 |          0 |
|         g_channels[14].u_fifo                                    |                                                              channel_write_fifo__xdcDup__15 |         95 |         95 |       0 |    0 |    246 |      8 |      0 |    0 |          0 |
|           (g_channels[14].u_fifo)                                |                                                              channel_write_fifo__xdcDup__15 |         20 |         20 |       0 |    0 |    180 |      0 |      0 |    0 |          0 |
|           u_fifo                                                 |                                                                               xpm_fifo_sync |         75 |         75 |       0 |    0 |     66 |      8 |      0 |    0 |          0 |
|             (u_fifo)                                             |                                                                               xpm_fifo_sync |          0 |          0 |       0 |    0 |      0 |      0 |      0 |    0 |          0 |
|             xpm_fifo_base_inst                                   |                                                               xpm_fifo_base__parameterized4 |         75 |         75 |       0 |    0 |     66 |      8 |      0 |    0 |          0 |
|               (xpm_fifo_base_inst)                               |                                                               xpm_fifo_base__parameterized4 |          2 |          2 |       0 |    0 |     16 |      0 |      0 |    0 |          0 |
|               gen_fwft.rdpp1_inst                                |                                                                         xpm_counter_updn_85 |          5 |          5 |       0 |    0 |      2 |      0 |      0 |    0 |          0 |
|               gen_sdpram.xpm_memory_base_inst                    |                                                             xpm_memory_base__parameterized4 |          0 |          0 |       0 |    0 |      0 |      8 |      0 |    0 |          0 |
|               rdp_inst                                           |                                                         xpm_counter_updn__parameterized0_86 |         30 |         30 |       0 |    0 |     11 |      0 |      0 |    0 |          0 |
|               rdpp1_inst                                         |                                                         xpm_counter_updn__parameterized1_87 |         10 |         10 |       0 |    0 |     10 |      0 |      0 |    0 |          0 |
|               rst_d1_inst                                        |                                                                         xpm_fifo_reg_bit_88 |          0 |          0 |       0 |    0 |      1 |      0 |      0 |    0 |          0 |
|               wrp_inst                                           |                                                         xpm_counter_updn__parameterized0_89 |         24 |         24 |       0 |    0 |     11 |      0 |      0 |    0 |          0 |
|               wrpp1_inst                                         |                                                         xpm_counter_updn__parameterized1_90 |          9 |          9 |       0 |    0 |     10 |      0 |      0 |    0 |          0 |
|               xpm_fifo_rst_inst                                  |                                                             xpm_fifo_rst__parameterized0_91 |          3 |          3 |       0 |    0 |      5 |      0 |      0 |    0 |          0 |
|         g_channels[15].u_fifo                                    |                                                                          channel_write_fifo |        390 |        390 |       0 |    0 |    246 |      8 |      0 |    0 |          0 |
|           (g_channels[15].u_fifo)                                |                                                                          channel_write_fifo |        315 |        315 |       0 |    0 |    180 |      0 |      0 |    0 |          0 |
|           u_fifo                                                 |                                                                           xpm_fifo_sync__30 |         75 |         75 |       0 |    0 |     66 |      8 |      0 |    0 |          0 |
|             (u_fifo)                                             |                                                                           xpm_fifo_sync__30 |          0 |          0 |       0 |    0 |      0 |      0 |      0 |    0 |          0 |
|             xpm_fifo_base_inst                                   |                                                           xpm_fifo_base__parameterized4__30 |         75 |         75 |       0 |    0 |     66 |      8 |      0 |    0 |          0 |
|               (xpm_fifo_base_inst)                               |                                                           xpm_fifo_base__parameterized4__30 |          2 |          2 |       0 |    0 |     16 |      0 |      0 |    0 |          0 |
|               gen_fwft.rdpp1_inst                                |                                                                         xpm_counter_updn_78 |          5 |          5 |       0 |    0 |      2 |      0 |      0 |    0 |          0 |
|               gen_sdpram.xpm_memory_base_inst                    |                                                         xpm_memory_base__parameterized4__30 |          0 |          0 |       0 |    0 |      0 |      8 |      0 |    0 |          0 |
|               rdp_inst                                           |                                                         xpm_counter_updn__parameterized0_79 |         30 |         30 |       0 |    0 |     11 |      0 |      0 |    0 |          0 |
|               rdpp1_inst                                         |                                                         xpm_counter_updn__parameterized1_80 |         10 |         10 |       0 |    0 |     10 |      0 |      0 |    0 |          0 |
|               rst_d1_inst                                        |                                                                         xpm_fifo_reg_bit_81 |          0 |          0 |       0 |    0 |      1 |      0 |      0 |    0 |          0 |
|               wrp_inst                                           |                                                         xpm_counter_updn__parameterized0_82 |         24 |         24 |       0 |    0 |     11 |      0 |      0 |    0 |          0 |
|               wrpp1_inst                                         |                                                         xpm_counter_updn__parameterized1_83 |          9 |          9 |       0 |    0 |     10 |      0 |      0 |    0 |          0 |
|               xpm_fifo_rst_inst                                  |                                                             xpm_fifo_rst__parameterized0_84 |          3 |          3 |       0 |    0 |      5 |      0 |      0 |    0 |          0 |
|         g_channels[1].u_fifo                                     |                                                               channel_write_fifo__xdcDup__2 |         99 |         99 |       0 |    0 |    246 |      8 |      0 |    0 |          0 |
|           (g_channels[1].u_fifo)                                 |                                                               channel_write_fifo__xdcDup__2 |         24 |         24 |       0 |    0 |    180 |      0 |      0 |    0 |          0 |
|           u_fifo                                                 |                                                                           xpm_fifo_sync__27 |         75 |         75 |       0 |    0 |     66 |      8 |      0 |    0 |          0 |
|             (u_fifo)                                             |                                                                           xpm_fifo_sync__27 |          0 |          0 |       0 |    0 |      0 |      0 |      0 |    0 |          0 |
|             xpm_fifo_base_inst                                   |                                                           xpm_fifo_base__parameterized4__27 |         75 |         75 |       0 |    0 |     66 |      8 |      0 |    0 |          0 |
|               (xpm_fifo_base_inst)                               |                                                           xpm_fifo_base__parameterized4__27 |          2 |          2 |       0 |    0 |     16 |      0 |      0 |    0 |          0 |
|               gen_fwft.rdpp1_inst                                |                                                                         xpm_counter_updn_71 |          5 |          5 |       0 |    0 |      2 |      0 |      0 |    0 |          0 |
|               gen_sdpram.xpm_memory_base_inst                    |                                                         xpm_memory_base__parameterized4__27 |          0 |          0 |       0 |    0 |      0 |      8 |      0 |    0 |          0 |
|               rdp_inst                                           |                                                         xpm_counter_updn__parameterized0_72 |         30 |         30 |       0 |    0 |     11 |      0 |      0 |    0 |          0 |
|               rdpp1_inst                                         |                                                         xpm_counter_updn__parameterized1_73 |         10 |         10 |       0 |    0 |     10 |      0 |      0 |    0 |          0 |
|               rst_d1_inst                                        |                                                                         xpm_fifo_reg_bit_74 |          0 |          0 |       0 |    0 |      1 |      0 |      0 |    0 |          0 |
|               wrp_inst                                           |                                                         xpm_counter_updn__parameterized0_75 |         24 |         24 |       0 |    0 |     11 |      0 |      0 |    0 |          0 |
|               wrpp1_inst                                         |                                                         xpm_counter_updn__parameterized1_76 |          9 |          9 |       0 |    0 |     10 |      0 |      0 |    0 |          0 |
|               xpm_fifo_rst_inst                                  |                                                             xpm_fifo_rst__parameterized0_77 |          3 |          3 |       0 |    0 |      5 |      0 |      0 |    0 |          0 |
|         g_channels[2].u_fifo                                     |                                                               channel_write_fifo__xdcDup__3 |        100 |        100 |       0 |    0 |    246 |      8 |      0 |    0 |          0 |
|           (g_channels[2].u_fifo)                                 |                                                               channel_write_fifo__xdcDup__3 |         25 |         25 |       0 |    0 |    180 |      0 |      0 |    0 |          0 |
|           u_fifo                                                 |                                                                           xpm_fifo_sync__26 |         75 |         75 |       0 |    0 |     66 |      8 |      0 |    0 |          0 |
|             (u_fifo)                                             |                                                                           xpm_fifo_sync__26 |          0 |          0 |       0 |    0 |      0 |      0 |      0 |    0 |          0 |
|             xpm_fifo_base_inst                                   |                                                           xpm_fifo_base__parameterized4__26 |         75 |         75 |       0 |    0 |     66 |      8 |      0 |    0 |          0 |
|               (xpm_fifo_base_inst)                               |                                                           xpm_fifo_base__parameterized4__26 |          2 |          2 |       0 |    0 |     16 |      0 |      0 |    0 |          0 |
|               gen_fwft.rdpp1_inst                                |                                                                         xpm_counter_updn_64 |          5 |          5 |       0 |    0 |      2 |      0 |      0 |    0 |          0 |
|               gen_sdpram.xpm_memory_base_inst                    |                                                         xpm_memory_base__parameterized4__26 |          0 |          0 |       0 |    0 |      0 |      8 |      0 |    0 |          0 |
|               rdp_inst                                           |                                                         xpm_counter_updn__parameterized0_65 |         30 |         30 |       0 |    0 |     11 |      0 |      0 |    0 |          0 |
|               rdpp1_inst                                         |                                                         xpm_counter_updn__parameterized1_66 |         10 |         10 |       0 |    0 |     10 |      0 |      0 |    0 |          0 |
|               rst_d1_inst                                        |                                                                         xpm_fifo_reg_bit_67 |          0 |          0 |       0 |    0 |      1 |      0 |      0 |    0 |          0 |
|               wrp_inst                                           |                                                         xpm_counter_updn__parameterized0_68 |         24 |         24 |       0 |    0 |     11 |      0 |      0 |    0 |          0 |
|               wrpp1_inst                                         |                                                         xpm_counter_updn__parameterized1_69 |          9 |          9 |       0 |    0 |     10 |      0 |      0 |    0 |          0 |
|               xpm_fifo_rst_inst                                  |                                                             xpm_fifo_rst__parameterized0_70 |          3 |          3 |       0 |    0 |      5 |      0 |      0 |    0 |          0 |
|         g_channels[3].u_fifo                                     |                                                               channel_write_fifo__xdcDup__4 |        421 |        421 |       0 |    0 |    246 |      8 |      0 |    0 |          0 |
|           (g_channels[3].u_fifo)                                 |                                                               channel_write_fifo__xdcDup__4 |        346 |        346 |       0 |    0 |    180 |      0 |      0 |    0 |          0 |
|           u_fifo                                                 |                                                                           xpm_fifo_sync__25 |         75 |         75 |       0 |    0 |     66 |      8 |      0 |    0 |          0 |
|             (u_fifo)                                             |                                                                           xpm_fifo_sync__25 |          0 |          0 |       0 |    0 |      0 |      0 |      0 |    0 |          0 |
|             xpm_fifo_base_inst                                   |                                                           xpm_fifo_base__parameterized4__25 |         75 |         75 |       0 |    0 |     66 |      8 |      0 |    0 |          0 |
|               (xpm_fifo_base_inst)                               |                                                           xpm_fifo_base__parameterized4__25 |          2 |          2 |       0 |    0 |     16 |      0 |      0 |    0 |          0 |
|               gen_fwft.rdpp1_inst                                |                                                                         xpm_counter_updn_57 |          5 |          5 |       0 |    0 |      2 |      0 |      0 |    0 |          0 |
|               gen_sdpram.xpm_memory_base_inst                    |                                                         xpm_memory_base__parameterized4__25 |          0 |          0 |       0 |    0 |      0 |      8 |      0 |    0 |          0 |
|               rdp_inst                                           |                                                         xpm_counter_updn__parameterized0_58 |         30 |         30 |       0 |    0 |     11 |      0 |      0 |    0 |          0 |
|               rdpp1_inst                                         |                                                         xpm_counter_updn__parameterized1_59 |         10 |         10 |       0 |    0 |     10 |      0 |      0 |    0 |          0 |
|               rst_d1_inst                                        |                                                                         xpm_fifo_reg_bit_60 |          0 |          0 |       0 |    0 |      1 |      0 |      0 |    0 |          0 |
|               wrp_inst                                           |                                                         xpm_counter_updn__parameterized0_61 |         24 |         24 |       0 |    0 |     11 |      0 |      0 |    0 |          0 |
|               wrpp1_inst                                         |                                                         xpm_counter_updn__parameterized1_62 |          9 |          9 |       0 |    0 |     10 |      0 |      0 |    0 |          0 |
|               xpm_fifo_rst_inst                                  |                                                             xpm_fifo_rst__parameterized0_63 |          3 |          3 |       0 |    0 |      5 |      0 |      0 |    0 |          0 |
|         g_channels[4].u_fifo                                     |                                                               channel_write_fifo__xdcDup__5 |        100 |        100 |       0 |    0 |    246 |      8 |      0 |    0 |          0 |
|           (g_channels[4].u_fifo)                                 |                                                               channel_write_fifo__xdcDup__5 |         25 |         25 |       0 |    0 |    180 |      0 |      0 |    0 |          0 |
|           u_fifo                                                 |                                                                           xpm_fifo_sync__24 |         75 |         75 |       0 |    0 |     66 |      8 |      0 |    0 |          0 |
|             (u_fifo)                                             |                                                                           xpm_fifo_sync__24 |          0 |          0 |       0 |    0 |      0 |      0 |      0 |    0 |          0 |
|             xpm_fifo_base_inst                                   |                                                           xpm_fifo_base__parameterized4__24 |         75 |         75 |       0 |    0 |     66 |      8 |      0 |    0 |          0 |
|               (xpm_fifo_base_inst)                               |                                                           xpm_fifo_base__parameterized4__24 |          2 |          2 |       0 |    0 |     16 |      0 |      0 |    0 |          0 |
|               gen_fwft.rdpp1_inst                                |                                                                         xpm_counter_updn_50 |          5 |          5 |       0 |    0 |      2 |      0 |      0 |    0 |          0 |
|               gen_sdpram.xpm_memory_base_inst                    |                                                         xpm_memory_base__parameterized4__24 |          0 |          0 |       0 |    0 |      0 |      8 |      0 |    0 |          0 |
|               rdp_inst                                           |                                                         xpm_counter_updn__parameterized0_51 |         30 |         30 |       0 |    0 |     11 |      0 |      0 |    0 |          0 |
|               rdpp1_inst                                         |                                                         xpm_counter_updn__parameterized1_52 |         10 |         10 |       0 |    0 |     10 |      0 |      0 |    0 |          0 |
|               rst_d1_inst                                        |                                                                         xpm_fifo_reg_bit_53 |          0 |          0 |       0 |    0 |      1 |      0 |      0 |    0 |          0 |
|               wrp_inst                                           |                                                         xpm_counter_updn__parameterized0_54 |         24 |         24 |       0 |    0 |     11 |      0 |      0 |    0 |          0 |
|               wrpp1_inst                                         |                                                         xpm_counter_updn__parameterized1_55 |          9 |          9 |       0 |    0 |     10 |      0 |      0 |    0 |          0 |
|               xpm_fifo_rst_inst                                  |                                                             xpm_fifo_rst__parameterized0_56 |          3 |          3 |       0 |    0 |      5 |      0 |      0 |    0 |          0 |
|         g_channels[5].u_fifo                                     |                                                               channel_write_fifo__xdcDup__6 |         95 |         95 |       0 |    0 |    246 |      8 |      0 |    0 |          0 |
|           (g_channels[5].u_fifo)                                 |                                                               channel_write_fifo__xdcDup__6 |         20 |         20 |       0 |    0 |    180 |      0 |      0 |    0 |          0 |
|           u_fifo                                                 |                                                                           xpm_fifo_sync__23 |         75 |         75 |       0 |    0 |     66 |      8 |      0 |    0 |          0 |
|             (u_fifo)                                             |                                                                           xpm_fifo_sync__23 |          0 |          0 |       0 |    0 |      0 |      0 |      0 |    0 |          0 |
|             xpm_fifo_base_inst                                   |                                                           xpm_fifo_base__parameterized4__23 |         75 |         75 |       0 |    0 |     66 |      8 |      0 |    0 |          0 |
|               (xpm_fifo_base_inst)                               |                                                           xpm_fifo_base__parameterized4__23 |          2 |          2 |       0 |    0 |     16 |      0 |      0 |    0 |          0 |
|               gen_fwft.rdpp1_inst                                |                                                                         xpm_counter_updn_43 |          5 |          5 |       0 |    0 |      2 |      0 |      0 |    0 |          0 |
|               gen_sdpram.xpm_memory_base_inst                    |                                                         xpm_memory_base__parameterized4__23 |          0 |          0 |       0 |    0 |      0 |      8 |      0 |    0 |          0 |
|               rdp_inst                                           |                                                         xpm_counter_updn__parameterized0_44 |         30 |         30 |       0 |    0 |     11 |      0 |      0 |    0 |          0 |
|               rdpp1_inst                                         |                                                         xpm_counter_updn__parameterized1_45 |         10 |         10 |       0 |    0 |     10 |      0 |      0 |    0 |          0 |
|               rst_d1_inst                                        |                                                                         xpm_fifo_reg_bit_46 |          0 |          0 |       0 |    0 |      1 |      0 |      0 |    0 |          0 |
|               wrp_inst                                           |                                                         xpm_counter_updn__parameterized0_47 |         24 |         24 |       0 |    0 |     11 |      0 |      0 |    0 |          0 |
|               wrpp1_inst                                         |                                                         xpm_counter_updn__parameterized1_48 |          9 |          9 |       0 |    0 |     10 |      0 |      0 |    0 |          0 |
|               xpm_fifo_rst_inst                                  |                                                             xpm_fifo_rst__parameterized0_49 |          3 |          3 |       0 |    0 |      5 |      0 |      0 |    0 |          0 |
|         g_channels[6].u_fifo                                     |                                                               channel_write_fifo__xdcDup__7 |         95 |         95 |       0 |    0 |    246 |      8 |      0 |    0 |          0 |
|           (g_channels[6].u_fifo)                                 |                                                               channel_write_fifo__xdcDup__7 |         20 |         20 |       0 |    0 |    180 |      0 |      0 |    0 |          0 |
|           u_fifo                                                 |                                                                           xpm_fifo_sync__22 |         75 |         75 |       0 |    0 |     66 |      8 |      0 |    0 |          0 |
|             (u_fifo)                                             |                                                                           xpm_fifo_sync__22 |          0 |          0 |       0 |    0 |      0 |      0 |      0 |    0 |          0 |
|             xpm_fifo_base_inst                                   |                                                           xpm_fifo_base__parameterized4__22 |         75 |         75 |       0 |    0 |     66 |      8 |      0 |    0 |          0 |
|               (xpm_fifo_base_inst)                               |                                                           xpm_fifo_base__parameterized4__22 |          2 |          2 |       0 |    0 |     16 |      0 |      0 |    0 |          0 |
|               gen_fwft.rdpp1_inst                                |                                                                         xpm_counter_updn_36 |          5 |          5 |       0 |    0 |      2 |      0 |      0 |    0 |          0 |
|               gen_sdpram.xpm_memory_base_inst                    |                                                         xpm_memory_base__parameterized4__22 |          0 |          0 |       0 |    0 |      0 |      8 |      0 |    0 |          0 |
|               rdp_inst                                           |                                                         xpm_counter_updn__parameterized0_37 |         30 |         30 |       0 |    0 |     11 |      0 |      0 |    0 |          0 |
|               rdpp1_inst                                         |                                                         xpm_counter_updn__parameterized1_38 |         10 |         10 |       0 |    0 |     10 |      0 |      0 |    0 |          0 |
|               rst_d1_inst                                        |                                                                         xpm_fifo_reg_bit_39 |          0 |          0 |       0 |    0 |      1 |      0 |      0 |    0 |          0 |
|               wrp_inst                                           |                                                         xpm_counter_updn__parameterized0_40 |         24 |         24 |       0 |    0 |     11 |      0 |      0 |    0 |          0 |
|               wrpp1_inst                                         |                                                         xpm_counter_updn__parameterized1_41 |          9 |          9 |       0 |    0 |     10 |      0 |      0 |    0 |          0 |
|               xpm_fifo_rst_inst                                  |                                                             xpm_fifo_rst__parameterized0_42 |          3 |          3 |       0 |    0 |      5 |      0 |      0 |    0 |          0 |
|         g_channels[7].u_fifo                                     |                                                               channel_write_fifo__xdcDup__8 |        390 |        390 |       0 |    0 |    246 |      8 |      0 |    0 |          0 |
|           (g_channels[7].u_fifo)                                 |                                                               channel_write_fifo__xdcDup__8 |        315 |        315 |       0 |    0 |    180 |      0 |      0 |    0 |          0 |
|           u_fifo                                                 |                                                                           xpm_fifo_sync__21 |         75 |         75 |       0 |    0 |     66 |      8 |      0 |    0 |          0 |
|             (u_fifo)                                             |                                                                           xpm_fifo_sync__21 |          0 |          0 |       0 |    0 |      0 |      0 |      0 |    0 |          0 |
|             xpm_fifo_base_inst                                   |                                                           xpm_fifo_base__parameterized4__21 |         75 |         75 |       0 |    0 |     66 |      8 |      0 |    0 |          0 |
|               (xpm_fifo_base_inst)                               |                                                           xpm_fifo_base__parameterized4__21 |          2 |          2 |       0 |    0 |     16 |      0 |      0 |    0 |          0 |
|               gen_fwft.rdpp1_inst                                |                                                                         xpm_counter_updn_29 |          5 |          5 |       0 |    0 |      2 |      0 |      0 |    0 |          0 |
|               gen_sdpram.xpm_memory_base_inst                    |                                                         xpm_memory_base__parameterized4__21 |          0 |          0 |       0 |    0 |      0 |      8 |      0 |    0 |          0 |
|               rdp_inst                                           |                                                         xpm_counter_updn__parameterized0_30 |         30 |         30 |       0 |    0 |     11 |      0 |      0 |    0 |          0 |
|               rdpp1_inst                                         |                                                         xpm_counter_updn__parameterized1_31 |         10 |         10 |       0 |    0 |     10 |      0 |      0 |    0 |          0 |
|               rst_d1_inst                                        |                                                                         xpm_fifo_reg_bit_32 |          0 |          0 |       0 |    0 |      1 |      0 |      0 |    0 |          0 |
|               wrp_inst                                           |                                                         xpm_counter_updn__parameterized0_33 |         24 |         24 |       0 |    0 |     11 |      0 |      0 |    0 |          0 |
|               wrpp1_inst                                         |                                                         xpm_counter_updn__parameterized1_34 |          9 |          9 |       0 |    0 |     10 |      0 |      0 |    0 |          0 |
|               xpm_fifo_rst_inst                                  |                                                             xpm_fifo_rst__parameterized0_35 |          3 |          3 |       0 |    0 |      5 |      0 |      0 |    0 |          0 |
|         g_channels[8].u_fifo                                     |                                                               channel_write_fifo__xdcDup__9 |        100 |        100 |       0 |    0 |    246 |      8 |      0 |    0 |          0 |
|           (g_channels[8].u_fifo)                                 |                                                               channel_write_fifo__xdcDup__9 |         25 |         25 |       0 |    0 |    180 |      0 |      0 |    0 |          0 |
|           u_fifo                                                 |                                                                           xpm_fifo_sync__20 |         75 |         75 |       0 |    0 |     66 |      8 |      0 |    0 |          0 |
|             (u_fifo)                                             |                                                                           xpm_fifo_sync__20 |          0 |          0 |       0 |    0 |      0 |      0 |      0 |    0 |          0 |
|             xpm_fifo_base_inst                                   |                                                           xpm_fifo_base__parameterized4__20 |         75 |         75 |       0 |    0 |     66 |      8 |      0 |    0 |          0 |
|               (xpm_fifo_base_inst)                               |                                                           xpm_fifo_base__parameterized4__20 |          2 |          2 |       0 |    0 |     16 |      0 |      0 |    0 |          0 |
|               gen_fwft.rdpp1_inst                                |                                                                         xpm_counter_updn_22 |          5 |          5 |       0 |    0 |      2 |      0 |      0 |    0 |          0 |
|               gen_sdpram.xpm_memory_base_inst                    |                                                         xpm_memory_base__parameterized4__20 |          0 |          0 |       0 |    0 |      0 |      8 |      0 |    0 |          0 |
|               rdp_inst                                           |                                                         xpm_counter_updn__parameterized0_23 |         30 |         30 |       0 |    0 |     11 |      0 |      0 |    0 |          0 |
|               rdpp1_inst                                         |                                                         xpm_counter_updn__parameterized1_24 |         10 |         10 |       0 |    0 |     10 |      0 |      0 |    0 |          0 |
|               rst_d1_inst                                        |                                                                         xpm_fifo_reg_bit_25 |          0 |          0 |       0 |    0 |      1 |      0 |      0 |    0 |          0 |
|               wrp_inst                                           |                                                         xpm_counter_updn__parameterized0_26 |         24 |         24 |       0 |    0 |     11 |      0 |      0 |    0 |          0 |
|               wrpp1_inst                                         |                                                         xpm_counter_updn__parameterized1_27 |          9 |          9 |       0 |    0 |     10 |      0 |      0 |    0 |          0 |
|               xpm_fifo_rst_inst                                  |                                                             xpm_fifo_rst__parameterized0_28 |          3 |          3 |       0 |    0 |      5 |      0 |      0 |    0 |          0 |
|         g_channels[9].u_fifo                                     |                                                              channel_write_fifo__xdcDup__10 |        101 |        101 |       0 |    0 |    246 |      8 |      0 |    0 |          0 |
|           (g_channels[9].u_fifo)                                 |                                                              channel_write_fifo__xdcDup__10 |         26 |         26 |       0 |    0 |    180 |      0 |      0 |    0 |          0 |
|           u_fifo                                                 |                                                                           xpm_fifo_sync__19 |         75 |         75 |       0 |    0 |     66 |      8 |      0 |    0 |          0 |
|             (u_fifo)                                             |                                                                           xpm_fifo_sync__19 |          0 |          0 |       0 |    0 |      0 |      0 |      0 |    0 |          0 |
|             xpm_fifo_base_inst                                   |                                                           xpm_fifo_base__parameterized4__19 |         75 |         75 |       0 |    0 |     66 |      8 |      0 |    0 |          0 |
|               (xpm_fifo_base_inst)                               |                                                           xpm_fifo_base__parameterized4__19 |          2 |          2 |       0 |    0 |     16 |      0 |      0 |    0 |          0 |
|               gen_fwft.rdpp1_inst                                |                                                                         xpm_counter_updn_18 |          5 |          5 |       0 |    0 |      2 |      0 |      0 |    0 |          0 |
|               gen_sdpram.xpm_memory_base_inst                    |                                                         xpm_memory_base__parameterized4__19 |          0 |          0 |       0 |    0 |      0 |      8 |      0 |    0 |          0 |
|               rdp_inst                                           |                                                            xpm_counter_updn__parameterized0 |         30 |         30 |       0 |    0 |     11 |      0 |      0 |    0 |          0 |
|               rdpp1_inst                                         |                                                            xpm_counter_updn__parameterized1 |         10 |         10 |       0 |    0 |     10 |      0 |      0 |    0 |          0 |
|               rst_d1_inst                                        |                                                                         xpm_fifo_reg_bit_19 |          0 |          0 |       0 |    0 |      1 |      0 |      0 |    0 |          0 |
|               wrp_inst                                           |                                                         xpm_counter_updn__parameterized0_20 |         24 |         24 |       0 |    0 |     11 |      0 |      0 |    0 |          0 |
|               wrpp1_inst                                         |                                                         xpm_counter_updn__parameterized1_21 |          9 |          9 |       0 |    0 |     10 |      0 |      0 |    0 |          0 |
|               xpm_fifo_rst_inst                                  |                                                                xpm_fifo_rst__parameterized0 |          3 |          3 |       0 |    0 |      5 |      0 |      0 |    0 |          0 |
|       u_writer_count_cdc                                         |                                                     xpm_cdc_array_single__parameterized9__3 |          0 |          0 |       0 |    0 |   1536 |      0 |      0 |    0 |          0 |
|       u_writer_perf_cdc                                          |                                                   xpm_cdc_array_single__parameterized11__17 |         54 |         54 |       0 |    0 |    714 |      0 |      0 |    0 |          0 |
|     u_writer_ui_cdc                                              |                                                                           axi4_ui_write_cdc |        372 |        332 |      40 |    0 |    767 |      4 |      1 |    0 |          0 |
|       u_aw                                                       |                                                                 cdc_payload_fifo__xdcDup__1 |        129 |         93 |      36 |    0 |    220 |      0 |      0 |    0 |          0 |
|         (u_aw)                                                   |                                                                 cdc_payload_fifo__xdcDup__1 |          5 |          5 |       0 |    0 |      8 |      0 |      0 |    0 |          0 |
|         u_fifo                                                   |                                                   xpm_fifo_async__parameterized0__xdcDup__1 |        124 |         88 |      36 |    0 |    212 |      0 |      0 |    0 |          0 |
|           (u_fifo)                                               |                                                   xpm_fifo_async__parameterized0__xdcDup__1 |          0 |          0 |       0 |    0 |      0 |      0 |      0 |    0 |          0 |
|           gnuram_async_fifo.xpm_fifo_base_inst                   |                                                    xpm_fifo_base__parameterized0__xdcDup__1 |        124 |         88 |      36 |    0 |    212 |      0 |      0 |    0 |          0 |
|             (gnuram_async_fifo.xpm_fifo_base_inst)               |                                                    xpm_fifo_base__parameterized0__xdcDup__1 |          4 |          4 |       0 |    0 |     28 |      0 |      0 |    0 |          0 |
|             gen_fwft.rdpp1_inst                                  |                                                                          xpm_counter_updn_8 |          6 |          6 |       0 |    0 |      2 |      0 |      0 |    0 |          0 |
|             gen_pntr_pf_rc.rpw_rc_reg                            |                                                          xpm_fifo_reg_vec__parameterized1_9 |          0 |          0 |       0 |    0 |      5 |      0 |      0 |    0 |          0 |
|             gen_pntr_pf_rc.rpw_rc_reg_dc                         |                                                         xpm_fifo_reg_vec__parameterized2_10 |          0 |          0 |       0 |    0 |      6 |      0 |      0 |    0 |          0 |
|             gen_pntr_pf_rc.wpr_rc_reg_dc                         |                                                         xpm_fifo_reg_vec__parameterized2_11 |         12 |         12 |       0 |    0 |      6 |      0 |      0 |    0 |          0 |
|             gen_sdpram.xpm_memory_base_inst                      |                                                             xpm_memory_base__parameterized0 |         36 |          0 |      36 |    0 |    120 |      0 |      0 |    0 |          0 |
|             rdp_inst                                             |                                                         xpm_counter_updn__parameterized3_12 |         15 |         15 |       0 |    0 |      6 |      0 |      0 |    0 |          0 |
|             rdpp1_inst                                           |                                                         xpm_counter_updn__parameterized4_13 |          6 |          6 |       0 |    0 |      5 |      0 |      0 |    0 |          0 |
|             rst_d1_inst                                          |                                                                         xpm_fifo_reg_bit_14 |          2 |          2 |       0 |    0 |      1 |      0 |      0 |    0 |          0 |
|             wrp_inst                                             |                                                         xpm_counter_updn__parameterized3_15 |         11 |         11 |       0 |    0 |      6 |      0 |      0 |    0 |          0 |
|             wrpp1_inst                                           |                                                         xpm_counter_updn__parameterized4_16 |         10 |         10 |       0 |    0 |      5 |      0 |      0 |    0 |          0 |
|             wrpp2_inst                                           |                                                         xpm_counter_updn__parameterized5_17 |          5 |          5 |       0 |    0 |      5 |      0 |      0 |    0 |          0 |
|             xpm_fifo_rst_inst                                    |                                                                     xpm_fifo_rst__xdcDup__9 |         21 |         21 |       0 |    0 |     17 |      0 |      0 |    0 |          0 |
|               (xpm_fifo_rst_inst)                                |                                                                     xpm_fifo_rst__xdcDup__9 |         21 |         21 |       0 |    0 |     13 |      0 |      0 |    0 |          0 |
|               gen_rst_ic.rrst_wr_inst                            |                                                                        xpm_cdc_sync_rst__71 |          0 |          0 |       0 |    0 |      2 |      0 |      0 |    0 |          0 |
|               gen_rst_ic.wrst_rd_inst                            |                                                                        xpm_cdc_sync_rst__70 |          0 |          0 |       0 |    0 |      2 |      0 |      0 |    0 |          0 |
|       u_b                                                        |                                                 cdc_payload_fifo__parameterized1__xdcDup__1 |         98 |         94 |       4 |    0 |    110 |      0 |      0 |    0 |          0 |
|         (u_b)                                                    |                                                 cdc_payload_fifo__parameterized1__xdcDup__1 |          6 |          6 |       0 |    0 |      8 |      0 |      0 |    0 |          0 |
|         u_fifo                                                   |                                                   xpm_fifo_async__parameterized2__xdcDup__1 |         92 |         88 |       4 |    0 |    102 |      0 |      0 |    0 |          0 |
|           (u_fifo)                                               |                                                   xpm_fifo_async__parameterized2__xdcDup__1 |          0 |          0 |       0 |    0 |      0 |      0 |      0 |    0 |          0 |
|           gnuram_async_fifo.xpm_fifo_base_inst                   |                                                    xpm_fifo_base__parameterized2__xdcDup__1 |         92 |         88 |       4 |    0 |    102 |      0 |      0 |    0 |          0 |
|             (gnuram_async_fifo.xpm_fifo_base_inst)               |                                                    xpm_fifo_base__parameterized2__xdcDup__1 |          4 |          4 |       0 |    0 |     28 |      0 |      0 |    0 |          0 |
|             gen_fwft.rdpp1_inst                                  |                                                                          xpm_counter_updn_3 |          6 |          6 |       0 |    0 |      2 |      0 |      0 |    0 |          0 |
|             gen_pntr_pf_rc.rpw_rc_reg                            |                                                            xpm_fifo_reg_vec__parameterized1 |          0 |          0 |       0 |    0 |      5 |      0 |      0 |    0 |          0 |
|             gen_pntr_pf_rc.rpw_rc_reg_dc                         |                                                            xpm_fifo_reg_vec__parameterized2 |          0 |          0 |       0 |    0 |      6 |      0 |      0 |    0 |          0 |
|             gen_pntr_pf_rc.wpr_rc_reg_dc                         |                                                          xpm_fifo_reg_vec__parameterized2_4 |         12 |         12 |       0 |    0 |      6 |      0 |      0 |    0 |          0 |
|             gen_sdpram.xpm_memory_base_inst                      |                                                             xpm_memory_base__parameterized2 |          4 |          0 |       4 |    0 |     10 |      0 |      0 |    0 |          0 |
|             rdp_inst                                             |                                                            xpm_counter_updn__parameterized3 |         15 |         15 |       0 |    0 |      6 |      0 |      0 |    0 |          0 |
|             rdpp1_inst                                           |                                                            xpm_counter_updn__parameterized4 |          6 |          6 |       0 |    0 |      5 |      0 |      0 |    0 |          0 |
|             rst_d1_inst                                          |                                                                          xpm_fifo_reg_bit_5 |          2 |          2 |       0 |    0 |      1 |      0 |      0 |    0 |          0 |
|             wrp_inst                                             |                                                          xpm_counter_updn__parameterized3_6 |         11 |         11 |       0 |    0 |      6 |      0 |      0 |    0 |          0 |
|             wrpp1_inst                                           |                                                          xpm_counter_updn__parameterized4_7 |         10 |         10 |       0 |    0 |      5 |      0 |      0 |    0 |          0 |
|             wrpp2_inst                                           |                                                            xpm_counter_updn__parameterized5 |          5 |          5 |       0 |    0 |      5 |      0 |      0 |    0 |          0 |
|             xpm_fifo_rst_inst                                    |                                                                    xpm_fifo_rst__xdcDup__11 |         21 |         21 |       0 |    0 |     17 |      0 |      0 |    0 |          0 |
|               (xpm_fifo_rst_inst)                                |                                                                    xpm_fifo_rst__xdcDup__11 |         21 |         21 |       0 |    0 |     13 |      0 |      0 |    0 |          0 |
|               gen_rst_ic.rrst_wr_inst                            |                                                                        xpm_cdc_sync_rst__67 |          0 |          0 |       0 |    0 |      2 |      0 |      0 |    0 |          0 |
|               gen_rst_ic.wrst_rd_inst                            |                                                                        xpm_cdc_sync_rst__66 |          0 |          0 |       0 |    0 |      2 |      0 |      0 |    0 |          0 |
|       u_w                                                        |                                                 cdc_payload_fifo__parameterized0__xdcDup__1 |        145 |        145 |       0 |    0 |    437 |      4 |      1 |    0 |          0 |
|         (u_w)                                                    |                                                 cdc_payload_fifo__parameterized0__xdcDup__1 |          6 |          6 |       0 |    0 |      8 |      0 |      0 |    0 |          0 |
|         u_fifo                                                   |                                                   xpm_fifo_async__parameterized1__xdcDup__1 |        139 |        139 |       0 |    0 |    429 |      4 |      1 |    0 |          0 |
|           (u_fifo)                                               |                                                   xpm_fifo_async__parameterized1__xdcDup__1 |          0 |          0 |       0 |    0 |      0 |      0 |      0 |    0 |          0 |
|           gnuram_async_fifo.xpm_fifo_base_inst                   |                                                    xpm_fifo_base__parameterized1__xdcDup__1 |        139 |        139 |       0 |    0 |    429 |      4 |      1 |    0 |          0 |
|             (gnuram_async_fifo.xpm_fifo_base_inst)               |                                                    xpm_fifo_base__parameterized1__xdcDup__1 |          5 |          5 |       0 |    0 |     44 |      0 |      0 |    0 |          0 |
|             gen_fwft.rdpp1_inst                                  |                                                                            xpm_counter_updn |          5 |          5 |       0 |    0 |      2 |      0 |      0 |    0 |          0 |
|             gen_pntr_pf_rc.rpw_rc_reg                            |                                                            xpm_fifo_reg_vec__parameterized3 |          8 |          8 |       0 |    0 |      9 |      0 |      0 |    0 |          0 |
|             gen_pntr_pf_rc.rpw_rc_reg_dc                         |                                                                            xpm_fifo_reg_vec |          0 |          0 |       0 |    0 |     10 |      0 |      0 |    0 |          0 |
|             gen_pntr_pf_rc.wpr_rc_reg_dc                         |                                                                          xpm_fifo_reg_vec_0 |         16 |         16 |       0 |    0 |     10 |      0 |      0 |    0 |          0 |
|             gen_sdpram.xpm_memory_base_inst                      |                                                             xpm_memory_base__parameterized1 |          0 |          0 |       0 |    0 |    289 |      4 |      1 |    0 |          0 |
|             rdp_inst                                             |                                                            xpm_counter_updn__parameterized6 |         37 |         37 |       0 |    0 |     10 |      0 |      0 |    0 |          0 |
|             rdpp1_inst                                           |                                                            xpm_counter_updn__parameterized7 |          9 |          9 |       0 |    0 |      9 |      0 |      0 |    0 |          0 |
|             rst_d1_inst                                          |                                                                            xpm_fifo_reg_bit |          2 |          2 |       0 |    0 |      1 |      0 |      0 |    0 |          0 |
|             wrp_inst                                             |                                                          xpm_counter_updn__parameterized6_1 |         19 |         19 |       0 |    0 |     10 |      0 |      0 |    0 |          0 |
|             wrpp1_inst                                           |                                                          xpm_counter_updn__parameterized7_2 |         17 |         17 |       0 |    0 |      9 |      0 |      0 |    0 |          0 |
|             wrpp2_inst                                           |                                                            xpm_counter_updn__parameterized8 |          8 |          8 |       0 |    0 |      9 |      0 |      0 |    0 |          0 |
|             xpm_fifo_rst_inst                                    |                                                                    xpm_fifo_rst__xdcDup__10 |         21 |         21 |       0 |    0 |     17 |      0 |      0 |    0 |          0 |
|               (xpm_fifo_rst_inst)                                |                                                                    xpm_fifo_rst__xdcDup__10 |         21 |         21 |       0 |    0 |     13 |      0 |      0 |    0 |          0 |
|               gen_rst_ic.rrst_wr_inst                            |                                                                        xpm_cdc_sync_rst__69 |          0 |          0 |       0 |    0 |      2 |      0 |      0 |    0 |          0 |
|               gen_rst_ic.wrst_rd_inst                            |                                                                        xpm_cdc_sync_rst__68 |          0 |          0 |       0 |    0 |      2 |      0 |      0 |    0 |          0 |
+------------------------------------------------------------------+---------------------------------------------------------------------------------------------+------------+------------+---------+------+--------+--------+--------+------+------------+


