Copyright 1986-2022 Xilinx, Inc. All Rights Reserved. Copyright 2022-2023 Advanced Micro Devices, Inc. All Rights Reserved.
---------------------------------------------------------------------------------------------------------------------------------------------
| Tool Version : Vivado v.2023.2 (lin64) Build 4029153 Fri Oct 13 20:13:54 MDT 2023
| Date         : Sun Sep  6 15:58:37 2026
| Host         : tsmc184 running 64-bit Ubuntu 22.04.5 LTS
| Command      : report_utilization -hierarchical -hierarchical_depth 7 -file reports/video_timing_refactor/P3/synth/utilization_hier.rpt
| Design       : top_wrapper
| Device       : xcvu13p-fhga2104-2-i
| Speed File   : -2
| Design State : Synthesized
---------------------------------------------------------------------------------------------------------------------------------------------

Utilization Design Information

Table of Contents
-----------------
1. Utilization by Hierarchy

1. Utilization by Hierarchy
---------------------------

+------------------------------------------------------------------+---------------------------------------------------------------------------------------------+------------+------------+---------+------+--------+--------+--------+------+------------+
|                             Instance                             |                                            Module                                           | Total LUTs | Logic LUTs | LUTRAMs | SRLs |   FFs  | RAMB36 | RAMB18 | URAM | DSP Blocks |
+------------------------------------------------------------------+---------------------------------------------------------------------------------------------+------------+------------+---------+------+--------+--------+--------+------+------------+
| top_wrapper                                                      |                                                                                       (top) |     131332 |     119668 |   10304 | 1360 | 235606 |    389 |     79 |    0 |         18 |
|   (top_wrapper)                                                  |                                                                                       (top) |          2 |          2 |       0 |    0 |     20 |      0 |      0 |    0 |          0 |
|   dbg_hub                                                        |                                                                                  dbg_hub_CV |          0 |          0 |       0 |    0 |      0 |      0 |      0 |    0 |          0 |
|   u_camera_hdmi                                                  |                                                                       camera_hdmi_subsystem |      59537 |      57484 |    1588 |  465 | 141245 |    200 |     34 |    0 |          0 |
|     u_camera_subsystem                                           |                                                                            camera_subsystem |      38732 |      38580 |       0 |  152 | 111804 |    192 |     32 |    0 |          0 |
|       (u_camera_subsystem)                                       |                                                                            camera_subsystem |         89 |         89 |       0 |    0 |    200 |      0 |      0 |    0 |          0 |
|       g_camera_frontend[0].u_camera                              |                                                                  ov7670_frontend__xdcDup__1 |       4091 |       4072 |       0 |   19 |  12361 |      0 |      1 |    0 |          0 |
|         (g_camera_frontend[0].u_camera)                          |                                                                  ov7670_frontend__xdcDup__1 |        514 |        506 |       0 |    8 |   2629 |      0 |      0 |    0 |          0 |
|         u_cdc_diag_cdc                                           |                                                   xpm_cdc_array_single__parameterized13__16 |         17 |         17 |       0 |    0 |    271 |      0 |      0 |    0 |          0 |
|         u_control_cdc                                            |                                                    xpm_cdc_array_single__parameterized1__10 |          0 |          0 |       0 |    0 |     12 |      0 |      0 |    0 |          0 |
|         u_ctrl_diag_cdc                                          |                                                    xpm_cdc_array_single__parameterized11__8 |         34 |         34 |       0 |    0 |   1214 |      0 |      0 |    0 |          0 |
|         u_diagnostics                                            |                                                                        ov7670_axil_regs_540 |       1975 |       1975 |       0 |    0 |     75 |      0 |      0 |    0 |          0 |
|         u_href_diag_cdc                                          |                                                    xpm_cdc_array_single__parameterized7__10 |          0 |          0 |       0 |    0 |    480 |      0 |      0 |    0 |          0 |
|         u_href_guard_diag_cdc                                    |                                                   xpm_cdc_array_single__parameterized13__17 |          7 |          7 |       0 |    0 |    281 |      0 |      0 |    0 |          0 |
|         u_href_line_guard                                        |                                                                     dvp_href_line_guard_541 |         61 |         61 |       0 |    0 |    109 |      0 |      0 |    0 |          0 |
|         u_line_flush_diag_cdc                                    |                                                   xpm_cdc_array_single__parameterized14__25 |          0 |          0 |       0 |    0 |     96 |      0 |      0 |    0 |          0 |
|         u_ov7670_ctrl                                            |                                                                     ov7670_ztachip_ctrl_542 |        229 |        229 |       0 |    0 |    399 |      0 |      1 |    0 |          0 |
|         u_pclk_diag_cdc                                          |                                                   xpm_cdc_array_single__parameterized10__18 |          4 |          4 |       0 |    0 |    764 |      0 |      0 |    0 |          0 |
|         u_pclk_extended_diag_cdc                                 |                                                   xpm_cdc_array_single__parameterized16__16 |          8 |          8 |       0 |    0 |    512 |      0 |      0 |    0 |          0 |
|         u_pclk_quality_diag_cdc                                  |                                                    xpm_cdc_array_single__parameterized15__8 |          3 |          3 |       0 |    0 |    320 |      0 |      0 |    0 |          0 |
|         u_pclk_recovery                                          |                                                                       dvp_pclk_recovery_543 |       1063 |       1052 |       0 |   11 |   1291 |      0 |      0 |    0 |          0 |
|         u_pclk_snapshot_ack_cdc                                  |                                                           xpm_cdc_single__parameterized0__8 |          0 |          0 |       0 |    0 |      4 |      0 |      0 |    0 |          0 |
|         u_pclk_snapshot_cdc_high                                 |                                                   xpm_cdc_array_single__parameterized16__17 |         88 |         88 |       0 |    0 |    512 |      0 |      0 |    0 |          0 |
|         u_pclk_snapshot_cdc_low                                  |                                                    xpm_cdc_array_single__parameterized17__8 |         88 |         88 |       0 |    0 |   2048 |      0 |      0 |    0 |          0 |
|         u_rejected_vsync_diag_cdc                                |                                                   xpm_cdc_array_single__parameterized14__24 |          0 |          0 |       0 |    0 |     96 |      0 |      0 |    0 |          0 |
|         u_stream_diag_cdc                                        |                                                   xpm_cdc_array_single__parameterized10__19 |          0 |          0 |       0 |    0 |    768 |      0 |      0 |    0 |          0 |
|         u_timeout_abort_diag_cdc                                 |                                                   xpm_cdc_array_single__parameterized14__26 |          0 |          0 |       0 |    0 |     96 |      0 |      0 |    0 |          0 |
|         u_vsync_diag_cdc                                         |                                                    xpm_cdc_array_single__parameterized12__8 |          0 |          0 |       0 |    0 |    384 |      0 |      0 |    0 |          0 |
|       g_camera_frontend[0].u_camera_cdc                          |                                                                  camera_axis_cdc__xdcDup__1 |        252 |        252 |       0 |    0 |    428 |     22 |      1 |    0 |          0 |
|         (g_camera_frontend[0].u_camera_cdc)                      |                                                                  camera_axis_cdc__xdcDup__1 |         92 |         92 |       0 |    0 |    305 |      0 |      0 |    0 |          0 |
|         u_fifo                                                   |                                                           xpm_fifo_sync__parameterized2__14 |        160 |        160 |       0 |    0 |    123 |     22 |      1 |    0 |          0 |
|           (u_fifo)                                               |                                                           xpm_fifo_sync__parameterized2__14 |          0 |          0 |       0 |    0 |      0 |      0 |      0 |    0 |          0 |
|           xpm_fifo_base_inst                                     |                                                           xpm_fifo_base__parameterized3__14 |        160 |        160 |       0 |    0 |    123 |     22 |      1 |    0 |          0 |
|             (xpm_fifo_base_inst)                                 |                                                           xpm_fifo_base__parameterized3__14 |          2 |          2 |       0 |    0 |     20 |      0 |      0 |    0 |          0 |
|             gen_fwft.rdpp1_inst                                  |                                                                        xpm_counter_updn_533 |          5 |          5 |       0 |    0 |      2 |      0 |      0 |    0 |          0 |
|             gen_sdpram.xpm_memory_base_inst                      |                                                         xpm_memory_base__parameterized3__14 |         57 |         57 |       0 |    0 |     37 |     22 |      1 |    0 |          0 |
|             rdp_inst                                             |                                                        xpm_counter_updn__parameterized9_534 |         42 |         42 |       0 |    0 |     15 |      0 |      0 |    0 |          0 |
|             rdpp1_inst                                           |                                                       xpm_counter_updn__parameterized10_535 |         15 |         15 |       0 |    0 |     14 |      0 |      0 |    0 |          0 |
|             rst_d1_inst                                          |                                                                        xpm_fifo_reg_bit_536 |          0 |          0 |       0 |    0 |      1 |      0 |      0 |    0 |          0 |
|             wrp_inst                                             |                                                        xpm_counter_updn__parameterized9_537 |         34 |         34 |       0 |    0 |     15 |      0 |      0 |    0 |          0 |
|             wrpp1_inst                                           |                                                       xpm_counter_updn__parameterized10_538 |         14 |         14 |       0 |    0 |     14 |      0 |      0 |    0 |          0 |
|             xpm_fifo_rst_inst                                    |                                                                            xpm_fifo_rst_539 |          3 |          3 |       0 |    0 |      5 |      0 |      0 |    0 |          0 |
|       g_camera_frontend[0].u_camera_stream                       |                                                                       camera_axis_to_stream |        104 |        104 |       0 |    0 |    452 |      0 |      0 |    0 |          0 |
|       g_camera_frontend[0].u_event_bridge                        |                                                                 dvp_event_bridge__xdcDup__1 |        240 |        240 |       0 |    0 |    358 |      0 |      1 |    0 |          0 |
|         (g_camera_frontend[0].u_event_bridge)                    |                                                                 dvp_event_bridge__xdcDup__1 |         28 |         28 |       0 |    0 |     48 |      0 |      0 |    0 |          0 |
|         u_event_fifo                                             |                                                                   xpm_fifo_async__xdcDup__1 |        212 |        212 |       0 |    0 |    310 |      0 |      1 |    0 |          0 |
|           (u_event_fifo)                                         |                                                                   xpm_fifo_async__xdcDup__1 |          0 |          0 |       0 |    0 |      0 |      0 |      0 |    0 |          0 |
|           gnuram_async_fifo.xpm_fifo_base_inst                   |                                                    xpm_fifo_base__parameterized2__xdcDup__1 |        212 |        212 |       0 |    0 |    310 |      0 |      1 |    0 |          0 |
|             (gnuram_async_fifo.xpm_fifo_base_inst)               |                                                    xpm_fifo_base__parameterized2__xdcDup__1 |          6 |          6 |       0 |    0 |     48 |      0 |      0 |    0 |          0 |
|             gen_cdc_pntr.rd_pntr_cdc_dc_inst                     |                                                            xpm_cdc_gray__parameterized1__24 |         15 |         15 |       0 |    0 |     33 |      0 |      0 |    0 |          0 |
|             gen_cdc_pntr.rd_pntr_cdc_inst                        |                                                                            xpm_cdc_gray__49 |         14 |         14 |       0 |    0 |     30 |      0 |      0 |    0 |          0 |
|             gen_cdc_pntr.rpw_gray_reg                            |                                                                        xpm_fifo_reg_vec_522 |          8 |          8 |       0 |    0 |     10 |      0 |      0 |    0 |          0 |
|             gen_cdc_pntr.rpw_gray_reg_dc                         |                                                        xpm_fifo_reg_vec__parameterized0_523 |          0 |          0 |       0 |    0 |     11 |      0 |      0 |    0 |          0 |
|             gen_cdc_pntr.wpr_gray_reg                            |                                                                        xpm_fifo_reg_vec_524 |          5 |          5 |       0 |    0 |     10 |      0 |      0 |    0 |          0 |
|             gen_cdc_pntr.wpr_gray_reg_dc                         |                                                        xpm_fifo_reg_vec__parameterized0_525 |          9 |          9 |       0 |    0 |     11 |      0 |      0 |    0 |          0 |
|             gen_cdc_pntr.wr_pntr_cdc_dc_inst                     |                                                            xpm_cdc_gray__parameterized0__24 |         16 |         16 |       0 |    0 |     55 |      0 |      0 |    0 |          0 |
|             gen_cdc_pntr.wr_pntr_cdc_inst                        |                                                                            xpm_cdc_gray__48 |         15 |         15 |       0 |    0 |     30 |      0 |      0 |    0 |          0 |
|             gen_fwft.rdpp1_inst                                  |                                                                        xpm_counter_updn_526 |          6 |          6 |       0 |    0 |      2 |      0 |      0 |    0 |          0 |
|             gen_sdpram.xpm_memory_base_inst                      |                                                          xpm_memory_base__parameterized2__8 |          0 |          0 |       0 |    0 |      0 |      0 |      1 |    0 |          0 |
|             rdp_inst                                             |                                                        xpm_counter_updn__parameterized0_527 |         42 |         42 |       0 |    0 |     11 |      0 |      0 |    0 |          0 |
|             rdpp1_inst                                           |                                                        xpm_counter_updn__parameterized1_528 |         10 |         10 |       0 |    0 |     10 |      0 |      0 |    0 |          0 |
|             rst_d1_inst                                          |                                                                        xpm_fifo_reg_bit_529 |          3 |          3 |       0 |    0 |      1 |      0 |      0 |    0 |          0 |
|             wrp_inst                                             |                                                        xpm_counter_updn__parameterized0_530 |         22 |         22 |       0 |    0 |     11 |      0 |      0 |    0 |          0 |
|             wrpp1_inst                                           |                                                        xpm_counter_updn__parameterized1_531 |         19 |         19 |       0 |    0 |     10 |      0 |      0 |    0 |          0 |
|             wrpp2_inst                                           |                                                        xpm_counter_updn__parameterized2_532 |          9 |          9 |       0 |    0 |     10 |      0 |      0 |    0 |          0 |
|             xpm_fifo_rst_inst                                    |                                                     xpm_fifo_rst__parameterized0__xdcDup__1 |         21 |         21 |       0 |    0 |     17 |      0 |      0 |    0 |          0 |
|               (xpm_fifo_rst_inst)                                |                                                     xpm_fifo_rst__parameterized0__xdcDup__1 |         21 |         21 |       0 |    0 |     13 |      0 |      0 |    0 |          0 |
|               gen_rst_ic.rrst_wr_inst                            |                                                                        xpm_cdc_sync_rst__49 |          0 |          0 |       0 |    0 |      2 |      0 |      0 |    0 |          0 |
|               gen_rst_ic.wrst_rd_inst                            |                                                                        xpm_cdc_sync_rst__48 |          0 |          0 |       0 |    0 |      2 |      0 |      0 |    0 |          0 |
|       g_camera_frontend[0].u_pixel_assembler                     |                                                                      camera_pixel_assembler |          3 |          3 |       0 |    0 |     32 |      0 |      0 |    0 |          0 |
|       g_camera_frontend[0].u_writer_bridge                       |                                                                 video_stream_cdc__xdcDup__1 |        235 |        235 |       0 |    0 |    318 |      2 |      1 |    0 |          0 |
|         (g_camera_frontend[0].u_writer_bridge)                   |                                                                 video_stream_cdc__xdcDup__1 |         23 |         23 |       0 |    0 |      8 |      0 |      0 |    0 |          0 |
|         u_stream_fifo                                            |                                                   xpm_fifo_async__parameterized0__xdcDup__1 |        212 |        212 |       0 |    0 |    310 |      2 |      1 |    0 |          0 |
|           (u_stream_fifo)                                        |                                                   xpm_fifo_async__parameterized0__xdcDup__1 |          0 |          0 |       0 |    0 |      0 |      0 |      0 |    0 |          0 |
|           gnuram_async_fifo.xpm_fifo_base_inst                   |                                                    xpm_fifo_base__parameterized4__xdcDup__1 |        212 |        212 |       0 |    0 |    310 |      2 |      1 |    0 |          0 |
|             (gnuram_async_fifo.xpm_fifo_base_inst)               |                                                    xpm_fifo_base__parameterized4__xdcDup__1 |          6 |          6 |       0 |    0 |     48 |      0 |      0 |    0 |          0 |
|             gen_cdc_pntr.rd_pntr_cdc_dc_inst                     |                                                            xpm_cdc_gray__parameterized1__19 |         15 |         15 |       0 |    0 |     33 |      0 |      0 |    0 |          0 |
|             gen_cdc_pntr.rd_pntr_cdc_inst                        |                                                                            xpm_cdc_gray__39 |         14 |         14 |       0 |    0 |     30 |      0 |      0 |    0 |          0 |
|             gen_cdc_pntr.rpw_gray_reg                            |                                                                        xpm_fifo_reg_vec_511 |          8 |          8 |       0 |    0 |     10 |      0 |      0 |    0 |          0 |
|             gen_cdc_pntr.rpw_gray_reg_dc                         |                                                        xpm_fifo_reg_vec__parameterized0_512 |          0 |          0 |       0 |    0 |     11 |      0 |      0 |    0 |          0 |
|             gen_cdc_pntr.wpr_gray_reg                            |                                                                        xpm_fifo_reg_vec_513 |          5 |          5 |       0 |    0 |     10 |      0 |      0 |    0 |          0 |
|             gen_cdc_pntr.wpr_gray_reg_dc                         |                                                        xpm_fifo_reg_vec__parameterized0_514 |          9 |          9 |       0 |    0 |     11 |      0 |      0 |    0 |          0 |
|             gen_cdc_pntr.wr_pntr_cdc_dc_inst                     |                                                            xpm_cdc_gray__parameterized0__19 |         16 |         16 |       0 |    0 |     55 |      0 |      0 |    0 |          0 |
|             gen_cdc_pntr.wr_pntr_cdc_inst                        |                                                                            xpm_cdc_gray__38 |         15 |         15 |       0 |    0 |     30 |      0 |      0 |    0 |          0 |
|             gen_fwft.rdpp1_inst                                  |                                                                        xpm_counter_updn_515 |          6 |          6 |       0 |    0 |      2 |      0 |      0 |    0 |          0 |
|             gen_sdpram.xpm_memory_base_inst                      |                                                         xpm_memory_base__parameterized4__11 |          0 |          0 |       0 |    0 |      0 |      2 |      1 |    0 |          0 |
|             rdp_inst                                             |                                                        xpm_counter_updn__parameterized0_516 |         42 |         42 |       0 |    0 |     11 |      0 |      0 |    0 |          0 |
|             rdpp1_inst                                           |                                                        xpm_counter_updn__parameterized1_517 |         10 |         10 |       0 |    0 |     10 |      0 |      0 |    0 |          0 |
|             rst_d1_inst                                          |                                                                        xpm_fifo_reg_bit_518 |          3 |          3 |       0 |    0 |      1 |      0 |      0 |    0 |          0 |
|             wrp_inst                                             |                                                        xpm_counter_updn__parameterized0_519 |         22 |         22 |       0 |    0 |     11 |      0 |      0 |    0 |          0 |
|             wrpp1_inst                                           |                                                        xpm_counter_updn__parameterized1_520 |         19 |         19 |       0 |    0 |     10 |      0 |      0 |    0 |          0 |
|             wrpp2_inst                                           |                                                        xpm_counter_updn__parameterized2_521 |          9 |          9 |       0 |    0 |     10 |      0 |      0 |    0 |          0 |
|             xpm_fifo_rst_inst                                    |                                                     xpm_fifo_rst__parameterized0__xdcDup__2 |         21 |         21 |       0 |    0 |     17 |      0 |      0 |    0 |          0 |
|               (xpm_fifo_rst_inst)                                |                                                     xpm_fifo_rst__parameterized0__xdcDup__2 |         21 |         21 |       0 |    0 |     13 |      0 |      0 |    0 |          0 |
|               gen_rst_ic.rrst_wr_inst                            |                                                                        xpm_cdc_sync_rst__39 |          0 |          0 |       0 |    0 |      2 |      0 |      0 |    0 |          0 |
|               gen_rst_ic.wrst_rd_inst                            |                                                                        xpm_cdc_sync_rst__38 |          0 |          0 |       0 |    0 |      2 |      0 |      0 |    0 |          0 |
|       g_camera_frontend[1].u_camera                              |                                                                  ov7670_frontend__xdcDup__2 |       4023 |       4004 |       0 |   19 |  12361 |      0 |      1 |    0 |          0 |
|         (g_camera_frontend[1].u_camera)                          |                                                                  ov7670_frontend__xdcDup__2 |        515 |        507 |       0 |    8 |   2629 |      0 |      0 |    0 |          0 |
|         u_cdc_diag_cdc                                           |                                                   xpm_cdc_array_single__parameterized13__18 |         17 |         17 |       0 |    0 |    271 |      0 |      0 |    0 |          0 |
|         u_control_cdc                                            |                                                    xpm_cdc_array_single__parameterized1__11 |          0 |          0 |       0 |    0 |     12 |      0 |      0 |    0 |          0 |
|         u_ctrl_diag_cdc                                          |                                                    xpm_cdc_array_single__parameterized11__9 |         34 |         34 |       0 |    0 |   1214 |      0 |      0 |    0 |          0 |
|         u_diagnostics                                            |                                                                        ov7670_axil_regs_507 |       1905 |       1905 |       0 |    0 |     75 |      0 |      0 |    0 |          0 |
|         u_href_diag_cdc                                          |                                                    xpm_cdc_array_single__parameterized7__11 |          0 |          0 |       0 |    0 |    480 |      0 |      0 |    0 |          0 |
|         u_href_guard_diag_cdc                                    |                                                   xpm_cdc_array_single__parameterized13__19 |          7 |          7 |       0 |    0 |    281 |      0 |      0 |    0 |          0 |
|         u_href_line_guard                                        |                                                                     dvp_href_line_guard_508 |         61 |         61 |       0 |    0 |    109 |      0 |      0 |    0 |          0 |
|         u_line_flush_diag_cdc                                    |                                                   xpm_cdc_array_single__parameterized14__28 |          0 |          0 |       0 |    0 |     96 |      0 |      0 |    0 |          0 |
|         u_ov7670_ctrl                                            |                                                                     ov7670_ztachip_ctrl_509 |        230 |        230 |       0 |    0 |    399 |      0 |      1 |    0 |          0 |
|         u_pclk_diag_cdc                                          |                                                   xpm_cdc_array_single__parameterized10__20 |          4 |          4 |       0 |    0 |    764 |      0 |      0 |    0 |          0 |
|         u_pclk_extended_diag_cdc                                 |                                                   xpm_cdc_array_single__parameterized16__18 |          8 |          8 |       0 |    0 |    512 |      0 |      0 |    0 |          0 |
|         u_pclk_quality_diag_cdc                                  |                                                    xpm_cdc_array_single__parameterized15__9 |          3 |          3 |       0 |    0 |    320 |      0 |      0 |    0 |          0 |
|         u_pclk_recovery                                          |                                                                       dvp_pclk_recovery_510 |       1063 |       1052 |       0 |   11 |   1291 |      0 |      0 |    0 |          0 |
|         u_pclk_snapshot_ack_cdc                                  |                                                           xpm_cdc_single__parameterized0__9 |          0 |          0 |       0 |    0 |      4 |      0 |      0 |    0 |          0 |
|         u_pclk_snapshot_cdc_high                                 |                                                   xpm_cdc_array_single__parameterized16__19 |         88 |         88 |       0 |    0 |    512 |      0 |      0 |    0 |          0 |
|         u_pclk_snapshot_cdc_low                                  |                                                    xpm_cdc_array_single__parameterized17__9 |         88 |         88 |       0 |    0 |   2048 |      0 |      0 |    0 |          0 |
|         u_rejected_vsync_diag_cdc                                |                                                   xpm_cdc_array_single__parameterized14__27 |          0 |          0 |       0 |    0 |     96 |      0 |      0 |    0 |          0 |
|         u_stream_diag_cdc                                        |                                                   xpm_cdc_array_single__parameterized10__21 |          0 |          0 |       0 |    0 |    768 |      0 |      0 |    0 |          0 |
|         u_timeout_abort_diag_cdc                                 |                                                   xpm_cdc_array_single__parameterized14__29 |          0 |          0 |       0 |    0 |     96 |      0 |      0 |    0 |          0 |
|         u_vsync_diag_cdc                                         |                                                    xpm_cdc_array_single__parameterized12__9 |          0 |          0 |       0 |    0 |    384 |      0 |      0 |    0 |          0 |
|       g_camera_frontend[1].u_camera_cdc                          |                                                                  camera_axis_cdc__xdcDup__2 |        245 |        245 |       0 |    0 |    428 |     22 |      1 |    0 |          0 |
|         (g_camera_frontend[1].u_camera_cdc)                      |                                                                  camera_axis_cdc__xdcDup__2 |         85 |         85 |       0 |    0 |    305 |      0 |      0 |    0 |          0 |
|         u_fifo                                                   |                                                            xpm_fifo_sync__parameterized2__9 |        160 |        160 |       0 |    0 |    123 |     22 |      1 |    0 |          0 |
|           (u_fifo)                                               |                                                            xpm_fifo_sync__parameterized2__9 |          0 |          0 |       0 |    0 |      0 |      0 |      0 |    0 |          0 |
|           xpm_fifo_base_inst                                     |                                                            xpm_fifo_base__parameterized3__9 |        160 |        160 |       0 |    0 |    123 |     22 |      1 |    0 |          0 |
|             (xpm_fifo_base_inst)                                 |                                                            xpm_fifo_base__parameterized3__9 |          2 |          2 |       0 |    0 |     20 |      0 |      0 |    0 |          0 |
|             gen_fwft.rdpp1_inst                                  |                                                                        xpm_counter_updn_500 |          5 |          5 |       0 |    0 |      2 |      0 |      0 |    0 |          0 |
|             gen_sdpram.xpm_memory_base_inst                      |                                                          xpm_memory_base__parameterized3__9 |         57 |         57 |       0 |    0 |     37 |     22 |      1 |    0 |          0 |
|             rdp_inst                                             |                                                        xpm_counter_updn__parameterized9_501 |         42 |         42 |       0 |    0 |     15 |      0 |      0 |    0 |          0 |
|             rdpp1_inst                                           |                                                       xpm_counter_updn__parameterized10_502 |         15 |         15 |       0 |    0 |     14 |      0 |      0 |    0 |          0 |
|             rst_d1_inst                                          |                                                                        xpm_fifo_reg_bit_503 |          0 |          0 |       0 |    0 |      1 |      0 |      0 |    0 |          0 |
|             wrp_inst                                             |                                                        xpm_counter_updn__parameterized9_504 |         34 |         34 |       0 |    0 |     15 |      0 |      0 |    0 |          0 |
|             wrpp1_inst                                           |                                                       xpm_counter_updn__parameterized10_505 |         14 |         14 |       0 |    0 |     14 |      0 |      0 |    0 |          0 |
|             xpm_fifo_rst_inst                                    |                                                                            xpm_fifo_rst_506 |          3 |          3 |       0 |    0 |      5 |      0 |      0 |    0 |          0 |
|       g_camera_frontend[1].u_camera_stream                       |                                                       camera_axis_to_stream__parameterized0 |        107 |        107 |       0 |    0 |    452 |      0 |      0 |    0 |          0 |
|       g_camera_frontend[1].u_event_bridge                        |                                                                 dvp_event_bridge__xdcDup__2 |        238 |        238 |       0 |    0 |    358 |      0 |      1 |    0 |          0 |
|         (g_camera_frontend[1].u_event_bridge)                    |                                                                 dvp_event_bridge__xdcDup__2 |         26 |         26 |       0 |    0 |     48 |      0 |      0 |    0 |          0 |
|         u_event_fifo                                             |                                                                   xpm_fifo_async__xdcDup__2 |        212 |        212 |       0 |    0 |    310 |      0 |      1 |    0 |          0 |
|           (u_event_fifo)                                         |                                                                   xpm_fifo_async__xdcDup__2 |          0 |          0 |       0 |    0 |      0 |      0 |      0 |    0 |          0 |
|           gnuram_async_fifo.xpm_fifo_base_inst                   |                                                    xpm_fifo_base__parameterized2__xdcDup__2 |        212 |        212 |       0 |    0 |    310 |      0 |      1 |    0 |          0 |
|             (gnuram_async_fifo.xpm_fifo_base_inst)               |                                                    xpm_fifo_base__parameterized2__xdcDup__2 |          6 |          6 |       0 |    0 |     48 |      0 |      0 |    0 |          0 |
|             gen_cdc_pntr.rd_pntr_cdc_dc_inst                     |                                                            xpm_cdc_gray__parameterized1__25 |         15 |         15 |       0 |    0 |     33 |      0 |      0 |    0 |          0 |
|             gen_cdc_pntr.rd_pntr_cdc_inst                        |                                                                            xpm_cdc_gray__51 |         14 |         14 |       0 |    0 |     30 |      0 |      0 |    0 |          0 |
|             gen_cdc_pntr.rpw_gray_reg                            |                                                                        xpm_fifo_reg_vec_489 |          8 |          8 |       0 |    0 |     10 |      0 |      0 |    0 |          0 |
|             gen_cdc_pntr.rpw_gray_reg_dc                         |                                                        xpm_fifo_reg_vec__parameterized0_490 |          0 |          0 |       0 |    0 |     11 |      0 |      0 |    0 |          0 |
|             gen_cdc_pntr.wpr_gray_reg                            |                                                                        xpm_fifo_reg_vec_491 |          5 |          5 |       0 |    0 |     10 |      0 |      0 |    0 |          0 |
|             gen_cdc_pntr.wpr_gray_reg_dc                         |                                                        xpm_fifo_reg_vec__parameterized0_492 |          9 |          9 |       0 |    0 |     11 |      0 |      0 |    0 |          0 |
|             gen_cdc_pntr.wr_pntr_cdc_dc_inst                     |                                                            xpm_cdc_gray__parameterized0__25 |         16 |         16 |       0 |    0 |     55 |      0 |      0 |    0 |          0 |
|             gen_cdc_pntr.wr_pntr_cdc_inst                        |                                                                            xpm_cdc_gray__50 |         15 |         15 |       0 |    0 |     30 |      0 |      0 |    0 |          0 |
|             gen_fwft.rdpp1_inst                                  |                                                                        xpm_counter_updn_493 |          6 |          6 |       0 |    0 |      2 |      0 |      0 |    0 |          0 |
|             gen_sdpram.xpm_memory_base_inst                      |                                                          xpm_memory_base__parameterized2__9 |          0 |          0 |       0 |    0 |      0 |      0 |      1 |    0 |          0 |
|             rdp_inst                                             |                                                        xpm_counter_updn__parameterized0_494 |         42 |         42 |       0 |    0 |     11 |      0 |      0 |    0 |          0 |
|             rdpp1_inst                                           |                                                        xpm_counter_updn__parameterized1_495 |         10 |         10 |       0 |    0 |     10 |      0 |      0 |    0 |          0 |
|             rst_d1_inst                                          |                                                                        xpm_fifo_reg_bit_496 |          3 |          3 |       0 |    0 |      1 |      0 |      0 |    0 |          0 |
|             wrp_inst                                             |                                                        xpm_counter_updn__parameterized0_497 |         22 |         22 |       0 |    0 |     11 |      0 |      0 |    0 |          0 |
|             wrpp1_inst                                           |                                                        xpm_counter_updn__parameterized1_498 |         19 |         19 |       0 |    0 |     10 |      0 |      0 |    0 |          0 |
|             wrpp2_inst                                           |                                                        xpm_counter_updn__parameterized2_499 |          9 |          9 |       0 |    0 |     10 |      0 |      0 |    0 |          0 |
|             xpm_fifo_rst_inst                                    |                                                     xpm_fifo_rst__parameterized0__xdcDup__3 |         21 |         21 |       0 |    0 |     17 |      0 |      0 |    0 |          0 |
|               (xpm_fifo_rst_inst)                                |                                                     xpm_fifo_rst__parameterized0__xdcDup__3 |         21 |         21 |       0 |    0 |     13 |      0 |      0 |    0 |          0 |
|               gen_rst_ic.rrst_wr_inst                            |                                                                        xpm_cdc_sync_rst__51 |          0 |          0 |       0 |    0 |      2 |      0 |      0 |    0 |          0 |
|               gen_rst_ic.wrst_rd_inst                            |                                                                        xpm_cdc_sync_rst__50 |          0 |          0 |       0 |    0 |      2 |      0 |      0 |    0 |          0 |
|       g_camera_frontend[1].u_pixel_assembler                     |                                                                  camera_pixel_assembler_282 |          4 |          4 |       0 |    0 |     32 |      0 |      0 |    0 |          0 |
|       g_camera_frontend[1].u_writer_bridge                       |                                                                 video_stream_cdc__xdcDup__2 |        232 |        232 |       0 |    0 |    318 |      2 |      1 |    0 |          0 |
|         (g_camera_frontend[1].u_writer_bridge)                   |                                                                 video_stream_cdc__xdcDup__2 |         20 |         20 |       0 |    0 |      8 |      0 |      0 |    0 |          0 |
|         u_stream_fifo                                            |                                                   xpm_fifo_async__parameterized0__xdcDup__2 |        212 |        212 |       0 |    0 |    310 |      2 |      1 |    0 |          0 |
|           (u_stream_fifo)                                        |                                                   xpm_fifo_async__parameterized0__xdcDup__2 |          0 |          0 |       0 |    0 |      0 |      0 |      0 |    0 |          0 |
|           gnuram_async_fifo.xpm_fifo_base_inst                   |                                                    xpm_fifo_base__parameterized4__xdcDup__2 |        212 |        212 |       0 |    0 |    310 |      2 |      1 |    0 |          0 |
|             (gnuram_async_fifo.xpm_fifo_base_inst)               |                                                    xpm_fifo_base__parameterized4__xdcDup__2 |          6 |          6 |       0 |    0 |     48 |      0 |      0 |    0 |          0 |
|             gen_cdc_pntr.rd_pntr_cdc_dc_inst                     |                                                            xpm_cdc_gray__parameterized1__23 |         15 |         15 |       0 |    0 |     33 |      0 |      0 |    0 |          0 |
|             gen_cdc_pntr.rd_pntr_cdc_inst                        |                                                                            xpm_cdc_gray__47 |         14 |         14 |       0 |    0 |     30 |      0 |      0 |    0 |          0 |
|             gen_cdc_pntr.rpw_gray_reg                            |                                                                        xpm_fifo_reg_vec_478 |          8 |          8 |       0 |    0 |     10 |      0 |      0 |    0 |          0 |
|             gen_cdc_pntr.rpw_gray_reg_dc                         |                                                        xpm_fifo_reg_vec__parameterized0_479 |          0 |          0 |       0 |    0 |     11 |      0 |      0 |    0 |          0 |
|             gen_cdc_pntr.wpr_gray_reg                            |                                                                        xpm_fifo_reg_vec_480 |          5 |          5 |       0 |    0 |     10 |      0 |      0 |    0 |          0 |
|             gen_cdc_pntr.wpr_gray_reg_dc                         |                                                        xpm_fifo_reg_vec__parameterized0_481 |          9 |          9 |       0 |    0 |     11 |      0 |      0 |    0 |          0 |
|             gen_cdc_pntr.wr_pntr_cdc_dc_inst                     |                                                            xpm_cdc_gray__parameterized0__23 |         16 |         16 |       0 |    0 |     55 |      0 |      0 |    0 |          0 |
|             gen_cdc_pntr.wr_pntr_cdc_inst                        |                                                                            xpm_cdc_gray__46 |         15 |         15 |       0 |    0 |     30 |      0 |      0 |    0 |          0 |
|             gen_fwft.rdpp1_inst                                  |                                                                        xpm_counter_updn_482 |          6 |          6 |       0 |    0 |      2 |      0 |      0 |    0 |          0 |
|             gen_sdpram.xpm_memory_base_inst                      |                                                             xpm_memory_base__parameterized4 |          0 |          0 |       0 |    0 |      0 |      2 |      1 |    0 |          0 |
|             rdp_inst                                             |                                                        xpm_counter_updn__parameterized0_483 |         42 |         42 |       0 |    0 |     11 |      0 |      0 |    0 |          0 |
|             rdpp1_inst                                           |                                                        xpm_counter_updn__parameterized1_484 |         10 |         10 |       0 |    0 |     10 |      0 |      0 |    0 |          0 |
|             rst_d1_inst                                          |                                                                        xpm_fifo_reg_bit_485 |          3 |          3 |       0 |    0 |      1 |      0 |      0 |    0 |          0 |
|             wrp_inst                                             |                                                        xpm_counter_updn__parameterized0_486 |         22 |         22 |       0 |    0 |     11 |      0 |      0 |    0 |          0 |
|             wrpp1_inst                                           |                                                        xpm_counter_updn__parameterized1_487 |         19 |         19 |       0 |    0 |     10 |      0 |      0 |    0 |          0 |
|             wrpp2_inst                                           |                                                        xpm_counter_updn__parameterized2_488 |          9 |          9 |       0 |    0 |     10 |      0 |      0 |    0 |          0 |
|             xpm_fifo_rst_inst                                    |                                                     xpm_fifo_rst__parameterized0__xdcDup__4 |         21 |         21 |       0 |    0 |     17 |      0 |      0 |    0 |          0 |
|               (xpm_fifo_rst_inst)                                |                                                     xpm_fifo_rst__parameterized0__xdcDup__4 |         21 |         21 |       0 |    0 |     13 |      0 |      0 |    0 |          0 |
|               gen_rst_ic.rrst_wr_inst                            |                                                                        xpm_cdc_sync_rst__47 |          0 |          0 |       0 |    0 |      2 |      0 |      0 |    0 |          0 |
|               gen_rst_ic.wrst_rd_inst                            |                                                                        xpm_cdc_sync_rst__46 |          0 |          0 |       0 |    0 |      2 |      0 |      0 |    0 |          0 |
|       g_camera_frontend[2].u_camera                              |                                                                  ov7670_frontend__xdcDup__3 |       3806 |       3787 |       0 |   19 |  12361 |      0 |      1 |    0 |          0 |
|         (g_camera_frontend[2].u_camera)                          |                                                                  ov7670_frontend__xdcDup__3 |        318 |        310 |       0 |    8 |   2629 |      0 |      0 |    0 |          0 |
|         u_cdc_diag_cdc                                           |                                                   xpm_cdc_array_single__parameterized13__20 |         17 |         17 |       0 |    0 |    271 |      0 |      0 |    0 |          0 |
|         u_control_cdc                                            |                                                    xpm_cdc_array_single__parameterized1__12 |          0 |          0 |       0 |    0 |     12 |      0 |      0 |    0 |          0 |
|         u_ctrl_diag_cdc                                          |                                                   xpm_cdc_array_single__parameterized11__10 |         34 |         34 |       0 |    0 |   1214 |      0 |      0 |    0 |          0 |
|         u_diagnostics                                            |                                                                        ov7670_axil_regs_474 |       1846 |       1846 |       0 |    0 |     75 |      0 |      0 |    0 |          0 |
|         u_href_diag_cdc                                          |                                                    xpm_cdc_array_single__parameterized7__12 |          0 |          0 |       0 |    0 |    480 |      0 |      0 |    0 |          0 |
|         u_href_guard_diag_cdc                                    |                                                   xpm_cdc_array_single__parameterized13__21 |          7 |          7 |       0 |    0 |    281 |      0 |      0 |    0 |          0 |
|         u_href_line_guard                                        |                                                                     dvp_href_line_guard_475 |         95 |         95 |       0 |    0 |    109 |      0 |      0 |    0 |          0 |
|         u_line_flush_diag_cdc                                    |                                                   xpm_cdc_array_single__parameterized14__31 |          0 |          0 |       0 |    0 |     96 |      0 |      0 |    0 |          0 |
|         u_ov7670_ctrl                                            |                                                                     ov7670_ztachip_ctrl_476 |        235 |        235 |       0 |    0 |    399 |      0 |      1 |    0 |          0 |
|         u_pclk_diag_cdc                                          |                                                   xpm_cdc_array_single__parameterized10__22 |          4 |          4 |       0 |    0 |    764 |      0 |      0 |    0 |          0 |
|         u_pclk_extended_diag_cdc                                 |                                                   xpm_cdc_array_single__parameterized16__20 |          8 |          8 |       0 |    0 |    512 |      0 |      0 |    0 |          0 |
|         u_pclk_quality_diag_cdc                                  |                                                   xpm_cdc_array_single__parameterized15__10 |          3 |          3 |       0 |    0 |    320 |      0 |      0 |    0 |          0 |
|         u_pclk_recovery                                          |                                                                       dvp_pclk_recovery_477 |       1063 |       1052 |       0 |   11 |   1291 |      0 |      0 |    0 |          0 |
|         u_pclk_snapshot_ack_cdc                                  |                                                          xpm_cdc_single__parameterized0__10 |          0 |          0 |       0 |    0 |      4 |      0 |      0 |    0 |          0 |
|         u_pclk_snapshot_cdc_high                                 |                                                   xpm_cdc_array_single__parameterized16__21 |         88 |         88 |       0 |    0 |    512 |      0 |      0 |    0 |          0 |
|         u_pclk_snapshot_cdc_low                                  |                                                   xpm_cdc_array_single__parameterized17__10 |         88 |         88 |       0 |    0 |   2048 |      0 |      0 |    0 |          0 |
|         u_rejected_vsync_diag_cdc                                |                                                   xpm_cdc_array_single__parameterized14__30 |          0 |          0 |       0 |    0 |     96 |      0 |      0 |    0 |          0 |
|         u_stream_diag_cdc                                        |                                                   xpm_cdc_array_single__parameterized10__23 |          0 |          0 |       0 |    0 |    768 |      0 |      0 |    0 |          0 |
|         u_timeout_abort_diag_cdc                                 |                                                   xpm_cdc_array_single__parameterized14__32 |          0 |          0 |       0 |    0 |     96 |      0 |      0 |    0 |          0 |
|         u_vsync_diag_cdc                                         |                                                   xpm_cdc_array_single__parameterized12__10 |          0 |          0 |       0 |    0 |    384 |      0 |      0 |    0 |          0 |
|       g_camera_frontend[2].u_camera_cdc                          |                                                                  camera_axis_cdc__xdcDup__3 |        286 |        286 |       0 |    0 |    428 |     22 |      1 |    0 |          0 |
|         (g_camera_frontend[2].u_camera_cdc)                      |                                                                  camera_axis_cdc__xdcDup__3 |        126 |        126 |       0 |    0 |    305 |      0 |      0 |    0 |          0 |
|         u_fifo                                                   |                                                           xpm_fifo_sync__parameterized2__10 |        160 |        160 |       0 |    0 |    123 |     22 |      1 |    0 |          0 |
|           (u_fifo)                                               |                                                           xpm_fifo_sync__parameterized2__10 |          0 |          0 |       0 |    0 |      0 |      0 |      0 |    0 |          0 |
|           xpm_fifo_base_inst                                     |                                                           xpm_fifo_base__parameterized3__10 |        160 |        160 |       0 |    0 |    123 |     22 |      1 |    0 |          0 |
|             (xpm_fifo_base_inst)                                 |                                                           xpm_fifo_base__parameterized3__10 |          2 |          2 |       0 |    0 |     20 |      0 |      0 |    0 |          0 |
|             gen_fwft.rdpp1_inst                                  |                                                                        xpm_counter_updn_467 |          5 |          5 |       0 |    0 |      2 |      0 |      0 |    0 |          0 |
|             gen_sdpram.xpm_memory_base_inst                      |                                                         xpm_memory_base__parameterized3__10 |         57 |         57 |       0 |    0 |     37 |     22 |      1 |    0 |          0 |
|             rdp_inst                                             |                                                        xpm_counter_updn__parameterized9_468 |         42 |         42 |       0 |    0 |     15 |      0 |      0 |    0 |          0 |
|             rdpp1_inst                                           |                                                       xpm_counter_updn__parameterized10_469 |         15 |         15 |       0 |    0 |     14 |      0 |      0 |    0 |          0 |
|             rst_d1_inst                                          |                                                                        xpm_fifo_reg_bit_470 |          0 |          0 |       0 |    0 |      1 |      0 |      0 |    0 |          0 |
|             wrp_inst                                             |                                                        xpm_counter_updn__parameterized9_471 |         34 |         34 |       0 |    0 |     15 |      0 |      0 |    0 |          0 |
|             wrpp1_inst                                           |                                                       xpm_counter_updn__parameterized10_472 |         14 |         14 |       0 |    0 |     14 |      0 |      0 |    0 |          0 |
|             xpm_fifo_rst_inst                                    |                                                                            xpm_fifo_rst_473 |          3 |          3 |       0 |    0 |      5 |      0 |      0 |    0 |          0 |
|       g_camera_frontend[2].u_camera_stream                       |                                                       camera_axis_to_stream__parameterized1 |        253 |        253 |       0 |    0 |    452 |      0 |      0 |    0 |          0 |
|       g_camera_frontend[2].u_event_bridge                        |                                                                 dvp_event_bridge__xdcDup__3 |        238 |        238 |       0 |    0 |    358 |      0 |      1 |    0 |          0 |
|         (g_camera_frontend[2].u_event_bridge)                    |                                                                 dvp_event_bridge__xdcDup__3 |         26 |         26 |       0 |    0 |     48 |      0 |      0 |    0 |          0 |
|         u_event_fifo                                             |                                                                   xpm_fifo_async__xdcDup__3 |        212 |        212 |       0 |    0 |    310 |      0 |      1 |    0 |          0 |
|           (u_event_fifo)                                         |                                                                   xpm_fifo_async__xdcDup__3 |          0 |          0 |       0 |    0 |      0 |      0 |      0 |    0 |          0 |
|           gnuram_async_fifo.xpm_fifo_base_inst                   |                                                    xpm_fifo_base__parameterized2__xdcDup__3 |        212 |        212 |       0 |    0 |    310 |      0 |      1 |    0 |          0 |
|             (gnuram_async_fifo.xpm_fifo_base_inst)               |                                                    xpm_fifo_base__parameterized2__xdcDup__3 |          6 |          6 |       0 |    0 |     48 |      0 |      0 |    0 |          0 |
|             gen_cdc_pntr.rd_pntr_cdc_dc_inst                     |                                                            xpm_cdc_gray__parameterized1__27 |         15 |         15 |       0 |    0 |     33 |      0 |      0 |    0 |          0 |
|             gen_cdc_pntr.rd_pntr_cdc_inst                        |                                                                            xpm_cdc_gray__55 |         14 |         14 |       0 |    0 |     30 |      0 |      0 |    0 |          0 |
|             gen_cdc_pntr.rpw_gray_reg                            |                                                                        xpm_fifo_reg_vec_456 |          8 |          8 |       0 |    0 |     10 |      0 |      0 |    0 |          0 |
|             gen_cdc_pntr.rpw_gray_reg_dc                         |                                                        xpm_fifo_reg_vec__parameterized0_457 |          0 |          0 |       0 |    0 |     11 |      0 |      0 |    0 |          0 |
|             gen_cdc_pntr.wpr_gray_reg                            |                                                                        xpm_fifo_reg_vec_458 |          5 |          5 |       0 |    0 |     10 |      0 |      0 |    0 |          0 |
|             gen_cdc_pntr.wpr_gray_reg_dc                         |                                                        xpm_fifo_reg_vec__parameterized0_459 |          9 |          9 |       0 |    0 |     11 |      0 |      0 |    0 |          0 |
|             gen_cdc_pntr.wr_pntr_cdc_dc_inst                     |                                                            xpm_cdc_gray__parameterized0__27 |         16 |         16 |       0 |    0 |     55 |      0 |      0 |    0 |          0 |
|             gen_cdc_pntr.wr_pntr_cdc_inst                        |                                                                            xpm_cdc_gray__54 |         15 |         15 |       0 |    0 |     30 |      0 |      0 |    0 |          0 |
|             gen_fwft.rdpp1_inst                                  |                                                                        xpm_counter_updn_460 |          6 |          6 |       0 |    0 |      2 |      0 |      0 |    0 |          0 |
|             gen_sdpram.xpm_memory_base_inst                      |                                                         xpm_memory_base__parameterized2__11 |          0 |          0 |       0 |    0 |      0 |      0 |      1 |    0 |          0 |
|             rdp_inst                                             |                                                        xpm_counter_updn__parameterized0_461 |         42 |         42 |       0 |    0 |     11 |      0 |      0 |    0 |          0 |
|             rdpp1_inst                                           |                                                        xpm_counter_updn__parameterized1_462 |         10 |         10 |       0 |    0 |     10 |      0 |      0 |    0 |          0 |
|             rst_d1_inst                                          |                                                                        xpm_fifo_reg_bit_463 |          3 |          3 |       0 |    0 |      1 |      0 |      0 |    0 |          0 |
|             wrp_inst                                             |                                                        xpm_counter_updn__parameterized0_464 |         22 |         22 |       0 |    0 |     11 |      0 |      0 |    0 |          0 |
|             wrpp1_inst                                           |                                                        xpm_counter_updn__parameterized1_465 |         19 |         19 |       0 |    0 |     10 |      0 |      0 |    0 |          0 |
|             wrpp2_inst                                           |                                                        xpm_counter_updn__parameterized2_466 |          9 |          9 |       0 |    0 |     10 |      0 |      0 |    0 |          0 |
|             xpm_fifo_rst_inst                                    |                                                     xpm_fifo_rst__parameterized0__xdcDup__5 |         21 |         21 |       0 |    0 |     17 |      0 |      0 |    0 |          0 |
|               (xpm_fifo_rst_inst)                                |                                                     xpm_fifo_rst__parameterized0__xdcDup__5 |         21 |         21 |       0 |    0 |     13 |      0 |      0 |    0 |          0 |
|               gen_rst_ic.rrst_wr_inst                            |                                                                        xpm_cdc_sync_rst__55 |          0 |          0 |       0 |    0 |      2 |      0 |      0 |    0 |          0 |
|               gen_rst_ic.wrst_rd_inst                            |                                                                        xpm_cdc_sync_rst__54 |          0 |          0 |       0 |    0 |      2 |      0 |      0 |    0 |          0 |
|       g_camera_frontend[2].u_pixel_assembler                     |                                                                  camera_pixel_assembler_283 |          4 |          4 |       0 |    0 |     32 |      0 |      0 |    0 |          0 |
|       g_camera_frontend[2].u_writer_bridge                       |                                                                 video_stream_cdc__xdcDup__3 |        232 |        232 |       0 |    0 |    318 |      2 |      1 |    0 |          0 |
|         (g_camera_frontend[2].u_writer_bridge)                   |                                                                 video_stream_cdc__xdcDup__3 |         20 |         20 |       0 |    0 |      8 |      0 |      0 |    0 |          0 |
|         u_stream_fifo                                            |                                                   xpm_fifo_async__parameterized0__xdcDup__3 |        212 |        212 |       0 |    0 |    310 |      2 |      1 |    0 |          0 |
|           (u_stream_fifo)                                        |                                                   xpm_fifo_async__parameterized0__xdcDup__3 |          0 |          0 |       0 |    0 |      0 |      0 |      0 |    0 |          0 |
|           gnuram_async_fifo.xpm_fifo_base_inst                   |                                                    xpm_fifo_base__parameterized4__xdcDup__3 |        212 |        212 |       0 |    0 |    310 |      2 |      1 |    0 |          0 |
|             (gnuram_async_fifo.xpm_fifo_base_inst)               |                                                    xpm_fifo_base__parameterized4__xdcDup__3 |          6 |          6 |       0 |    0 |     48 |      0 |      0 |    0 |          0 |
|             gen_cdc_pntr.rd_pntr_cdc_dc_inst                     |                                                            xpm_cdc_gray__parameterized1__21 |         15 |         15 |       0 |    0 |     33 |      0 |      0 |    0 |          0 |
|             gen_cdc_pntr.rd_pntr_cdc_inst                        |                                                                            xpm_cdc_gray__43 |         14 |         14 |       0 |    0 |     30 |      0 |      0 |    0 |          0 |
|             gen_cdc_pntr.rpw_gray_reg                            |                                                                        xpm_fifo_reg_vec_445 |          8 |          8 |       0 |    0 |     10 |      0 |      0 |    0 |          0 |
|             gen_cdc_pntr.rpw_gray_reg_dc                         |                                                        xpm_fifo_reg_vec__parameterized0_446 |          0 |          0 |       0 |    0 |     11 |      0 |      0 |    0 |          0 |
|             gen_cdc_pntr.wpr_gray_reg                            |                                                                        xpm_fifo_reg_vec_447 |          5 |          5 |       0 |    0 |     10 |      0 |      0 |    0 |          0 |
|             gen_cdc_pntr.wpr_gray_reg_dc                         |                                                        xpm_fifo_reg_vec__parameterized0_448 |          9 |          9 |       0 |    0 |     11 |      0 |      0 |    0 |          0 |
|             gen_cdc_pntr.wr_pntr_cdc_dc_inst                     |                                                            xpm_cdc_gray__parameterized0__21 |         16 |         16 |       0 |    0 |     55 |      0 |      0 |    0 |          0 |
|             gen_cdc_pntr.wr_pntr_cdc_inst                        |                                                                            xpm_cdc_gray__42 |         15 |         15 |       0 |    0 |     30 |      0 |      0 |    0 |          0 |
|             gen_fwft.rdpp1_inst                                  |                                                                        xpm_counter_updn_449 |          6 |          6 |       0 |    0 |      2 |      0 |      0 |    0 |          0 |
|             gen_sdpram.xpm_memory_base_inst                      |                                                         xpm_memory_base__parameterized4__13 |          0 |          0 |       0 |    0 |      0 |      2 |      1 |    0 |          0 |
|             rdp_inst                                             |                                                        xpm_counter_updn__parameterized0_450 |         42 |         42 |       0 |    0 |     11 |      0 |      0 |    0 |          0 |
|             rdpp1_inst                                           |                                                        xpm_counter_updn__parameterized1_451 |         10 |         10 |       0 |    0 |     10 |      0 |      0 |    0 |          0 |
|             rst_d1_inst                                          |                                                                        xpm_fifo_reg_bit_452 |          3 |          3 |       0 |    0 |      1 |      0 |      0 |    0 |          0 |
|             wrp_inst                                             |                                                        xpm_counter_updn__parameterized0_453 |         22 |         22 |       0 |    0 |     11 |      0 |      0 |    0 |          0 |
|             wrpp1_inst                                           |                                                        xpm_counter_updn__parameterized1_454 |         19 |         19 |       0 |    0 |     10 |      0 |      0 |    0 |          0 |
|             wrpp2_inst                                           |                                                        xpm_counter_updn__parameterized2_455 |          9 |          9 |       0 |    0 |     10 |      0 |      0 |    0 |          0 |
|             xpm_fifo_rst_inst                                    |                                                     xpm_fifo_rst__parameterized0__xdcDup__6 |         21 |         21 |       0 |    0 |     17 |      0 |      0 |    0 |          0 |
|               (xpm_fifo_rst_inst)                                |                                                     xpm_fifo_rst__parameterized0__xdcDup__6 |         21 |         21 |       0 |    0 |     13 |      0 |      0 |    0 |          0 |
|               gen_rst_ic.rrst_wr_inst                            |                                                                        xpm_cdc_sync_rst__43 |          0 |          0 |       0 |    0 |      2 |      0 |      0 |    0 |          0 |
|               gen_rst_ic.wrst_rd_inst                            |                                                                        xpm_cdc_sync_rst__42 |          0 |          0 |       0 |    0 |      2 |      0 |      0 |    0 |          0 |
|       g_camera_frontend[3].u_camera                              |                                                                  ov7670_frontend__xdcDup__4 |       3810 |       3791 |       0 |   19 |  12361 |      0 |      1 |    0 |          0 |
|         (g_camera_frontend[3].u_camera)                          |                                                                  ov7670_frontend__xdcDup__4 |        318 |        310 |       0 |    8 |   2629 |      0 |      0 |    0 |          0 |
|         u_cdc_diag_cdc                                           |                                                   xpm_cdc_array_single__parameterized13__22 |         17 |         17 |       0 |    0 |    271 |      0 |      0 |    0 |          0 |
|         u_control_cdc                                            |                                                    xpm_cdc_array_single__parameterized1__13 |          0 |          0 |       0 |    0 |     12 |      0 |      0 |    0 |          0 |
|         u_ctrl_diag_cdc                                          |                                                   xpm_cdc_array_single__parameterized11__11 |         34 |         34 |       0 |    0 |   1214 |      0 |      0 |    0 |          0 |
|         u_diagnostics                                            |                                                                        ov7670_axil_regs_441 |       1846 |       1846 |       0 |    0 |     75 |      0 |      0 |    0 |          0 |
|         u_href_diag_cdc                                          |                                                    xpm_cdc_array_single__parameterized7__13 |          0 |          0 |       0 |    0 |    480 |      0 |      0 |    0 |          0 |
|         u_href_guard_diag_cdc                                    |                                                   xpm_cdc_array_single__parameterized13__23 |          7 |          7 |       0 |    0 |    281 |      0 |      0 |    0 |          0 |
|         u_href_line_guard                                        |                                                                     dvp_href_line_guard_442 |         95 |         95 |       0 |    0 |    109 |      0 |      0 |    0 |          0 |
|         u_line_flush_diag_cdc                                    |                                                   xpm_cdc_array_single__parameterized14__34 |          0 |          0 |       0 |    0 |     96 |      0 |      0 |    0 |          0 |
|         u_ov7670_ctrl                                            |                                                                     ov7670_ztachip_ctrl_443 |        239 |        239 |       0 |    0 |    399 |      0 |      1 |    0 |          0 |
|         u_pclk_diag_cdc                                          |                                                   xpm_cdc_array_single__parameterized10__24 |          4 |          4 |       0 |    0 |    764 |      0 |      0 |    0 |          0 |
|         u_pclk_extended_diag_cdc                                 |                                                   xpm_cdc_array_single__parameterized16__22 |          8 |          8 |       0 |    0 |    512 |      0 |      0 |    0 |          0 |
|         u_pclk_quality_diag_cdc                                  |                                                   xpm_cdc_array_single__parameterized15__11 |          3 |          3 |       0 |    0 |    320 |      0 |      0 |    0 |          0 |
|         u_pclk_recovery                                          |                                                                       dvp_pclk_recovery_444 |       1063 |       1052 |       0 |   11 |   1291 |      0 |      0 |    0 |          0 |
|         u_pclk_snapshot_ack_cdc                                  |                                                          xpm_cdc_single__parameterized0__11 |          0 |          0 |       0 |    0 |      4 |      0 |      0 |    0 |          0 |
|         u_pclk_snapshot_cdc_high                                 |                                                   xpm_cdc_array_single__parameterized16__23 |         88 |         88 |       0 |    0 |    512 |      0 |      0 |    0 |          0 |
|         u_pclk_snapshot_cdc_low                                  |                                                   xpm_cdc_array_single__parameterized17__11 |         88 |         88 |       0 |    0 |   2048 |      0 |      0 |    0 |          0 |
|         u_rejected_vsync_diag_cdc                                |                                                   xpm_cdc_array_single__parameterized14__33 |          0 |          0 |       0 |    0 |     96 |      0 |      0 |    0 |          0 |
|         u_stream_diag_cdc                                        |                                                   xpm_cdc_array_single__parameterized10__25 |          0 |          0 |       0 |    0 |    768 |      0 |      0 |    0 |          0 |
|         u_timeout_abort_diag_cdc                                 |                                                   xpm_cdc_array_single__parameterized14__35 |          0 |          0 |       0 |    0 |     96 |      0 |      0 |    0 |          0 |
|         u_vsync_diag_cdc                                         |                                                   xpm_cdc_array_single__parameterized12__11 |          0 |          0 |       0 |    0 |    384 |      0 |      0 |    0 |          0 |
|       g_camera_frontend[3].u_camera_cdc                          |                                                                  camera_axis_cdc__xdcDup__4 |        267 |        267 |       0 |    0 |    428 |     22 |      1 |    0 |          0 |
|         (g_camera_frontend[3].u_camera_cdc)                      |                                                                  camera_axis_cdc__xdcDup__4 |        107 |        107 |       0 |    0 |    305 |      0 |      0 |    0 |          0 |
|         u_fifo                                                   |                                                           xpm_fifo_sync__parameterized2__11 |        160 |        160 |       0 |    0 |    123 |     22 |      1 |    0 |          0 |
|           (u_fifo)                                               |                                                           xpm_fifo_sync__parameterized2__11 |          0 |          0 |       0 |    0 |      0 |      0 |      0 |    0 |          0 |
|           xpm_fifo_base_inst                                     |                                                           xpm_fifo_base__parameterized3__11 |        160 |        160 |       0 |    0 |    123 |     22 |      1 |    0 |          0 |
|             (xpm_fifo_base_inst)                                 |                                                           xpm_fifo_base__parameterized3__11 |          2 |          2 |       0 |    0 |     20 |      0 |      0 |    0 |          0 |
|             gen_fwft.rdpp1_inst                                  |                                                                        xpm_counter_updn_434 |          5 |          5 |       0 |    0 |      2 |      0 |      0 |    0 |          0 |
|             gen_sdpram.xpm_memory_base_inst                      |                                                         xpm_memory_base__parameterized3__11 |         57 |         57 |       0 |    0 |     37 |     22 |      1 |    0 |          0 |
|             rdp_inst                                             |                                                        xpm_counter_updn__parameterized9_435 |         42 |         42 |       0 |    0 |     15 |      0 |      0 |    0 |          0 |
|             rdpp1_inst                                           |                                                       xpm_counter_updn__parameterized10_436 |         15 |         15 |       0 |    0 |     14 |      0 |      0 |    0 |          0 |
|             rst_d1_inst                                          |                                                                        xpm_fifo_reg_bit_437 |          0 |          0 |       0 |    0 |      1 |      0 |      0 |    0 |          0 |
|             wrp_inst                                             |                                                        xpm_counter_updn__parameterized9_438 |         34 |         34 |       0 |    0 |     15 |      0 |      0 |    0 |          0 |
|             wrpp1_inst                                           |                                                       xpm_counter_updn__parameterized10_439 |         14 |         14 |       0 |    0 |     14 |      0 |      0 |    0 |          0 |
|             xpm_fifo_rst_inst                                    |                                                                            xpm_fifo_rst_440 |          3 |          3 |       0 |    0 |      5 |      0 |      0 |    0 |          0 |
|       g_camera_frontend[3].u_camera_stream                       |                                                       camera_axis_to_stream__parameterized2 |        251 |        251 |       0 |    0 |    452 |      0 |      0 |    0 |          0 |
|       g_camera_frontend[3].u_event_bridge                        |                                                                 dvp_event_bridge__xdcDup__4 |        238 |        238 |       0 |    0 |    358 |      0 |      1 |    0 |          0 |
|         (g_camera_frontend[3].u_event_bridge)                    |                                                                 dvp_event_bridge__xdcDup__4 |         26 |         26 |       0 |    0 |     48 |      0 |      0 |    0 |          0 |
|         u_event_fifo                                             |                                                                   xpm_fifo_async__xdcDup__4 |        212 |        212 |       0 |    0 |    310 |      0 |      1 |    0 |          0 |
|           (u_event_fifo)                                         |                                                                   xpm_fifo_async__xdcDup__4 |          0 |          0 |       0 |    0 |      0 |      0 |      0 |    0 |          0 |
|           gnuram_async_fifo.xpm_fifo_base_inst                   |                                                    xpm_fifo_base__parameterized2__xdcDup__4 |        212 |        212 |       0 |    0 |    310 |      0 |      1 |    0 |          0 |
|             (gnuram_async_fifo.xpm_fifo_base_inst)               |                                                    xpm_fifo_base__parameterized2__xdcDup__4 |          6 |          6 |       0 |    0 |     48 |      0 |      0 |    0 |          0 |
|             gen_cdc_pntr.rd_pntr_cdc_dc_inst                     |                                                            xpm_cdc_gray__parameterized1__29 |         15 |         15 |       0 |    0 |     33 |      0 |      0 |    0 |          0 |
|             gen_cdc_pntr.rd_pntr_cdc_inst                        |                                                                            xpm_cdc_gray__59 |         14 |         14 |       0 |    0 |     30 |      0 |      0 |    0 |          0 |
|             gen_cdc_pntr.rpw_gray_reg                            |                                                                        xpm_fifo_reg_vec_423 |          8 |          8 |       0 |    0 |     10 |      0 |      0 |    0 |          0 |
|             gen_cdc_pntr.rpw_gray_reg_dc                         |                                                        xpm_fifo_reg_vec__parameterized0_424 |          0 |          0 |       0 |    0 |     11 |      0 |      0 |    0 |          0 |
|             gen_cdc_pntr.wpr_gray_reg                            |                                                                        xpm_fifo_reg_vec_425 |          5 |          5 |       0 |    0 |     10 |      0 |      0 |    0 |          0 |
|             gen_cdc_pntr.wpr_gray_reg_dc                         |                                                        xpm_fifo_reg_vec__parameterized0_426 |          9 |          9 |       0 |    0 |     11 |      0 |      0 |    0 |          0 |
|             gen_cdc_pntr.wr_pntr_cdc_dc_inst                     |                                                            xpm_cdc_gray__parameterized0__29 |         16 |         16 |       0 |    0 |     55 |      0 |      0 |    0 |          0 |
|             gen_cdc_pntr.wr_pntr_cdc_inst                        |                                                                            xpm_cdc_gray__58 |         15 |         15 |       0 |    0 |     30 |      0 |      0 |    0 |          0 |
|             gen_fwft.rdpp1_inst                                  |                                                                        xpm_counter_updn_427 |          6 |          6 |       0 |    0 |      2 |      0 |      0 |    0 |          0 |
|             gen_sdpram.xpm_memory_base_inst                      |                                                         xpm_memory_base__parameterized2__13 |          0 |          0 |       0 |    0 |      0 |      0 |      1 |    0 |          0 |
|             rdp_inst                                             |                                                        xpm_counter_updn__parameterized0_428 |         42 |         42 |       0 |    0 |     11 |      0 |      0 |    0 |          0 |
|             rdpp1_inst                                           |                                                        xpm_counter_updn__parameterized1_429 |         10 |         10 |       0 |    0 |     10 |      0 |      0 |    0 |          0 |
|             rst_d1_inst                                          |                                                                        xpm_fifo_reg_bit_430 |          3 |          3 |       0 |    0 |      1 |      0 |      0 |    0 |          0 |
|             wrp_inst                                             |                                                        xpm_counter_updn__parameterized0_431 |         22 |         22 |       0 |    0 |     11 |      0 |      0 |    0 |          0 |
|             wrpp1_inst                                           |                                                        xpm_counter_updn__parameterized1_432 |         19 |         19 |       0 |    0 |     10 |      0 |      0 |    0 |          0 |
|             wrpp2_inst                                           |                                                        xpm_counter_updn__parameterized2_433 |          9 |          9 |       0 |    0 |     10 |      0 |      0 |    0 |          0 |
|             xpm_fifo_rst_inst                                    |                                                     xpm_fifo_rst__parameterized0__xdcDup__7 |         21 |         21 |       0 |    0 |     17 |      0 |      0 |    0 |          0 |
|               (xpm_fifo_rst_inst)                                |                                                     xpm_fifo_rst__parameterized0__xdcDup__7 |         21 |         21 |       0 |    0 |     13 |      0 |      0 |    0 |          0 |
|               gen_rst_ic.rrst_wr_inst                            |                                                                        xpm_cdc_sync_rst__59 |          0 |          0 |       0 |    0 |      2 |      0 |      0 |    0 |          0 |
|               gen_rst_ic.wrst_rd_inst                            |                                                                        xpm_cdc_sync_rst__58 |          0 |          0 |       0 |    0 |      2 |      0 |      0 |    0 |          0 |
|       g_camera_frontend[3].u_pixel_assembler                     |                                                                  camera_pixel_assembler_284 |          4 |          4 |       0 |    0 |     32 |      0 |      0 |    0 |          0 |
|       g_camera_frontend[3].u_writer_bridge                       |                                                                 video_stream_cdc__xdcDup__4 |        234 |        234 |       0 |    0 |    318 |      2 |      1 |    0 |          0 |
|         (g_camera_frontend[3].u_writer_bridge)                   |                                                                 video_stream_cdc__xdcDup__4 |         22 |         22 |       0 |    0 |      8 |      0 |      0 |    0 |          0 |
|         u_stream_fifo                                            |                                                   xpm_fifo_async__parameterized0__xdcDup__4 |        212 |        212 |       0 |    0 |    310 |      2 |      1 |    0 |          0 |
|           (u_stream_fifo)                                        |                                                   xpm_fifo_async__parameterized0__xdcDup__4 |          0 |          0 |       0 |    0 |      0 |      0 |      0 |    0 |          0 |
|           gnuram_async_fifo.xpm_fifo_base_inst                   |                                                    xpm_fifo_base__parameterized4__xdcDup__4 |        212 |        212 |       0 |    0 |    310 |      2 |      1 |    0 |          0 |
|             (gnuram_async_fifo.xpm_fifo_base_inst)               |                                                    xpm_fifo_base__parameterized4__xdcDup__4 |          6 |          6 |       0 |    0 |     48 |      0 |      0 |    0 |          0 |
|             gen_cdc_pntr.rd_pntr_cdc_dc_inst                     |                                                            xpm_cdc_gray__parameterized1__18 |         15 |         15 |       0 |    0 |     33 |      0 |      0 |    0 |          0 |
|             gen_cdc_pntr.rd_pntr_cdc_inst                        |                                                                            xpm_cdc_gray__37 |         14 |         14 |       0 |    0 |     30 |      0 |      0 |    0 |          0 |
|             gen_cdc_pntr.rpw_gray_reg                            |                                                                        xpm_fifo_reg_vec_412 |          8 |          8 |       0 |    0 |     10 |      0 |      0 |    0 |          0 |
|             gen_cdc_pntr.rpw_gray_reg_dc                         |                                                        xpm_fifo_reg_vec__parameterized0_413 |          0 |          0 |       0 |    0 |     11 |      0 |      0 |    0 |          0 |
|             gen_cdc_pntr.wpr_gray_reg                            |                                                                        xpm_fifo_reg_vec_414 |          5 |          5 |       0 |    0 |     10 |      0 |      0 |    0 |          0 |
|             gen_cdc_pntr.wpr_gray_reg_dc                         |                                                        xpm_fifo_reg_vec__parameterized0_415 |          9 |          9 |       0 |    0 |     11 |      0 |      0 |    0 |          0 |
|             gen_cdc_pntr.wr_pntr_cdc_dc_inst                     |                                                            xpm_cdc_gray__parameterized0__18 |         16 |         16 |       0 |    0 |     55 |      0 |      0 |    0 |          0 |
|             gen_cdc_pntr.wr_pntr_cdc_inst                        |                                                                            xpm_cdc_gray__36 |         15 |         15 |       0 |    0 |     30 |      0 |      0 |    0 |          0 |
|             gen_fwft.rdpp1_inst                                  |                                                                        xpm_counter_updn_416 |          6 |          6 |       0 |    0 |      2 |      0 |      0 |    0 |          0 |
|             gen_sdpram.xpm_memory_base_inst                      |                                                         xpm_memory_base__parameterized4__10 |          0 |          0 |       0 |    0 |      0 |      2 |      1 |    0 |          0 |
|             rdp_inst                                             |                                                        xpm_counter_updn__parameterized0_417 |         42 |         42 |       0 |    0 |     11 |      0 |      0 |    0 |          0 |
|             rdpp1_inst                                           |                                                        xpm_counter_updn__parameterized1_418 |         10 |         10 |       0 |    0 |     10 |      0 |      0 |    0 |          0 |
|             rst_d1_inst                                          |                                                                        xpm_fifo_reg_bit_419 |          3 |          3 |       0 |    0 |      1 |      0 |      0 |    0 |          0 |
|             wrp_inst                                             |                                                        xpm_counter_updn__parameterized0_420 |         22 |         22 |       0 |    0 |     11 |      0 |      0 |    0 |          0 |
|             wrpp1_inst                                           |                                                        xpm_counter_updn__parameterized1_421 |         19 |         19 |       0 |    0 |     10 |      0 |      0 |    0 |          0 |
|             wrpp2_inst                                           |                                                        xpm_counter_updn__parameterized2_422 |          9 |          9 |       0 |    0 |     10 |      0 |      0 |    0 |          0 |
|             xpm_fifo_rst_inst                                    |                                                     xpm_fifo_rst__parameterized0__xdcDup__8 |         21 |         21 |       0 |    0 |     17 |      0 |      0 |    0 |          0 |
|               (xpm_fifo_rst_inst)                                |                                                     xpm_fifo_rst__parameterized0__xdcDup__8 |         21 |         21 |       0 |    0 |     13 |      0 |      0 |    0 |          0 |
|               gen_rst_ic.rrst_wr_inst                            |                                                                        xpm_cdc_sync_rst__37 |          0 |          0 |       0 |    0 |      2 |      0 |      0 |    0 |          0 |
|               gen_rst_ic.wrst_rd_inst                            |                                                                        xpm_cdc_sync_rst__36 |          0 |          0 |       0 |    0 |      2 |      0 |      0 |    0 |          0 |
|       g_camera_frontend[4].u_camera                              |                                                                  ov7670_frontend__xdcDup__5 |       3843 |       3824 |       0 |   19 |  12361 |      0 |      1 |    0 |          0 |
|         (g_camera_frontend[4].u_camera)                          |                                                                  ov7670_frontend__xdcDup__5 |        318 |        310 |       0 |    8 |   2629 |      0 |      0 |    0 |          0 |
|         u_cdc_diag_cdc                                           |                                                   xpm_cdc_array_single__parameterized13__24 |         17 |         17 |       0 |    0 |    271 |      0 |      0 |    0 |          0 |
|         u_control_cdc                                            |                                                    xpm_cdc_array_single__parameterized1__14 |          0 |          0 |       0 |    0 |     12 |      0 |      0 |    0 |          0 |
|         u_ctrl_diag_cdc                                          |                                                   xpm_cdc_array_single__parameterized11__12 |         34 |         34 |       0 |    0 |   1214 |      0 |      0 |    0 |          0 |
|         u_diagnostics                                            |                                                                        ov7670_axil_regs_408 |       1882 |       1882 |       0 |    0 |     75 |      0 |      0 |    0 |          0 |
|         u_href_diag_cdc                                          |                                                    xpm_cdc_array_single__parameterized7__14 |          0 |          0 |       0 |    0 |    480 |      0 |      0 |    0 |          0 |
|         u_href_guard_diag_cdc                                    |                                                   xpm_cdc_array_single__parameterized13__25 |          7 |          7 |       0 |    0 |    281 |      0 |      0 |    0 |          0 |
|         u_href_line_guard                                        |                                                                     dvp_href_line_guard_409 |         95 |         95 |       0 |    0 |    109 |      0 |      0 |    0 |          0 |
|         u_line_flush_diag_cdc                                    |                                                   xpm_cdc_array_single__parameterized14__37 |          0 |          0 |       0 |    0 |     96 |      0 |      0 |    0 |          0 |
|         u_ov7670_ctrl                                            |                                                                     ov7670_ztachip_ctrl_410 |        236 |        236 |       0 |    0 |    399 |      0 |      1 |    0 |          0 |
|         u_pclk_diag_cdc                                          |                                                   xpm_cdc_array_single__parameterized10__26 |          4 |          4 |       0 |    0 |    764 |      0 |      0 |    0 |          0 |
|         u_pclk_extended_diag_cdc                                 |                                                   xpm_cdc_array_single__parameterized16__24 |          8 |          8 |       0 |    0 |    512 |      0 |      0 |    0 |          0 |
|         u_pclk_quality_diag_cdc                                  |                                                   xpm_cdc_array_single__parameterized15__12 |          3 |          3 |       0 |    0 |    320 |      0 |      0 |    0 |          0 |
|         u_pclk_recovery                                          |                                                                       dvp_pclk_recovery_411 |       1063 |       1052 |       0 |   11 |   1291 |      0 |      0 |    0 |          0 |
|         u_pclk_snapshot_ack_cdc                                  |                                                          xpm_cdc_single__parameterized0__12 |          0 |          0 |       0 |    0 |      4 |      0 |      0 |    0 |          0 |
|         u_pclk_snapshot_cdc_high                                 |                                                   xpm_cdc_array_single__parameterized16__25 |         88 |         88 |       0 |    0 |    512 |      0 |      0 |    0 |          0 |
|         u_pclk_snapshot_cdc_low                                  |                                                   xpm_cdc_array_single__parameterized17__12 |         88 |         88 |       0 |    0 |   2048 |      0 |      0 |    0 |          0 |
|         u_rejected_vsync_diag_cdc                                |                                                   xpm_cdc_array_single__parameterized14__36 |          0 |          0 |       0 |    0 |     96 |      0 |      0 |    0 |          0 |
|         u_stream_diag_cdc                                        |                                                   xpm_cdc_array_single__parameterized10__27 |          0 |          0 |       0 |    0 |    768 |      0 |      0 |    0 |          0 |
|         u_timeout_abort_diag_cdc                                 |                                                   xpm_cdc_array_single__parameterized14__38 |          0 |          0 |       0 |    0 |     96 |      0 |      0 |    0 |          0 |
|         u_vsync_diag_cdc                                         |                                                   xpm_cdc_array_single__parameterized12__12 |          0 |          0 |       0 |    0 |    384 |      0 |      0 |    0 |          0 |
|       g_camera_frontend[4].u_camera_cdc                          |                                                                  camera_axis_cdc__xdcDup__5 |        268 |        268 |       0 |    0 |    428 |     22 |      1 |    0 |          0 |
|         (g_camera_frontend[4].u_camera_cdc)                      |                                                                  camera_axis_cdc__xdcDup__5 |        108 |        108 |       0 |    0 |    305 |      0 |      0 |    0 |          0 |
|         u_fifo                                                   |                                                           xpm_fifo_sync__parameterized2__13 |        160 |        160 |       0 |    0 |    123 |     22 |      1 |    0 |          0 |
|           (u_fifo)                                               |                                                           xpm_fifo_sync__parameterized2__13 |          0 |          0 |       0 |    0 |      0 |      0 |      0 |    0 |          0 |
|           xpm_fifo_base_inst                                     |                                                           xpm_fifo_base__parameterized3__13 |        160 |        160 |       0 |    0 |    123 |     22 |      1 |    0 |          0 |
|             (xpm_fifo_base_inst)                                 |                                                           xpm_fifo_base__parameterized3__13 |          2 |          2 |       0 |    0 |     20 |      0 |      0 |    0 |          0 |
|             gen_fwft.rdpp1_inst                                  |                                                                        xpm_counter_updn_401 |          5 |          5 |       0 |    0 |      2 |      0 |      0 |    0 |          0 |
|             gen_sdpram.xpm_memory_base_inst                      |                                                         xpm_memory_base__parameterized3__13 |         57 |         57 |       0 |    0 |     37 |     22 |      1 |    0 |          0 |
|             rdp_inst                                             |                                                        xpm_counter_updn__parameterized9_402 |         42 |         42 |       0 |    0 |     15 |      0 |      0 |    0 |          0 |
|             rdpp1_inst                                           |                                                       xpm_counter_updn__parameterized10_403 |         15 |         15 |       0 |    0 |     14 |      0 |      0 |    0 |          0 |
|             rst_d1_inst                                          |                                                                        xpm_fifo_reg_bit_404 |          0 |          0 |       0 |    0 |      1 |      0 |      0 |    0 |          0 |
|             wrp_inst                                             |                                                        xpm_counter_updn__parameterized9_405 |         34 |         34 |       0 |    0 |     15 |      0 |      0 |    0 |          0 |
|             wrpp1_inst                                           |                                                       xpm_counter_updn__parameterized10_406 |         14 |         14 |       0 |    0 |     14 |      0 |      0 |    0 |          0 |
|             xpm_fifo_rst_inst                                    |                                                                            xpm_fifo_rst_407 |          3 |          3 |       0 |    0 |      5 |      0 |      0 |    0 |          0 |
|       g_camera_frontend[4].u_camera_stream                       |                                                       camera_axis_to_stream__parameterized3 |        252 |        252 |       0 |    0 |    452 |      0 |      0 |    0 |          0 |
|       g_camera_frontend[4].u_event_bridge                        |                                                                 dvp_event_bridge__xdcDup__5 |        238 |        238 |       0 |    0 |    358 |      0 |      1 |    0 |          0 |
|         (g_camera_frontend[4].u_event_bridge)                    |                                                                 dvp_event_bridge__xdcDup__5 |         26 |         26 |       0 |    0 |     48 |      0 |      0 |    0 |          0 |
|         u_event_fifo                                             |                                                                   xpm_fifo_async__xdcDup__5 |        212 |        212 |       0 |    0 |    310 |      0 |      1 |    0 |          0 |
|           (u_event_fifo)                                         |                                                                   xpm_fifo_async__xdcDup__5 |          0 |          0 |       0 |    0 |      0 |      0 |      0 |    0 |          0 |
|           gnuram_async_fifo.xpm_fifo_base_inst                   |                                                    xpm_fifo_base__parameterized2__xdcDup__5 |        212 |        212 |       0 |    0 |    310 |      0 |      1 |    0 |          0 |
|             (gnuram_async_fifo.xpm_fifo_base_inst)               |                                                    xpm_fifo_base__parameterized2__xdcDup__5 |          6 |          6 |       0 |    0 |     48 |      0 |      0 |    0 |          0 |
|             gen_cdc_pntr.rd_pntr_cdc_dc_inst                     |                                                            xpm_cdc_gray__parameterized1__30 |         15 |         15 |       0 |    0 |     33 |      0 |      0 |    0 |          0 |
|             gen_cdc_pntr.rd_pntr_cdc_inst                        |                                                                            xpm_cdc_gray__61 |         14 |         14 |       0 |    0 |     30 |      0 |      0 |    0 |          0 |
|             gen_cdc_pntr.rpw_gray_reg                            |                                                                        xpm_fifo_reg_vec_390 |          8 |          8 |       0 |    0 |     10 |      0 |      0 |    0 |          0 |
|             gen_cdc_pntr.rpw_gray_reg_dc                         |                                                        xpm_fifo_reg_vec__parameterized0_391 |          0 |          0 |       0 |    0 |     11 |      0 |      0 |    0 |          0 |
|             gen_cdc_pntr.wpr_gray_reg                            |                                                                        xpm_fifo_reg_vec_392 |          5 |          5 |       0 |    0 |     10 |      0 |      0 |    0 |          0 |
|             gen_cdc_pntr.wpr_gray_reg_dc                         |                                                        xpm_fifo_reg_vec__parameterized0_393 |          9 |          9 |       0 |    0 |     11 |      0 |      0 |    0 |          0 |
|             gen_cdc_pntr.wr_pntr_cdc_dc_inst                     |                                                            xpm_cdc_gray__parameterized0__30 |         16 |         16 |       0 |    0 |     55 |      0 |      0 |    0 |          0 |
|             gen_cdc_pntr.wr_pntr_cdc_inst                        |                                                                            xpm_cdc_gray__60 |         15 |         15 |       0 |    0 |     30 |      0 |      0 |    0 |          0 |
|             gen_fwft.rdpp1_inst                                  |                                                                        xpm_counter_updn_394 |          6 |          6 |       0 |    0 |      2 |      0 |      0 |    0 |          0 |
|             gen_sdpram.xpm_memory_base_inst                      |                                                         xpm_memory_base__parameterized2__14 |          0 |          0 |       0 |    0 |      0 |      0 |      1 |    0 |          0 |
|             rdp_inst                                             |                                                        xpm_counter_updn__parameterized0_395 |         42 |         42 |       0 |    0 |     11 |      0 |      0 |    0 |          0 |
|             rdpp1_inst                                           |                                                        xpm_counter_updn__parameterized1_396 |         10 |         10 |       0 |    0 |     10 |      0 |      0 |    0 |          0 |
|             rst_d1_inst                                          |                                                                        xpm_fifo_reg_bit_397 |          3 |          3 |       0 |    0 |      1 |      0 |      0 |    0 |          0 |
|             wrp_inst                                             |                                                        xpm_counter_updn__parameterized0_398 |         22 |         22 |       0 |    0 |     11 |      0 |      0 |    0 |          0 |
|             wrpp1_inst                                           |                                                        xpm_counter_updn__parameterized1_399 |         19 |         19 |       0 |    0 |     10 |      0 |      0 |    0 |          0 |
|             wrpp2_inst                                           |                                                        xpm_counter_updn__parameterized2_400 |          9 |          9 |       0 |    0 |     10 |      0 |      0 |    0 |          0 |
|             xpm_fifo_rst_inst                                    |                                                     xpm_fifo_rst__parameterized0__xdcDup__9 |         21 |         21 |       0 |    0 |     17 |      0 |      0 |    0 |          0 |
|               (xpm_fifo_rst_inst)                                |                                                     xpm_fifo_rst__parameterized0__xdcDup__9 |         21 |         21 |       0 |    0 |     13 |      0 |      0 |    0 |          0 |
|               gen_rst_ic.rrst_wr_inst                            |                                                                        xpm_cdc_sync_rst__61 |          0 |          0 |       0 |    0 |      2 |      0 |      0 |    0 |          0 |
|               gen_rst_ic.wrst_rd_inst                            |                                                                        xpm_cdc_sync_rst__60 |          0 |          0 |       0 |    0 |      2 |      0 |      0 |    0 |          0 |
|       g_camera_frontend[4].u_pixel_assembler                     |                                                                  camera_pixel_assembler_285 |          4 |          4 |       0 |    0 |     32 |      0 |      0 |    0 |          0 |
|       g_camera_frontend[4].u_writer_bridge                       |                                                                 video_stream_cdc__xdcDup__5 |        234 |        234 |       0 |    0 |    318 |      2 |      1 |    0 |          0 |
|         (g_camera_frontend[4].u_writer_bridge)                   |                                                                 video_stream_cdc__xdcDup__5 |         22 |         22 |       0 |    0 |      8 |      0 |      0 |    0 |          0 |
|         u_stream_fifo                                            |                                                   xpm_fifo_async__parameterized0__xdcDup__5 |        212 |        212 |       0 |    0 |    310 |      2 |      1 |    0 |          0 |
|           (u_stream_fifo)                                        |                                                   xpm_fifo_async__parameterized0__xdcDup__5 |          0 |          0 |       0 |    0 |      0 |      0 |      0 |    0 |          0 |
|           gnuram_async_fifo.xpm_fifo_base_inst                   |                                                    xpm_fifo_base__parameterized4__xdcDup__5 |        212 |        212 |       0 |    0 |    310 |      2 |      1 |    0 |          0 |
|             (gnuram_async_fifo.xpm_fifo_base_inst)               |                                                    xpm_fifo_base__parameterized4__xdcDup__5 |          6 |          6 |       0 |    0 |     48 |      0 |      0 |    0 |          0 |
|             gen_cdc_pntr.rd_pntr_cdc_dc_inst                     |                                                            xpm_cdc_gray__parameterized1__16 |         15 |         15 |       0 |    0 |     33 |      0 |      0 |    0 |          0 |
|             gen_cdc_pntr.rd_pntr_cdc_inst                        |                                                                            xpm_cdc_gray__33 |         14 |         14 |       0 |    0 |     30 |      0 |      0 |    0 |          0 |
|             gen_cdc_pntr.rpw_gray_reg                            |                                                                        xpm_fifo_reg_vec_379 |          8 |          8 |       0 |    0 |     10 |      0 |      0 |    0 |          0 |
|             gen_cdc_pntr.rpw_gray_reg_dc                         |                                                        xpm_fifo_reg_vec__parameterized0_380 |          0 |          0 |       0 |    0 |     11 |      0 |      0 |    0 |          0 |
|             gen_cdc_pntr.wpr_gray_reg                            |                                                                        xpm_fifo_reg_vec_381 |          5 |          5 |       0 |    0 |     10 |      0 |      0 |    0 |          0 |
|             gen_cdc_pntr.wpr_gray_reg_dc                         |                                                        xpm_fifo_reg_vec__parameterized0_382 |          9 |          9 |       0 |    0 |     11 |      0 |      0 |    0 |          0 |
|             gen_cdc_pntr.wr_pntr_cdc_dc_inst                     |                                                            xpm_cdc_gray__parameterized0__16 |         16 |         16 |       0 |    0 |     55 |      0 |      0 |    0 |          0 |
|             gen_cdc_pntr.wr_pntr_cdc_inst                        |                                                                            xpm_cdc_gray__32 |         15 |         15 |       0 |    0 |     30 |      0 |      0 |    0 |          0 |
|             gen_fwft.rdpp1_inst                                  |                                                                        xpm_counter_updn_383 |          6 |          6 |       0 |    0 |      2 |      0 |      0 |    0 |          0 |
|             gen_sdpram.xpm_memory_base_inst                      |                                                          xpm_memory_base__parameterized4__8 |          0 |          0 |       0 |    0 |      0 |      2 |      1 |    0 |          0 |
|             rdp_inst                                             |                                                        xpm_counter_updn__parameterized0_384 |         42 |         42 |       0 |    0 |     11 |      0 |      0 |    0 |          0 |
|             rdpp1_inst                                           |                                                        xpm_counter_updn__parameterized1_385 |         10 |         10 |       0 |    0 |     10 |      0 |      0 |    0 |          0 |
|             rst_d1_inst                                          |                                                                        xpm_fifo_reg_bit_386 |          3 |          3 |       0 |    0 |      1 |      0 |      0 |    0 |          0 |
|             wrp_inst                                             |                                                        xpm_counter_updn__parameterized0_387 |         22 |         22 |       0 |    0 |     11 |      0 |      0 |    0 |          0 |
|             wrpp1_inst                                           |                                                        xpm_counter_updn__parameterized1_388 |         19 |         19 |       0 |    0 |     10 |      0 |      0 |    0 |          0 |
|             wrpp2_inst                                           |                                                        xpm_counter_updn__parameterized2_389 |          9 |          9 |       0 |    0 |     10 |      0 |      0 |    0 |          0 |
|             xpm_fifo_rst_inst                                    |                                                    xpm_fifo_rst__parameterized0__xdcDup__10 |         21 |         21 |       0 |    0 |     17 |      0 |      0 |    0 |          0 |
|               (xpm_fifo_rst_inst)                                |                                                    xpm_fifo_rst__parameterized0__xdcDup__10 |         21 |         21 |       0 |    0 |     13 |      0 |      0 |    0 |          0 |
|               gen_rst_ic.rrst_wr_inst                            |                                                                        xpm_cdc_sync_rst__33 |          0 |          0 |       0 |    0 |      2 |      0 |      0 |    0 |          0 |
|               gen_rst_ic.wrst_rd_inst                            |                                                                        xpm_cdc_sync_rst__32 |          0 |          0 |       0 |    0 |      2 |      0 |      0 |    0 |          0 |
|       g_camera_frontend[5].u_camera                              |                                                                  ov7670_frontend__xdcDup__6 |       3806 |       3787 |       0 |   19 |  12361 |      0 |      1 |    0 |          0 |
|         (g_camera_frontend[5].u_camera)                          |                                                                  ov7670_frontend__xdcDup__6 |        318 |        310 |       0 |    8 |   2629 |      0 |      0 |    0 |          0 |
|         u_cdc_diag_cdc                                           |                                                   xpm_cdc_array_single__parameterized13__26 |         17 |         17 |       0 |    0 |    271 |      0 |      0 |    0 |          0 |
|         u_control_cdc                                            |                                                    xpm_cdc_array_single__parameterized1__15 |          0 |          0 |       0 |    0 |     12 |      0 |      0 |    0 |          0 |
|         u_ctrl_diag_cdc                                          |                                                   xpm_cdc_array_single__parameterized11__13 |         34 |         34 |       0 |    0 |   1214 |      0 |      0 |    0 |          0 |
|         u_diagnostics                                            |                                                                        ov7670_axil_regs_375 |       1846 |       1846 |       0 |    0 |     75 |      0 |      0 |    0 |          0 |
|         u_href_diag_cdc                                          |                                                    xpm_cdc_array_single__parameterized7__15 |          0 |          0 |       0 |    0 |    480 |      0 |      0 |    0 |          0 |
|         u_href_guard_diag_cdc                                    |                                                   xpm_cdc_array_single__parameterized13__27 |          7 |          7 |       0 |    0 |    281 |      0 |      0 |    0 |          0 |
|         u_href_line_guard                                        |                                                                     dvp_href_line_guard_376 |         95 |         95 |       0 |    0 |    109 |      0 |      0 |    0 |          0 |
|         u_line_flush_diag_cdc                                    |                                                   xpm_cdc_array_single__parameterized14__40 |          0 |          0 |       0 |    0 |     96 |      0 |      0 |    0 |          0 |
|         u_ov7670_ctrl                                            |                                                                     ov7670_ztachip_ctrl_377 |        235 |        235 |       0 |    0 |    399 |      0 |      1 |    0 |          0 |
|         u_pclk_diag_cdc                                          |                                                   xpm_cdc_array_single__parameterized10__28 |          4 |          4 |       0 |    0 |    764 |      0 |      0 |    0 |          0 |
|         u_pclk_extended_diag_cdc                                 |                                                   xpm_cdc_array_single__parameterized16__26 |          8 |          8 |       0 |    0 |    512 |      0 |      0 |    0 |          0 |
|         u_pclk_quality_diag_cdc                                  |                                                   xpm_cdc_array_single__parameterized15__13 |          3 |          3 |       0 |    0 |    320 |      0 |      0 |    0 |          0 |
|         u_pclk_recovery                                          |                                                                       dvp_pclk_recovery_378 |       1063 |       1052 |       0 |   11 |   1291 |      0 |      0 |    0 |          0 |
|         u_pclk_snapshot_ack_cdc                                  |                                                          xpm_cdc_single__parameterized0__13 |          0 |          0 |       0 |    0 |      4 |      0 |      0 |    0 |          0 |
|         u_pclk_snapshot_cdc_high                                 |                                                   xpm_cdc_array_single__parameterized16__27 |         88 |         88 |       0 |    0 |    512 |      0 |      0 |    0 |          0 |
|         u_pclk_snapshot_cdc_low                                  |                                                   xpm_cdc_array_single__parameterized17__13 |         88 |         88 |       0 |    0 |   2048 |      0 |      0 |    0 |          0 |
|         u_rejected_vsync_diag_cdc                                |                                                   xpm_cdc_array_single__parameterized14__39 |          0 |          0 |       0 |    0 |     96 |      0 |      0 |    0 |          0 |
|         u_stream_diag_cdc                                        |                                                   xpm_cdc_array_single__parameterized10__29 |          0 |          0 |       0 |    0 |    768 |      0 |      0 |    0 |          0 |
|         u_timeout_abort_diag_cdc                                 |                                                   xpm_cdc_array_single__parameterized14__41 |          0 |          0 |       0 |    0 |     96 |      0 |      0 |    0 |          0 |
|         u_vsync_diag_cdc                                         |                                                   xpm_cdc_array_single__parameterized12__13 |          0 |          0 |       0 |    0 |    384 |      0 |      0 |    0 |          0 |
|       g_camera_frontend[5].u_camera_cdc                          |                                                                  camera_axis_cdc__xdcDup__6 |        262 |        262 |       0 |    0 |    428 |     22 |      1 |    0 |          0 |
|         (g_camera_frontend[5].u_camera_cdc)                      |                                                                  camera_axis_cdc__xdcDup__6 |        102 |        102 |       0 |    0 |    305 |      0 |      0 |    0 |          0 |
|         u_fifo                                                   |                                                           xpm_fifo_sync__parameterized2__12 |        160 |        160 |       0 |    0 |    123 |     22 |      1 |    0 |          0 |
|           (u_fifo)                                               |                                                           xpm_fifo_sync__parameterized2__12 |          0 |          0 |       0 |    0 |      0 |      0 |      0 |    0 |          0 |
|           xpm_fifo_base_inst                                     |                                                           xpm_fifo_base__parameterized3__12 |        160 |        160 |       0 |    0 |    123 |     22 |      1 |    0 |          0 |
|             (xpm_fifo_base_inst)                                 |                                                           xpm_fifo_base__parameterized3__12 |          2 |          2 |       0 |    0 |     20 |      0 |      0 |    0 |          0 |
|             gen_fwft.rdpp1_inst                                  |                                                                        xpm_counter_updn_368 |          5 |          5 |       0 |    0 |      2 |      0 |      0 |    0 |          0 |
|             gen_sdpram.xpm_memory_base_inst                      |                                                         xpm_memory_base__parameterized3__12 |         57 |         57 |       0 |    0 |     37 |     22 |      1 |    0 |          0 |
|             rdp_inst                                             |                                                        xpm_counter_updn__parameterized9_369 |         42 |         42 |       0 |    0 |     15 |      0 |      0 |    0 |          0 |
|             rdpp1_inst                                           |                                                       xpm_counter_updn__parameterized10_370 |         15 |         15 |       0 |    0 |     14 |      0 |      0 |    0 |          0 |
|             rst_d1_inst                                          |                                                                        xpm_fifo_reg_bit_371 |          0 |          0 |       0 |    0 |      1 |      0 |      0 |    0 |          0 |
|             wrp_inst                                             |                                                        xpm_counter_updn__parameterized9_372 |         34 |         34 |       0 |    0 |     15 |      0 |      0 |    0 |          0 |
|             wrpp1_inst                                           |                                                       xpm_counter_updn__parameterized10_373 |         14 |         14 |       0 |    0 |     14 |      0 |      0 |    0 |          0 |
|             xpm_fifo_rst_inst                                    |                                                                            xpm_fifo_rst_374 |          3 |          3 |       0 |    0 |      5 |      0 |      0 |    0 |          0 |
|       g_camera_frontend[5].u_camera_stream                       |                                                       camera_axis_to_stream__parameterized4 |        252 |        252 |       0 |    0 |    452 |      0 |      0 |    0 |          0 |
|       g_camera_frontend[5].u_event_bridge                        |                                                                 dvp_event_bridge__xdcDup__6 |        238 |        238 |       0 |    0 |    358 |      0 |      1 |    0 |          0 |
|         (g_camera_frontend[5].u_event_bridge)                    |                                                                 dvp_event_bridge__xdcDup__6 |         26 |         26 |       0 |    0 |     48 |      0 |      0 |    0 |          0 |
|         u_event_fifo                                             |                                                                   xpm_fifo_async__xdcDup__6 |        212 |        212 |       0 |    0 |    310 |      0 |      1 |    0 |          0 |
|           (u_event_fifo)                                         |                                                                   xpm_fifo_async__xdcDup__6 |          0 |          0 |       0 |    0 |      0 |      0 |      0 |    0 |          0 |
|           gnuram_async_fifo.xpm_fifo_base_inst                   |                                                    xpm_fifo_base__parameterized2__xdcDup__6 |        212 |        212 |       0 |    0 |    310 |      0 |      1 |    0 |          0 |
|             (gnuram_async_fifo.xpm_fifo_base_inst)               |                                                    xpm_fifo_base__parameterized2__xdcDup__6 |          6 |          6 |       0 |    0 |     48 |      0 |      0 |    0 |          0 |
|             gen_cdc_pntr.rd_pntr_cdc_dc_inst                     |                                                                xpm_cdc_gray__parameterized1 |         15 |         15 |       0 |    0 |     33 |      0 |      0 |    0 |          0 |
|             gen_cdc_pntr.rd_pntr_cdc_inst                        |                                                                                xpm_cdc_gray |         14 |         14 |       0 |    0 |     30 |      0 |      0 |    0 |          0 |
|             gen_cdc_pntr.rpw_gray_reg                            |                                                                        xpm_fifo_reg_vec_357 |          8 |          8 |       0 |    0 |     10 |      0 |      0 |    0 |          0 |
|             gen_cdc_pntr.rpw_gray_reg_dc                         |                                                        xpm_fifo_reg_vec__parameterized0_358 |          0 |          0 |       0 |    0 |     11 |      0 |      0 |    0 |          0 |
|             gen_cdc_pntr.wpr_gray_reg                            |                                                                        xpm_fifo_reg_vec_359 |          5 |          5 |       0 |    0 |     10 |      0 |      0 |    0 |          0 |
|             gen_cdc_pntr.wpr_gray_reg_dc                         |                                                        xpm_fifo_reg_vec__parameterized0_360 |          9 |          9 |       0 |    0 |     11 |      0 |      0 |    0 |          0 |
|             gen_cdc_pntr.wr_pntr_cdc_dc_inst                     |                                                                xpm_cdc_gray__parameterized0 |         16 |         16 |       0 |    0 |     55 |      0 |      0 |    0 |          0 |
|             gen_cdc_pntr.wr_pntr_cdc_inst                        |                                                                            xpm_cdc_gray__62 |         15 |         15 |       0 |    0 |     30 |      0 |      0 |    0 |          0 |
|             gen_fwft.rdpp1_inst                                  |                                                                        xpm_counter_updn_361 |          6 |          6 |       0 |    0 |      2 |      0 |      0 |    0 |          0 |
|             gen_sdpram.xpm_memory_base_inst                      |                                                             xpm_memory_base__parameterized2 |          0 |          0 |       0 |    0 |      0 |      0 |      1 |    0 |          0 |
|             rdp_inst                                             |                                                        xpm_counter_updn__parameterized0_362 |         42 |         42 |       0 |    0 |     11 |      0 |      0 |    0 |          0 |
|             rdpp1_inst                                           |                                                        xpm_counter_updn__parameterized1_363 |         10 |         10 |       0 |    0 |     10 |      0 |      0 |    0 |          0 |
|             rst_d1_inst                                          |                                                                        xpm_fifo_reg_bit_364 |          3 |          3 |       0 |    0 |      1 |      0 |      0 |    0 |          0 |
|             wrp_inst                                             |                                                        xpm_counter_updn__parameterized0_365 |         22 |         22 |       0 |    0 |     11 |      0 |      0 |    0 |          0 |
|             wrpp1_inst                                           |                                                        xpm_counter_updn__parameterized1_366 |         19 |         19 |       0 |    0 |     10 |      0 |      0 |    0 |          0 |
|             wrpp2_inst                                           |                                                        xpm_counter_updn__parameterized2_367 |          9 |          9 |       0 |    0 |     10 |      0 |      0 |    0 |          0 |
|             xpm_fifo_rst_inst                                    |                                                    xpm_fifo_rst__parameterized0__xdcDup__11 |         21 |         21 |       0 |    0 |     17 |      0 |      0 |    0 |          0 |
|               (xpm_fifo_rst_inst)                                |                                                    xpm_fifo_rst__parameterized0__xdcDup__11 |         21 |         21 |       0 |    0 |     13 |      0 |      0 |    0 |          0 |
|               gen_rst_ic.rrst_wr_inst                            |                                                                            xpm_cdc_sync_rst |          0 |          0 |       0 |    0 |      2 |      0 |      0 |    0 |          0 |
|               gen_rst_ic.wrst_rd_inst                            |                                                                        xpm_cdc_sync_rst__62 |          0 |          0 |       0 |    0 |      2 |      0 |      0 |    0 |          0 |
|       g_camera_frontend[5].u_pixel_assembler                     |                                                                  camera_pixel_assembler_286 |          3 |          3 |       0 |    0 |     32 |      0 |      0 |    0 |          0 |
|       g_camera_frontend[5].u_writer_bridge                       |                                                                 video_stream_cdc__xdcDup__6 |        232 |        232 |       0 |    0 |    318 |      2 |      1 |    0 |          0 |
|         (g_camera_frontend[5].u_writer_bridge)                   |                                                                 video_stream_cdc__xdcDup__6 |         20 |         20 |       0 |    0 |      8 |      0 |      0 |    0 |          0 |
|         u_stream_fifo                                            |                                                   xpm_fifo_async__parameterized0__xdcDup__6 |        212 |        212 |       0 |    0 |    310 |      2 |      1 |    0 |          0 |
|           (u_stream_fifo)                                        |                                                   xpm_fifo_async__parameterized0__xdcDup__6 |          0 |          0 |       0 |    0 |      0 |      0 |      0 |    0 |          0 |
|           gnuram_async_fifo.xpm_fifo_base_inst                   |                                                    xpm_fifo_base__parameterized4__xdcDup__6 |        212 |        212 |       0 |    0 |    310 |      2 |      1 |    0 |          0 |
|             (gnuram_async_fifo.xpm_fifo_base_inst)               |                                                    xpm_fifo_base__parameterized4__xdcDup__6 |          6 |          6 |       0 |    0 |     48 |      0 |      0 |    0 |          0 |
|             gen_cdc_pntr.rd_pntr_cdc_dc_inst                     |                                                            xpm_cdc_gray__parameterized1__20 |         15 |         15 |       0 |    0 |     33 |      0 |      0 |    0 |          0 |
|             gen_cdc_pntr.rd_pntr_cdc_inst                        |                                                                            xpm_cdc_gray__41 |         14 |         14 |       0 |    0 |     30 |      0 |      0 |    0 |          0 |
|             gen_cdc_pntr.rpw_gray_reg                            |                                                                        xpm_fifo_reg_vec_346 |          8 |          8 |       0 |    0 |     10 |      0 |      0 |    0 |          0 |
|             gen_cdc_pntr.rpw_gray_reg_dc                         |                                                        xpm_fifo_reg_vec__parameterized0_347 |          0 |          0 |       0 |    0 |     11 |      0 |      0 |    0 |          0 |
|             gen_cdc_pntr.wpr_gray_reg                            |                                                                        xpm_fifo_reg_vec_348 |          5 |          5 |       0 |    0 |     10 |      0 |      0 |    0 |          0 |
|             gen_cdc_pntr.wpr_gray_reg_dc                         |                                                        xpm_fifo_reg_vec__parameterized0_349 |          9 |          9 |       0 |    0 |     11 |      0 |      0 |    0 |          0 |
|             gen_cdc_pntr.wr_pntr_cdc_dc_inst                     |                                                            xpm_cdc_gray__parameterized0__20 |         16 |         16 |       0 |    0 |     55 |      0 |      0 |    0 |          0 |
|             gen_cdc_pntr.wr_pntr_cdc_inst                        |                                                                            xpm_cdc_gray__40 |         15 |         15 |       0 |    0 |     30 |      0 |      0 |    0 |          0 |
|             gen_fwft.rdpp1_inst                                  |                                                                        xpm_counter_updn_350 |          6 |          6 |       0 |    0 |      2 |      0 |      0 |    0 |          0 |
|             gen_sdpram.xpm_memory_base_inst                      |                                                         xpm_memory_base__parameterized4__12 |          0 |          0 |       0 |    0 |      0 |      2 |      1 |    0 |          0 |
|             rdp_inst                                             |                                                        xpm_counter_updn__parameterized0_351 |         42 |         42 |       0 |    0 |     11 |      0 |      0 |    0 |          0 |
|             rdpp1_inst                                           |                                                        xpm_counter_updn__parameterized1_352 |         10 |         10 |       0 |    0 |     10 |      0 |      0 |    0 |          0 |
|             rst_d1_inst                                          |                                                                        xpm_fifo_reg_bit_353 |          3 |          3 |       0 |    0 |      1 |      0 |      0 |    0 |          0 |
|             wrp_inst                                             |                                                        xpm_counter_updn__parameterized0_354 |         22 |         22 |       0 |    0 |     11 |      0 |      0 |    0 |          0 |
|             wrpp1_inst                                           |                                                        xpm_counter_updn__parameterized1_355 |         19 |         19 |       0 |    0 |     10 |      0 |      0 |    0 |          0 |
|             wrpp2_inst                                           |                                                        xpm_counter_updn__parameterized2_356 |          9 |          9 |       0 |    0 |     10 |      0 |      0 |    0 |          0 |
|             xpm_fifo_rst_inst                                    |                                                    xpm_fifo_rst__parameterized0__xdcDup__12 |         21 |         21 |       0 |    0 |     17 |      0 |      0 |    0 |          0 |
|               (xpm_fifo_rst_inst)                                |                                                    xpm_fifo_rst__parameterized0__xdcDup__12 |         21 |         21 |       0 |    0 |     13 |      0 |      0 |    0 |          0 |
|               gen_rst_ic.rrst_wr_inst                            |                                                                        xpm_cdc_sync_rst__41 |          0 |          0 |       0 |    0 |      2 |      0 |      0 |    0 |          0 |
|               gen_rst_ic.wrst_rd_inst                            |                                                                        xpm_cdc_sync_rst__40 |          0 |          0 |       0 |    0 |      2 |      0 |      0 |    0 |          0 |
|       g_camera_frontend[6].u_camera                              |                                                                  ov7670_frontend__xdcDup__7 |       3805 |       3786 |       0 |   19 |  12361 |      0 |      1 |    0 |          0 |
|         (g_camera_frontend[6].u_camera)                          |                                                                  ov7670_frontend__xdcDup__7 |        318 |        310 |       0 |    8 |   2629 |      0 |      0 |    0 |          0 |
|         u_cdc_diag_cdc                                           |                                                   xpm_cdc_array_single__parameterized13__28 |         17 |         17 |       0 |    0 |    271 |      0 |      0 |    0 |          0 |
|         u_control_cdc                                            |                                                    xpm_cdc_array_single__parameterized1__16 |          0 |          0 |       0 |    0 |     12 |      0 |      0 |    0 |          0 |
|         u_ctrl_diag_cdc                                          |                                                   xpm_cdc_array_single__parameterized11__14 |         34 |         34 |       0 |    0 |   1214 |      0 |      0 |    0 |          0 |
|         u_diagnostics                                            |                                                                        ov7670_axil_regs_342 |       1846 |       1846 |       0 |    0 |     75 |      0 |      0 |    0 |          0 |
|         u_href_diag_cdc                                          |                                                    xpm_cdc_array_single__parameterized7__16 |          0 |          0 |       0 |    0 |    480 |      0 |      0 |    0 |          0 |
|         u_href_guard_diag_cdc                                    |                                                   xpm_cdc_array_single__parameterized13__29 |          7 |          7 |       0 |    0 |    281 |      0 |      0 |    0 |          0 |
|         u_href_line_guard                                        |                                                                     dvp_href_line_guard_343 |         95 |         95 |       0 |    0 |    109 |      0 |      0 |    0 |          0 |
|         u_line_flush_diag_cdc                                    |                                                   xpm_cdc_array_single__parameterized14__43 |          0 |          0 |       0 |    0 |     96 |      0 |      0 |    0 |          0 |
|         u_ov7670_ctrl                                            |                                                                     ov7670_ztachip_ctrl_344 |        234 |        234 |       0 |    0 |    399 |      0 |      1 |    0 |          0 |
|         u_pclk_diag_cdc                                          |                                                   xpm_cdc_array_single__parameterized10__30 |          4 |          4 |       0 |    0 |    764 |      0 |      0 |    0 |          0 |
|         u_pclk_extended_diag_cdc                                 |                                                   xpm_cdc_array_single__parameterized16__28 |          8 |          8 |       0 |    0 |    512 |      0 |      0 |    0 |          0 |
|         u_pclk_quality_diag_cdc                                  |                                                   xpm_cdc_array_single__parameterized15__14 |          3 |          3 |       0 |    0 |    320 |      0 |      0 |    0 |          0 |
|         u_pclk_recovery                                          |                                                                       dvp_pclk_recovery_345 |       1063 |       1052 |       0 |   11 |   1291 |      0 |      0 |    0 |          0 |
|         u_pclk_snapshot_ack_cdc                                  |                                                          xpm_cdc_single__parameterized0__14 |          0 |          0 |       0 |    0 |      4 |      0 |      0 |    0 |          0 |
|         u_pclk_snapshot_cdc_high                                 |                                                   xpm_cdc_array_single__parameterized16__29 |         88 |         88 |       0 |    0 |    512 |      0 |      0 |    0 |          0 |
|         u_pclk_snapshot_cdc_low                                  |                                                   xpm_cdc_array_single__parameterized17__14 |         88 |         88 |       0 |    0 |   2048 |      0 |      0 |    0 |          0 |
|         u_rejected_vsync_diag_cdc                                |                                                   xpm_cdc_array_single__parameterized14__42 |          0 |          0 |       0 |    0 |     96 |      0 |      0 |    0 |          0 |
|         u_stream_diag_cdc                                        |                                                   xpm_cdc_array_single__parameterized10__31 |          0 |          0 |       0 |    0 |    768 |      0 |      0 |    0 |          0 |
|         u_timeout_abort_diag_cdc                                 |                                                   xpm_cdc_array_single__parameterized14__44 |          0 |          0 |       0 |    0 |     96 |      0 |      0 |    0 |          0 |
|         u_vsync_diag_cdc                                         |                                                   xpm_cdc_array_single__parameterized12__14 |          0 |          0 |       0 |    0 |    384 |      0 |      0 |    0 |          0 |
|       g_camera_frontend[6].u_camera_cdc                          |                                                                  camera_axis_cdc__xdcDup__7 |        261 |        261 |       0 |    0 |    428 |     22 |      1 |    0 |          0 |
|         (g_camera_frontend[6].u_camera_cdc)                      |                                                                  camera_axis_cdc__xdcDup__7 |        101 |        101 |       0 |    0 |    305 |      0 |      0 |    0 |          0 |
|         u_fifo                                                   |                                                            xpm_fifo_sync__parameterized2__8 |        160 |        160 |       0 |    0 |    123 |     22 |      1 |    0 |          0 |
|           (u_fifo)                                               |                                                            xpm_fifo_sync__parameterized2__8 |          0 |          0 |       0 |    0 |      0 |      0 |      0 |    0 |          0 |
|           xpm_fifo_base_inst                                     |                                                            xpm_fifo_base__parameterized3__8 |        160 |        160 |       0 |    0 |    123 |     22 |      1 |    0 |          0 |
|             (xpm_fifo_base_inst)                                 |                                                            xpm_fifo_base__parameterized3__8 |          2 |          2 |       0 |    0 |     20 |      0 |      0 |    0 |          0 |
|             gen_fwft.rdpp1_inst                                  |                                                                        xpm_counter_updn_335 |          5 |          5 |       0 |    0 |      2 |      0 |      0 |    0 |          0 |
|             gen_sdpram.xpm_memory_base_inst                      |                                                          xpm_memory_base__parameterized3__8 |         57 |         57 |       0 |    0 |     37 |     22 |      1 |    0 |          0 |
|             rdp_inst                                             |                                                        xpm_counter_updn__parameterized9_336 |         42 |         42 |       0 |    0 |     15 |      0 |      0 |    0 |          0 |
|             rdpp1_inst                                           |                                                       xpm_counter_updn__parameterized10_337 |         15 |         15 |       0 |    0 |     14 |      0 |      0 |    0 |          0 |
|             rst_d1_inst                                          |                                                                        xpm_fifo_reg_bit_338 |          0 |          0 |       0 |    0 |      1 |      0 |      0 |    0 |          0 |
|             wrp_inst                                             |                                                        xpm_counter_updn__parameterized9_339 |         34 |         34 |       0 |    0 |     15 |      0 |      0 |    0 |          0 |
|             wrpp1_inst                                           |                                                       xpm_counter_updn__parameterized10_340 |         14 |         14 |       0 |    0 |     14 |      0 |      0 |    0 |          0 |
|             xpm_fifo_rst_inst                                    |                                                                            xpm_fifo_rst_341 |          3 |          3 |       0 |    0 |      5 |      0 |      0 |    0 |          0 |
|       g_camera_frontend[6].u_camera_stream                       |                                                       camera_axis_to_stream__parameterized5 |        254 |        254 |       0 |    0 |    452 |      0 |      0 |    0 |          0 |
|       g_camera_frontend[6].u_event_bridge                        |                                                                 dvp_event_bridge__xdcDup__7 |        238 |        238 |       0 |    0 |    358 |      0 |      1 |    0 |          0 |
|         (g_camera_frontend[6].u_event_bridge)                    |                                                                 dvp_event_bridge__xdcDup__7 |         26 |         26 |       0 |    0 |     48 |      0 |      0 |    0 |          0 |
|         u_event_fifo                                             |                                                                   xpm_fifo_async__xdcDup__7 |        212 |        212 |       0 |    0 |    310 |      0 |      1 |    0 |          0 |
|           (u_event_fifo)                                         |                                                                   xpm_fifo_async__xdcDup__7 |          0 |          0 |       0 |    0 |      0 |      0 |      0 |    0 |          0 |
|           gnuram_async_fifo.xpm_fifo_base_inst                   |                                                    xpm_fifo_base__parameterized2__xdcDup__7 |        212 |        212 |       0 |    0 |    310 |      0 |      1 |    0 |          0 |
|             (gnuram_async_fifo.xpm_fifo_base_inst)               |                                                    xpm_fifo_base__parameterized2__xdcDup__7 |          6 |          6 |       0 |    0 |     48 |      0 |      0 |    0 |          0 |
|             gen_cdc_pntr.rd_pntr_cdc_dc_inst                     |                                                            xpm_cdc_gray__parameterized1__28 |         15 |         15 |       0 |    0 |     33 |      0 |      0 |    0 |          0 |
|             gen_cdc_pntr.rd_pntr_cdc_inst                        |                                                                            xpm_cdc_gray__57 |         14 |         14 |       0 |    0 |     30 |      0 |      0 |    0 |          0 |
|             gen_cdc_pntr.rpw_gray_reg                            |                                                                        xpm_fifo_reg_vec_324 |          8 |          8 |       0 |    0 |     10 |      0 |      0 |    0 |          0 |
|             gen_cdc_pntr.rpw_gray_reg_dc                         |                                                        xpm_fifo_reg_vec__parameterized0_325 |          0 |          0 |       0 |    0 |     11 |      0 |      0 |    0 |          0 |
|             gen_cdc_pntr.wpr_gray_reg                            |                                                                        xpm_fifo_reg_vec_326 |          5 |          5 |       0 |    0 |     10 |      0 |      0 |    0 |          0 |
|             gen_cdc_pntr.wpr_gray_reg_dc                         |                                                        xpm_fifo_reg_vec__parameterized0_327 |          9 |          9 |       0 |    0 |     11 |      0 |      0 |    0 |          0 |
|             gen_cdc_pntr.wr_pntr_cdc_dc_inst                     |                                                            xpm_cdc_gray__parameterized0__28 |         16 |         16 |       0 |    0 |     55 |      0 |      0 |    0 |          0 |
|             gen_cdc_pntr.wr_pntr_cdc_inst                        |                                                                            xpm_cdc_gray__56 |         15 |         15 |       0 |    0 |     30 |      0 |      0 |    0 |          0 |
|             gen_fwft.rdpp1_inst                                  |                                                                        xpm_counter_updn_328 |          6 |          6 |       0 |    0 |      2 |      0 |      0 |    0 |          0 |
|             gen_sdpram.xpm_memory_base_inst                      |                                                         xpm_memory_base__parameterized2__12 |          0 |          0 |       0 |    0 |      0 |      0 |      1 |    0 |          0 |
|             rdp_inst                                             |                                                        xpm_counter_updn__parameterized0_329 |         42 |         42 |       0 |    0 |     11 |      0 |      0 |    0 |          0 |
|             rdpp1_inst                                           |                                                        xpm_counter_updn__parameterized1_330 |         10 |         10 |       0 |    0 |     10 |      0 |      0 |    0 |          0 |
|             rst_d1_inst                                          |                                                                        xpm_fifo_reg_bit_331 |          3 |          3 |       0 |    0 |      1 |      0 |      0 |    0 |          0 |
|             wrp_inst                                             |                                                        xpm_counter_updn__parameterized0_332 |         22 |         22 |       0 |    0 |     11 |      0 |      0 |    0 |          0 |
|             wrpp1_inst                                           |                                                        xpm_counter_updn__parameterized1_333 |         19 |         19 |       0 |    0 |     10 |      0 |      0 |    0 |          0 |
|             wrpp2_inst                                           |                                                        xpm_counter_updn__parameterized2_334 |          9 |          9 |       0 |    0 |     10 |      0 |      0 |    0 |          0 |
|             xpm_fifo_rst_inst                                    |                                                    xpm_fifo_rst__parameterized0__xdcDup__13 |         21 |         21 |       0 |    0 |     17 |      0 |      0 |    0 |          0 |
|               (xpm_fifo_rst_inst)                                |                                                    xpm_fifo_rst__parameterized0__xdcDup__13 |         21 |         21 |       0 |    0 |     13 |      0 |      0 |    0 |          0 |
|               gen_rst_ic.rrst_wr_inst                            |                                                                        xpm_cdc_sync_rst__57 |          0 |          0 |       0 |    0 |      2 |      0 |      0 |    0 |          0 |
|               gen_rst_ic.wrst_rd_inst                            |                                                                        xpm_cdc_sync_rst__56 |          0 |          0 |       0 |    0 |      2 |      0 |      0 |    0 |          0 |
|       g_camera_frontend[6].u_pixel_assembler                     |                                                                  camera_pixel_assembler_287 |          3 |          3 |       0 |    0 |     32 |      0 |      0 |    0 |          0 |
|       g_camera_frontend[6].u_writer_bridge                       |                                                                 video_stream_cdc__xdcDup__7 |        232 |        232 |       0 |    0 |    318 |      2 |      1 |    0 |          0 |
|         (g_camera_frontend[6].u_writer_bridge)                   |                                                                 video_stream_cdc__xdcDup__7 |         20 |         20 |       0 |    0 |      8 |      0 |      0 |    0 |          0 |
|         u_stream_fifo                                            |                                                   xpm_fifo_async__parameterized0__xdcDup__7 |        212 |        212 |       0 |    0 |    310 |      2 |      1 |    0 |          0 |
|           (u_stream_fifo)                                        |                                                   xpm_fifo_async__parameterized0__xdcDup__7 |          0 |          0 |       0 |    0 |      0 |      0 |      0 |    0 |          0 |
|           gnuram_async_fifo.xpm_fifo_base_inst                   |                                                    xpm_fifo_base__parameterized4__xdcDup__7 |        212 |        212 |       0 |    0 |    310 |      2 |      1 |    0 |          0 |
|             (gnuram_async_fifo.xpm_fifo_base_inst)               |                                                    xpm_fifo_base__parameterized4__xdcDup__7 |          6 |          6 |       0 |    0 |     48 |      0 |      0 |    0 |          0 |
|             gen_cdc_pntr.rd_pntr_cdc_dc_inst                     |                                                            xpm_cdc_gray__parameterized1__22 |         15 |         15 |       0 |    0 |     33 |      0 |      0 |    0 |          0 |
|             gen_cdc_pntr.rd_pntr_cdc_inst                        |                                                                            xpm_cdc_gray__45 |         14 |         14 |       0 |    0 |     30 |      0 |      0 |    0 |          0 |
|             gen_cdc_pntr.rpw_gray_reg                            |                                                                        xpm_fifo_reg_vec_313 |          8 |          8 |       0 |    0 |     10 |      0 |      0 |    0 |          0 |
|             gen_cdc_pntr.rpw_gray_reg_dc                         |                                                        xpm_fifo_reg_vec__parameterized0_314 |          0 |          0 |       0 |    0 |     11 |      0 |      0 |    0 |          0 |
|             gen_cdc_pntr.wpr_gray_reg                            |                                                                        xpm_fifo_reg_vec_315 |          5 |          5 |       0 |    0 |     10 |      0 |      0 |    0 |          0 |
|             gen_cdc_pntr.wpr_gray_reg_dc                         |                                                        xpm_fifo_reg_vec__parameterized0_316 |          9 |          9 |       0 |    0 |     11 |      0 |      0 |    0 |          0 |
|             gen_cdc_pntr.wr_pntr_cdc_dc_inst                     |                                                            xpm_cdc_gray__parameterized0__22 |         16 |         16 |       0 |    0 |     55 |      0 |      0 |    0 |          0 |
|             gen_cdc_pntr.wr_pntr_cdc_inst                        |                                                                            xpm_cdc_gray__44 |         15 |         15 |       0 |    0 |     30 |      0 |      0 |    0 |          0 |
|             gen_fwft.rdpp1_inst                                  |                                                                        xpm_counter_updn_317 |          6 |          6 |       0 |    0 |      2 |      0 |      0 |    0 |          0 |
|             gen_sdpram.xpm_memory_base_inst                      |                                                         xpm_memory_base__parameterized4__14 |          0 |          0 |       0 |    0 |      0 |      2 |      1 |    0 |          0 |
|             rdp_inst                                             |                                                        xpm_counter_updn__parameterized0_318 |         42 |         42 |       0 |    0 |     11 |      0 |      0 |    0 |          0 |
|             rdpp1_inst                                           |                                                        xpm_counter_updn__parameterized1_319 |         10 |         10 |       0 |    0 |     10 |      0 |      0 |    0 |          0 |
|             rst_d1_inst                                          |                                                                        xpm_fifo_reg_bit_320 |          3 |          3 |       0 |    0 |      1 |      0 |      0 |    0 |          0 |
|             wrp_inst                                             |                                                        xpm_counter_updn__parameterized0_321 |         22 |         22 |       0 |    0 |     11 |      0 |      0 |    0 |          0 |
|             wrpp1_inst                                           |                                                        xpm_counter_updn__parameterized1_322 |         19 |         19 |       0 |    0 |     10 |      0 |      0 |    0 |          0 |
|             wrpp2_inst                                           |                                                        xpm_counter_updn__parameterized2_323 |          9 |          9 |       0 |    0 |     10 |      0 |      0 |    0 |          0 |
|             xpm_fifo_rst_inst                                    |                                                    xpm_fifo_rst__parameterized0__xdcDup__14 |         21 |         21 |       0 |    0 |     17 |      0 |      0 |    0 |          0 |
|               (xpm_fifo_rst_inst)                                |                                                    xpm_fifo_rst__parameterized0__xdcDup__14 |         21 |         21 |       0 |    0 |     13 |      0 |      0 |    0 |          0 |
|               gen_rst_ic.rrst_wr_inst                            |                                                                        xpm_cdc_sync_rst__45 |          0 |          0 |       0 |    0 |      2 |      0 |      0 |    0 |          0 |
|               gen_rst_ic.wrst_rd_inst                            |                                                                        xpm_cdc_sync_rst__44 |          0 |          0 |       0 |    0 |      2 |      0 |      0 |    0 |          0 |
|       g_camera_frontend[7].u_camera                              |                                                                             ov7670_frontend |       3805 |       3786 |       0 |   19 |  12361 |      0 |      1 |    0 |          0 |
|         (g_camera_frontend[7].u_camera)                          |                                                                             ov7670_frontend |        318 |        310 |       0 |    8 |   2629 |      0 |      0 |    0 |          0 |
|         u_cdc_diag_cdc                                           |                                                   xpm_cdc_array_single__parameterized13__30 |         17 |         17 |       0 |    0 |    271 |      0 |      0 |    0 |          0 |
|         u_control_cdc                                            |                                                        xpm_cdc_array_single__parameterized1 |          0 |          0 |       0 |    0 |     12 |      0 |      0 |    0 |          0 |
|         u_ctrl_diag_cdc                                          |                                                       xpm_cdc_array_single__parameterized11 |         34 |         34 |       0 |    0 |   1214 |      0 |      0 |    0 |          0 |
|         u_diagnostics                                            |                                                                            ov7670_axil_regs |       1846 |       1846 |       0 |    0 |     75 |      0 |      0 |    0 |          0 |
|         u_href_diag_cdc                                          |                                                        xpm_cdc_array_single__parameterized7 |          0 |          0 |       0 |    0 |    480 |      0 |      0 |    0 |          0 |
|         u_href_guard_diag_cdc                                    |                                                       xpm_cdc_array_single__parameterized13 |          7 |          7 |       0 |    0 |    281 |      0 |      0 |    0 |          0 |
|         u_href_line_guard                                        |                                                                         dvp_href_line_guard |         95 |         95 |       0 |    0 |    109 |      0 |      0 |    0 |          0 |
|         u_line_flush_diag_cdc                                    |                                                   xpm_cdc_array_single__parameterized14__46 |          0 |          0 |       0 |    0 |     96 |      0 |      0 |    0 |          0 |
|         u_ov7670_ctrl                                            |                                                                         ov7670_ztachip_ctrl |        234 |        234 |       0 |    0 |    399 |      0 |      1 |    0 |          0 |
|         u_pclk_diag_cdc                                          |                                                   xpm_cdc_array_single__parameterized10__32 |          4 |          4 |       0 |    0 |    764 |      0 |      0 |    0 |          0 |
|         u_pclk_extended_diag_cdc                                 |                                                   xpm_cdc_array_single__parameterized16__30 |          8 |          8 |       0 |    0 |    512 |      0 |      0 |    0 |          0 |
|         u_pclk_quality_diag_cdc                                  |                                                       xpm_cdc_array_single__parameterized15 |          3 |          3 |       0 |    0 |    320 |      0 |      0 |    0 |          0 |
|         u_pclk_recovery                                          |                                                                           dvp_pclk_recovery |       1063 |       1052 |       0 |   11 |   1291 |      0 |      0 |    0 |          0 |
|         u_pclk_snapshot_ack_cdc                                  |                                                              xpm_cdc_single__parameterized0 |          0 |          0 |       0 |    0 |      4 |      0 |      0 |    0 |          0 |
|         u_pclk_snapshot_cdc_high                                 |                                                       xpm_cdc_array_single__parameterized16 |         88 |         88 |       0 |    0 |    512 |      0 |      0 |    0 |          0 |
|         u_pclk_snapshot_cdc_low                                  |                                                       xpm_cdc_array_single__parameterized17 |         88 |         88 |       0 |    0 |   2048 |      0 |      0 |    0 |          0 |
|         u_rejected_vsync_diag_cdc                                |                                                   xpm_cdc_array_single__parameterized14__45 |          0 |          0 |       0 |    0 |     96 |      0 |      0 |    0 |          0 |
|         u_stream_diag_cdc                                        |                                                       xpm_cdc_array_single__parameterized10 |          0 |          0 |       0 |    0 |    768 |      0 |      0 |    0 |          0 |
|         u_timeout_abort_diag_cdc                                 |                                                       xpm_cdc_array_single__parameterized14 |          0 |          0 |       0 |    0 |     96 |      0 |      0 |    0 |          0 |
|         u_vsync_diag_cdc                                         |                                                       xpm_cdc_array_single__parameterized12 |          0 |          0 |       0 |    0 |    384 |      0 |      0 |    0 |          0 |
|       g_camera_frontend[7].u_camera_cdc                          |                                                                             camera_axis_cdc |        274 |        274 |       0 |    0 |    428 |     22 |      1 |    0 |          0 |
|         (g_camera_frontend[7].u_camera_cdc)                      |                                                                             camera_axis_cdc |        114 |        114 |       0 |    0 |    305 |      0 |      0 |    0 |          0 |
|         u_fifo                                                   |                                                               xpm_fifo_sync__parameterized2 |        160 |        160 |       0 |    0 |    123 |     22 |      1 |    0 |          0 |
|           (u_fifo)                                               |                                                               xpm_fifo_sync__parameterized2 |          0 |          0 |       0 |    0 |      0 |      0 |      0 |    0 |          0 |
|           xpm_fifo_base_inst                                     |                                                               xpm_fifo_base__parameterized3 |        160 |        160 |       0 |    0 |    123 |     22 |      1 |    0 |          0 |
|             (xpm_fifo_base_inst)                                 |                                                               xpm_fifo_base__parameterized3 |          2 |          2 |       0 |    0 |     20 |      0 |      0 |    0 |          0 |
|             gen_fwft.rdpp1_inst                                  |                                                                        xpm_counter_updn_308 |          5 |          5 |       0 |    0 |      2 |      0 |      0 |    0 |          0 |
|             gen_sdpram.xpm_memory_base_inst                      |                                                             xpm_memory_base__parameterized3 |         57 |         57 |       0 |    0 |     37 |     22 |      1 |    0 |          0 |
|             rdp_inst                                             |                                                            xpm_counter_updn__parameterized9 |         42 |         42 |       0 |    0 |     15 |      0 |      0 |    0 |          0 |
|             rdpp1_inst                                           |                                                           xpm_counter_updn__parameterized10 |         15 |         15 |       0 |    0 |     14 |      0 |      0 |    0 |          0 |
|             rst_d1_inst                                          |                                                                        xpm_fifo_reg_bit_309 |          0 |          0 |       0 |    0 |      1 |      0 |      0 |    0 |          0 |
|             wrp_inst                                             |                                                        xpm_counter_updn__parameterized9_310 |         34 |         34 |       0 |    0 |     15 |      0 |      0 |    0 |          0 |
|             wrpp1_inst                                           |                                                       xpm_counter_updn__parameterized10_311 |         14 |         14 |       0 |    0 |     14 |      0 |      0 |    0 |          0 |
|             xpm_fifo_rst_inst                                    |                                                                            xpm_fifo_rst_312 |          3 |          3 |       0 |    0 |      5 |      0 |      0 |    0 |          0 |
|       g_camera_frontend[7].u_camera_stream                       |                                                       camera_axis_to_stream__parameterized6 |        251 |        251 |       0 |    0 |    452 |      0 |      0 |    0 |          0 |
|       g_camera_frontend[7].u_event_bridge                        |                                                                            dvp_event_bridge |        238 |        238 |       0 |    0 |    358 |      0 |      1 |    0 |          0 |
|         (g_camera_frontend[7].u_event_bridge)                    |                                                                            dvp_event_bridge |         26 |         26 |       0 |    0 |     48 |      0 |      0 |    0 |          0 |
|         u_event_fifo                                             |                                                                              xpm_fifo_async |        212 |        212 |       0 |    0 |    310 |      0 |      1 |    0 |          0 |
|           (u_event_fifo)                                         |                                                                              xpm_fifo_async |          0 |          0 |       0 |    0 |      0 |      0 |      0 |    0 |          0 |
|           gnuram_async_fifo.xpm_fifo_base_inst                   |                                                               xpm_fifo_base__parameterized2 |        212 |        212 |       0 |    0 |    310 |      0 |      1 |    0 |          0 |
|             (gnuram_async_fifo.xpm_fifo_base_inst)               |                                                               xpm_fifo_base__parameterized2 |          6 |          6 |       0 |    0 |     48 |      0 |      0 |    0 |          0 |
|             gen_cdc_pntr.rd_pntr_cdc_dc_inst                     |                                                            xpm_cdc_gray__parameterized1__26 |         15 |         15 |       0 |    0 |     33 |      0 |      0 |    0 |          0 |
|             gen_cdc_pntr.rd_pntr_cdc_inst                        |                                                                            xpm_cdc_gray__53 |         14 |         14 |       0 |    0 |     30 |      0 |      0 |    0 |          0 |
|             gen_cdc_pntr.rpw_gray_reg                            |                                                                        xpm_fifo_reg_vec_297 |          8 |          8 |       0 |    0 |     10 |      0 |      0 |    0 |          0 |
|             gen_cdc_pntr.rpw_gray_reg_dc                         |                                                        xpm_fifo_reg_vec__parameterized0_298 |          0 |          0 |       0 |    0 |     11 |      0 |      0 |    0 |          0 |
|             gen_cdc_pntr.wpr_gray_reg                            |                                                                        xpm_fifo_reg_vec_299 |          5 |          5 |       0 |    0 |     10 |      0 |      0 |    0 |          0 |
|             gen_cdc_pntr.wpr_gray_reg_dc                         |                                                        xpm_fifo_reg_vec__parameterized0_300 |          9 |          9 |       0 |    0 |     11 |      0 |      0 |    0 |          0 |
|             gen_cdc_pntr.wr_pntr_cdc_dc_inst                     |                                                            xpm_cdc_gray__parameterized0__26 |         16 |         16 |       0 |    0 |     55 |      0 |      0 |    0 |          0 |
|             gen_cdc_pntr.wr_pntr_cdc_inst                        |                                                                            xpm_cdc_gray__52 |         15 |         15 |       0 |    0 |     30 |      0 |      0 |    0 |          0 |
|             gen_fwft.rdpp1_inst                                  |                                                                        xpm_counter_updn_301 |          6 |          6 |       0 |    0 |      2 |      0 |      0 |    0 |          0 |
|             gen_sdpram.xpm_memory_base_inst                      |                                                         xpm_memory_base__parameterized2__10 |          0 |          0 |       0 |    0 |      0 |      0 |      1 |    0 |          0 |
|             rdp_inst                                             |                                                        xpm_counter_updn__parameterized0_302 |         42 |         42 |       0 |    0 |     11 |      0 |      0 |    0 |          0 |
|             rdpp1_inst                                           |                                                        xpm_counter_updn__parameterized1_303 |         10 |         10 |       0 |    0 |     10 |      0 |      0 |    0 |          0 |
|             rst_d1_inst                                          |                                                                        xpm_fifo_reg_bit_304 |          3 |          3 |       0 |    0 |      1 |      0 |      0 |    0 |          0 |
|             wrp_inst                                             |                                                        xpm_counter_updn__parameterized0_305 |         22 |         22 |       0 |    0 |     11 |      0 |      0 |    0 |          0 |
|             wrpp1_inst                                           |                                                        xpm_counter_updn__parameterized1_306 |         19 |         19 |       0 |    0 |     10 |      0 |      0 |    0 |          0 |
|             wrpp2_inst                                           |                                                        xpm_counter_updn__parameterized2_307 |          9 |          9 |       0 |    0 |     10 |      0 |      0 |    0 |          0 |
|             xpm_fifo_rst_inst                                    |                                                    xpm_fifo_rst__parameterized0__xdcDup__15 |         21 |         21 |       0 |    0 |     17 |      0 |      0 |    0 |          0 |
|               (xpm_fifo_rst_inst)                                |                                                    xpm_fifo_rst__parameterized0__xdcDup__15 |         21 |         21 |       0 |    0 |     13 |      0 |      0 |    0 |          0 |
|               gen_rst_ic.rrst_wr_inst                            |                                                                        xpm_cdc_sync_rst__53 |          0 |          0 |       0 |    0 |      2 |      0 |      0 |    0 |          0 |
|               gen_rst_ic.wrst_rd_inst                            |                                                                        xpm_cdc_sync_rst__52 |          0 |          0 |       0 |    0 |      2 |      0 |      0 |    0 |          0 |
|       g_camera_frontend[7].u_pixel_assembler                     |                                                                  camera_pixel_assembler_288 |          3 |          3 |       0 |    0 |     32 |      0 |      0 |    0 |          0 |
|       g_camera_frontend[7].u_writer_bridge                       |                                                                            video_stream_cdc |        234 |        234 |       0 |    0 |    318 |      2 |      1 |    0 |          0 |
|         (g_camera_frontend[7].u_writer_bridge)                   |                                                                            video_stream_cdc |         22 |         22 |       0 |    0 |      8 |      0 |      0 |    0 |          0 |
|         u_stream_fifo                                            |                                                              xpm_fifo_async__parameterized0 |        212 |        212 |       0 |    0 |    310 |      2 |      1 |    0 |          0 |
|           (u_stream_fifo)                                        |                                                              xpm_fifo_async__parameterized0 |          0 |          0 |       0 |    0 |      0 |      0 |      0 |    0 |          0 |
|           gnuram_async_fifo.xpm_fifo_base_inst                   |                                                               xpm_fifo_base__parameterized4 |        212 |        212 |       0 |    0 |    310 |      2 |      1 |    0 |          0 |
|             (gnuram_async_fifo.xpm_fifo_base_inst)               |                                                               xpm_fifo_base__parameterized4 |          6 |          6 |       0 |    0 |     48 |      0 |      0 |    0 |          0 |
|             gen_cdc_pntr.rd_pntr_cdc_dc_inst                     |                                                            xpm_cdc_gray__parameterized1__17 |         15 |         15 |       0 |    0 |     33 |      0 |      0 |    0 |          0 |
|             gen_cdc_pntr.rd_pntr_cdc_inst                        |                                                                            xpm_cdc_gray__35 |         14 |         14 |       0 |    0 |     30 |      0 |      0 |    0 |          0 |
|             gen_cdc_pntr.rpw_gray_reg                            |                                                                            xpm_fifo_reg_vec |          8 |          8 |       0 |    0 |     10 |      0 |      0 |    0 |          0 |
|             gen_cdc_pntr.rpw_gray_reg_dc                         |                                                            xpm_fifo_reg_vec__parameterized0 |          0 |          0 |       0 |    0 |     11 |      0 |      0 |    0 |          0 |
|             gen_cdc_pntr.wpr_gray_reg                            |                                                                        xpm_fifo_reg_vec_289 |          5 |          5 |       0 |    0 |     10 |      0 |      0 |    0 |          0 |
|             gen_cdc_pntr.wpr_gray_reg_dc                         |                                                        xpm_fifo_reg_vec__parameterized0_290 |          9 |          9 |       0 |    0 |     11 |      0 |      0 |    0 |          0 |
|             gen_cdc_pntr.wr_pntr_cdc_dc_inst                     |                                                            xpm_cdc_gray__parameterized0__17 |         16 |         16 |       0 |    0 |     55 |      0 |      0 |    0 |          0 |
|             gen_cdc_pntr.wr_pntr_cdc_inst                        |                                                                            xpm_cdc_gray__34 |         15 |         15 |       0 |    0 |     30 |      0 |      0 |    0 |          0 |
|             gen_fwft.rdpp1_inst                                  |                                                                        xpm_counter_updn_291 |          6 |          6 |       0 |    0 |      2 |      0 |      0 |    0 |          0 |
|             gen_sdpram.xpm_memory_base_inst                      |                                                          xpm_memory_base__parameterized4__9 |          0 |          0 |       0 |    0 |      0 |      2 |      1 |    0 |          0 |
|             rdp_inst                                             |                                                        xpm_counter_updn__parameterized0_292 |         42 |         42 |       0 |    0 |     11 |      0 |      0 |    0 |          0 |
|             rdpp1_inst                                           |                                                        xpm_counter_updn__parameterized1_293 |         10 |         10 |       0 |    0 |     10 |      0 |      0 |    0 |          0 |
|             rst_d1_inst                                          |                                                                        xpm_fifo_reg_bit_294 |          3 |          3 |       0 |    0 |      1 |      0 |      0 |    0 |          0 |
|             wrp_inst                                             |                                                        xpm_counter_updn__parameterized0_295 |         22 |         22 |       0 |    0 |     11 |      0 |      0 |    0 |          0 |
|             wrpp1_inst                                           |                                                        xpm_counter_updn__parameterized1_296 |         19 |         19 |       0 |    0 |     10 |      0 |      0 |    0 |          0 |
|             wrpp2_inst                                           |                                                            xpm_counter_updn__parameterized2 |          9 |          9 |       0 |    0 |     10 |      0 |      0 |    0 |          0 |
|             xpm_fifo_rst_inst                                    |                                                                xpm_fifo_rst__parameterized0 |         21 |         21 |       0 |    0 |     17 |      0 |      0 |    0 |          0 |
|               (xpm_fifo_rst_inst)                                |                                                                xpm_fifo_rst__parameterized0 |         21 |         21 |       0 |    0 |     13 |      0 |      0 |    0 |          0 |
|               gen_rst_ic.rrst_wr_inst                            |                                                                        xpm_cdc_sync_rst__35 |          0 |          0 |       0 |    0 |      2 |      0 |      0 |    0 |          0 |
|               gen_rst_ic.wrst_rd_inst                            |                                                                        xpm_cdc_sync_rst__34 |          0 |          0 |       0 |    0 |      2 |      0 |      0 |    0 |          0 |
|       u_camera_clocking                                          |                                                                             camera_clocking |          0 |          0 |       0 |    0 |      0 |      0 |      0 |    0 |          0 |
|         u_ov7670_clk_wiz                                         |                                                                              clk_wiz_ov7670 |          0 |          0 |       0 |    0 |      0 |      0 |      0 |    0 |          0 |
|           inst                                                   |                                                                      clk_wiz_ov7670_clk_wiz |          0 |          0 |       0 |    0 |      0 |      0 |      0 |    0 |          0 |
|       u_camera_init_scheduler                                    |                                                                       ov7670_init_scheduler |         16 |         16 |       0 |    0 |     12 |      0 |      0 |    0 |          0 |
|     u_hdmi                                                       |                                                                              hdmi_subsystem |      20805 |      18904 |    1588 |  313 |  29441 |      8 |      2 |    0 |          0 |
|       u_control                                                  |                                                                     video_control_subsystem |       1137 |       1119 |       0 |   18 |    855 |      0 |      0 |    0 |          0 |
|         (u_control)                                              |                                                                     video_control_subsystem |          0 |          0 |       0 |    0 |      0 |      0 |      0 |    0 |          0 |
|         u_gpio                                                   |                                                                                  axi_gpio_0 |        119 |        119 |       0 |    0 |    237 |      0 |      0 |    0 |          0 |
|           (u_gpio)                                               |                                                                                  axi_gpio_0 |          0 |          0 |       0 |    0 |      0 |      0 |      0 |    0 |          0 |
|           U0                                                     |                                                                          axi_gpio_0axi_gpio |        119 |        119 |       0 |    0 |    237 |      0 |      0 |    0 |          0 |
|             (U0)                                                 |                                                                          axi_gpio_0axi_gpio |          0 |          0 |       0 |    0 |     39 |      0 |      0 |    0 |          0 |
|             AXI_LITE_IPIF_I                                      |                                                                     axi_gpio_0axi_lite_ipif |        106 |        106 |       0 |    0 |     78 |      0 |      0 |    0 |          0 |
|               I_SLAVE_ATTACHMENT                                 |                                                                  axi_gpio_0slave_attachment |        106 |        106 |       0 |    0 |     78 |      0 |      0 |    0 |          0 |
|             INTR_CTRLR_GEN.INTERRUPT_CONTROL_I                   |                                                                 axi_gpio_0interrupt_control |          5 |          5 |       0 |    0 |     13 |      0 |      0 |    0 |          0 |
|             gpio_core_1                                          |                                                                         axi_gpio_0GPIO_Core |          8 |          8 |       0 |    0 |    107 |      0 |      0 |    0 |          0 |
|               (gpio_core_1)                                      |                                                                         axi_gpio_0GPIO_Core |          3 |          3 |       0 |    0 |     87 |      0 |      0 |    0 |          0 |
|               Dual.INPUT_DOUBLE_REGS5                            |                                                          axi_gpio_0cdc_sync__parameterized0 |          5 |          5 |       0 |    0 |     20 |      0 |      0 |    0 |          0 |
|         u_iic                                                    |                                                                                   axi_iic_0 |        385 |        367 |       0 |   18 |    352 |      0 |      0 |    0 |          0 |
|           (u_iic)                                                |                                                                                   axi_iic_0 |          0 |          0 |       0 |    0 |      0 |      0 |      0 |    0 |          0 |
|           U0                                                     |                                                                            axi_iic_0axi_iic |        385 |        367 |       0 |   18 |    352 |      0 |      0 |    0 |          0 |
|             (U0)                                                 |                                                                            axi_iic_0axi_iic |          0 |          0 |       0 |    0 |      0 |      0 |      0 |    0 |          0 |
|             X_IIC                                                |                                                                                axi_iic_0iic |        385 |        367 |       0 |   18 |    352 |      0 |      0 |    0 |          0 |
|               (X_IIC)                                            |                                                                                axi_iic_0iic |          0 |          0 |       0 |    0 |      4 |      0 |      0 |    0 |          0 |
|               DYN_MASTER_I                                       |                                                                     axi_iic_0dynamic_master |         15 |         15 |       0 |    0 |     16 |      0 |      0 |    0 |          0 |
|               FILTER_I                                           |                                                                             axi_iic_0filter |          1 |          1 |       0 |    0 |      8 |      0 |      0 |    0 |          0 |
|               IIC_CONTROL_I                                      |                                                                        axi_iic_0iic_control |        123 |        123 |       0 |    0 |    111 |      0 |      0 |    0 |          0 |
|               READ_FIFO_I                                        |                                                                           axi_iic_0SRL_FIFO |         18 |         10 |       0 |    8 |      5 |      0 |      0 |    0 |          0 |
|               REG_INTERFACE_I                                    |                                                                      axi_iic_0reg_interface |         61 |         61 |       0 |    0 |    108 |      0 |      0 |    0 |          0 |
|               WRITE_FIFO_CTRL_I                                  |                                                           axi_iic_0SRL_FIFO__parameterized0 |          9 |          7 |       0 |    2 |      5 |      0 |      0 |    0 |          0 |
|               WRITE_FIFO_I                                       |                                                                         axi_iic_0SRL_FIFO_0 |         20 |         12 |       0 |    8 |      5 |      0 |      0 |    0 |          0 |
|               X_AXI_IPIF_SSP1                                    |                                                                      axi_iic_0axi_ipif_ssp1 |        139 |        139 |       0 |    0 |     90 |      0 |      0 |    0 |          0 |
|         u_mmio_fabric                                            |                                                                           video_mmio_fabric |        188 |        188 |       0 |    0 |    135 |      0 |      0 |    0 |          0 |
|         u_peripheral_fabric                                      |                                                                     video_peripheral_fabric |        445 |        445 |       0 |    0 |    131 |      0 |      0 |    0 |          0 |
|       u_phy                                                      |                                                                          hdmi_phy_subsystem |       3559 |       3559 |       0 |    0 |   7884 |      0 |      0 |    0 |          0 |
|         (u_phy)                                                  |                                                                          hdmi_phy_subsystem |          0 |          0 |       0 |    0 |      0 |      0 |      0 |    0 |          0 |
|         u_tx_refclk_bufg                                         |                                                                              tx_refclk_bufg |          0 |          0 |       0 |    0 |      0 |      0 |      0 |    0 |          0 |
|           (u_tx_refclk_bufg)                                     |                                                                              tx_refclk_bufg |          0 |          0 |       0 |    0 |      0 |      0 |      0 |    0 |          0 |
|           U0                                                     |                                                                   tx_refclk_bufgutil_ds_buf |          0 |          0 |       0 |    0 |      0 |      0 |      0 |    0 |          0 |
|         u_tx_refclk_ibuf                                         |                                                                              tx_refclk_ibuf |          0 |          0 |       0 |    0 |      0 |      0 |      0 |    0 |          0 |
|           (u_tx_refclk_ibuf)                                     |                                                                              tx_refclk_ibuf |          0 |          0 |       0 |    0 |      0 |      0 |      0 |    0 |          0 |
|           U0                                                     |                                                                   tx_refclk_ibufutil_ds_buf |          0 |          0 |       0 |    0 |      0 |      0 |      0 |    0 |          0 |
|         u_vphy                                                   |                                                                        vid_phy_controller_0 |       3559 |       3559 |       0 |    0 |   7884 |      0 |      0 |    0 |          0 |
|           (u_vphy)                                               |                                                                        vid_phy_controller_0 |          0 |          0 |       0 |    0 |      0 |      0 |      0 |    0 |          0 |
|           inst                                                   |                                                                    vid_phy_controller_0_top |       3559 |       3559 |       0 |    0 |   7884 |      0 |      0 |    0 |          0 |
|             (inst)                                               |                                                                    vid_phy_controller_0_top |         54 |         54 |       0 |    0 |    124 |      0 |      0 |    0 |          0 |
|             clock_detector_inst                                  |                                                                 vid_phy_controller_0_clkdet |        246 |        246 |       0 |    0 |    489 |      0 |      0 |    0 |          0 |
|               (clock_detector_inst)                              |                                                                 vid_phy_controller_0_clkdet |        224 |        224 |       0 |    0 |    302 |      0 |      0 |    0 |          0 |
|               DRUCLK_FREQ_CAP_INST                               |                                 vid_phy_controller_0xpm_cdc_array_single__parameterized3__7 |          0 |          0 |       0 |    0 |     54 |      0 |      0 |    0 |          0 |
|               DRUCLK_RST_INST                                    |                                       vid_phy_controller_0xpm_cdc_async_rst__parameterized0 |          0 |          0 |       0 |    0 |      3 |      0 |      0 |    0 |          0 |
|               DRUCLK_RUN_SYNC_INST                               |                                      vid_phy_controller_0xpm_cdc_single__parameterized0__82 |          0 |          0 |       0 |    0 |      3 |      0 |      0 |    0 |          0 |
|               RXCLK_FREQ_CAP_INST                                |                                 vid_phy_controller_0xpm_cdc_array_single__parameterized3__6 |          0 |          0 |       0 |    0 |     54 |      0 |      0 |    0 |          0 |
|               RXCLK_RST_INST                                     |                                    vid_phy_controller_0xpm_cdc_async_rst__parameterized0__2 |          0 |          0 |       0 |    0 |      3 |      0 |      0 |    0 |          0 |
|               RXCLK_RUN_SYNC_INST                                |                                      vid_phy_controller_0xpm_cdc_single__parameterized0__81 |          0 |          0 |       0 |    0 |      3 |      0 |      0 |    0 |          0 |
|               RX_FREQ_LOCK_EDGE_INST                             |                                vid_phy_controller_0vid_phy_controller_v2_2_17_lib_edge_v1_0 |          1 |          1 |       0 |    0 |      1 |      0 |      0 |    0 |          0 |
|               RX_TMR_END_EDGE_INST                               |                              vid_phy_controller_0vid_phy_controller_v2_2_17_lib_edge_v1_0_0 |         10 |         10 |       0 |    0 |      1 |      0 |      0 |    0 |          0 |
|               TXCLK_FREQ_CAP_INST                                |                                 vid_phy_controller_0xpm_cdc_array_single__parameterized3__5 |          0 |          0 |       0 |    0 |     54 |      0 |      0 |    0 |          0 |
|               TXCLK_RST_INST                                     |                                    vid_phy_controller_0xpm_cdc_async_rst__parameterized0__1 |          0 |          0 |       0 |    0 |      3 |      0 |      0 |    0 |          0 |
|               TXCLK_RUN_SYNC_INST                                |                                      vid_phy_controller_0xpm_cdc_single__parameterized0__80 |          0 |          0 |       0 |    0 |      3 |      0 |      0 |    0 |          0 |
|               TX_FREQ_LOCK_EDGE_INST                             |                              vid_phy_controller_0vid_phy_controller_v2_2_17_lib_edge_v1_0_1 |          1 |          1 |       0 |    0 |      1 |      0 |      0 |    0 |          0 |
|               TX_LOCK_CAP_INST                                   |                                      vid_phy_controller_0xpm_cdc_single__parameterized0__79 |          0 |          0 |       0 |    0 |      3 |      0 |      0 |    0 |          0 |
|               TX_TMR_END_EDGE_INST                               |                              vid_phy_controller_0vid_phy_controller_v2_2_17_lib_edge_v1_0_2 |         10 |         10 |       0 |    0 |      1 |      0 |      0 |    0 |          0 |
|             drp_control_b0gt0_inst                               |  vid_phy_controller_0vid_phy_controller_v2_2_17_drp_control_hdmi__parameterized0__xdcDup__1 |         39 |         39 |       0 |    0 |    286 |      0 |      0 |    0 |          0 |
|               (drp_control_b0gt0_inst)                           |  vid_phy_controller_0vid_phy_controller_v2_2_17_drp_control_hdmi__parameterized0__xdcDup__1 |         22 |         22 |       0 |    0 |     84 |      0 |      0 |    0 |          0 |
|               xpm_handshake_DRP_Config_inst                      |                                 vid_phy_controller_0xpm_cdc_array_single__parameterized0__9 |          2 |          2 |       0 |    0 |     99 |      0 |      0 |    0 |          0 |
|               xpm_handshake_DRP_Status_inst                      |                                 vid_phy_controller_0xpm_cdc_array_single__parameterized1__9 |         15 |         15 |       0 |    0 |     96 |      0 |      0 |    0 |          0 |
|               xpm_single_DRP_Rsp_Rd_Toggle_inst                  |                                      vid_phy_controller_0xpm_cdc_single__parameterized0__69 |          0 |          0 |       0 |    0 |      3 |      0 |      0 |    0 |          0 |
|               xpm_single_drp_reset_RST_inst                      |                                                    vid_phy_controller_0xpm_cdc_async_rst__8 |          0 |          0 |       0 |    0 |      4 |      0 |      0 |    0 |          0 |
|             drp_control_b0gt1_inst                               |  vid_phy_controller_0vid_phy_controller_v2_2_17_drp_control_hdmi__parameterized0__xdcDup__2 |         40 |         40 |       0 |    0 |    286 |      0 |      0 |    0 |          0 |
|               (drp_control_b0gt1_inst)                           |  vid_phy_controller_0vid_phy_controller_v2_2_17_drp_control_hdmi__parameterized0__xdcDup__2 |         23 |         23 |       0 |    0 |     84 |      0 |      0 |    0 |          0 |
|               xpm_handshake_DRP_Config_inst                      |                                vid_phy_controller_0xpm_cdc_array_single__parameterized0__10 |          2 |          2 |       0 |    0 |     99 |      0 |      0 |    0 |          0 |
|               xpm_handshake_DRP_Status_inst                      |                                vid_phy_controller_0xpm_cdc_array_single__parameterized1__10 |         15 |         15 |       0 |    0 |     96 |      0 |      0 |    0 |          0 |
|               xpm_single_DRP_Rsp_Rd_Toggle_inst                  |                                      vid_phy_controller_0xpm_cdc_single__parameterized0__71 |          0 |          0 |       0 |    0 |      3 |      0 |      0 |    0 |          0 |
|               xpm_single_drp_reset_RST_inst                      |                                                    vid_phy_controller_0xpm_cdc_async_rst__9 |          0 |          0 |       0 |    0 |      4 |      0 |      0 |    0 |          0 |
|             drp_control_b0gt2_inst                               |  vid_phy_controller_0vid_phy_controller_v2_2_17_drp_control_hdmi__parameterized0__xdcDup__3 |         39 |         39 |       0 |    0 |    286 |      0 |      0 |    0 |          0 |
|               (drp_control_b0gt2_inst)                           |  vid_phy_controller_0vid_phy_controller_v2_2_17_drp_control_hdmi__parameterized0__xdcDup__3 |         22 |         22 |       0 |    0 |     84 |      0 |      0 |    0 |          0 |
|               xpm_handshake_DRP_Config_inst                      |                                vid_phy_controller_0xpm_cdc_array_single__parameterized0__11 |          2 |          2 |       0 |    0 |     99 |      0 |      0 |    0 |          0 |
|               xpm_handshake_DRP_Status_inst                      |                                vid_phy_controller_0xpm_cdc_array_single__parameterized1__11 |         15 |         15 |       0 |    0 |     96 |      0 |      0 |    0 |          0 |
|               xpm_single_DRP_Rsp_Rd_Toggle_inst                  |                                      vid_phy_controller_0xpm_cdc_single__parameterized0__73 |          0 |          0 |       0 |    0 |      3 |      0 |      0 |    0 |          0 |
|               xpm_single_drp_reset_RST_inst                      |                                                   vid_phy_controller_0xpm_cdc_async_rst__10 |          0 |          0 |       0 |    0 |      4 |      0 |      0 |    0 |          0 |
|             drp_control_b0gt3_inst                               |  vid_phy_controller_0vid_phy_controller_v2_2_17_drp_control_hdmi__parameterized0__xdcDup__4 |         39 |         39 |       0 |    0 |    286 |      0 |      0 |    0 |          0 |
|               (drp_control_b0gt3_inst)                           |  vid_phy_controller_0vid_phy_controller_v2_2_17_drp_control_hdmi__parameterized0__xdcDup__4 |         22 |         22 |       0 |    0 |     84 |      0 |      0 |    0 |          0 |
|               xpm_handshake_DRP_Config_inst                      |                                vid_phy_controller_0xpm_cdc_array_single__parameterized0__12 |          2 |          2 |       0 |    0 |     99 |      0 |      0 |    0 |          0 |
|               xpm_handshake_DRP_Status_inst                      |                                vid_phy_controller_0xpm_cdc_array_single__parameterized1__12 |         15 |         15 |       0 |    0 |     96 |      0 |      0 |    0 |          0 |
|               xpm_single_DRP_Rsp_Rd_Toggle_inst                  |                                      vid_phy_controller_0xpm_cdc_single__parameterized0__75 |          0 |          0 |       0 |    0 |      3 |      0 |      0 |    0 |          0 |
|               xpm_single_drp_reset_RST_inst                      |                                                   vid_phy_controller_0xpm_cdc_async_rst__11 |          0 |          0 |       0 |    0 |      4 |      0 |      0 |    0 |          0 |
|             drp_control_b0gtcommon_inst                          |             vid_phy_controller_0vid_phy_controller_v2_2_17_drp_control_hdmi__parameterized0 |         39 |         39 |       0 |    0 |    286 |      0 |      0 |    0 |          0 |
|               (drp_control_b0gtcommon_inst)                      |             vid_phy_controller_0vid_phy_controller_v2_2_17_drp_control_hdmi__parameterized0 |         22 |         22 |       0 |    0 |     84 |      0 |      0 |    0 |          0 |
|               xpm_handshake_DRP_Config_inst                      |                                    vid_phy_controller_0xpm_cdc_array_single__parameterized0 |          2 |          2 |       0 |    0 |     99 |      0 |      0 |    0 |          0 |
|               xpm_handshake_DRP_Status_inst                      |                                    vid_phy_controller_0xpm_cdc_array_single__parameterized1 |         15 |         15 |       0 |    0 |     96 |      0 |      0 |    0 |          0 |
|               xpm_single_DRP_Rsp_Rd_Toggle_inst                  |                                      vid_phy_controller_0xpm_cdc_single__parameterized0__77 |          0 |          0 |       0 |    0 |      3 |      0 |      0 |    0 |          0 |
|               xpm_single_drp_reset_RST_inst                      |                                                       vid_phy_controller_0xpm_cdc_async_rst |          0 |          0 |       0 |    0 |      4 |      0 |      0 |    0 |          0 |
|             gt_common_inst                                       |                                         vid_phy_controller_0_gtwrapper_gtye4_common_wrapper |         31 |         31 |       0 |    0 |      0 |      0 |      0 |    0 |          0 |
|               common_inst                                        |                                                           vid_phy_controller_0_gtye4_common |         31 |         31 |       0 |    0 |      0 |      0 |      0 |    0 |          0 |
|             gt_usrclk_source_inst                                |                                               vid_phy_controller_0_gt_usrclk_source_8series |        118 |        118 |       0 |    0 |    570 |      0 |      0 |    0 |          0 |
|               (gt_usrclk_source_inst)                            |                                               vid_phy_controller_0_gt_usrclk_source_8series |          2 |          2 |       0 |    0 |      4 |      0 |      0 |    0 |          0 |
|               rx_mmcm.RXPLL_DRP_INST                             |                             vid_phy_controller_0vid_phy_controller_v2_2_17_drp_control_hdmi |         40 |         40 |       0 |    0 |    280 |      0 |      0 |    0 |          0 |
|               rx_mmcm.rxoutclk_mmcm0_i                           |                                   vid_phy_controller_0_CLOCK_MODULE_8series__parameterized0 |         18 |         18 |       0 |    0 |      3 |      0 |      0 |    0 |          0 |
|               tx_mmcm.TXPLL_DRP_INST                             |                  vid_phy_controller_0vid_phy_controller_v2_2_17_drp_control_hdmi__xdcDup__1 |         40 |         40 |       0 |    0 |    280 |      0 |      0 |    0 |          0 |
|               tx_mmcm.txoutclk_mmcm0_i                           |                                                   vid_phy_controller_0_CLOCK_MODULE_8series |         18 |         18 |       0 |    0 |      3 |      0 |      0 |    0 |          0 |
|             gt_wrapper_inst                                      |                                                              vid_phy_controller_0_gtwrapper |       1927 |       1927 |       0 |    0 |   3221 |      0 |      0 |    0 |          0 |
|               (gt_wrapper_inst)                                  |                                                              vid_phy_controller_0_gtwrapper |          0 |          0 |       0 |    0 |      0 |      0 |      0 |    0 |          0 |
|               inst                                               |                                                 vid_phy_controller_0_gtwrapper_gtwizard_top |       1927 |       1927 |       0 |    0 |   3221 |      0 |      0 |    0 |          0 |
|             tx_tmdsclk_patgen_inst                               |                         vid_phy_controller_0vid_phy_controller_v2_2_17_gt_tx_tmdsclk_patgen |         35 |         35 |       0 |    0 |     49 |      0 |      0 |    0 |          0 |
|               (tx_tmdsclk_patgen_inst)                           |                         vid_phy_controller_0vid_phy_controller_v2_2_17_gt_tx_tmdsclk_patgen |         35 |         35 |       0 |    0 |     37 |      0 |      0 |    0 |          0 |
|               BIT_REP_IN_SYNC_INST                               |                                 vid_phy_controller_0xpm_cdc_array_single__parameterized2__5 |          0 |          0 |       0 |    0 |      9 |      0 |      0 |    0 |          0 |
|               RESET_IN_SYNC_INST                                 |                                      vid_phy_controller_0xpm_cdc_single__parameterized0__68 |          0 |          0 |       0 |    0 |      3 |      0 |      0 |    0 |          0 |
|             vid_phy_controller_v2_2_17_vid_phy_axi4lite_inst     |                                     vid_phy_controller_0vid_phy_controller_v2_2_17_axi4lite |        953 |        953 |       0 |    0 |   1397 |      0 |      0 |    0 |          0 |
|               (vid_phy_controller_v2_2_17_vid_phy_axi4lite_inst) |                                     vid_phy_controller_0vid_phy_controller_v2_2_17_axi4lite |        885 |        885 |       0 |    0 |   1372 |      0 |      0 |    0 |          0 |
|               vid_phy_controller_interrupts_inst                 |                                   vid_phy_controller_0vid_phy_controller_v2_2_17_interrupts |         68 |         68 |       0 |    0 |     25 |      0 |      0 |    0 |          0 |
|             xpm_array_gtwiz_reset_sync_inst                      |                                                    vid_phy_controller_0xpm_cdc_array_single |          0 |          0 |       0 |    0 |     16 |      0 |      0 |    0 |          0 |
|             xpm_array_single_cpll_cal_cnt_tol_b0_inst            |                                    vid_phy_controller_0xpm_cdc_array_single__parameterized3 |          0 |          0 |       0 |    0 |     54 |      0 |      0 |    0 |          0 |
|             xpm_array_single_cpll_cal_txoutclk_period_b0_inst    |                                 vid_phy_controller_0xpm_cdc_array_single__parameterized3__8 |          0 |          0 |       0 |    0 |     54 |      0 |      0 |    0 |          0 |
|             xpm_array_single_qpll0lock_b0_inst                   |                                     vid_phy_controller_0xpm_cdc_single__parameterized0__126 |          0 |          0 |       0 |    0 |      3 |      0 |      0 |    0 |          0 |
|             xpm_array_single_qpll0lock_out_dly_sync_inst         |                                     vid_phy_controller_0xpm_cdc_single__parameterized0__128 |          0 |          0 |       0 |    0 |      3 |      0 |      0 |    0 |          0 |
|             xpm_array_single_qpll1lock_b0_inst                   |                                     vid_phy_controller_0xpm_cdc_single__parameterized0__127 |          0 |          0 |       0 |    0 |      3 |      0 |      0 |    0 |          0 |
|             xpm_array_single_rxbufstatus_b00_inst                |                                 vid_phy_controller_0xpm_cdc_array_single__parameterized2__6 |          0 |          0 |       0 |    0 |      9 |      0 |      0 |    0 |          0 |
|             xpm_array_single_rxbufstatus_b01_inst                |                                 vid_phy_controller_0xpm_cdc_array_single__parameterized2__7 |          0 |          0 |       0 |    0 |      9 |      0 |      0 |    0 |          0 |
|             xpm_array_single_rxbufstatus_b02_inst                |                                 vid_phy_controller_0xpm_cdc_array_single__parameterized2__8 |          0 |          0 |       0 |    0 |      9 |      0 |      0 |    0 |          0 |
|             xpm_array_single_rxbufstatus_b03_inst                |                                    vid_phy_controller_0xpm_cdc_array_single__parameterized2 |          0 |          0 |       0 |    0 |      9 |      0 |      0 |    0 |          0 |
|             xpm_array_single_rxcdrlock_b00_inst                  |                                      vid_phy_controller_0xpm_cdc_single__parameterized0__90 |          0 |          0 |       0 |    0 |      3 |      0 |      0 |    0 |          0 |
|             xpm_array_single_rxcdrlock_b01_inst                  |                                      vid_phy_controller_0xpm_cdc_single__parameterized0__99 |          0 |          0 |       0 |    0 |      3 |      0 |      0 |    0 |          0 |
|             xpm_array_single_rxcdrlock_b02_inst                  |                                     vid_phy_controller_0xpm_cdc_single__parameterized0__108 |          0 |          0 |       0 |    0 |      3 |      0 |      0 |    0 |          0 |
|             xpm_array_single_rxcdrlock_b03_inst                  |                                     vid_phy_controller_0xpm_cdc_single__parameterized0__117 |          0 |          0 |       0 |    0 |      3 |      0 |      0 |    0 |          0 |
|             xpm_array_single_rxpllclksel_in_drp0_inst            |                                                      vid_phy_controller_0xpm_cdc_single__21 |          0 |          0 |       0 |    0 |      4 |      0 |      0 |    0 |          0 |
|             xpm_array_single_rxpllclksel_in_drp1_inst            |                                                      vid_phy_controller_0xpm_cdc_single__23 |          0 |          0 |       0 |    0 |      4 |      0 |      0 |    0 |          0 |
|             xpm_array_single_rxpllclksel_in_drp2_inst            |                                                      vid_phy_controller_0xpm_cdc_single__25 |          0 |          0 |       0 |    0 |      4 |      0 |      0 |    0 |          0 |
|             xpm_array_single_rxpllclksel_in_drp3_inst            |                                                      vid_phy_controller_0xpm_cdc_single__27 |          0 |          0 |       0 |    0 |      4 |      0 |      0 |    0 |          0 |
|             xpm_array_single_rxpllclksel_in_drp4_inst            |                                                      vid_phy_controller_0xpm_cdc_single__29 |          0 |          0 |       0 |    0 |      4 |      0 |      0 |    0 |          0 |
|             xpm_array_single_rxpllclksel_in_drp5_inst            |                                                      vid_phy_controller_0xpm_cdc_single__31 |          0 |          0 |       0 |    0 |      4 |      0 |      0 |    0 |          0 |
|             xpm_array_single_rxpllclksel_in_drp6_inst            |                                                      vid_phy_controller_0xpm_cdc_single__33 |          0 |          0 |       0 |    0 |      4 |      0 |      0 |    0 |          0 |
|             xpm_array_single_rxpllclksel_in_drp7_inst            |                                                      vid_phy_controller_0xpm_cdc_single__35 |          0 |          0 |       0 |    0 |      4 |      0 |      0 |    0 |          0 |
|             xpm_array_single_rxpmaresetdone_b00_inst             |                                      vid_phy_controller_0xpm_cdc_single__parameterized0__97 |          0 |          0 |       0 |    0 |      3 |      0 |      0 |    0 |          0 |
|             xpm_array_single_rxpmaresetdone_b01_inst             |                                     vid_phy_controller_0xpm_cdc_single__parameterized0__106 |          0 |          0 |       0 |    0 |      3 |      0 |      0 |    0 |          0 |
|             xpm_array_single_rxpmaresetdone_b02_inst             |                                     vid_phy_controller_0xpm_cdc_single__parameterized0__115 |          0 |          0 |       0 |    0 |      3 |      0 |      0 |    0 |          0 |
|             xpm_array_single_rxpmaresetdone_b03_inst             |                                     vid_phy_controller_0xpm_cdc_single__parameterized0__124 |          0 |          0 |       0 |    0 |      3 |      0 |      0 |    0 |          0 |
|             xpm_array_single_rxprbssel_b00_inst                  |                                 vid_phy_controller_0xpm_cdc_array_single__parameterized4__8 |          0 |          0 |       0 |    0 |     12 |      0 |      0 |    0 |          0 |
|             xpm_array_single_rxprbssel_b01_inst                  |                                vid_phy_controller_0xpm_cdc_array_single__parameterized4__10 |          0 |          0 |       0 |    0 |     12 |      0 |      0 |    0 |          0 |
|             xpm_array_single_rxprbssel_b02_inst                  |                                vid_phy_controller_0xpm_cdc_array_single__parameterized4__12 |          0 |          0 |       0 |    0 |     12 |      0 |      0 |    0 |          0 |
|             xpm_array_single_rxprbssel_b03_inst                  |                                vid_phy_controller_0xpm_cdc_array_single__parameterized4__14 |          0 |          0 |       0 |    0 |     12 |      0 |      0 |    0 |          0 |
|             xpm_array_single_txbufstatus_b00_inst                |                                 vid_phy_controller_0xpm_cdc_array_single__parameterized6__9 |          0 |          0 |       0 |    0 |      6 |      0 |      0 |    0 |          0 |
|             xpm_array_single_txbufstatus_b01_inst                |                                vid_phy_controller_0xpm_cdc_array_single__parameterized6__11 |          0 |          0 |       0 |    0 |      6 |      0 |      0 |    0 |          0 |
|             xpm_array_single_txbufstatus_b02_inst                |                                vid_phy_controller_0xpm_cdc_array_single__parameterized6__13 |          0 |          0 |       0 |    0 |      6 |      0 |      0 |    0 |          0 |
|             xpm_array_single_txbufstatus_b03_inst                |                                    vid_phy_controller_0xpm_cdc_array_single__parameterized6 |          0 |          0 |       0 |    0 |      6 |      0 |      0 |    0 |          0 |
|             xpm_array_single_txdiffctrl_b00_inst                 |                                 vid_phy_controller_0xpm_cdc_array_single__parameterized5__4 |          1 |          1 |       0 |    0 |     15 |      0 |      0 |    0 |          0 |
|             xpm_array_single_txdiffctrl_b01_inst                 |                                 vid_phy_controller_0xpm_cdc_array_single__parameterized5__5 |          1 |          1 |       0 |    0 |     15 |      0 |      0 |    0 |          0 |
|             xpm_array_single_txdiffctrl_b02_inst                 |                                 vid_phy_controller_0xpm_cdc_array_single__parameterized5__6 |          1 |          1 |       0 |    0 |     15 |      0 |      0 |    0 |          0 |
|             xpm_array_single_txdiffctrl_b03_inst                 |                                    vid_phy_controller_0xpm_cdc_array_single__parameterized5 |          1 |          1 |       0 |    0 |     15 |      0 |      0 |    0 |          0 |
|             xpm_array_single_txelecidle_b00_inst                 |                                                      vid_phy_controller_0xpm_cdc_single__36 |          0 |          0 |       0 |    0 |      4 |      0 |      0 |    0 |          0 |
|             xpm_array_single_txelecidle_b01_inst                 |                                                      vid_phy_controller_0xpm_cdc_single__37 |          0 |          0 |       0 |    0 |      4 |      0 |      0 |    0 |          0 |
|             xpm_array_single_txelecidle_b02_inst                 |                                                      vid_phy_controller_0xpm_cdc_single__38 |          0 |          0 |       0 |    0 |      4 |      0 |      0 |    0 |          0 |
|             xpm_array_single_txelecidle_b03_inst                 |                                                          vid_phy_controller_0xpm_cdc_single |          0 |          0 |       0 |    0 |      4 |      0 |      0 |    0 |          0 |
|             xpm_array_single_txinhibit_b00_inst                  |                                      vid_phy_controller_0xpm_cdc_single__parameterized0__94 |          0 |          0 |       0 |    0 |      3 |      0 |      0 |    0 |          0 |
|             xpm_array_single_txinhibit_b01_inst                  |                                     vid_phy_controller_0xpm_cdc_single__parameterized0__103 |          0 |          0 |       0 |    0 |      3 |      0 |      0 |    0 |          0 |
|             xpm_array_single_txinhibit_b02_inst                  |                                     vid_phy_controller_0xpm_cdc_single__parameterized0__112 |          0 |          0 |       0 |    0 |      3 |      0 |      0 |    0 |          0 |
|             xpm_array_single_txinhibit_b03_inst                  |                                     vid_phy_controller_0xpm_cdc_single__parameterized0__121 |          0 |          0 |       0 |    0 |      3 |      0 |      0 |    0 |          0 |
|             xpm_array_single_txpd_b00_inst                       |                                 vid_phy_controller_0xpm_cdc_array_single__parameterized6__8 |          0 |          0 |       0 |    0 |      6 |      0 |      0 |    0 |          0 |
|             xpm_array_single_txpd_b01_inst                       |                                vid_phy_controller_0xpm_cdc_array_single__parameterized6__10 |          0 |          0 |       0 |    0 |      6 |      0 |      0 |    0 |          0 |
|             xpm_array_single_txpd_b02_inst                       |                                vid_phy_controller_0xpm_cdc_array_single__parameterized6__12 |          0 |          0 |       0 |    0 |      6 |      0 |      0 |    0 |          0 |
|             xpm_array_single_txpd_b03_inst                       |                                vid_phy_controller_0xpm_cdc_array_single__parameterized6__14 |          0 |          0 |       0 |    0 |      6 |      0 |      0 |    0 |          0 |
|             xpm_array_single_txpllclksel_in_drp0_inst            |                                                      vid_phy_controller_0xpm_cdc_single__20 |          0 |          0 |       0 |    0 |      4 |      0 |      0 |    0 |          0 |
|             xpm_array_single_txpllclksel_in_drp1_inst            |                                                      vid_phy_controller_0xpm_cdc_single__22 |          0 |          0 |       0 |    0 |      4 |      0 |      0 |    0 |          0 |
|             xpm_array_single_txpllclksel_in_drp2_inst            |                                                      vid_phy_controller_0xpm_cdc_single__24 |          0 |          0 |       0 |    0 |      4 |      0 |      0 |    0 |          0 |
|             xpm_array_single_txpllclksel_in_drp3_inst            |                                                      vid_phy_controller_0xpm_cdc_single__26 |          0 |          0 |       0 |    0 |      4 |      0 |      0 |    0 |          0 |
|             xpm_array_single_txpllclksel_in_drp4_inst            |                                                      vid_phy_controller_0xpm_cdc_single__28 |          0 |          0 |       0 |    0 |      4 |      0 |      0 |    0 |          0 |
|             xpm_array_single_txpllclksel_in_drp5_inst            |                                                      vid_phy_controller_0xpm_cdc_single__30 |          0 |          0 |       0 |    0 |      4 |      0 |      0 |    0 |          0 |
|             xpm_array_single_txpllclksel_in_drp6_inst            |                                                      vid_phy_controller_0xpm_cdc_single__32 |          0 |          0 |       0 |    0 |      4 |      0 |      0 |    0 |          0 |
|             xpm_array_single_txpllclksel_in_drp7_inst            |                                                      vid_phy_controller_0xpm_cdc_single__34 |          0 |          0 |       0 |    0 |      4 |      0 |      0 |    0 |          0 |
|             xpm_array_single_txpmaresetdone_b00_inst             |                                      vid_phy_controller_0xpm_cdc_single__parameterized0__98 |          0 |          0 |       0 |    0 |      3 |      0 |      0 |    0 |          0 |
|             xpm_array_single_txpmaresetdone_b01_inst             |                                     vid_phy_controller_0xpm_cdc_single__parameterized0__107 |          0 |          0 |       0 |    0 |      3 |      0 |      0 |    0 |          0 |
|             xpm_array_single_txpmaresetdone_b02_inst             |                                     vid_phy_controller_0xpm_cdc_single__parameterized0__116 |          0 |          0 |       0 |    0 |      3 |      0 |      0 |    0 |          0 |
|             xpm_array_single_txpmaresetdone_b03_inst             |                                     vid_phy_controller_0xpm_cdc_single__parameterized0__125 |          0 |          0 |       0 |    0 |      3 |      0 |      0 |    0 |          0 |
|             xpm_array_single_txpolarity_b00_inst                 |                                      vid_phy_controller_0xpm_cdc_single__parameterized0__95 |          0 |          0 |       0 |    0 |      3 |      0 |      0 |    0 |          0 |
|             xpm_array_single_txpolarity_b01_inst                 |                                     vid_phy_controller_0xpm_cdc_single__parameterized0__104 |          0 |          0 |       0 |    0 |      3 |      0 |      0 |    0 |          0 |
|             xpm_array_single_txpolarity_b02_inst                 |                                     vid_phy_controller_0xpm_cdc_single__parameterized0__113 |          0 |          0 |       0 |    0 |      3 |      0 |      0 |    0 |          0 |
|             xpm_array_single_txpolarity_b03_inst                 |                                     vid_phy_controller_0xpm_cdc_single__parameterized0__122 |          0 |          0 |       0 |    0 |      3 |      0 |      0 |    0 |          0 |
|             xpm_array_single_txprbsforceerr_b00_inst             |                                      vid_phy_controller_0xpm_cdc_single__parameterized0__96 |          0 |          0 |       0 |    0 |      3 |      0 |      0 |    0 |          0 |
|             xpm_array_single_txprbsforceerr_b01_inst             |                                     vid_phy_controller_0xpm_cdc_single__parameterized0__105 |          0 |          0 |       0 |    0 |      3 |      0 |      0 |    0 |          0 |
|             xpm_array_single_txprbsforceerr_b02_inst             |                                     vid_phy_controller_0xpm_cdc_single__parameterized0__114 |          0 |          0 |       0 |    0 |      3 |      0 |      0 |    0 |          0 |
|             xpm_array_single_txprbsforceerr_b03_inst             |                                     vid_phy_controller_0xpm_cdc_single__parameterized0__123 |          0 |          0 |       0 |    0 |      3 |      0 |      0 |    0 |          0 |
|             xpm_array_single_txprbssel_b00_inst                  |                                 vid_phy_controller_0xpm_cdc_array_single__parameterized4__9 |          0 |          0 |       0 |    0 |     12 |      0 |      0 |    0 |          0 |
|             xpm_array_single_txprbssel_b01_inst                  |                                vid_phy_controller_0xpm_cdc_array_single__parameterized4__11 |          0 |          0 |       0 |    0 |     12 |      0 |      0 |    0 |          0 |
|             xpm_array_single_txprbssel_b02_inst                  |                                vid_phy_controller_0xpm_cdc_array_single__parameterized4__13 |          0 |          0 |       0 |    0 |     12 |      0 |      0 |    0 |          0 |
|             xpm_array_single_txprbssel_b03_inst                  |                                    vid_phy_controller_0xpm_cdc_array_single__parameterized4 |          0 |          0 |       0 |    0 |     12 |      0 |      0 |    0 |          0 |
|             xpm_cdc_async_rst_QPLL_axi4lite_to_drp_resetn_inst   |                                       vid_phy_controller_0xpm_cdc_async_rst__parameterized1 |          1 |          1 |       0 |    0 |      4 |      0 |      0 |    0 |          0 |
|             xpm_single_buffbypass_tx_done_b0_inst                |                                      vid_phy_controller_0xpm_cdc_single__parameterized0__86 |          0 |          0 |       0 |    0 |      3 |      0 |      0 |    0 |          0 |
|             xpm_single_buffbypass_tx_error_b0_inst               |                                      vid_phy_controller_0xpm_cdc_single__parameterized0__89 |          0 |          0 |       0 |    0 |      3 |      0 |      0 |    0 |          0 |
|             xpm_single_buffbypass_tx_reset_b0_inst               |                                      vid_phy_controller_0xpm_cdc_single__parameterized0__87 |          0 |          0 |       0 |    0 |      3 |      0 |      0 |    0 |          0 |
|             xpm_single_buffbypass_tx_start_b0_inst               |                                      vid_phy_controller_0xpm_cdc_single__parameterized0__88 |          0 |          0 |       0 |    0 |      3 |      0 |      0 |    0 |          0 |
|             xpm_single_drp_rdy_b0_common_inst                    |                                      vid_phy_controller_0xpm_cdc_single__parameterized0__78 |          0 |          0 |       0 |    0 |      3 |      0 |      0 |    0 |          0 |
|             xpm_single_drp_rdy_b0gt0_inst                        |                                      vid_phy_controller_0xpm_cdc_single__parameterized0__70 |          0 |          0 |       0 |    0 |      3 |      0 |      0 |    0 |          0 |
|             xpm_single_drp_rdy_b0gt1_inst                        |                                      vid_phy_controller_0xpm_cdc_single__parameterized0__72 |          0 |          0 |       0 |    0 |      3 |      0 |      0 |    0 |          0 |
|             xpm_single_drp_rdy_b0gt2_inst                        |                                      vid_phy_controller_0xpm_cdc_single__parameterized0__74 |          0 |          0 |       0 |    0 |      3 |      0 |      0 |    0 |          0 |
|             xpm_single_drp_rdy_b0gt3_inst                        |                                      vid_phy_controller_0xpm_cdc_single__parameterized0__76 |          0 |          0 |       0 |    0 |      3 |      0 |      0 |    0 |          0 |
|             xpm_single_gtwiz_reset_rx_done_out_b0_inst           |                                      vid_phy_controller_0xpm_cdc_single__parameterized0__85 |          0 |          0 |       0 |    0 |      3 |      0 |      0 |    0 |          0 |
|             xpm_single_gtwiz_reset_tx_done_out_b0_inst           |                                      vid_phy_controller_0xpm_cdc_single__parameterized0__84 |          0 |          0 |       0 |    0 |      3 |      0 |      0 |    0 |          0 |
|             xpm_single_prbserr_out_sync_b0gt0inst                |                                      vid_phy_controller_0xpm_cdc_single__parameterized0__93 |          0 |          0 |       0 |    0 |      3 |      0 |      0 |    0 |          0 |
|             xpm_single_prbserr_out_sync_b0gt1inst                |                                     vid_phy_controller_0xpm_cdc_single__parameterized0__102 |          0 |          0 |       0 |    0 |      3 |      0 |      0 |    0 |          0 |
|             xpm_single_prbserr_out_sync_b0gt2inst                |                                     vid_phy_controller_0xpm_cdc_single__parameterized0__111 |          0 |          0 |       0 |    0 |      3 |      0 |      0 |    0 |          0 |
|             xpm_single_prbserr_out_sync_b0gt3inst                |                                     vid_phy_controller_0xpm_cdc_single__parameterized0__120 |          0 |          0 |       0 |    0 |      3 |      0 |      0 |    0 |          0 |
|             xpm_single_rxpolarity_b00_inst                       |                                      vid_phy_controller_0xpm_cdc_single__parameterized0__91 |          0 |          0 |       0 |    0 |      3 |      0 |      0 |    0 |          0 |
|             xpm_single_rxpolarity_b01_inst                       |                                     vid_phy_controller_0xpm_cdc_single__parameterized0__100 |          0 |          0 |       0 |    0 |      3 |      0 |      0 |    0 |          0 |
|             xpm_single_rxpolarity_b02_inst                       |                                     vid_phy_controller_0xpm_cdc_single__parameterized0__109 |          0 |          0 |       0 |    0 |      3 |      0 |      0 |    0 |          0 |
|             xpm_single_rxpolarity_b03_inst                       |                                     vid_phy_controller_0xpm_cdc_single__parameterized0__118 |          0 |          0 |       0 |    0 |      3 |      0 |      0 |    0 |          0 |
|             xpm_single_rxprbscntreset_b00_inst                   |                                      vid_phy_controller_0xpm_cdc_single__parameterized0__92 |          0 |          0 |       0 |    0 |      3 |      0 |      0 |    0 |          0 |
|             xpm_single_rxprbscntreset_b01_inst                   |                                     vid_phy_controller_0xpm_cdc_single__parameterized0__101 |          0 |          0 |       0 |    0 |      3 |      0 |      0 |    0 |          0 |
|             xpm_single_rxprbscntreset_b02_inst                   |                                     vid_phy_controller_0xpm_cdc_single__parameterized0__110 |          0 |          0 |       0 |    0 |      3 |      0 |      0 |    0 |          0 |
|             xpm_single_rxprbscntreset_b03_inst                   |                                     vid_phy_controller_0xpm_cdc_single__parameterized0__119 |          0 |          0 |       0 |    0 |      3 |      0 |      0 |    0 |          0 |
|             xpm_single_tx_mmcm_drp_locked_b0_inst                |                                      vid_phy_controller_0xpm_cdc_single__parameterized0__83 |          0 |          0 |       0 |    0 |      3 |      0 |      0 |    0 |          0 |
|             xpm_single_tx_pll_lock_sync_inst                     |                                          vid_phy_controller_0xpm_cdc_single__parameterized0 |          0 |          0 |       0 |    0 |      3 |      0 |      0 |    0 |          0 |
|       u_rx                                                       |                                                                           hdmi_rx_subsystem |       9447 |       8528 |     820 |   99 |  10758 |      6 |      1 |    0 |          0 |
|         (u_rx)                                                   |                                                                           hdmi_rx_subsystem |          0 |          0 |       0 |    0 |      0 |      0 |      0 |    0 |          0 |
|         u_hdmi_rx                                                |                                                                              v_hdmi_rx_ss_0 |       9134 |       8215 |     820 |   99 |   9332 |      6 |      1 |    0 |          0 |
|           inst                                                   |                                                                      v_hdmi_rx_ss_0_bd_2422 |       9134 |       8215 |     820 |   99 |   9332 |      6 |      1 |    0 |          0 |
|             (inst)                                               |                                                                      v_hdmi_rx_ss_0_bd_2422 |          0 |          0 |       0 |    0 |      0 |      0 |      0 |    0 |          0 |
|             inverter_1                                           |                                                                        bd_2422_inverter_1_0 |          1 |          1 |       0 |    0 |      0 |      0 |      0 |    0 |          0 |
|             v_hdmi_rx                                            |                                                                         bd_2422_v_hdmi_rx_0 |       8572 |       7653 |     820 |   99 |   8427 |      1 |      0 |    0 |          0 |
|               (v_hdmi_rx)                                        |                                                                         bd_2422_v_hdmi_rx_0 |          0 |          0 |       0 |    0 |      0 |      0 |      0 |    0 |          0 |
|               inst                                               |                                                        bd_2422_v_hdmi_rx_0_v_hdmi_rx_v3_0_3 |       8572 |       7653 |     820 |   99 |   8427 |      1 |      0 |    0 |          0 |
|             v_vid_in_axi4s                                       |                                                                    bd_2422_v_vid_in_axi4s_0 |        561 |        561 |       0 |    0 |    905 |      5 |      1 |    0 |          0 |
|               (v_vid_in_axi4s)                                   |                                                                    bd_2422_v_vid_in_axi4s_0 |          0 |          0 |       0 |    0 |      0 |      0 |      0 |    0 |          0 |
|               inst                                               |                                              bd_2422_v_vid_in_axi4s_0_v_vid_in_axi4s_v5_0_3 |        561 |        561 |       0 |    0 |    905 |      5 |      1 |    0 |          0 |
|         u_rx_axis_reg_slice                                      |                                                                           rx_axis_reg_slice |         31 |         31 |       0 |    0 |    105 |      0 |      0 |    0 |          0 |
|           (u_rx_axis_reg_slice)                                  |                                                                           rx_axis_reg_slice |          0 |          0 |       0 |    0 |      0 |      0 |      0 |    0 |          0 |
|           inst                                                   |                            rx_axis_reg_sliceaxis_register_slice_v1_1_29_axis_register_slice |         31 |         31 |       0 |    0 |    105 |      0 |      0 |    0 |          0 |
|             (inst)                                               |                            rx_axis_reg_sliceaxis_register_slice_v1_1_29_axis_register_slice |          1 |          1 |       0 |    0 |      1 |      0 |      0 |    0 |          0 |
|             axisc_register_slice_0                               |                           rx_axis_reg_sliceaxis_register_slice_v1_1_29_axisc_register_slice |         30 |         30 |       0 |    0 |    104 |      0 |      0 |    0 |          0 |
|         u_spatial_demux                                          |                                                                       hdmi_4k_spatial_demux |        282 |        282 |       0 |    0 |   1321 |      0 |      0 |    0 |          0 |
|       u_tx                                                       |                                                                           hdmi_tx_subsystem |       6662 |       5698 |     768 |  196 |   9944 |      2 |      1 |    0 |          0 |
|         (u_tx)                                                   |                                                                           hdmi_tx_subsystem |          0 |          0 |       0 |    0 |      0 |      0 |      0 |    0 |          0 |
|         u_hdmi_tx                                                |                                                                              v_hdmi_tx_ss_0 |       6631 |       5667 |     768 |  196 |   9839 |      2 |      1 |    0 |          0 |
|           inst                                                   |                                                                      v_hdmi_tx_ss_0_bd_2444 |       6631 |       5667 |     768 |  196 |   9839 |      2 |      1 |    0 |          0 |
|             (inst)                                               |                                                                      v_hdmi_tx_ss_0_bd_2444 |          0 |          0 |       0 |    0 |      0 |      0 |      0 |    0 |          0 |
|             axi_crossbar                                         |                                                                      bd_2444_axi_crossbar_0 |         93 |         93 |       0 |    0 |    109 |      0 |      0 |    0 |          0 |
|               (axi_crossbar)                                     |                                                                      bd_2444_axi_crossbar_0 |          0 |          0 |       0 |    0 |      0 |      0 |      0 |    0 |          0 |
|               inst                                               |                                    bd_2444_axi_crossbar_0_axi_crossbar_v2_1_30_axi_crossbar |         93 |         93 |       0 |    0 |    109 |      0 |      0 |    0 |          0 |
|             util_vector_logic_0                                  |                                                               bd_2444_util_vector_logic_0_0 |          1 |          1 |       0 |    0 |      0 |      0 |      0 |    0 |          0 |
|             v_axi4s_vid_out                                      |                                                                   bd_2444_v_axi4s_vid_out_0 |        487 |        487 |       0 |    0 |    789 |      2 |      1 |    0 |          0 |
|               (v_axi4s_vid_out)                                  |                                                                   bd_2444_v_axi4s_vid_out_0 |          0 |          0 |       0 |    0 |      0 |      0 |      0 |    0 |          0 |
|               inst                                               |                                           bd_2444_v_axi4s_vid_out_0_v_axi4s_vid_out_v4_0_17 |        487 |        487 |       0 |    0 |    789 |      2 |      1 |    0 |          0 |
|             v_hdmi_tx                                            |                                                                         bd_2444_v_hdmi_tx_0 |       4642 |       3683 |     768 |  191 |   5553 |      0 |      0 |    0 |          0 |
|               (v_hdmi_tx)                                        |                                                                         bd_2444_v_hdmi_tx_0 |          0 |          0 |       0 |    0 |      0 |      0 |      0 |    0 |          0 |
|               inst                                               |                                                        bd_2444_v_hdmi_tx_0_v_hdmi_tx_v3_0_3 |       4642 |       3683 |     768 |  191 |   5553 |      0 |      0 |    0 |          0 |
|             v_tc                                                 |                                                                              bd_2444_v_tc_0 |       1408 |       1403 |       0 |    5 |   3388 |      0 |      0 |    0 |          0 |
|               (v_tc)                                             |                                                                              bd_2444_v_tc_0 |          0 |          0 |       0 |    0 |      0 |      0 |      0 |    0 |          0 |
|               U0                                                 |                                                                         bd_2444_v_tc_0_v_tc |       1408 |       1403 |       0 |    5 |   3388 |      0 |      0 |    0 |          0 |
|         u_tx_axis_reg_slice                                      |                                                                           tx_axis_reg_slice |         31 |         31 |       0 |    0 |    105 |      0 |      0 |    0 |          0 |
|           (u_tx_axis_reg_slice)                                  |                                                                           tx_axis_reg_slice |          0 |          0 |       0 |    0 |      0 |      0 |      0 |    0 |          0 |
|           inst                                                   |                            tx_axis_reg_sliceaxis_register_slice_v1_1_29_axis_register_slice |         31 |         31 |       0 |    0 |    105 |      0 |      0 |    0 |          0 |
|             (inst)                                               |                            tx_axis_reg_sliceaxis_register_slice_v1_1_29_axis_register_slice |          1 |          1 |       0 |    0 |      1 |      0 |      0 |    0 |          0 |
|             axisc_register_slice_0                               |                           tx_axis_reg_sliceaxis_register_slice_v1_1_29_axisc_register_slice |         30 |         30 |       0 |    0 |    104 |      0 |      0 |    0 |          0 |
|   u_control_soc                                                  |                                                                       control_soc_subsystem |      18395 |      15427 |    2962 |    6 |   7865 |      0 |     44 |    0 |         10 |
|     (u_control_soc)                                              |                                                                       control_soc_subsystem |         16 |         16 |       0 |    0 |      2 |      0 |      0 |    0 |          0 |
|     u_rocket                                                     |                                                                      MyBoardFPGATestHarness |      17834 |      14866 |    2962 |    6 |   7583 |      0 |     42 |    0 |         10 |
|       chiptop0                                                   |                                                                                     ChipTop |      17834 |      14866 |    2962 |    6 |   7583 |      0 |     42 |    0 |         10 |
|         debug_reset_syncd_debug_reset_sync                       |                                                     AsyncResetSynchronizerShiftReg_w1_d3_i0 |          2 |          2 |       0 |    0 |      3 |      0 |      0 |    0 |          0 |
|           output_chain                                           |                                           AsyncResetSynchronizerPrimitiveShiftReg_d3_i0_281 |          2 |          2 |       0 |    0 |      3 |      0 |      0 |    0 |          0 |
|         inst_jtag_tunnel                                         |                                                                                  JTAGTUNNEL |         28 |         28 |       0 |    0 |     24 |      0 |      0 |    0 |          0 |
|         system                                                   |                                                                                  DigitalTop |      17803 |      14835 |    2962 |    6 |   7553 |      0 |     42 |    0 |         10 |
|           (system)                                               |                                                                                  DigitalTop |        264 |          8 |     256 |    0 |     10 |      0 |      0 |    0 |          0 |
|           bank                                                   |                                                                              ScratchpadBank |        541 |        193 |     348 |    0 |    302 |      0 |     32 |    0 |          0 |
|             buffer                                               |                                                                 TLBuffer_a28d256s5k1z3u_245 |        357 |          9 |     348 |    0 |      6 |      0 |      0 |    0 |          0 |
|               nodeIn_d_q                                         |                                                         Queue2_TLBundleD_a28d256s5k1z3u_277 |        159 |          3 |     156 |    0 |      3 |      0 |      0 |    0 |          0 |
|               nodeOut_a_q                                        |                                                         Queue2_TLBundleA_a28d256s5k1z3u_278 |        198 |          6 |     192 |    0 |      3 |      0 |      0 |    0 |          0 |
|             fragmenter                                           |                                                                 TLFragmenter_ScratchpadBank |         45 |         45 |       0 |    0 |     28 |      0 |      0 |    0 |          0 |
|               (fragmenter)                                       |                                                                 TLFragmenter_ScratchpadBank |          1 |          1 |       0 |    0 |      5 |      0 |      0 |    0 |          0 |
|               repeater                                           |                                                           Repeater_TLBundleA_a28d256s5k1z3u |         44 |         44 |       0 |    0 |     23 |      0 |      0 |    0 |          0 |
|             ram                                                  |                                                                        TLRAM_ScratchpadBank |        139 |        139 |       0 |    0 |    268 |      0 |     32 |    0 |          0 |
|               (ram)                                              |                                                                        TLRAM_ScratchpadBank |        139 |        139 |       0 |    0 |    268 |      0 |      0 |    0 |          0 |
|               mem                                                |                                                                                         mem |          0 |          0 |       0 |    0 |      0 |      0 |     32 |    0 |          0 |
|           cbus                                                   |                                                                           PeripheryBus_cbus |       2788 |       2516 |     272 |    0 |    441 |      0 |      0 |    0 |          0 |
|             (cbus)                                               |                                                                           PeripheryBus_cbus |          0 |          0 |       0 |    0 |      6 |      0 |      0 |    0 |          0 |
|             atomics                                              |                                                                       TLAtomicAutomata_cbus |        419 |        419 |       0 |    0 |    205 |      0 |      0 |    0 |          0 |
|             buffer                                               |                                                                      TLBuffer_a29d64s4k1z4u |        319 |        203 |     116 |    0 |      6 |      0 |      0 |    0 |          0 |
|               nodeIn_d_q                                         |                                                              Queue2_TLBundleD_a29d64s4k1z4u |        163 |        115 |      48 |    0 |      3 |      0 |      0 |    0 |          0 |
|               nodeOut_a_q                                        |                                                              Queue2_TLBundleA_a29d64s4k1z4u |        156 |         88 |      68 |    0 |      3 |      0 |      0 |    0 |          0 |
|             coupler_to_bootrom                                   |                                                       TLInterconnectCoupler_cbus_to_bootrom |        669 |        669 |       0 |    0 |     30 |      0 |      0 |    0 |          0 |
|               fragmenter                                         |                                                                        TLFragmenter_bootrom |        669 |        669 |       0 |    0 |     30 |      0 |      0 |    0 |          0 |
|             coupler_to_clint                                     |                                                         TLInterconnectCoupler_cbus_to_clint |        106 |        106 |       0 |    0 |     33 |      0 |      0 |    0 |          0 |
|               fragmenter                                         |                                                                          TLFragmenter_CLINT |        106 |        106 |       0 |    0 |     33 |      0 |      0 |    0 |          0 |
|             coupler_to_debug                                     |                                                         TLInterconnectCoupler_cbus_to_debug |        890 |        786 |     104 |    0 |     40 |      0 |      0 |    0 |          0 |
|               buffer                                             |                                                                      TLBuffer_a12d64s8k1z2u |        858 |        754 |     104 |    0 |      6 |      0 |      0 |    0 |          0 |
|               fragmenter                                         |                                                                          TLFragmenter_Debug |         32 |         32 |       0 |    0 |     34 |      0 |      0 |    0 |          0 |
|             coupler_to_plic                                      |                                                          TLInterconnectCoupler_cbus_to_plic |         28 |         28 |       0 |    0 |     43 |      0 |      0 |    0 |          0 |
|               fragmenter                                         |                                                                           TLFragmenter_PLIC |         28 |         28 |       0 |    0 |     43 |      0 |      0 |    0 |          0 |
|             coupler_to_prci_ctrl                                 |                                                     TLInterconnectCoupler_cbus_to_prci_ctrl |         65 |         33 |      32 |    0 |      6 |      0 |      0 |    0 |          0 |
|               buffer                                             |                                                                      TLBuffer_a21d64s4k1z3u |         65 |         33 |      32 |    0 |      6 |      0 |      0 |    0 |          0 |
|             in_xbar                                              |                                                          TLXbar_cbus_in_i2_o1_a29d64s4k1z4u |         45 |         45 |       0 |    0 |     13 |      0 |      0 |    0 |          0 |
|             out_xbar                                             |                                                         TLXbar_cbus_out_i1_o7_a29d64s4k1z4u |        168 |        168 |       0 |    0 |     23 |      0 |      0 |    0 |          0 |
|             wrapped_error_device                                 |                                                                          ErrorDeviceWrapper |         79 |         59 |      20 |    0 |     36 |      0 |      0 |    0 |          0 |
|               buffer                                             |                                                                      TLBuffer_a14d64s4k1z4u |         40 |         20 |      20 |    0 |      6 |      0 |      0 |    0 |          0 |
|               error                                              |                                                                                     TLError |         39 |         39 |       0 |    0 |     30 |      0 |      0 |    0 |          0 |
|           chipyard_prcictrl_domain                               |                                                             ChipyardPRCICtrlClockSinkDomain |         85 |         85 |       0 |    0 |     59 |      0 |      0 |    0 |          0 |
|             clock_gater                                          |                                                                              TileClockGater |          0 |          0 |       0 |    0 |      1 |      0 |      0 |    0 |          0 |
|               regs_0                                             |                                                                      AsyncResetRegVec_w1_i1 |          0 |          0 |       0 |    0 |      1 |      0 |      0 |    0 |          0 |
|             fragmenter                                           |                                                                 TLFragmenter_TileClockGater |         39 |         39 |       0 |    0 |     29 |      0 |      0 |    0 |          0 |
|               (fragmenter)                                       |                                                                 TLFragmenter_TileClockGater |          1 |          1 |       0 |    0 |      9 |      0 |      0 |    0 |          0 |
|               repeater                                           |                                                        Repeater_TLBundleA_a21d64s4k1z3u_242 |         38 |         38 |       0 |    0 |     20 |      0 |      0 |    0 |          0 |
|             fragmenter_1                                         |                                                                TLFragmenter_TileResetSetter |         29 |         29 |       0 |    0 |     20 |      0 |      0 |    0 |          0 |
|               (fragmenter_1)                                     |                                                                TLFragmenter_TileResetSetter |          0 |          0 |       0 |    0 |      9 |      0 |      0 |    0 |          0 |
|               repeater                                           |                                                            Repeater_TLBundleA_a21d64s4k1z3u |         29 |         29 |       0 |    0 |     11 |      0 |      0 |    0 |          0 |
|             resetSynchronizer                                    |                                                                 ClockGroupResetSynchronizer |          4 |          4 |       0 |    0 |      3 |      0 |      0 |    0 |          0 |
|               nodeOut_member_allClocks_uncore_reset_catcher      |                                                                    ResetCatchAndSync_d3_239 |          4 |          4 |       0 |    0 |      3 |      0 |      0 |    0 |          0 |
|             xbar                                                 |                                                          TLXbar_prcibus_i1_o2_a21d64s4k1z3u |         13 |         13 |       0 |    0 |      6 |      0 |      0 |    0 |          0 |
|           clint_domain                                           |                                                                        CLINTClockSinkDomain |         35 |         35 |       0 |    0 |    131 |      0 |      0 |    0 |          0 |
|             clint                                                |                                                                                       CLINT |         35 |         35 |       0 |    0 |    129 |      0 |      0 |    0 |          0 |
|             intsource                                            |                                                                  IntSyncCrossingSource_n1x2 |          0 |          0 |       0 |    0 |      2 |      0 |      0 |    0 |          0 |
|               reg_0                                              |                                                                      AsyncResetRegVec_w2_i0 |          0 |          0 |       0 |    0 |      2 |      0 |      0 |    0 |          0 |
|           coh_wrapper                                            |                                                                     CoherenceManagerWrapper |       1982 |       1310 |     672 |    0 |    281 |      0 |      0 |    0 |          0 |
|             (coh_wrapper)                                        |                                                                     CoherenceManagerWrapper |          2 |          2 |       0 |    0 |      0 |      0 |      0 |    0 |          0 |
|             broadcast_1                                          |                                                                                 TLBroadcast |       1980 |       1308 |     672 |    0 |    281 |      0 |      0 |    0 |          0 |
|               (broadcast_1)                                      |                                                                                 TLBroadcast |          9 |          9 |       0 |    0 |     45 |      0 |      0 |    0 |          0 |
|               TLBroadcastTracker                                 |                                                                          TLBroadcastTracker |        949 |        781 |     168 |    0 |     59 |      0 |      0 |    0 |          0 |
|               TLBroadcastTracker_1                               |                                                                        TLBroadcastTracker_1 |        407 |        239 |     168 |    0 |     59 |      0 |      0 |    0 |          0 |
|               TLBroadcastTracker_2                               |                                                                        TLBroadcastTracker_2 |        418 |        250 |     168 |    0 |     59 |      0 |      0 |    0 |          0 |
|               TLBroadcastTracker_3                               |                                                                        TLBroadcastTracker_3 |        197 |         29 |     168 |    0 |     59 |      0 |      0 |    0 |          0 |
|           dtm                                                    |                                                                    DebugTransportModuleJTAG |        109 |        109 |       0 |    0 |    168 |      0 |      0 |    0 |          0 |
|             (dtm)                                                |                                                                    DebugTransportModuleJTAG |         12 |         12 |       0 |    0 |     46 |      0 |      0 |    0 |          0 |
|             dmiAccessChain                                       |                                      CaptureUpdateChain_DMIAccessCapture_To_DMIAccessUpdate |          6 |          6 |       0 |    0 |     41 |      0 |      0 |    0 |          0 |
|             dtmInfoChain                                         |                                                       CaptureUpdateChain_DTMInfo_To_DTMInfo |          7 |          7 |       0 |    0 |     32 |      0 |      0 |    0 |          0 |
|             tapIO_bypassChain                                    |                                                                             JtagBypassChain |          0 |          0 |       0 |    0 |      1 |      0 |      0 |    0 |          0 |
|             tapIO_controllerInternal                             |                                                                           JtagTapController |         84 |         84 |       0 |    0 |     16 |      0 |      0 |    0 |          0 |
|               (tapIO_controllerInternal)                         |                                                                           JtagTapController |          4 |          4 |       0 |    0 |      7 |      0 |      0 |    0 |          0 |
|               irChain                                            |                                                           CaptureUpdateChain_UInt5_To_UInt5 |          3 |          3 |       0 |    0 |      5 |      0 |      0 |    0 |          0 |
|               stateMachine                                       |                                                                            JtagStateMachine |         77 |         77 |       0 |    0 |      4 |      0 |      0 |    0 |          0 |
|             tapIO_idcodeChain                                    |                                                               CaptureChain_JTAGIdcodeBundle |          0 |          0 |       0 |    0 |     32 |      0 |      0 |    0 |          0 |
|           fbus_buffer                                            |                                                                      TLBuffer_a33d64s1k2z4u |        180 |         60 |     120 |    0 |      6 |      0 |      0 |    0 |          0 |
|             nodeIn_d_q                                           |                                                              Queue2_TLBundleD_a33d64s1k2z4u |         75 |         27 |      48 |    0 |      3 |      0 |      0 |    0 |          0 |
|               (nodeIn_d_q)                                       |                                                              Queue2_TLBundleD_a33d64s1k2z4u |          8 |          8 |       0 |    0 |      3 |      0 |      0 |    0 |          0 |
|               ram_ext                                            |                                                                                    ram_2x77 |         67 |         19 |      48 |    0 |      0 |      0 |      0 |    0 |          0 |
|             nodeOut_a_q                                          |                                                              Queue2_TLBundleA_a33d64s1k2z4u |        105 |         33 |      72 |    0 |      3 |      0 |      0 |    0 |          0 |
|               (nodeOut_a_q)                                      |                                                              Queue2_TLBundleA_a33d64s1k2z4u |          4 |          4 |       0 |    0 |      3 |      0 |      0 |    0 |          0 |
|               ram_ext                                            |                                                                                   ram_2x124 |        101 |         29 |      72 |    0 |      0 |      0 |      0 |    0 |          0 |
|           fbus_coupler_from_debug_sb                             |                                                    TLInterconnectCoupler_fbus_from_debug_sb |         66 |         66 |       0 |    0 |    133 |      0 |      0 |    0 |          0 |
|             widget                                               |                                                                              TLWidthWidget1 |         66 |         66 |       0 |    0 |    133 |      0 |      0 |    0 |          0 |
|               (widget)                                           |                                                                              TLWidthWidget1 |         16 |         16 |       0 |    0 |     69 |      0 |      0 |    0 |          0 |
|               repeated_repeater                                  |                                                            Repeater_TLBundleD_a33d64s1k2z4u |         50 |         50 |       0 |    0 |     64 |      0 |      0 |    0 |          0 |
|           ibus_intsink                                           |                                                               IntSyncAsyncCrossingSink_n1x8 |         10 |          5 |       0 |    5 |      5 |      0 |      0 |    0 |          0 |
|             chain                                                |                                                                  SynchronizerShiftReg_w8_d3 |         10 |          5 |       0 |    5 |      5 |      0 |      0 |    0 |          0 |
|               output_chain                                       |                                            NonSyncResetSynchronizerPrimitiveShiftReg_d3_228 |          2 |          1 |       0 |    1 |      1 |      0 |      0 |    0 |          0 |
|               output_chain_1                                     |                                            NonSyncResetSynchronizerPrimitiveShiftReg_d3_229 |          2 |          1 |       0 |    1 |      1 |      0 |      0 |    0 |          0 |
|               output_chain_2                                     |                                            NonSyncResetSynchronizerPrimitiveShiftReg_d3_230 |          2 |          1 |       0 |    1 |      1 |      0 |      0 |    0 |          0 |
|               output_chain_3                                     |                                            NonSyncResetSynchronizerPrimitiveShiftReg_d3_231 |          2 |          1 |       0 |    1 |      1 |      0 |      0 |    0 |          0 |
|               output_chain_4                                     |                                            NonSyncResetSynchronizerPrimitiveShiftReg_d3_232 |          2 |          1 |       0 |    1 |      1 |      0 |      0 |    0 |          0 |
|           ibus_intsource                                         |                                                                  IntSyncCrossingSource_n1x8 |          0 |          0 |       0 |    0 |      5 |      0 |      0 |    0 |          0 |
|             reg_0                                                |                                                                      AsyncResetRegVec_w8_i0 |          0 |          0 |       0 |    0 |      5 |      0 |      0 |    0 |          0 |
|           mbus                                                   |                                                                                   MemoryBus |       1038 |        690 |     348 |    0 |    492 |      0 |      0 |    0 |          0 |
|             buffer_1                                             |                                                                     TLBuffer_a28d256s5k1z3u |        361 |         13 |     348 |    0 |      6 |      0 |      0 |    0 |          0 |
|               nodeIn_d_q                                         |                                                             Queue2_TLBundleD_a28d256s5k1z3u |        165 |          9 |     156 |    0 |      3 |      0 |      0 |    0 |          0 |
|               nodeOut_a_q                                        |                                                             Queue2_TLBundleA_a28d256s5k1z3u |        196 |          4 |     192 |    0 |      3 |      0 |      0 |    0 |          0 |
|             coupler_to_memory_controller_port_named_axi4         |                             TLInterconnectCoupler_mbus_to_memory_controller_port_named_axi4 |        306 |        306 |       0 |    0 |    481 |      0 |      0 |    0 |          0 |
|               axi4yank                                           |                                                                            AXI4UserYanker_1 |        130 |        130 |       0 |    0 |     96 |      0 |      0 |    0 |          0 |
|               tl2axi4                                            |                                                                                  TLToAXI4_1 |        176 |        176 |       0 |    0 |    385 |      0 |      0 |    0 |          0 |
|             mbus_xbar                                            |                                                            TLXbar_mbus_i1_o2_a33d256s5k1z3u |        371 |        371 |       0 |    0 |      5 |      0 |      0 |    0 |          0 |
|           pbus                                                   |                                                                           PeripheryBus_pbus |        862 |        630 |     232 |    0 |    330 |      0 |      0 |    0 |          0 |
|             (pbus)                                               |                                                                           PeripheryBus_pbus |          0 |          0 |       0 |    0 |     64 |      0 |      0 |    0 |          0 |
|             atomics                                              |                                                                       TLAtomicAutomata_pbus |        426 |        426 |       0 |    0 |    189 |      0 |      0 |    0 |          0 |
|             buffer                                               |                                                                      TLBuffer_a29d64s4k1z3u |        155 |         39 |     116 |    0 |      6 |      0 |      0 |    0 |          0 |
|               nodeIn_d_q                                         |                                                          Queue2_TLBundleD_a29d64s4k1z3u_193 |         60 |         12 |      48 |    0 |      3 |      0 |      0 |    0 |          0 |
|               nodeOut_a_q                                        |                                                          Queue2_TLBundleA_a29d64s4k1z3u_194 |         95 |         27 |      68 |    0 |      3 |      0 |      0 |    0 |          0 |
|             buffer_1                                             |                                                                  TLBuffer_a29d64s4k1z3u_191 |        132 |         16 |     116 |    0 |      6 |      0 |      0 |    0 |          0 |
|               nodeIn_d_q                                         |                                                              Queue2_TLBundleD_a29d64s4k1z3u |         54 |          6 |      48 |    0 |      3 |      0 |      0 |    0 |          0 |
|               nodeOut_a_q                                        |                                                              Queue2_TLBundleA_a29d64s4k1z3u |         78 |         10 |      68 |    0 |      3 |      0 |      0 |    0 |          0 |
|             coupler_to_bootaddressreg                            |                                                TLInterconnectCoupler_pbus_to_bootaddressreg |         40 |         40 |       0 |    0 |     29 |      0 |      0 |    0 |          0 |
|               fragmenter                                         |                                                                    TLFragmenter_BootAddrReg |         40 |         40 |       0 |    0 |     29 |      0 |      0 |    0 |          0 |
|             coupler_to_device_named_uart_0                       |                                           TLInterconnectCoupler_pbus_to_device_named_uart_0 |         46 |         46 |       0 |    0 |     29 |      0 |      0 |    0 |          0 |
|               fragmenter                                         |                                                                           TLFragmenter_UART |         46 |         46 |       0 |    0 |     29 |      0 |      0 |    0 |          0 |
|             out_xbar                                             |                                                         TLXbar_pbus_out_i1_o2_a29d64s4k1z3u |         63 |         63 |       0 |    0 |      7 |      0 |      0 |    0 |          0 |
|           plic_domain                                            |                                                                         PLICClockSinkDomain |        137 |        137 |       0 |    0 |    113 |      0 |      0 |    0 |          0 |
|             intsource                                            |                                                              IntSyncCrossingSource_n1x1_184 |          0 |          0 |       0 |    0 |      1 |      0 |      0 |    0 |          0 |
|               reg_0                                              |                                                                  AsyncResetRegVec_w1_i0_190 |          0 |          0 |       0 |    0 |      1 |      0 |      0 |    0 |          0 |
|             plic                                                 |                                                                                      TLPLIC |        137 |        137 |       0 |    0 |    112 |      0 |      0 |    0 |          0 |
|               (plic)                                             |                                                                                      TLPLIC |         52 |         52 |       0 |    0 |     52 |      0 |      0 |    0 |          0 |
|               gateways_gateway                                   |                                                                                LevelGateway |          0 |          0 |       0 |    0 |      1 |      0 |      0 |    0 |          0 |
|               gateways_gateway_1                                 |                                                                            LevelGateway_185 |          0 |          0 |       0 |    0 |      1 |      0 |      0 |    0 |          0 |
|               gateways_gateway_2                                 |                                                                            LevelGateway_186 |          0 |          0 |       0 |    0 |      1 |      0 |      0 |    0 |          0 |
|               gateways_gateway_3                                 |                                                                            LevelGateway_187 |          0 |          0 |       0 |    0 |      1 |      0 |      0 |    0 |          0 |
|               gateways_gateway_4                                 |                                                                            LevelGateway_188 |          0 |          0 |       0 |    0 |      1 |      0 |      0 |    0 |          0 |
|               gateways_gateway_8                                 |                                                                            LevelGateway_189 |          0 |          0 |       0 |    0 |      1 |      0 |      0 |    0 |          0 |
|               out_back_front_q                                   |                                                                Queue1_RegMapperInput_i23_m8 |         85 |         85 |       0 |    0 |     54 |      0 |      0 |    0 |          0 |
|           sbus                                                   |                                                                                   SystemBus |       1895 |       1551 |     344 |    0 |    964 |      0 |      0 |    0 |          0 |
|             coupler_to_bus_named_coh                             |                                                 TLInterconnectCoupler_sbus_to_bus_named_coh |        178 |        178 |       0 |    0 |    637 |      0 |      0 |    0 |          0 |
|               widget                                             |                                                                            TLWidthWidget8_2 |        178 |        178 |       0 |    0 |    637 |      0 |      0 |    0 |          0 |
|             coupler_to_port_named_mmio_port_axi4                 |                                     TLInterconnectCoupler_sbus_to_port_named_mmio_port_axi4 |        763 |        419 |     344 |    0 |    259 |      0 |      0 |    0 |          0 |
|               axi4buf                                            |                                                                                  AXI4Buffer |        256 |        104 |     152 |    0 |     15 |      0 |      0 |    0 |          0 |
|               axi4deint                                          |                                                                           AXI4Deinterleaver |        345 |        153 |     192 |    0 |     47 |      0 |      0 |    0 |          0 |
|               axi4yank                                           |                                                                              AXI4UserYanker |         25 |         25 |       0 |    0 |     56 |      0 |      0 |    0 |          0 |
|               tl2axi4                                            |                                                                                    TLToAXI4 |        137 |        137 |       0 |    0 |    141 |      0 |      0 |    0 |          0 |
|             system_bus_xbar                                      |                                                             TLXbar_sbus_i2_o3_a33d64s3k2z4c |        954 |        954 |       0 |    0 |     68 |      0 |      0 |    0 |          0 |
|           tile_prci_domain                                       |                                                                              TilePRCIDomain |       6510 |       6167 |     342 |    1 |   2755 |      0 |     10 |    0 |         10 |
|             (tile_prci_domain)                                   |                                                                              TilePRCIDomain |        545 |        545 |       0 |    0 |     18 |      0 |      0 |    0 |          0 |
|             buffer                                               |                                                                    TLBuffer_a33d64s2k2z4c_1 |        358 |        150 |     208 |    0 |     15 |      0 |      0 |    0 |          0 |
|               nodeIn_b_q                                         |                                                              Queue2_TLBundleB_a33d64s2k2z4c |         27 |          7 |      20 |    0 |      3 |      0 |      0 |    0 |          0 |
|               nodeIn_d_q                                         |                                                              Queue2_TLBundleD_a33d64s2k2z4c |         87 |         39 |      48 |    0 |      3 |      0 |      0 |    0 |          0 |
|               nodeOut_a_q                                        |                                                              Queue2_TLBundleA_a33d64s2k2z4c |        112 |         40 |      72 |    0 |      3 |      0 |      0 |    0 |          0 |
|               nodeOut_c_q                                        |                                                              Queue2_TLBundleC_a33d64s2k2z4c |        123 |         59 |      64 |    0 |      3 |      0 |      0 |    0 |          0 |
|               nodeOut_e_q                                        |                                                              Queue2_TLBundleE_a33d64s2k2z4c |          9 |          5 |       4 |    0 |      3 |      0 |      0 |    0 |          0 |
|             element_reset_domain_rockettile                      |                                                                                  RocketTile |       5621 |       5487 |     134 |    0 |   2721 |      0 |     10 |    0 |         10 |
|               (element_reset_domain_rockettile)                  |                                                                                  RocketTile |          3 |          3 |       0 |    0 |      0 |      0 |      0 |    0 |          0 |
|               core                                               |                                                                                      Rocket |       3197 |       3117 |      80 |    0 |   1629 |      0 |      0 |    0 |         10 |
|               dcache                                             |                                                                                      DCache |       1191 |       1163 |      28 |    0 |    513 |      0 |      8 |    0 |          0 |
|               frontend                                           |                                                                                    Frontend |       1190 |       1164 |      26 |    0 |    567 |      0 |      2 |    0 |          0 |
|               tlMasterXbar                                       |                                            TLXbar_MasterXbar_RocketTile_i2_o1_a33d64s2k2z4c |         45 |         45 |       0 |    0 |     12 |      0 |      0 |    0 |          0 |
|             intsink                                              |                                                               IntSyncAsyncCrossingSink_n1x1 |          1 |          0 |       0 |    1 |      1 |      0 |      0 |    0 |          0 |
|               chain                                              |                                                                  SynchronizerShiftReg_w1_d3 |          1 |          0 |       0 |    1 |      1 |      0 |      0 |    0 |          0 |
|           tlDM                                                   |                                                                               TLDebugModule |       1166 |       1158 |       8 |    0 |   1230 |      0 |      0 |    0 |          0 |
|             dmInner                                              |                                                                     TLDebugModuleInnerAsync |       1145 |       1137 |       8 |    0 |   1112 |      0 |      0 |    0 |          0 |
|               (dmInner)                                          |                                                                     TLDebugModuleInnerAsync |          1 |          1 |       0 |    0 |      0 |      0 |      0 |    0 |          0 |
|               dmInner                                            |                                                                          TLDebugModuleInner |        721 |        713 |       8 |    0 |   1004 |      0 |      0 |    0 |          0 |
|               dmactive_synced_dmInner_io_innerCtrl_sink          |                                                          AsyncQueueSink_DebugInternalBundle |          3 |          3 |       0 |    0 |      8 |      0 |      0 |    0 |          0 |
|               dmactive_synced_dmactive_synced_dmactiveSync       |                                                 AsyncResetSynchronizerShiftReg_w1_d3_i0_139 |         14 |         14 |       0 |    0 |      6 |      0 |      0 |    0 |          0 |
|               dmiXing                                            |                                                            TLAsyncCrossingSink_a9d32s1k1z2u |        406 |        406 |       0 |    0 |     94 |      0 |      0 |    0 |          0 |
|             dmOuter                                              |                                                                     TLDebugModuleOuterAsync |         21 |         21 |       0 |    0 |    118 |      0 |      0 |    0 |          0 |
|               asource                                            |                                                          TLAsyncCrossingSource_a9d32s1k1z2u |          6 |          6 |       0 |    0 |     94 |      0 |      0 |    0 |          0 |
|               dmOuter                                            |                                                                          TLDebugModuleOuter |          1 |          1 |       0 |    0 |      8 |      0 |      0 |    0 |          0 |
|               dmactiveAck_dmactiveAckSync                        |                                                 AsyncResetSynchronizerShiftReg_w1_d3_i0_121 |          0 |          0 |       0 |    0 |      3 |      0 |      0 |    0 |          0 |
|               dmiBypass                                          |                                                                                 TLBusBypass |         11 |         11 |       0 |    0 |      4 |      0 |      0 |    0 |          0 |
|               dmiXbar                                            |                                                           TLXbar_dmixbar_i1_o2_a9d32s1k1z2u |          0 |          0 |       0 |    0 |      1 |      0 |      0 |    0 |          0 |
|               io_innerCtrl_source                                |                                                        AsyncQueueSource_DebugInternalBundle |          3 |          3 |       0 |    0 |      8 |      0 |      0 |    0 |          0 |
|           uartClockDomainWrapper                                 |                                                                       TLUARTClockSinkDomain |        135 |        115 |      20 |    0 |    128 |      0 |      0 |    0 |          0 |
|             uart_0                                               |                                                                                      TLUART |        135 |        115 |      20 |    0 |    128 |      0 |      0 |    0 |          0 |
|               (uart_0)                                           |                                                                                      TLUART |          0 |          0 |       0 |    0 |     35 |      0 |      0 |    0 |          0 |
|               intsource                                          |                                                                  IntSyncCrossingSource_n1x1 |          1 |          1 |       0 |    0 |      1 |      0 |      0 |    0 |          0 |
|               rxm                                                |                                                                                      UARTRx |         35 |         35 |       0 |    0 |     36 |      0 |      0 |    0 |          0 |
|               rxq                                                |                                                                               Queue64_UInt8 |         35 |         25 |      10 |    0 |     13 |      0 |      0 |    0 |          0 |
|               txm                                                |                                                                                      UARTTx |         30 |         30 |       0 |    0 |     30 |      0 |      0 |    0 |          0 |
|               txq                                                |                                                                           Queue64_UInt8_119 |         34 |         24 |      10 |    0 |     13 |      0 |      0 |    0 |          0 |
|         system_debug_systemjtag_reset_catcher                    |                                                                        ResetCatchAndSync_d3 |          1 |          1 |       0 |    0 |      3 |      0 |      0 |    0 |          0 |
|           io_sync_reset_chain                                    |                                                 AsyncResetSynchronizerShiftReg_w1_d3_i0_118 |          1 |          1 |       0 |    0 |      3 |      0 |      0 |    0 |          0 |
|             output_chain                                         |                                               AsyncResetSynchronizerPrimitiveShiftReg_d3_i0 |          1 |          1 |       0 |    0 |      3 |      0 |      0 |    0 |          0 |
|     u_si5338top                                                  |                                                                                   si5338top |        545 |        545 |       0 |    0 |    280 |      0 |      2 |    0 |          0 |
|       si5338_inst1                                               |                                                                                      si5338 |        272 |        272 |       0 |    0 |    140 |      0 |      1 |    0 |          0 |
|         (si5338_inst1)                                           |                                                                                      si5338 |         25 |         25 |       0 |    0 |     89 |      0 |      1 |    0 |          0 |
|         i2c_master_inst                                          |                                                                              i2c_master_117 |        247 |        247 |       0 |    0 |     51 |      0 |      0 |    0 |          0 |
|       si5338_inst2                                               |                                                                      si5338__parameterized0 |        273 |        273 |       0 |    0 |    140 |      0 |      1 |    0 |          0 |
|         (si5338_inst2)                                           |                                                                      si5338__parameterized0 |         26 |         26 |       0 |    0 |     89 |      0 |      1 |    0 |          0 |
|         i2c_master_inst                                          |                                                                                  i2c_master |        247 |        247 |       0 |    0 |     51 |      0 |      0 |    0 |          0 |
|   u_ddr_memory                                                   |                                                                        ddr_memory_subsystem |      53398 |      46755 |    5754 |  889 |  86476 |    189 |      1 |    0 |          8 |
|     (u_ddr_memory)                                               |                                                                        ddr_memory_subsystem |         19 |         19 |       0 |    0 |      6 |      0 |      0 |    0 |          0 |
|     u_ddr_bd                                                     |                                                                            design_1_wrapper |      22507 |      20098 |    1520 |  889 |  32447 |     25 |      1 |    0 |          3 |
|       (u_ddr_bd)                                                 |                                                                            design_1_wrapper |         61 |         61 |       0 |    0 |      0 |      0 |      0 |    0 |          0 |
|       design_1_i                                                 |                                                                                    design_1 |      22446 |      20037 |    1520 |  889 |  32447 |     25 |      1 |    0 |          3 |
|         (design_1_i)                                             |                                                                                    design_1 |          0 |          0 |       0 |    0 |      0 |      0 |      0 |    0 |          0 |
|         axi_interconnect_0                                       |                                                               design_1_axi_interconnect_0_0 |       7277 |       6293 |     704 |  280 |  13240 |      0 |      0 |    0 |          0 |
|           (axi_interconnect_0)                                   |                                                               design_1_axi_interconnect_0_0 |          0 |          0 |       0 |    0 |      0 |      0 |      0 |    0 |          0 |
|           s00_couplers                                           |                                                                     s00_couplers_imp_O7FAN0 |       2687 |       1889 |     704 |   94 |   5957 |      0 |      0 |    0 |          0 |
|             (s00_couplers)                                       |                                                                     s00_couplers_imp_O7FAN0 |          0 |          0 |       0 |    0 |      0 |      0 |      0 |    0 |          0 |
|             auto_cc                                              |                                                                          design_1_auto_cc_0 |        956 |        252 |     704 |    0 |   2942 |      0 |      0 |    0 |          0 |
|               (auto_cc)                                          |                                                                          design_1_auto_cc_0 |          0 |          0 |       0 |    0 |      0 |      0 |      0 |    0 |          0 |
|               inst                                               |                          design_1_auto_cc_0_axi_clock_converter_v2_1_28_axi_clock_converter |        956 |        252 |     704 |    0 |   2942 |      0 |      0 |    0 |          0 |
|             auto_us                                              |                                                                          design_1_auto_us_0 |       1731 |       1637 |       0 |   94 |   3015 |      0 |      0 |    0 |          0 |
|               (auto_us)                                          |                                                                          design_1_auto_us_0 |          0 |          0 |       0 |    0 |      0 |      0 |      0 |    0 |          0 |
|               inst                                               |                                         design_1_auto_us_0_axi_dwidth_converter_v2_1_29_top |       1731 |       1637 |       0 |   94 |   3015 |      0 |      0 |    0 |          0 |
|           s01_couplers                                           |                                                                    s01_couplers_imp_1F69D31 |       1735 |       1643 |       0 |   92 |   3011 |      0 |      0 |    0 |          0 |
|             (s01_couplers)                                       |                                                                    s01_couplers_imp_1F69D31 |          0 |          0 |       0 |    0 |      0 |      0 |      0 |    0 |          0 |
|             auto_us                                              |                                                                          design_1_auto_us_1 |       1735 |       1643 |       0 |   92 |   3011 |      0 |      0 |    0 |          0 |
|               (auto_us)                                          |                                                                          design_1_auto_us_1 |          0 |          0 |       0 |    0 |      0 |      0 |      0 |    0 |          0 |
|               inst                                               |                                         design_1_auto_us_1_axi_dwidth_converter_v2_1_29_top |       1735 |       1643 |       0 |   92 |   3011 |      0 |      0 |    0 |          0 |
|           s02_couplers                                           |                                                                     s02_couplers_imp_N071UN |       1735 |       1643 |       0 |   92 |   3011 |      0 |      0 |    0 |          0 |
|             (s02_couplers)                                       |                                                                     s02_couplers_imp_N071UN |          0 |          0 |       0 |    0 |      0 |      0 |      0 |    0 |          0 |
|             auto_us                                              |                                                                          design_1_auto_us_2 |       1735 |       1643 |       0 |   92 |   3011 |      0 |      0 |    0 |          0 |
|               (auto_us)                                          |                                                                          design_1_auto_us_2 |          0 |          0 |       0 |    0 |      0 |      0 |      0 |    0 |          0 |
|               inst                                               |                                         design_1_auto_us_2_axi_dwidth_converter_v2_1_29_top |       1735 |       1643 |       0 |   92 |   3011 |      0 |      0 |    0 |          0 |
|           xbar                                                   |                                                                             design_1_xbar_0 |       1120 |       1118 |       0 |    2 |   1261 |      0 |      0 |    0 |          0 |
|             (xbar)                                               |                                                                             design_1_xbar_0 |          0 |          0 |       0 |    0 |      0 |      0 |      0 |    0 |          0 |
|             inst                                                 |                                           design_1_xbar_0_axi_crossbar_v2_1_30_axi_crossbar |       1120 |       1118 |       0 |    2 |   1261 |      0 |      0 |    0 |          0 |
|               (inst)                                             |                                           design_1_xbar_0_axi_crossbar_v2_1_30_axi_crossbar |          0 |          0 |       0 |    0 |      0 |      0 |      0 |    0 |          0 |
|               gen_samd.crossbar_samd                             |                                               design_1_xbar_0_axi_crossbar_v2_1_30_crossbar |       1120 |       1118 |       0 |    2 |   1261 |      0 |      0 |    0 |          0 |
|         ddr4_0                                                   |                                                                           design_1_ddr4_0_0 |      15132 |      13708 |     816 |  608 |  17923 |     25 |      1 |    0 |          3 |
|           inst                                                   |                                                                      design_1_ddr4_0_0_ddr4 |      15132 |      13708 |     816 |  608 |  17923 |     25 |      1 |    0 |          3 |
|             (inst)                                               |                                                                      design_1_ddr4_0_0_ddr4 |          0 |          0 |       0 |    0 |      1 |      0 |      0 |    0 |          0 |
|             u_ddr4_infrastructure                                |                                               design_1_ddr4_0_0_ddr4_v2_2_20_infrastructure |         42 |         42 |       0 |    0 |     65 |      0 |      0 |    0 |          0 |
|             u_ddr4_mem_intfc                                     |                                                            design_1_ddr4_0_0_ddr4_mem_intfc |      13616 |      12714 |     816 |   86 |  16427 |     25 |      1 |    0 |          3 |
|               (u_ddr4_mem_intfc)                                 |                                                            design_1_ddr4_0_0_ddr4_mem_intfc |          0 |          0 |       0 |    0 |      6 |      0 |      0 |    0 |          0 |
|               u_ddr_cal_riu                                      |                                                              design_1_ddr4_0_0_ddr4_cal_riu |       1431 |       1285 |      64 |   82 |   1092 |     24 |      0 |    0 |          3 |
|               u_ddr_cal_top                                      |                                                      design_1_ddr4_0_0_ddr4_v2_2_20_cal_top |       6030 |       6027 |       0 |    3 |   9697 |      1 |      1 |    0 |          0 |
|               u_ddr_mc                                           |                                                           design_1_ddr4_0_0_ddr4_v2_2_20_mc |       2546 |       2545 |       0 |    1 |   2480 |      0 |      0 |    0 |          0 |
|               u_ddr_ui                                           |                                                           design_1_ddr4_0_0_ddr4_v2_2_20_ui |       2520 |       1768 |     752 |    0 |   2465 |      0 |      0 |    0 |          0 |
|               u_en_vtc_sync                                      |                                     design_1_ddr4_0_0_ddr4_v2_2_20_cal_sync__parameterized4 |          0 |          0 |       0 |    0 |      2 |      0 |      0 |    0 |          0 |
|               u_fab_rst_sync                                     |                                   design_1_ddr4_0_0_ddr4_v2_2_20_cal_sync__parameterized4_0 |          0 |          0 |       0 |    0 |      2 |      0 |      0 |    0 |          0 |
|               u_io_addr_strobe_lvl_sync                          |                                     design_1_ddr4_0_0_ddr4_v2_2_20_cal_sync__parameterized9 |          0 |          0 |       0 |    0 |      2 |      0 |      0 |    0 |          0 |
|               u_io_addr_sync                                     |                                     design_1_ddr4_0_0_ddr4_v2_2_20_cal_sync__parameterized8 |        660 |        660 |       0 |    0 |     64 |      0 |      0 |    0 |          0 |
|               u_io_read_data_sync                                |                                     design_1_ddr4_0_0_ddr4_v2_2_20_cal_sync__parameterized5 |          0 |          0 |       0 |    0 |     64 |      0 |      0 |    0 |          0 |
|               u_io_ready_lvl_sync                                |                                     design_1_ddr4_0_0_ddr4_v2_2_20_cal_sync__parameterized6 |          0 |          0 |       0 |    0 |      2 |      0 |      0 |    0 |          0 |
|               u_io_write_data_sync                               |                                   design_1_ddr4_0_0_ddr4_v2_2_20_cal_sync__parameterized8_1 |         82 |         82 |       0 |    0 |     64 |      0 |      0 |    0 |          0 |
|               u_io_write_strobe_sync                             |                                   design_1_ddr4_0_0_ddr4_v2_2_20_cal_sync__parameterized9_2 |          1 |          1 |       0 |    0 |      2 |      0 |      0 |    0 |          0 |
|               u_mig_ddr4_phy                                     |                                                                       design_1_ddr4_0_0_phy |        347 |        347 |       0 |    0 |    281 |      0 |      0 |    0 |          0 |
|               u_phy2clb_bisc_complete_sync                       |                                   design_1_ddr4_0_0_ddr4_v2_2_20_cal_sync__parameterized4_3 |          0 |          0 |       0 |    0 |      2 |      0 |      0 |    0 |          0 |
|               u_phy2clb_fixdly_rdy_low                           |                                     design_1_ddr4_0_0_ddr4_v2_2_20_cal_sync__parameterized7 |          0 |          0 |       0 |    0 |     40 |      0 |      0 |    0 |          0 |
|               u_phy2clb_fixdly_rdy_upp                           |                                   design_1_ddr4_0_0_ddr4_v2_2_20_cal_sync__parameterized7_4 |          0 |          0 |       0 |    0 |     40 |      0 |      0 |    0 |          0 |
|               u_phy2clb_phy_rdy_low                              |                                   design_1_ddr4_0_0_ddr4_v2_2_20_cal_sync__parameterized7_5 |          0 |          0 |       0 |    0 |     40 |      0 |      0 |    0 |          0 |
|               u_phy2clb_phy_rdy_upp                              |                                   design_1_ddr4_0_0_ddr4_v2_2_20_cal_sync__parameterized7_6 |          0 |          0 |       0 |    0 |     40 |      0 |      0 |    0 |          0 |
|               u_phy2clb_phy_ready_sync                           |                                   design_1_ddr4_0_0_ddr4_v2_2_20_cal_sync__parameterized4_7 |          0 |          0 |       0 |    0 |      2 |      0 |      0 |    0 |          0 |
|               u_riu2clb_valid_sync                               |                                   design_1_ddr4_0_0_ddr4_v2_2_20_cal_sync__parameterized7_8 |          0 |          0 |       0 |    0 |     40 |      0 |      0 |    0 |          0 |
|             u_ddr_axi                                            |                                                          design_1_ddr4_0_0_ddr4_v2_2_20_axi |       1474 |        952 |       0 |  522 |   1430 |      0 |      0 |    0 |          0 |
|               (u_ddr_axi)                                        |                                                          design_1_ddr4_0_0_ddr4_v2_2_20_axi |          1 |          1 |       0 |    0 |      2 |      0 |      0 |    0 |          0 |
|               axi_ar_channel_0                                   |                                               design_1_ddr4_0_0_ddr4_v2_2_20_axi_ar_channel |        146 |        146 |       0 |    0 |    101 |      0 |      0 |    0 |          0 |
|               axi_aw_channel_0                                   |                                               design_1_ddr4_0_0_ddr4_v2_2_20_axi_aw_channel |        148 |        148 |       0 |    0 |     99 |      0 |      0 |    0 |          0 |
|               axi_b_channel_0                                    |                                                design_1_ddr4_0_0_ddr4_v2_2_20_axi_b_channel |         13 |          9 |       0 |    4 |      4 |      0 |      0 |    0 |          0 |
|               axi_cmd_arbiter_0                                  |                                              design_1_ddr4_0_0_ddr4_v2_2_20_axi_cmd_arbiter |         32 |         32 |       0 |    0 |     31 |      0 |      0 |    0 |          0 |
|               axi_r_channel_0                                    |                                                design_1_ddr4_0_0_ddr4_v2_2_20_axi_r_channel |        549 |         31 |       0 |  518 |     29 |      0 |      0 |    0 |          0 |
|               axi_w_channel_0                                    |                                                design_1_ddr4_0_0_ddr4_v2_2_20_axi_w_channel |        585 |        585 |       0 |    0 |   1164 |      0 |      0 |    0 |          0 |
|         m00_full_regslice                                        |                                                                design_1_m00_full_regslice_0 |         18 |         18 |       0 |    0 |   1244 |      0 |      0 |    0 |          0 |
|           (m00_full_regslice)                                    |                                                                design_1_m00_full_regslice_0 |          0 |          0 |       0 |    0 |      0 |      0 |      0 |    0 |          0 |
|           inst                                                   |                  design_1_m00_full_regslice_0_axi_register_slice_v2_1_29_axi_register_slice |         18 |         18 |       0 |    0 |   1244 |      0 |      0 |    0 |          0 |
|             (inst)                                               |                  design_1_m00_full_regslice_0_axi_register_slice_v2_1_29_axi_register_slice |          0 |          0 |       0 |    0 |      0 |      0 |      0 |    0 |          0 |
|             ar.ar_pipe                                           |                 design_1_m00_full_regslice_0_axi_register_slice_v2_1_29_axic_register_slice |          3 |          3 |       0 |    0 |     67 |      0 |      0 |    0 |          0 |
|             aw.aw_pipe                                           |               design_1_m00_full_regslice_0_axi_register_slice_v2_1_29_axic_register_slice_0 |          4 |          4 |       0 |    0 |     68 |      0 |      0 |    0 |          0 |
|             b.b_pipe                                             | design_1_m00_full_regslice_0_axi_register_slice_v2_1_29_axic_register_slice__parameterized1 |          3 |          3 |       0 |    0 |      8 |      0 |      0 |    0 |          0 |
|             r.r_pipe                                             | design_1_m00_full_regslice_0_axi_register_slice_v2_1_29_axic_register_slice__parameterized2 |          3 |          3 |       0 |    0 |    521 |      0 |      0 |    0 |          0 |
|             w.w_pipe                                             | design_1_m00_full_regslice_0_axi_register_slice_v2_1_29_axic_register_slice__parameterized0 |          5 |          5 |       0 |    0 |    580 |      0 |      0 |    0 |          0 |
|         proc_sys_reset_0                                         |                                                                 design_1_proc_sys_reset_0_0 |         19 |         18 |       0 |    1 |     40 |      0 |      0 |    0 |          0 |
|           U0                                                     |                                                  design_1_proc_sys_reset_0_0_proc_sys_reset |         19 |         18 |       0 |    1 |     40 |      0 |      0 |    0 |          0 |
|             (U0)                                                 |                                                  design_1_proc_sys_reset_0_0_proc_sys_reset |          0 |          0 |       0 |    0 |      5 |      0 |      0 |    0 |          0 |
|             EXT_LPF                                              |                                                             design_1_proc_sys_reset_0_0_lpf |          6 |          5 |       0 |    1 |     17 |      0 |      0 |    0 |          0 |
|               (EXT_LPF)                                          |                                                             design_1_proc_sys_reset_0_0_lpf |          2 |          1 |       0 |    1 |      9 |      0 |      0 |    0 |          0 |
|               ACTIVE_HIGH_EXT.ACT_HI_EXT                         |                                                        design_1_proc_sys_reset_0_0_cdc_sync |          2 |          2 |       0 |    0 |      4 |      0 |      0 |    0 |          0 |
|               ACTIVE_LOW_AUX.ACT_LO_AUX                          |                                                      design_1_proc_sys_reset_0_0_cdc_sync_0 |          2 |          2 |       0 |    0 |      4 |      0 |      0 |    0 |          0 |
|             SEQ                                                  |                                                    design_1_proc_sys_reset_0_0_sequence_psr |         13 |         13 |       0 |    0 |     18 |      0 |      0 |    0 |          0 |
|               (SEQ)                                              |                                                    design_1_proc_sys_reset_0_0_sequence_psr |          8 |          8 |       0 |    0 |     12 |      0 |      0 |    0 |          0 |
|               SEQ_COUNTER                                        |                                                         design_1_proc_sys_reset_0_0_upcnt_n |          5 |          5 |       0 |    0 |      6 |      0 |      0 |    0 |          0 |
|     u_video_framebuffer                                          |                                                            multi_channel_ddr_video_pipeline |      30872 |      26638 |    4234 |    0 |  54023 |    164 |      0 |    0 |          5 |
|       (u_video_framebuffer)                                      |                                                            multi_channel_ddr_video_pipeline |          5 |          5 |       0 |    0 |    207 |      0 |      0 |    0 |          0 |
|       u_ai_meta_ack_cdc                                          |                                                                          xpm_cdc_single__19 |          0 |          0 |       0 |    0 |      3 |      0 |      0 |    0 |          0 |
|       u_ai_meta_index_cdc                                        |                                                     xpm_cdc_array_single__parameterized1__9 |          0 |          0 |       0 |    0 |     12 |      0 |      0 |    0 |          0 |
|       u_ai_meta_payload_cdc                                      |                                                        xpm_cdc_array_single__parameterized2 |          0 |          0 |       0 |    0 |    576 |      0 |      0 |    0 |          0 |
|       u_ai_meta_req_cdc                                          |                                                                          xpm_cdc_single__18 |          0 |          0 |       0 |    0 |      3 |      0 |      0 |    0 |          0 |
|       u_ai_release_ack_cdc                                       |                                                                          xpm_cdc_single__17 |          0 |          0 |       0 |    0 |      3 |      0 |      0 |    0 |          0 |
|       u_ai_release_mask_cdc                                      |                                                        xpm_cdc_array_single__parameterized0 |          0 |          0 |       0 |    0 |     48 |      0 |      0 |    0 |          0 |
|       u_ai_release_req_cdc                                       |                                                                          xpm_cdc_single__16 |          0 |          0 |       0 |    0 |      3 |      0 |      0 |    0 |          0 |
|       u_ai_snapshot_ack_cdc                                      |                                                                          xpm_cdc_single__15 |          0 |          0 |       0 |    0 |      3 |      0 |      0 |    0 |          0 |
|       u_ai_snapshot_req_cdc                                      |                                                                          xpm_cdc_single__14 |          0 |          0 |       0 |    0 |      3 |      0 |      0 |    0 |          0 |
|       u_ai_snapshot_status_cdc                                   |                                                        xpm_cdc_array_single__parameterized3 |          0 |          0 |       0 |    0 |    627 |      0 |      0 |    0 |          0 |
|       u_batch_preprocess                                         |                                                                     batch_preprocess_engine |       1416 |       1416 |       0 |    0 |   1908 |      4 |      0 |    0 |          4 |
|         (u_batch_preprocess)                                     |                                                                     batch_preprocess_engine |         95 |         95 |       0 |    0 |   1105 |      0 |      0 |    0 |          2 |
|         u_frame_preprocess                                       |                                                                      frame_preprocess_accel |       1321 |       1321 |       0 |    0 |    803 |      4 |      0 |    0 |          2 |
|       u_control                                                  |                                                              multi_channel_framebuffer_ctrl |       4484 |       4484 |       0 |    0 |   1444 |      0 |      0 |    0 |          0 |
|       u_drop_count_cdc                                           |                                                     xpm_cdc_array_single__parameterized8__4 |          0 |          0 |       0 |    0 |   1536 |      0 |      0 |    0 |          0 |
|       u_hdmi_diag_cdc                                            |                                                        xpm_cdc_array_single__parameterized9 |          0 |          0 |       0 |    0 |    960 |      0 |      0 |    0 |          0 |
|       u_hdmi_enable_cdc                                          |                                                                          xpm_cdc_single__13 |          0 |          0 |       0 |    0 |      3 |      0 |      0 |    0 |          0 |
|       u_malformed_count_cdc                                      |                                                        xpm_cdc_array_single__parameterized8 |          0 |          0 |       0 |    0 |   1536 |      0 |      0 |    0 |          0 |
|       u_manager                                                  |                                                                 multi_channel_frame_manager |      10621 |       9981 |     640 |    0 |  18402 |      0 |      0 |    0 |          0 |
|       u_overlay_commit_ack_cdc                                   |                                                                              xpm_cdc_single |          0 |          0 |       0 |    0 |      3 |      0 |      0 |    0 |          0 |
|       u_overlay_commit_req_cdc                                   |                                                                          xpm_cdc_single__24 |          0 |          0 |       0 |    0 |      3 |      0 |      0 |    0 |          0 |
|       u_overlay_payload_cdc                                      |                                                        xpm_cdc_array_single__parameterized6 |          0 |          0 |       0 |    0 |   1560 |      0 |      0 |    0 |          0 |
|       u_preprocess_config_cdc                                    |                                                                        xpm_cdc_array_single |          0 |          0 |       0 |    0 |    387 |      0 |      0 |    0 |          0 |
|       u_preprocess_recycle_ack_cdc                               |                                                                          xpm_cdc_single__23 |          0 |          0 |       0 |    0 |      3 |      0 |      0 |    0 |          0 |
|       u_preprocess_recycle_mask_cdc                              |                                                        xpm_cdc_array_single__parameterized4 |          0 |          0 |       0 |    0 |      6 |      0 |      0 |    0 |          0 |
|       u_preprocess_recycle_req_cdc                               |                                                                          xpm_cdc_single__22 |          0 |          0 |       0 |    0 |      3 |      0 |      0 |    0 |          0 |
|       u_preprocess_start_ack_cdc                                 |                                                                          xpm_cdc_single__21 |          0 |          0 |       0 |    0 |      3 |      0 |      0 |    0 |          0 |
|       u_preprocess_start_req_cdc                                 |                                                                          xpm_cdc_single__20 |          0 |          0 |       0 |    0 |      3 |      0 |      0 |    0 |          0 |
|       u_preprocess_status_cdc                                    |                                                        xpm_cdc_array_single__parameterized5 |          1 |          1 |       0 |    0 |   1289 |      0 |      0 |    0 |          0 |
|       u_reader                                                   |                                                                    display_reader_subsystem |       9139 |       5603 |    3536 |    0 |  14494 |     32 |      0 |    0 |          1 |
|         (u_reader)                                               |                                                                    display_reader_subsystem |          0 |          0 |       0 |    0 |      5 |      0 |      0 |    0 |          0 |
|         u_detection_overlay                                      |                                                                           detection_overlay |       2717 |       2717 |       0 |    0 |  12449 |      0 |      0 |    0 |          0 |
|         u_full_reader                                            |                                                                            ddr_frame_reader |        675 |        667 |       8 |    0 |    693 |     28 |      0 |    0 |          0 |
|           (u_full_reader)                                        |                                                                            ddr_frame_reader |        575 |        567 |       8 |    0 |    617 |      0 |      0 |    0 |          0 |
|           u_read_fifo                                            |                                                               xpm_fifo_sync__parameterized0 |        100 |        100 |       0 |    0 |     76 |     28 |      0 |    0 |          0 |
|             (u_read_fifo)                                        |                                                               xpm_fifo_sync__parameterized0 |          0 |          0 |       0 |    0 |      0 |      0 |      0 |    0 |          0 |
|             xpm_fifo_base_inst                                   |                                                               xpm_fifo_base__parameterized0 |        100 |        100 |       0 |    0 |     76 |     28 |      0 |    0 |          0 |
|               (xpm_fifo_base_inst)                               |                                                               xpm_fifo_base__parameterized0 |          2 |          2 |       0 |    0 |     18 |      0 |      0 |    0 |          0 |
|               gen_fwft.rdpp1_inst                                |                                                                        xpm_counter_updn_112 |          5 |          5 |       0 |    0 |      2 |      0 |      0 |    0 |          0 |
|               gen_sdpram.xpm_memory_base_inst                    |                                                             xpm_memory_base__parameterized0 |          8 |          8 |       0 |    0 |      0 |     28 |      0 |    0 |          0 |
|               rdp_inst                                           |                                                            xpm_counter_updn__parameterized3 |         37 |         37 |       0 |    0 |     13 |      0 |      0 |    0 |          0 |
|               rdpp1_inst                                         |                                                            xpm_counter_updn__parameterized4 |         13 |         13 |       0 |    0 |     12 |      0 |      0 |    0 |          0 |
|               rst_d1_inst                                        |                                                                        xpm_fifo_reg_bit_113 |          0 |          0 |       0 |    0 |      1 |      0 |      0 |    0 |          0 |
|               wrp_inst                                           |                                                        xpm_counter_updn__parameterized3_114 |         30 |         30 |       0 |    0 |     13 |      0 |      0 |    0 |          0 |
|               wrpp1_inst                                         |                                                        xpm_counter_updn__parameterized4_115 |         12 |         12 |       0 |    0 |     12 |      0 |      0 |    0 |          0 |
|               xpm_fifo_rst_inst                                  |                                                                            xpm_fifo_rst_116 |          3 |          3 |       0 |    0 |      5 |      0 |      0 |    0 |          0 |
|         u_mosaic_reader                                          |                                                                         mosaic_frame_reader |       5747 |       2219 |    3528 |    0 |   1347 |      4 |      0 |    0 |          1 |
|           (u_mosaic_reader)                                      |                                                                         mosaic_frame_reader |       5679 |       2151 |    3528 |    0 |   1286 |      0 |      0 |    0 |          1 |
|           u_axi_read_fifo                                        |                                                               xpm_fifo_sync__parameterized1 |         68 |         68 |       0 |    0 |     61 |      4 |      0 |    0 |          0 |
|             (u_axi_read_fifo)                                    |                                                               xpm_fifo_sync__parameterized1 |          0 |          0 |       0 |    0 |      0 |      0 |      0 |    0 |          0 |
|             xpm_fifo_base_inst                                   |                                                               xpm_fifo_base__parameterized1 |         68 |         68 |       0 |    0 |     61 |      4 |      0 |    0 |          0 |
|               (xpm_fifo_base_inst)                               |                                                               xpm_fifo_base__parameterized1 |          2 |          2 |       0 |    0 |     15 |      0 |      0 |    0 |          0 |
|               gen_fwft.rdpp1_inst                                |                                                                        xpm_counter_updn_107 |          5 |          5 |       0 |    0 |      2 |      0 |      0 |    0 |          0 |
|               gen_sdpram.xpm_memory_base_inst                    |                                                             xpm_memory_base__parameterized1 |          0 |          0 |       0 |    0 |      0 |      4 |      0 |    0 |          0 |
|               rdp_inst                                           |                                                            xpm_counter_updn__parameterized6 |         27 |         27 |       0 |    0 |     10 |      0 |      0 |    0 |          0 |
|               rdpp1_inst                                         |                                                            xpm_counter_updn__parameterized7 |          9 |          9 |       0 |    0 |      9 |      0 |      0 |    0 |          0 |
|               rst_d1_inst                                        |                                                                        xpm_fifo_reg_bit_108 |          0 |          0 |       0 |    0 |      1 |      0 |      0 |    0 |          0 |
|               wrp_inst                                           |                                                        xpm_counter_updn__parameterized6_109 |         21 |         21 |       0 |    0 |     10 |      0 |      0 |    0 |          0 |
|               wrpp1_inst                                         |                                                        xpm_counter_updn__parameterized7_110 |          8 |          8 |       0 |    0 |      9 |      0 |      0 |    0 |          0 |
|               xpm_fifo_rst_inst                                  |                                                                            xpm_fifo_rst_111 |          3 |          3 |       0 |    0 |      5 |      0 |      0 |    0 |          0 |
|       u_status_cdc                                               |                                                     xpm_cdc_array_single__parameterized7__9 |          0 |          0 |       0 |    0 |    480 |      0 |      0 |    0 |          0 |
|       u_writer                                                   |                                                                     multi_channel_video_dma |       5152 |       5094 |      58 |    0 |   6262 |    128 |      0 |    0 |          0 |
|         (u_writer)                                               |                                                                     multi_channel_video_dma |       2101 |       2043 |      58 |    0 |   2326 |      0 |      0 |    0 |          0 |
|         g_channels[0].u_fifo                                     |                                                               channel_write_fifo__xdcDup__1 |         93 |         93 |       0 |    0 |    246 |      8 |      0 |    0 |          0 |
|           (g_channels[0].u_fifo)                                 |                                                               channel_write_fifo__xdcDup__1 |         18 |         18 |       0 |    0 |    180 |      0 |      0 |    0 |          0 |
|           u_fifo                                                 |                                                                           xpm_fifo_sync__28 |         75 |         75 |       0 |    0 |     66 |      8 |      0 |    0 |          0 |
|             (u_fifo)                                             |                                                                           xpm_fifo_sync__28 |          0 |          0 |       0 |    0 |      0 |      0 |      0 |    0 |          0 |
|             xpm_fifo_base_inst                                   |                                                                           xpm_fifo_base__28 |         75 |         75 |       0 |    0 |     66 |      8 |      0 |    0 |          0 |
|               (xpm_fifo_base_inst)                               |                                                                           xpm_fifo_base__28 |          2 |          2 |       0 |    0 |     16 |      0 |      0 |    0 |          0 |
|               gen_fwft.rdpp1_inst                                |                                                                        xpm_counter_updn_100 |          5 |          5 |       0 |    0 |      2 |      0 |      0 |    0 |          0 |
|               gen_sdpram.xpm_memory_base_inst                    |                                                                         xpm_memory_base__28 |          0 |          0 |       0 |    0 |      0 |      8 |      0 |    0 |          0 |
|               rdp_inst                                           |                                                        xpm_counter_updn__parameterized0_101 |         30 |         30 |       0 |    0 |     11 |      0 |      0 |    0 |          0 |
|               rdpp1_inst                                         |                                                        xpm_counter_updn__parameterized1_102 |         10 |         10 |       0 |    0 |     10 |      0 |      0 |    0 |          0 |
|               rst_d1_inst                                        |                                                                        xpm_fifo_reg_bit_103 |          0 |          0 |       0 |    0 |      1 |      0 |      0 |    0 |          0 |
|               wrp_inst                                           |                                                        xpm_counter_updn__parameterized0_104 |         24 |         24 |       0 |    0 |     11 |      0 |      0 |    0 |          0 |
|               wrpp1_inst                                         |                                                        xpm_counter_updn__parameterized1_105 |          9 |          9 |       0 |    0 |     10 |      0 |      0 |    0 |          0 |
|               xpm_fifo_rst_inst                                  |                                                                            xpm_fifo_rst_106 |          3 |          3 |       0 |    0 |      5 |      0 |      0 |    0 |          0 |
|         g_channels[10].u_fifo                                    |                                                              channel_write_fifo__xdcDup__11 |        101 |        101 |       0 |    0 |    246 |      8 |      0 |    0 |          0 |
|           (g_channels[10].u_fifo)                                |                                                              channel_write_fifo__xdcDup__11 |         26 |         26 |       0 |    0 |    180 |      0 |      0 |    0 |          0 |
|           u_fifo                                                 |                                                                           xpm_fifo_sync__18 |         75 |         75 |       0 |    0 |     66 |      8 |      0 |    0 |          0 |
|             (u_fifo)                                             |                                                                           xpm_fifo_sync__18 |          0 |          0 |       0 |    0 |      0 |      0 |      0 |    0 |          0 |
|             xpm_fifo_base_inst                                   |                                                                           xpm_fifo_base__18 |         75 |         75 |       0 |    0 |     66 |      8 |      0 |    0 |          0 |
|               (xpm_fifo_base_inst)                               |                                                                           xpm_fifo_base__18 |          2 |          2 |       0 |    0 |     16 |      0 |      0 |    0 |          0 |
|               gen_fwft.rdpp1_inst                                |                                                                         xpm_counter_updn_93 |          5 |          5 |       0 |    0 |      2 |      0 |      0 |    0 |          0 |
|               gen_sdpram.xpm_memory_base_inst                    |                                                                         xpm_memory_base__18 |          0 |          0 |       0 |    0 |      0 |      8 |      0 |    0 |          0 |
|               rdp_inst                                           |                                                         xpm_counter_updn__parameterized0_94 |         30 |         30 |       0 |    0 |     11 |      0 |      0 |    0 |          0 |
|               rdpp1_inst                                         |                                                         xpm_counter_updn__parameterized1_95 |         10 |         10 |       0 |    0 |     10 |      0 |      0 |    0 |          0 |
|               rst_d1_inst                                        |                                                                         xpm_fifo_reg_bit_96 |          0 |          0 |       0 |    0 |      1 |      0 |      0 |    0 |          0 |
|               wrp_inst                                           |                                                         xpm_counter_updn__parameterized0_97 |         24 |         24 |       0 |    0 |     11 |      0 |      0 |    0 |          0 |
|               wrpp1_inst                                         |                                                         xpm_counter_updn__parameterized1_98 |          9 |          9 |       0 |    0 |     10 |      0 |      0 |    0 |          0 |
|               xpm_fifo_rst_inst                                  |                                                                             xpm_fifo_rst_99 |          3 |          3 |       0 |    0 |      5 |      0 |      0 |    0 |          0 |
|         g_channels[11].u_fifo                                    |                                                              channel_write_fifo__xdcDup__12 |        697 |        697 |       0 |    0 |    246 |      8 |      0 |    0 |          0 |
|           (g_channels[11].u_fifo)                                |                                                              channel_write_fifo__xdcDup__12 |        622 |        622 |       0 |    0 |    180 |      0 |      0 |    0 |          0 |
|           u_fifo                                                 |                                                                           xpm_fifo_sync__17 |         75 |         75 |       0 |    0 |     66 |      8 |      0 |    0 |          0 |
|             (u_fifo)                                             |                                                                           xpm_fifo_sync__17 |          0 |          0 |       0 |    0 |      0 |      0 |      0 |    0 |          0 |
|             xpm_fifo_base_inst                                   |                                                                           xpm_fifo_base__17 |         75 |         75 |       0 |    0 |     66 |      8 |      0 |    0 |          0 |
|               (xpm_fifo_base_inst)                               |                                                                           xpm_fifo_base__17 |          2 |          2 |       0 |    0 |     16 |      0 |      0 |    0 |          0 |
|               gen_fwft.rdpp1_inst                                |                                                                         xpm_counter_updn_86 |          5 |          5 |       0 |    0 |      2 |      0 |      0 |    0 |          0 |
|               gen_sdpram.xpm_memory_base_inst                    |                                                                         xpm_memory_base__17 |          0 |          0 |       0 |    0 |      0 |      8 |      0 |    0 |          0 |
|               rdp_inst                                           |                                                         xpm_counter_updn__parameterized0_87 |         30 |         30 |       0 |    0 |     11 |      0 |      0 |    0 |          0 |
|               rdpp1_inst                                         |                                                         xpm_counter_updn__parameterized1_88 |         10 |         10 |       0 |    0 |     10 |      0 |      0 |    0 |          0 |
|               rst_d1_inst                                        |                                                                         xpm_fifo_reg_bit_89 |          0 |          0 |       0 |    0 |      1 |      0 |      0 |    0 |          0 |
|               wrp_inst                                           |                                                         xpm_counter_updn__parameterized0_90 |         24 |         24 |       0 |    0 |     11 |      0 |      0 |    0 |          0 |
|               wrpp1_inst                                         |                                                         xpm_counter_updn__parameterized1_91 |          9 |          9 |       0 |    0 |     10 |      0 |      0 |    0 |          0 |
|               xpm_fifo_rst_inst                                  |                                                                             xpm_fifo_rst_92 |          3 |          3 |       0 |    0 |      5 |      0 |      0 |    0 |          0 |
|         g_channels[12].u_fifo                                    |                                                              channel_write_fifo__xdcDup__13 |         98 |         98 |       0 |    0 |    246 |      8 |      0 |    0 |          0 |
|           (g_channels[12].u_fifo)                                |                                                              channel_write_fifo__xdcDup__13 |         23 |         23 |       0 |    0 |    180 |      0 |      0 |    0 |          0 |
|           u_fifo                                                 |                                                                           xpm_fifo_sync__16 |         75 |         75 |       0 |    0 |     66 |      8 |      0 |    0 |          0 |
|             (u_fifo)                                             |                                                                           xpm_fifo_sync__16 |          0 |          0 |       0 |    0 |      0 |      0 |      0 |    0 |          0 |
|             xpm_fifo_base_inst                                   |                                                                           xpm_fifo_base__16 |         75 |         75 |       0 |    0 |     66 |      8 |      0 |    0 |          0 |
|               (xpm_fifo_base_inst)                               |                                                                           xpm_fifo_base__16 |          2 |          2 |       0 |    0 |     16 |      0 |      0 |    0 |          0 |
|               gen_fwft.rdpp1_inst                                |                                                                         xpm_counter_updn_79 |          5 |          5 |       0 |    0 |      2 |      0 |      0 |    0 |          0 |
|               gen_sdpram.xpm_memory_base_inst                    |                                                                         xpm_memory_base__16 |          0 |          0 |       0 |    0 |      0 |      8 |      0 |    0 |          0 |
|               rdp_inst                                           |                                                         xpm_counter_updn__parameterized0_80 |         30 |         30 |       0 |    0 |     11 |      0 |      0 |    0 |          0 |
|               rdpp1_inst                                         |                                                         xpm_counter_updn__parameterized1_81 |         10 |         10 |       0 |    0 |     10 |      0 |      0 |    0 |          0 |
|               rst_d1_inst                                        |                                                                         xpm_fifo_reg_bit_82 |          0 |          0 |       0 |    0 |      1 |      0 |      0 |    0 |          0 |
|               wrp_inst                                           |                                                         xpm_counter_updn__parameterized0_83 |         24 |         24 |       0 |    0 |     11 |      0 |      0 |    0 |          0 |
|               wrpp1_inst                                         |                                                         xpm_counter_updn__parameterized1_84 |          9 |          9 |       0 |    0 |     10 |      0 |      0 |    0 |          0 |
|               xpm_fifo_rst_inst                                  |                                                                             xpm_fifo_rst_85 |          3 |          3 |       0 |    0 |      5 |      0 |      0 |    0 |          0 |
|         g_channels[13].u_fifo                                    |                                                              channel_write_fifo__xdcDup__14 |         97 |         97 |       0 |    0 |    246 |      8 |      0 |    0 |          0 |
|           (g_channels[13].u_fifo)                                |                                                              channel_write_fifo__xdcDup__14 |         22 |         22 |       0 |    0 |    180 |      0 |      0 |    0 |          0 |
|           u_fifo                                                 |                                                                           xpm_fifo_sync__29 |         75 |         75 |       0 |    0 |     66 |      8 |      0 |    0 |          0 |
|             (u_fifo)                                             |                                                                           xpm_fifo_sync__29 |          0 |          0 |       0 |    0 |      0 |      0 |      0 |    0 |          0 |
|             xpm_fifo_base_inst                                   |                                                                           xpm_fifo_base__29 |         75 |         75 |       0 |    0 |     66 |      8 |      0 |    0 |          0 |
|               (xpm_fifo_base_inst)                               |                                                                           xpm_fifo_base__29 |          2 |          2 |       0 |    0 |     16 |      0 |      0 |    0 |          0 |
|               gen_fwft.rdpp1_inst                                |                                                                         xpm_counter_updn_72 |          5 |          5 |       0 |    0 |      2 |      0 |      0 |    0 |          0 |
|               gen_sdpram.xpm_memory_base_inst                    |                                                                         xpm_memory_base__29 |          0 |          0 |       0 |    0 |      0 |      8 |      0 |    0 |          0 |
|               rdp_inst                                           |                                                         xpm_counter_updn__parameterized0_73 |         30 |         30 |       0 |    0 |     11 |      0 |      0 |    0 |          0 |
|               rdpp1_inst                                         |                                                         xpm_counter_updn__parameterized1_74 |         10 |         10 |       0 |    0 |     10 |      0 |      0 |    0 |          0 |
|               rst_d1_inst                                        |                                                                         xpm_fifo_reg_bit_75 |          0 |          0 |       0 |    0 |      1 |      0 |      0 |    0 |          0 |
|               wrp_inst                                           |                                                         xpm_counter_updn__parameterized0_76 |         24 |         24 |       0 |    0 |     11 |      0 |      0 |    0 |          0 |
|               wrpp1_inst                                         |                                                         xpm_counter_updn__parameterized1_77 |          9 |          9 |       0 |    0 |     10 |      0 |      0 |    0 |          0 |
|               xpm_fifo_rst_inst                                  |                                                                             xpm_fifo_rst_78 |          3 |          3 |       0 |    0 |      5 |      0 |      0 |    0 |          0 |
|         g_channels[14].u_fifo                                    |                                                              channel_write_fifo__xdcDup__15 |         95 |         95 |       0 |    0 |    246 |      8 |      0 |    0 |          0 |
|           (g_channels[14].u_fifo)                                |                                                              channel_write_fifo__xdcDup__15 |         20 |         20 |       0 |    0 |    180 |      0 |      0 |    0 |          0 |
|           u_fifo                                                 |                                                                               xpm_fifo_sync |         75 |         75 |       0 |    0 |     66 |      8 |      0 |    0 |          0 |
|             (u_fifo)                                             |                                                                               xpm_fifo_sync |          0 |          0 |       0 |    0 |      0 |      0 |      0 |    0 |          0 |
|             xpm_fifo_base_inst                                   |                                                                               xpm_fifo_base |         75 |         75 |       0 |    0 |     66 |      8 |      0 |    0 |          0 |
|               (xpm_fifo_base_inst)                               |                                                                               xpm_fifo_base |          2 |          2 |       0 |    0 |     16 |      0 |      0 |    0 |          0 |
|               gen_fwft.rdpp1_inst                                |                                                                         xpm_counter_updn_65 |          5 |          5 |       0 |    0 |      2 |      0 |      0 |    0 |          0 |
|               gen_sdpram.xpm_memory_base_inst                    |                                                                             xpm_memory_base |          0 |          0 |       0 |    0 |      0 |      8 |      0 |    0 |          0 |
|               rdp_inst                                           |                                                         xpm_counter_updn__parameterized0_66 |         30 |         30 |       0 |    0 |     11 |      0 |      0 |    0 |          0 |
|               rdpp1_inst                                         |                                                         xpm_counter_updn__parameterized1_67 |         10 |         10 |       0 |    0 |     10 |      0 |      0 |    0 |          0 |
|               rst_d1_inst                                        |                                                                         xpm_fifo_reg_bit_68 |          0 |          0 |       0 |    0 |      1 |      0 |      0 |    0 |          0 |
|               wrp_inst                                           |                                                         xpm_counter_updn__parameterized0_69 |         24 |         24 |       0 |    0 |     11 |      0 |      0 |    0 |          0 |
|               wrpp1_inst                                         |                                                         xpm_counter_updn__parameterized1_70 |          9 |          9 |       0 |    0 |     10 |      0 |      0 |    0 |          0 |
|               xpm_fifo_rst_inst                                  |                                                                             xpm_fifo_rst_71 |          3 |          3 |       0 |    0 |      5 |      0 |      0 |    0 |          0 |
|         g_channels[15].u_fifo                                    |                                                                          channel_write_fifo |        389 |        389 |       0 |    0 |    246 |      8 |      0 |    0 |          0 |
|           (g_channels[15].u_fifo)                                |                                                                          channel_write_fifo |        314 |        314 |       0 |    0 |    180 |      0 |      0 |    0 |          0 |
|           u_fifo                                                 |                                                                           xpm_fifo_sync__30 |         75 |         75 |       0 |    0 |     66 |      8 |      0 |    0 |          0 |
|             (u_fifo)                                             |                                                                           xpm_fifo_sync__30 |          0 |          0 |       0 |    0 |      0 |      0 |      0 |    0 |          0 |
|             xpm_fifo_base_inst                                   |                                                                           xpm_fifo_base__30 |         75 |         75 |       0 |    0 |     66 |      8 |      0 |    0 |          0 |
|               (xpm_fifo_base_inst)                               |                                                                           xpm_fifo_base__30 |          2 |          2 |       0 |    0 |     16 |      0 |      0 |    0 |          0 |
|               gen_fwft.rdpp1_inst                                |                                                                         xpm_counter_updn_58 |          5 |          5 |       0 |    0 |      2 |      0 |      0 |    0 |          0 |
|               gen_sdpram.xpm_memory_base_inst                    |                                                                         xpm_memory_base__30 |          0 |          0 |       0 |    0 |      0 |      8 |      0 |    0 |          0 |
|               rdp_inst                                           |                                                         xpm_counter_updn__parameterized0_59 |         30 |         30 |       0 |    0 |     11 |      0 |      0 |    0 |          0 |
|               rdpp1_inst                                         |                                                         xpm_counter_updn__parameterized1_60 |         10 |         10 |       0 |    0 |     10 |      0 |      0 |    0 |          0 |
|               rst_d1_inst                                        |                                                                         xpm_fifo_reg_bit_61 |          0 |          0 |       0 |    0 |      1 |      0 |      0 |    0 |          0 |
|               wrp_inst                                           |                                                         xpm_counter_updn__parameterized0_62 |         24 |         24 |       0 |    0 |     11 |      0 |      0 |    0 |          0 |
|               wrpp1_inst                                         |                                                         xpm_counter_updn__parameterized1_63 |          9 |          9 |       0 |    0 |     10 |      0 |      0 |    0 |          0 |
|               xpm_fifo_rst_inst                                  |                                                                             xpm_fifo_rst_64 |          3 |          3 |       0 |    0 |      5 |      0 |      0 |    0 |          0 |
|         g_channels[1].u_fifo                                     |                                                               channel_write_fifo__xdcDup__2 |         96 |         96 |       0 |    0 |    246 |      8 |      0 |    0 |          0 |
|           (g_channels[1].u_fifo)                                 |                                                               channel_write_fifo__xdcDup__2 |         21 |         21 |       0 |    0 |    180 |      0 |      0 |    0 |          0 |
|           u_fifo                                                 |                                                                           xpm_fifo_sync__27 |         75 |         75 |       0 |    0 |     66 |      8 |      0 |    0 |          0 |
|             (u_fifo)                                             |                                                                           xpm_fifo_sync__27 |          0 |          0 |       0 |    0 |      0 |      0 |      0 |    0 |          0 |
|             xpm_fifo_base_inst                                   |                                                                           xpm_fifo_base__27 |         75 |         75 |       0 |    0 |     66 |      8 |      0 |    0 |          0 |
|               (xpm_fifo_base_inst)                               |                                                                           xpm_fifo_base__27 |          2 |          2 |       0 |    0 |     16 |      0 |      0 |    0 |          0 |
|               gen_fwft.rdpp1_inst                                |                                                                         xpm_counter_updn_51 |          5 |          5 |       0 |    0 |      2 |      0 |      0 |    0 |          0 |
|               gen_sdpram.xpm_memory_base_inst                    |                                                                         xpm_memory_base__27 |          0 |          0 |       0 |    0 |      0 |      8 |      0 |    0 |          0 |
|               rdp_inst                                           |                                                         xpm_counter_updn__parameterized0_52 |         30 |         30 |       0 |    0 |     11 |      0 |      0 |    0 |          0 |
|               rdpp1_inst                                         |                                                         xpm_counter_updn__parameterized1_53 |         10 |         10 |       0 |    0 |     10 |      0 |      0 |    0 |          0 |
|               rst_d1_inst                                        |                                                                         xpm_fifo_reg_bit_54 |          0 |          0 |       0 |    0 |      1 |      0 |      0 |    0 |          0 |
|               wrp_inst                                           |                                                         xpm_counter_updn__parameterized0_55 |         24 |         24 |       0 |    0 |     11 |      0 |      0 |    0 |          0 |
|               wrpp1_inst                                         |                                                         xpm_counter_updn__parameterized1_56 |          9 |          9 |       0 |    0 |     10 |      0 |      0 |    0 |          0 |
|               xpm_fifo_rst_inst                                  |                                                                             xpm_fifo_rst_57 |          3 |          3 |       0 |    0 |      5 |      0 |      0 |    0 |          0 |
|         g_channels[2].u_fifo                                     |                                                               channel_write_fifo__xdcDup__3 |         96 |         96 |       0 |    0 |    246 |      8 |      0 |    0 |          0 |
|           (g_channels[2].u_fifo)                                 |                                                               channel_write_fifo__xdcDup__3 |         21 |         21 |       0 |    0 |    180 |      0 |      0 |    0 |          0 |
|           u_fifo                                                 |                                                                           xpm_fifo_sync__26 |         75 |         75 |       0 |    0 |     66 |      8 |      0 |    0 |          0 |
|             (u_fifo)                                             |                                                                           xpm_fifo_sync__26 |          0 |          0 |       0 |    0 |      0 |      0 |      0 |    0 |          0 |
|             xpm_fifo_base_inst                                   |                                                                           xpm_fifo_base__26 |         75 |         75 |       0 |    0 |     66 |      8 |      0 |    0 |          0 |
|               (xpm_fifo_base_inst)                               |                                                                           xpm_fifo_base__26 |          2 |          2 |       0 |    0 |     16 |      0 |      0 |    0 |          0 |
|               gen_fwft.rdpp1_inst                                |                                                                         xpm_counter_updn_44 |          5 |          5 |       0 |    0 |      2 |      0 |      0 |    0 |          0 |
|               gen_sdpram.xpm_memory_base_inst                    |                                                                         xpm_memory_base__26 |          0 |          0 |       0 |    0 |      0 |      8 |      0 |    0 |          0 |
|               rdp_inst                                           |                                                         xpm_counter_updn__parameterized0_45 |         30 |         30 |       0 |    0 |     11 |      0 |      0 |    0 |          0 |
|               rdpp1_inst                                         |                                                         xpm_counter_updn__parameterized1_46 |         10 |         10 |       0 |    0 |     10 |      0 |      0 |    0 |          0 |
|               rst_d1_inst                                        |                                                                         xpm_fifo_reg_bit_47 |          0 |          0 |       0 |    0 |      1 |      0 |      0 |    0 |          0 |
|               wrp_inst                                           |                                                         xpm_counter_updn__parameterized0_48 |         24 |         24 |       0 |    0 |     11 |      0 |      0 |    0 |          0 |
|               wrpp1_inst                                         |                                                         xpm_counter_updn__parameterized1_49 |          9 |          9 |       0 |    0 |     10 |      0 |      0 |    0 |          0 |
|               xpm_fifo_rst_inst                                  |                                                                             xpm_fifo_rst_50 |          3 |          3 |       0 |    0 |      5 |      0 |      0 |    0 |          0 |
|         g_channels[3].u_fifo                                     |                                                               channel_write_fifo__xdcDup__4 |        419 |        419 |       0 |    0 |    246 |      8 |      0 |    0 |          0 |
|           (g_channels[3].u_fifo)                                 |                                                               channel_write_fifo__xdcDup__4 |        344 |        344 |       0 |    0 |    180 |      0 |      0 |    0 |          0 |
|           u_fifo                                                 |                                                                           xpm_fifo_sync__25 |         75 |         75 |       0 |    0 |     66 |      8 |      0 |    0 |          0 |
|             (u_fifo)                                             |                                                                           xpm_fifo_sync__25 |          0 |          0 |       0 |    0 |      0 |      0 |      0 |    0 |          0 |
|             xpm_fifo_base_inst                                   |                                                                           xpm_fifo_base__25 |         75 |         75 |       0 |    0 |     66 |      8 |      0 |    0 |          0 |
|               (xpm_fifo_base_inst)                               |                                                                           xpm_fifo_base__25 |          2 |          2 |       0 |    0 |     16 |      0 |      0 |    0 |          0 |
|               gen_fwft.rdpp1_inst                                |                                                                         xpm_counter_updn_37 |          5 |          5 |       0 |    0 |      2 |      0 |      0 |    0 |          0 |
|               gen_sdpram.xpm_memory_base_inst                    |                                                                         xpm_memory_base__25 |          0 |          0 |       0 |    0 |      0 |      8 |      0 |    0 |          0 |
|               rdp_inst                                           |                                                         xpm_counter_updn__parameterized0_38 |         30 |         30 |       0 |    0 |     11 |      0 |      0 |    0 |          0 |
|               rdpp1_inst                                         |                                                         xpm_counter_updn__parameterized1_39 |         10 |         10 |       0 |    0 |     10 |      0 |      0 |    0 |          0 |
|               rst_d1_inst                                        |                                                                         xpm_fifo_reg_bit_40 |          0 |          0 |       0 |    0 |      1 |      0 |      0 |    0 |          0 |
|               wrp_inst                                           |                                                         xpm_counter_updn__parameterized0_41 |         24 |         24 |       0 |    0 |     11 |      0 |      0 |    0 |          0 |
|               wrpp1_inst                                         |                                                         xpm_counter_updn__parameterized1_42 |          9 |          9 |       0 |    0 |     10 |      0 |      0 |    0 |          0 |
|               xpm_fifo_rst_inst                                  |                                                                             xpm_fifo_rst_43 |          3 |          3 |       0 |    0 |      5 |      0 |      0 |    0 |          0 |
|         g_channels[4].u_fifo                                     |                                                               channel_write_fifo__xdcDup__5 |         97 |         97 |       0 |    0 |    246 |      8 |      0 |    0 |          0 |
|           (g_channels[4].u_fifo)                                 |                                                               channel_write_fifo__xdcDup__5 |         22 |         22 |       0 |    0 |    180 |      0 |      0 |    0 |          0 |
|           u_fifo                                                 |                                                                           xpm_fifo_sync__24 |         75 |         75 |       0 |    0 |     66 |      8 |      0 |    0 |          0 |
|             (u_fifo)                                             |                                                                           xpm_fifo_sync__24 |          0 |          0 |       0 |    0 |      0 |      0 |      0 |    0 |          0 |
|             xpm_fifo_base_inst                                   |                                                                           xpm_fifo_base__24 |         75 |         75 |       0 |    0 |     66 |      8 |      0 |    0 |          0 |
|               (xpm_fifo_base_inst)                               |                                                                           xpm_fifo_base__24 |          2 |          2 |       0 |    0 |     16 |      0 |      0 |    0 |          0 |
|               gen_fwft.rdpp1_inst                                |                                                                         xpm_counter_updn_30 |          5 |          5 |       0 |    0 |      2 |      0 |      0 |    0 |          0 |
|               gen_sdpram.xpm_memory_base_inst                    |                                                                         xpm_memory_base__24 |          0 |          0 |       0 |    0 |      0 |      8 |      0 |    0 |          0 |
|               rdp_inst                                           |                                                         xpm_counter_updn__parameterized0_31 |         30 |         30 |       0 |    0 |     11 |      0 |      0 |    0 |          0 |
|               rdpp1_inst                                         |                                                         xpm_counter_updn__parameterized1_32 |         10 |         10 |       0 |    0 |     10 |      0 |      0 |    0 |          0 |
|               rst_d1_inst                                        |                                                                         xpm_fifo_reg_bit_33 |          0 |          0 |       0 |    0 |      1 |      0 |      0 |    0 |          0 |
|               wrp_inst                                           |                                                         xpm_counter_updn__parameterized0_34 |         24 |         24 |       0 |    0 |     11 |      0 |      0 |    0 |          0 |
|               wrpp1_inst                                         |                                                         xpm_counter_updn__parameterized1_35 |          9 |          9 |       0 |    0 |     10 |      0 |      0 |    0 |          0 |
|               xpm_fifo_rst_inst                                  |                                                                             xpm_fifo_rst_36 |          3 |          3 |       0 |    0 |      5 |      0 |      0 |    0 |          0 |
|         g_channels[5].u_fifo                                     |                                                               channel_write_fifo__xdcDup__6 |         92 |         92 |       0 |    0 |    246 |      8 |      0 |    0 |          0 |
|           (g_channels[5].u_fifo)                                 |                                                               channel_write_fifo__xdcDup__6 |         17 |         17 |       0 |    0 |    180 |      0 |      0 |    0 |          0 |
|           u_fifo                                                 |                                                                           xpm_fifo_sync__23 |         75 |         75 |       0 |    0 |     66 |      8 |      0 |    0 |          0 |
|             (u_fifo)                                             |                                                                           xpm_fifo_sync__23 |          0 |          0 |       0 |    0 |      0 |      0 |      0 |    0 |          0 |
|             xpm_fifo_base_inst                                   |                                                                           xpm_fifo_base__23 |         75 |         75 |       0 |    0 |     66 |      8 |      0 |    0 |          0 |
|               (xpm_fifo_base_inst)                               |                                                                           xpm_fifo_base__23 |          2 |          2 |       0 |    0 |     16 |      0 |      0 |    0 |          0 |
|               gen_fwft.rdpp1_inst                                |                                                                         xpm_counter_updn_23 |          5 |          5 |       0 |    0 |      2 |      0 |      0 |    0 |          0 |
|               gen_sdpram.xpm_memory_base_inst                    |                                                                         xpm_memory_base__23 |          0 |          0 |       0 |    0 |      0 |      8 |      0 |    0 |          0 |
|               rdp_inst                                           |                                                         xpm_counter_updn__parameterized0_24 |         30 |         30 |       0 |    0 |     11 |      0 |      0 |    0 |          0 |
|               rdpp1_inst                                         |                                                         xpm_counter_updn__parameterized1_25 |         10 |         10 |       0 |    0 |     10 |      0 |      0 |    0 |          0 |
|               rst_d1_inst                                        |                                                                         xpm_fifo_reg_bit_26 |          0 |          0 |       0 |    0 |      1 |      0 |      0 |    0 |          0 |
|               wrp_inst                                           |                                                         xpm_counter_updn__parameterized0_27 |         24 |         24 |       0 |    0 |     11 |      0 |      0 |    0 |          0 |
|               wrpp1_inst                                         |                                                         xpm_counter_updn__parameterized1_28 |          9 |          9 |       0 |    0 |     10 |      0 |      0 |    0 |          0 |
|               xpm_fifo_rst_inst                                  |                                                                             xpm_fifo_rst_29 |          3 |          3 |       0 |    0 |      5 |      0 |      0 |    0 |          0 |
|         g_channels[6].u_fifo                                     |                                                               channel_write_fifo__xdcDup__7 |         93 |         93 |       0 |    0 |    246 |      8 |      0 |    0 |          0 |
|           (g_channels[6].u_fifo)                                 |                                                               channel_write_fifo__xdcDup__7 |         18 |         18 |       0 |    0 |    180 |      0 |      0 |    0 |          0 |
|           u_fifo                                                 |                                                                           xpm_fifo_sync__22 |         75 |         75 |       0 |    0 |     66 |      8 |      0 |    0 |          0 |
|             (u_fifo)                                             |                                                                           xpm_fifo_sync__22 |          0 |          0 |       0 |    0 |      0 |      0 |      0 |    0 |          0 |
|             xpm_fifo_base_inst                                   |                                                                           xpm_fifo_base__22 |         75 |         75 |       0 |    0 |     66 |      8 |      0 |    0 |          0 |
|               (xpm_fifo_base_inst)                               |                                                                           xpm_fifo_base__22 |          2 |          2 |       0 |    0 |     16 |      0 |      0 |    0 |          0 |
|               gen_fwft.rdpp1_inst                                |                                                                         xpm_counter_updn_16 |          5 |          5 |       0 |    0 |      2 |      0 |      0 |    0 |          0 |
|               gen_sdpram.xpm_memory_base_inst                    |                                                                         xpm_memory_base__22 |          0 |          0 |       0 |    0 |      0 |      8 |      0 |    0 |          0 |
|               rdp_inst                                           |                                                         xpm_counter_updn__parameterized0_17 |         30 |         30 |       0 |    0 |     11 |      0 |      0 |    0 |          0 |
|               rdpp1_inst                                         |                                                         xpm_counter_updn__parameterized1_18 |         10 |         10 |       0 |    0 |     10 |      0 |      0 |    0 |          0 |
|               rst_d1_inst                                        |                                                                         xpm_fifo_reg_bit_19 |          0 |          0 |       0 |    0 |      1 |      0 |      0 |    0 |          0 |
|               wrp_inst                                           |                                                         xpm_counter_updn__parameterized0_20 |         24 |         24 |       0 |    0 |     11 |      0 |      0 |    0 |          0 |
|               wrpp1_inst                                         |                                                         xpm_counter_updn__parameterized1_21 |          9 |          9 |       0 |    0 |     10 |      0 |      0 |    0 |          0 |
|               xpm_fifo_rst_inst                                  |                                                                             xpm_fifo_rst_22 |          3 |          3 |       0 |    0 |      5 |      0 |      0 |    0 |          0 |
|         g_channels[7].u_fifo                                     |                                                               channel_write_fifo__xdcDup__8 |        388 |        388 |       0 |    0 |    246 |      8 |      0 |    0 |          0 |
|           (g_channels[7].u_fifo)                                 |                                                               channel_write_fifo__xdcDup__8 |        313 |        313 |       0 |    0 |    180 |      0 |      0 |    0 |          0 |
|           u_fifo                                                 |                                                                           xpm_fifo_sync__21 |         75 |         75 |       0 |    0 |     66 |      8 |      0 |    0 |          0 |
|             (u_fifo)                                             |                                                                           xpm_fifo_sync__21 |          0 |          0 |       0 |    0 |      0 |      0 |      0 |    0 |          0 |
|             xpm_fifo_base_inst                                   |                                                                           xpm_fifo_base__21 |         75 |         75 |       0 |    0 |     66 |      8 |      0 |    0 |          0 |
|               (xpm_fifo_base_inst)                               |                                                                           xpm_fifo_base__21 |          2 |          2 |       0 |    0 |     16 |      0 |      0 |    0 |          0 |
|               gen_fwft.rdpp1_inst                                |                                                                          xpm_counter_updn_9 |          5 |          5 |       0 |    0 |      2 |      0 |      0 |    0 |          0 |
|               gen_sdpram.xpm_memory_base_inst                    |                                                                         xpm_memory_base__21 |          0 |          0 |       0 |    0 |      0 |      8 |      0 |    0 |          0 |
|               rdp_inst                                           |                                                         xpm_counter_updn__parameterized0_10 |         30 |         30 |       0 |    0 |     11 |      0 |      0 |    0 |          0 |
|               rdpp1_inst                                         |                                                         xpm_counter_updn__parameterized1_11 |         10 |         10 |       0 |    0 |     10 |      0 |      0 |    0 |          0 |
|               rst_d1_inst                                        |                                                                         xpm_fifo_reg_bit_12 |          0 |          0 |       0 |    0 |      1 |      0 |      0 |    0 |          0 |
|               wrp_inst                                           |                                                         xpm_counter_updn__parameterized0_13 |         24 |         24 |       0 |    0 |     11 |      0 |      0 |    0 |          0 |
|               wrpp1_inst                                         |                                                         xpm_counter_updn__parameterized1_14 |          9 |          9 |       0 |    0 |     10 |      0 |      0 |    0 |          0 |
|               xpm_fifo_rst_inst                                  |                                                                             xpm_fifo_rst_15 |          3 |          3 |       0 |    0 |      5 |      0 |      0 |    0 |          0 |
|         g_channels[8].u_fifo                                     |                                                               channel_write_fifo__xdcDup__9 |        100 |        100 |       0 |    0 |    246 |      8 |      0 |    0 |          0 |
|           (g_channels[8].u_fifo)                                 |                                                               channel_write_fifo__xdcDup__9 |         25 |         25 |       0 |    0 |    180 |      0 |      0 |    0 |          0 |
|           u_fifo                                                 |                                                                           xpm_fifo_sync__20 |         75 |         75 |       0 |    0 |     66 |      8 |      0 |    0 |          0 |
|             (u_fifo)                                             |                                                                           xpm_fifo_sync__20 |          0 |          0 |       0 |    0 |      0 |      0 |      0 |    0 |          0 |
|             xpm_fifo_base_inst                                   |                                                                           xpm_fifo_base__20 |         75 |         75 |       0 |    0 |     66 |      8 |      0 |    0 |          0 |
|               (xpm_fifo_base_inst)                               |                                                                           xpm_fifo_base__20 |          2 |          2 |       0 |    0 |     16 |      0 |      0 |    0 |          0 |
|               gen_fwft.rdpp1_inst                                |                                                                          xpm_counter_updn_2 |          5 |          5 |       0 |    0 |      2 |      0 |      0 |    0 |          0 |
|               gen_sdpram.xpm_memory_base_inst                    |                                                                         xpm_memory_base__20 |          0 |          0 |       0 |    0 |      0 |      8 |      0 |    0 |          0 |
|               rdp_inst                                           |                                                          xpm_counter_updn__parameterized0_3 |         30 |         30 |       0 |    0 |     11 |      0 |      0 |    0 |          0 |
|               rdpp1_inst                                         |                                                          xpm_counter_updn__parameterized1_4 |         10 |         10 |       0 |    0 |     10 |      0 |      0 |    0 |          0 |
|               rst_d1_inst                                        |                                                                          xpm_fifo_reg_bit_5 |          0 |          0 |       0 |    0 |      1 |      0 |      0 |    0 |          0 |
|               wrp_inst                                           |                                                          xpm_counter_updn__parameterized0_6 |         24 |         24 |       0 |    0 |     11 |      0 |      0 |    0 |          0 |
|               wrpp1_inst                                         |                                                          xpm_counter_updn__parameterized1_7 |          9 |          9 |       0 |    0 |     10 |      0 |      0 |    0 |          0 |
|               xpm_fifo_rst_inst                                  |                                                                              xpm_fifo_rst_8 |          3 |          3 |       0 |    0 |      5 |      0 |      0 |    0 |          0 |
|         g_channels[9].u_fifo                                     |                                                              channel_write_fifo__xdcDup__10 |        100 |        100 |       0 |    0 |    246 |      8 |      0 |    0 |          0 |
|           (g_channels[9].u_fifo)                                 |                                                              channel_write_fifo__xdcDup__10 |         25 |         25 |       0 |    0 |    180 |      0 |      0 |    0 |          0 |
|           u_fifo                                                 |                                                                           xpm_fifo_sync__19 |         75 |         75 |       0 |    0 |     66 |      8 |      0 |    0 |          0 |
|             (u_fifo)                                             |                                                                           xpm_fifo_sync__19 |          0 |          0 |       0 |    0 |      0 |      0 |      0 |    0 |          0 |
|             xpm_fifo_base_inst                                   |                                                                           xpm_fifo_base__19 |         75 |         75 |       0 |    0 |     66 |      8 |      0 |    0 |          0 |
|               (xpm_fifo_base_inst)                               |                                                                           xpm_fifo_base__19 |          2 |          2 |       0 |    0 |     16 |      0 |      0 |    0 |          0 |
|               gen_fwft.rdpp1_inst                                |                                                                            xpm_counter_updn |          5 |          5 |       0 |    0 |      2 |      0 |      0 |    0 |          0 |
|               gen_sdpram.xpm_memory_base_inst                    |                                                                         xpm_memory_base__19 |          0 |          0 |       0 |    0 |      0 |      8 |      0 |    0 |          0 |
|               rdp_inst                                           |                                                            xpm_counter_updn__parameterized0 |         30 |         30 |       0 |    0 |     11 |      0 |      0 |    0 |          0 |
|               rdpp1_inst                                         |                                                            xpm_counter_updn__parameterized1 |         10 |         10 |       0 |    0 |     10 |      0 |      0 |    0 |          0 |
|               rst_d1_inst                                        |                                                                            xpm_fifo_reg_bit |          0 |          0 |       0 |    0 |      1 |      0 |      0 |    0 |          0 |
|               wrp_inst                                           |                                                          xpm_counter_updn__parameterized0_0 |         24 |         24 |       0 |    0 |     11 |      0 |      0 |    0 |          0 |
|               wrpp1_inst                                         |                                                          xpm_counter_updn__parameterized1_1 |          9 |          9 |       0 |    0 |     10 |      0 |      0 |    0 |          0 |
|               xpm_fifo_rst_inst                                  |                                                                                xpm_fifo_rst |          3 |          3 |       0 |    0 |      5 |      0 |      0 |    0 |          0 |
|       u_writer_count_cdc                                         |                                                     xpm_cdc_array_single__parameterized8__3 |          0 |          0 |       0 |    0 |   1536 |      0 |      0 |    0 |          0 |
|       u_writer_perf_cdc                                          |                                                   xpm_cdc_array_single__parameterized10__17 |         54 |         54 |       0 |    0 |    714 |      0 |      0 |    0 |          0 |
+------------------------------------------------------------------+---------------------------------------------------------------------------------------------+------------+------------+---------+------+--------+--------+--------+------+------------+


