Copyright 1986-2022 Xilinx, Inc. All Rights Reserved. Copyright 2022-2023 Advanced Micro Devices, Inc. All Rights Reserved.
---------------------------------------------------------------------------------------------------------------------------------------------
| Tool Version : Vivado v.2023.2 (lin64) Build 4029153 Fri Oct 13 20:13:54 MDT 2023
| Date         : Fri Sep  4 14:36:51 2026
| Host         : tsmc184 running 64-bit Ubuntu 22.04.5 LTS
| Command      : report_drc -file /mnt/data/wzr/13p/ov7670/sixteen_camera/prj/drc_impl.rpt
| Design       : top_wrapper
| Device       : xcvu13p-fhga2104-2-i
| Speed File   : -2
| Design State : Fully Routed
---------------------------------------------------------------------------------------------------------------------------------------------

Report DRC

Table of Contents
-----------------
1. REPORT SUMMARY
2. REPORT DETAILS

1. REPORT SUMMARY
-----------------
            Netlist: netlist
          Floorplan: impl_1
      Design limits: <entire design considered>
           Ruledeck: default
             Max violations: <unlimited>
             Violations found: 946
+-------------+----------+-------------------------------------------------------------+------------+
| Rule        | Severity | Description                                                 | Violations |
+-------------+----------+-------------------------------------------------------------+------------+
| AVAL-201    | Warning  | IOB_and_ASYNC_REG                                           | 88         |
| DPIP-2      | Warning  | Input pipelining                                            | 354        |
| DPOP-3      | Warning  | PREG Output pipelining                                      | 238        |
| DPOP-4      | Warning  | MREG Output pipelining                                      | 239        |
| DPREG-7     | Warning  | DSP48E2_PregDynOpmodeZmuxP:                                 | 6          |
| IOBUSSLRC-1 | Warning  | IO Bus SLR Crossings                                        | 9          |
| PDCN-1569   | Warning  | LUT equation term check                                     | 3          |
| PDRC-153    | Warning  | Gated clock check                                           | 1          |
| PLHOLDVIO-2 | Warning  | Non-Optimal connections which could lead to hold violations | 1          |
| REQP-1935   | Warning  | RAMB36E2_nochange_collision_advisory                        | 4          |
| RPBF-3      | Warning  | IO port buffering is incomplete                             | 2          |
| RTSTAT-10   | Warning  | No routable loads                                           | 1          |
+-------------+----------+-------------------------------------------------------------+------------+

2. REPORT DETAILS
-----------------
AVAL-201#1 Warning
IOB_and_ASYNC_REG  
u_camera_hdmi/u_camera_subsystem/g_camera_frontend[0].u_camera/dvp_data_iob_reg[0] has ASYNC_REG set to TRUE and IOB set to TRUE. The first register of the input sync chain will not be placed in the same slice as the other stages which reduces MTBF.  In most cases, IOB should be set FALSE to enable ASYNC_REG.
Related violations: <none>

AVAL-201#2 Warning
IOB_and_ASYNC_REG  
u_camera_hdmi/u_camera_subsystem/g_camera_frontend[0].u_camera/dvp_data_iob_reg[1] has ASYNC_REG set to TRUE and IOB set to TRUE. The first register of the input sync chain will not be placed in the same slice as the other stages which reduces MTBF.  In most cases, IOB should be set FALSE to enable ASYNC_REG.
Related violations: <none>

AVAL-201#3 Warning
IOB_and_ASYNC_REG  
u_camera_hdmi/u_camera_subsystem/g_camera_frontend[0].u_camera/dvp_data_iob_reg[2] has ASYNC_REG set to TRUE and IOB set to TRUE. The first register of the input sync chain will not be placed in the same slice as the other stages which reduces MTBF.  In most cases, IOB should be set FALSE to enable ASYNC_REG.
Related violations: <none>

AVAL-201#4 Warning
IOB_and_ASYNC_REG  
u_camera_hdmi/u_camera_subsystem/g_camera_frontend[0].u_camera/dvp_data_iob_reg[3] has ASYNC_REG set to TRUE and IOB set to TRUE. The first register of the input sync chain will not be placed in the same slice as the other stages which reduces MTBF.  In most cases, IOB should be set FALSE to enable ASYNC_REG.
Related violations: <none>

AVAL-201#5 Warning
IOB_and_ASYNC_REG  
u_camera_hdmi/u_camera_subsystem/g_camera_frontend[0].u_camera/dvp_data_iob_reg[4] has ASYNC_REG set to TRUE and IOB set to TRUE. The first register of the input sync chain will not be placed in the same slice as the other stages which reduces MTBF.  In most cases, IOB should be set FALSE to enable ASYNC_REG.
Related violations: <none>

AVAL-201#6 Warning
IOB_and_ASYNC_REG  
u_camera_hdmi/u_camera_subsystem/g_camera_frontend[0].u_camera/dvp_data_iob_reg[5] has ASYNC_REG set to TRUE and IOB set to TRUE. The first register of the input sync chain will not be placed in the same slice as the other stages which reduces MTBF.  In most cases, IOB should be set FALSE to enable ASYNC_REG.
Related violations: <none>

AVAL-201#7 Warning
IOB_and_ASYNC_REG  
u_camera_hdmi/u_camera_subsystem/g_camera_frontend[0].u_camera/dvp_data_iob_reg[6] has ASYNC_REG set to TRUE and IOB set to TRUE. The first register of the input sync chain will not be placed in the same slice as the other stages which reduces MTBF.  In most cases, IOB should be set FALSE to enable ASYNC_REG.
Related violations: <none>

AVAL-201#8 Warning
IOB_and_ASYNC_REG  
u_camera_hdmi/u_camera_subsystem/g_camera_frontend[0].u_camera/dvp_data_iob_reg[7] has ASYNC_REG set to TRUE and IOB set to TRUE. The first register of the input sync chain will not be placed in the same slice as the other stages which reduces MTBF.  In most cases, IOB should be set FALSE to enable ASYNC_REG.
Related violations: <none>

AVAL-201#9 Warning
IOB_and_ASYNC_REG  
u_camera_hdmi/u_camera_subsystem/g_camera_frontend[0].u_camera/dvp_href_iob_reg has ASYNC_REG set to TRUE and IOB set to TRUE. The first register of the input sync chain will not be placed in the same slice as the other stages which reduces MTBF.  In most cases, IOB should be set FALSE to enable ASYNC_REG.
Related violations: <none>

AVAL-201#10 Warning
IOB_and_ASYNC_REG  
u_camera_hdmi/u_camera_subsystem/g_camera_frontend[0].u_camera/dvp_pclk_iob_reg has ASYNC_REG set to TRUE and IOB set to TRUE. The first register of the input sync chain will not be placed in the same slice as the other stages which reduces MTBF.  In most cases, IOB should be set FALSE to enable ASYNC_REG.
Related violations: <none>

AVAL-201#11 Warning
IOB_and_ASYNC_REG  
u_camera_hdmi/u_camera_subsystem/g_camera_frontend[0].u_camera/dvp_vsync_iob_reg has ASYNC_REG set to TRUE and IOB set to TRUE. The first register of the input sync chain will not be placed in the same slice as the other stages which reduces MTBF.  In most cases, IOB should be set FALSE to enable ASYNC_REG.
Related violations: <none>

AVAL-201#12 Warning
IOB_and_ASYNC_REG  
u_camera_hdmi/u_camera_subsystem/g_camera_frontend[1].u_camera/dvp_data_iob_reg[0] has ASYNC_REG set to TRUE and IOB set to TRUE. The first register of the input sync chain will not be placed in the same slice as the other stages which reduces MTBF.  In most cases, IOB should be set FALSE to enable ASYNC_REG.
Related violations: <none>

AVAL-201#13 Warning
IOB_and_ASYNC_REG  
u_camera_hdmi/u_camera_subsystem/g_camera_frontend[1].u_camera/dvp_data_iob_reg[1] has ASYNC_REG set to TRUE and IOB set to TRUE. The first register of the input sync chain will not be placed in the same slice as the other stages which reduces MTBF.  In most cases, IOB should be set FALSE to enable ASYNC_REG.
Related violations: <none>

AVAL-201#14 Warning
IOB_and_ASYNC_REG  
u_camera_hdmi/u_camera_subsystem/g_camera_frontend[1].u_camera/dvp_data_iob_reg[2] has ASYNC_REG set to TRUE and IOB set to TRUE. The first register of the input sync chain will not be placed in the same slice as the other stages which reduces MTBF.  In most cases, IOB should be set FALSE to enable ASYNC_REG.
Related violations: <none>

AVAL-201#15 Warning
IOB_and_ASYNC_REG  
u_camera_hdmi/u_camera_subsystem/g_camera_frontend[1].u_camera/dvp_data_iob_reg[3] has ASYNC_REG set to TRUE and IOB set to TRUE. The first register of the input sync chain will not be placed in the same slice as the other stages which reduces MTBF.  In most cases, IOB should be set FALSE to enable ASYNC_REG.
Related violations: <none>

AVAL-201#16 Warning
IOB_and_ASYNC_REG  
u_camera_hdmi/u_camera_subsystem/g_camera_frontend[1].u_camera/dvp_data_iob_reg[4] has ASYNC_REG set to TRUE and IOB set to TRUE. The first register of the input sync chain will not be placed in the same slice as the other stages which reduces MTBF.  In most cases, IOB should be set FALSE to enable ASYNC_REG.
Related violations: <none>

AVAL-201#17 Warning
IOB_and_ASYNC_REG  
u_camera_hdmi/u_camera_subsystem/g_camera_frontend[1].u_camera/dvp_data_iob_reg[5] has ASYNC_REG set to TRUE and IOB set to TRUE. The first register of the input sync chain will not be placed in the same slice as the other stages which reduces MTBF.  In most cases, IOB should be set FALSE to enable ASYNC_REG.
Related violations: <none>

AVAL-201#18 Warning
IOB_and_ASYNC_REG  
u_camera_hdmi/u_camera_subsystem/g_camera_frontend[1].u_camera/dvp_data_iob_reg[6] has ASYNC_REG set to TRUE and IOB set to TRUE. The first register of the input sync chain will not be placed in the same slice as the other stages which reduces MTBF.  In most cases, IOB should be set FALSE to enable ASYNC_REG.
Related violations: <none>

AVAL-201#19 Warning
IOB_and_ASYNC_REG  
u_camera_hdmi/u_camera_subsystem/g_camera_frontend[1].u_camera/dvp_data_iob_reg[7] has ASYNC_REG set to TRUE and IOB set to TRUE. The first register of the input sync chain will not be placed in the same slice as the other stages which reduces MTBF.  In most cases, IOB should be set FALSE to enable ASYNC_REG.
Related violations: <none>

AVAL-201#20 Warning
IOB_and_ASYNC_REG  
u_camera_hdmi/u_camera_subsystem/g_camera_frontend[1].u_camera/dvp_href_iob_reg has ASYNC_REG set to TRUE and IOB set to TRUE. The first register of the input sync chain will not be placed in the same slice as the other stages which reduces MTBF.  In most cases, IOB should be set FALSE to enable ASYNC_REG.
Related violations: <none>

AVAL-201#21 Warning
IOB_and_ASYNC_REG  
u_camera_hdmi/u_camera_subsystem/g_camera_frontend[1].u_camera/dvp_pclk_iob_reg has ASYNC_REG set to TRUE and IOB set to TRUE. The first register of the input sync chain will not be placed in the same slice as the other stages which reduces MTBF.  In most cases, IOB should be set FALSE to enable ASYNC_REG.
Related violations: <none>

AVAL-201#22 Warning
IOB_and_ASYNC_REG  
u_camera_hdmi/u_camera_subsystem/g_camera_frontend[1].u_camera/dvp_vsync_iob_reg has ASYNC_REG set to TRUE and IOB set to TRUE. The first register of the input sync chain will not be placed in the same slice as the other stages which reduces MTBF.  In most cases, IOB should be set FALSE to enable ASYNC_REG.
Related violations: <none>

AVAL-201#23 Warning
IOB_and_ASYNC_REG  
u_camera_hdmi/u_camera_subsystem/g_camera_frontend[2].u_camera/dvp_data_iob_reg[0] has ASYNC_REG set to TRUE and IOB set to TRUE. The first register of the input sync chain will not be placed in the same slice as the other stages which reduces MTBF.  In most cases, IOB should be set FALSE to enable ASYNC_REG.
Related violations: <none>

AVAL-201#24 Warning
IOB_and_ASYNC_REG  
u_camera_hdmi/u_camera_subsystem/g_camera_frontend[2].u_camera/dvp_data_iob_reg[1] has ASYNC_REG set to TRUE and IOB set to TRUE. The first register of the input sync chain will not be placed in the same slice as the other stages which reduces MTBF.  In most cases, IOB should be set FALSE to enable ASYNC_REG.
Related violations: <none>

AVAL-201#25 Warning
IOB_and_ASYNC_REG  
u_camera_hdmi/u_camera_subsystem/g_camera_frontend[2].u_camera/dvp_data_iob_reg[2] has ASYNC_REG set to TRUE and IOB set to TRUE. The first register of the input sync chain will not be placed in the same slice as the other stages which reduces MTBF.  In most cases, IOB should be set FALSE to enable ASYNC_REG.
Related violations: <none>

AVAL-201#26 Warning
IOB_and_ASYNC_REG  
u_camera_hdmi/u_camera_subsystem/g_camera_frontend[2].u_camera/dvp_data_iob_reg[3] has ASYNC_REG set to TRUE and IOB set to TRUE. The first register of the input sync chain will not be placed in the same slice as the other stages which reduces MTBF.  In most cases, IOB should be set FALSE to enable ASYNC_REG.
Related violations: <none>

AVAL-201#27 Warning
IOB_and_ASYNC_REG  
u_camera_hdmi/u_camera_subsystem/g_camera_frontend[2].u_camera/dvp_data_iob_reg[4] has ASYNC_REG set to TRUE and IOB set to TRUE. The first register of the input sync chain will not be placed in the same slice as the other stages which reduces MTBF.  In most cases, IOB should be set FALSE to enable ASYNC_REG.
Related violations: <none>

AVAL-201#28 Warning
IOB_and_ASYNC_REG  
u_camera_hdmi/u_camera_subsystem/g_camera_frontend[2].u_camera/dvp_data_iob_reg[5] has ASYNC_REG set to TRUE and IOB set to TRUE. The first register of the input sync chain will not be placed in the same slice as the other stages which reduces MTBF.  In most cases, IOB should be set FALSE to enable ASYNC_REG.
Related violations: <none>

AVAL-201#29 Warning
IOB_and_ASYNC_REG  
u_camera_hdmi/u_camera_subsystem/g_camera_frontend[2].u_camera/dvp_data_iob_reg[6] has ASYNC_REG set to TRUE and IOB set to TRUE. The first register of the input sync chain will not be placed in the same slice as the other stages which reduces MTBF.  In most cases, IOB should be set FALSE to enable ASYNC_REG.
Related violations: <none>

AVAL-201#30 Warning
IOB_and_ASYNC_REG  
u_camera_hdmi/u_camera_subsystem/g_camera_frontend[2].u_camera/dvp_data_iob_reg[7] has ASYNC_REG set to TRUE and IOB set to TRUE. The first register of the input sync chain will not be placed in the same slice as the other stages which reduces MTBF.  In most cases, IOB should be set FALSE to enable ASYNC_REG.
Related violations: <none>

AVAL-201#31 Warning
IOB_and_ASYNC_REG  
u_camera_hdmi/u_camera_subsystem/g_camera_frontend[2].u_camera/dvp_href_iob_reg has ASYNC_REG set to TRUE and IOB set to TRUE. The first register of the input sync chain will not be placed in the same slice as the other stages which reduces MTBF.  In most cases, IOB should be set FALSE to enable ASYNC_REG.
Related violations: <none>

AVAL-201#32 Warning
IOB_and_ASYNC_REG  
u_camera_hdmi/u_camera_subsystem/g_camera_frontend[2].u_camera/dvp_pclk_iob_reg has ASYNC_REG set to TRUE and IOB set to TRUE. The first register of the input sync chain will not be placed in the same slice as the other stages which reduces MTBF.  In most cases, IOB should be set FALSE to enable ASYNC_REG.
Related violations: <none>

AVAL-201#33 Warning
IOB_and_ASYNC_REG  
u_camera_hdmi/u_camera_subsystem/g_camera_frontend[2].u_camera/dvp_vsync_iob_reg has ASYNC_REG set to TRUE and IOB set to TRUE. The first register of the input sync chain will not be placed in the same slice as the other stages which reduces MTBF.  In most cases, IOB should be set FALSE to enable ASYNC_REG.
Related violations: <none>

AVAL-201#34 Warning
IOB_and_ASYNC_REG  
u_camera_hdmi/u_camera_subsystem/g_camera_frontend[3].u_camera/dvp_data_iob_reg[0] has ASYNC_REG set to TRUE and IOB set to TRUE. The first register of the input sync chain will not be placed in the same slice as the other stages which reduces MTBF.  In most cases, IOB should be set FALSE to enable ASYNC_REG.
Related violations: <none>

AVAL-201#35 Warning
IOB_and_ASYNC_REG  
u_camera_hdmi/u_camera_subsystem/g_camera_frontend[3].u_camera/dvp_data_iob_reg[1] has ASYNC_REG set to TRUE and IOB set to TRUE. The first register of the input sync chain will not be placed in the same slice as the other stages which reduces MTBF.  In most cases, IOB should be set FALSE to enable ASYNC_REG.
Related violations: <none>

AVAL-201#36 Warning
IOB_and_ASYNC_REG  
u_camera_hdmi/u_camera_subsystem/g_camera_frontend[3].u_camera/dvp_data_iob_reg[2] has ASYNC_REG set to TRUE and IOB set to TRUE. The first register of the input sync chain will not be placed in the same slice as the other stages which reduces MTBF.  In most cases, IOB should be set FALSE to enable ASYNC_REG.
Related violations: <none>

AVAL-201#37 Warning
IOB_and_ASYNC_REG  
u_camera_hdmi/u_camera_subsystem/g_camera_frontend[3].u_camera/dvp_data_iob_reg[3] has ASYNC_REG set to TRUE and IOB set to TRUE. The first register of the input sync chain will not be placed in the same slice as the other stages which reduces MTBF.  In most cases, IOB should be set FALSE to enable ASYNC_REG.
Related violations: <none>

AVAL-201#38 Warning
IOB_and_ASYNC_REG  
u_camera_hdmi/u_camera_subsystem/g_camera_frontend[3].u_camera/dvp_data_iob_reg[4] has ASYNC_REG set to TRUE and IOB set to TRUE. The first register of the input sync chain will not be placed in the same slice as the other stages which reduces MTBF.  In most cases, IOB should be set FALSE to enable ASYNC_REG.
Related violations: <none>

AVAL-201#39 Warning
IOB_and_ASYNC_REG  
u_camera_hdmi/u_camera_subsystem/g_camera_frontend[3].u_camera/dvp_data_iob_reg[5] has ASYNC_REG set to TRUE and IOB set to TRUE. The first register of the input sync chain will not be placed in the same slice as the other stages which reduces MTBF.  In most cases, IOB should be set FALSE to enable ASYNC_REG.
Related violations: <none>

AVAL-201#40 Warning
IOB_and_ASYNC_REG  
u_camera_hdmi/u_camera_subsystem/g_camera_frontend[3].u_camera/dvp_data_iob_reg[6] has ASYNC_REG set to TRUE and IOB set to TRUE. The first register of the input sync chain will not be placed in the same slice as the other stages which reduces MTBF.  In most cases, IOB should be set FALSE to enable ASYNC_REG.
Related violations: <none>

AVAL-201#41 Warning
IOB_and_ASYNC_REG  
u_camera_hdmi/u_camera_subsystem/g_camera_frontend[3].u_camera/dvp_data_iob_reg[7] has ASYNC_REG set to TRUE and IOB set to TRUE. The first register of the input sync chain will not be placed in the same slice as the other stages which reduces MTBF.  In most cases, IOB should be set FALSE to enable ASYNC_REG.
Related violations: <none>

AVAL-201#42 Warning
IOB_and_ASYNC_REG  
u_camera_hdmi/u_camera_subsystem/g_camera_frontend[3].u_camera/dvp_href_iob_reg has ASYNC_REG set to TRUE and IOB set to TRUE. The first register of the input sync chain will not be placed in the same slice as the other stages which reduces MTBF.  In most cases, IOB should be set FALSE to enable ASYNC_REG.
Related violations: <none>

AVAL-201#43 Warning
IOB_and_ASYNC_REG  
u_camera_hdmi/u_camera_subsystem/g_camera_frontend[3].u_camera/dvp_pclk_iob_reg has ASYNC_REG set to TRUE and IOB set to TRUE. The first register of the input sync chain will not be placed in the same slice as the other stages which reduces MTBF.  In most cases, IOB should be set FALSE to enable ASYNC_REG.
Related violations: <none>

AVAL-201#44 Warning
IOB_and_ASYNC_REG  
u_camera_hdmi/u_camera_subsystem/g_camera_frontend[3].u_camera/dvp_vsync_iob_reg has ASYNC_REG set to TRUE and IOB set to TRUE. The first register of the input sync chain will not be placed in the same slice as the other stages which reduces MTBF.  In most cases, IOB should be set FALSE to enable ASYNC_REG.
Related violations: <none>

AVAL-201#45 Warning
IOB_and_ASYNC_REG  
u_camera_hdmi/u_camera_subsystem/g_camera_frontend[4].u_camera/dvp_data_iob_reg[0] has ASYNC_REG set to TRUE and IOB set to TRUE. The first register of the input sync chain will not be placed in the same slice as the other stages which reduces MTBF.  In most cases, IOB should be set FALSE to enable ASYNC_REG.
Related violations: <none>

AVAL-201#46 Warning
IOB_and_ASYNC_REG  
u_camera_hdmi/u_camera_subsystem/g_camera_frontend[4].u_camera/dvp_data_iob_reg[1] has ASYNC_REG set to TRUE and IOB set to TRUE. The first register of the input sync chain will not be placed in the same slice as the other stages which reduces MTBF.  In most cases, IOB should be set FALSE to enable ASYNC_REG.
Related violations: <none>

AVAL-201#47 Warning
IOB_and_ASYNC_REG  
u_camera_hdmi/u_camera_subsystem/g_camera_frontend[4].u_camera/dvp_data_iob_reg[2] has ASYNC_REG set to TRUE and IOB set to TRUE. The first register of the input sync chain will not be placed in the same slice as the other stages which reduces MTBF.  In most cases, IOB should be set FALSE to enable ASYNC_REG.
Related violations: <none>

AVAL-201#48 Warning
IOB_and_ASYNC_REG  
u_camera_hdmi/u_camera_subsystem/g_camera_frontend[4].u_camera/dvp_data_iob_reg[3] has ASYNC_REG set to TRUE and IOB set to TRUE. The first register of the input sync chain will not be placed in the same slice as the other stages which reduces MTBF.  In most cases, IOB should be set FALSE to enable ASYNC_REG.
Related violations: <none>

AVAL-201#49 Warning
IOB_and_ASYNC_REG  
u_camera_hdmi/u_camera_subsystem/g_camera_frontend[4].u_camera/dvp_data_iob_reg[4] has ASYNC_REG set to TRUE and IOB set to TRUE. The first register of the input sync chain will not be placed in the same slice as the other stages which reduces MTBF.  In most cases, IOB should be set FALSE to enable ASYNC_REG.
Related violations: <none>

AVAL-201#50 Warning
IOB_and_ASYNC_REG  
u_camera_hdmi/u_camera_subsystem/g_camera_frontend[4].u_camera/dvp_data_iob_reg[5] has ASYNC_REG set to TRUE and IOB set to TRUE. The first register of the input sync chain will not be placed in the same slice as the other stages which reduces MTBF.  In most cases, IOB should be set FALSE to enable ASYNC_REG.
Related violations: <none>

AVAL-201#51 Warning
IOB_and_ASYNC_REG  
u_camera_hdmi/u_camera_subsystem/g_camera_frontend[4].u_camera/dvp_data_iob_reg[6] has ASYNC_REG set to TRUE and IOB set to TRUE. The first register of the input sync chain will not be placed in the same slice as the other stages which reduces MTBF.  In most cases, IOB should be set FALSE to enable ASYNC_REG.
Related violations: <none>

AVAL-201#52 Warning
IOB_and_ASYNC_REG  
u_camera_hdmi/u_camera_subsystem/g_camera_frontend[4].u_camera/dvp_data_iob_reg[7] has ASYNC_REG set to TRUE and IOB set to TRUE. The first register of the input sync chain will not be placed in the same slice as the other stages which reduces MTBF.  In most cases, IOB should be set FALSE to enable ASYNC_REG.
Related violations: <none>

AVAL-201#53 Warning
IOB_and_ASYNC_REG  
u_camera_hdmi/u_camera_subsystem/g_camera_frontend[4].u_camera/dvp_href_iob_reg has ASYNC_REG set to TRUE and IOB set to TRUE. The first register of the input sync chain will not be placed in the same slice as the other stages which reduces MTBF.  In most cases, IOB should be set FALSE to enable ASYNC_REG.
Related violations: <none>

AVAL-201#54 Warning
IOB_and_ASYNC_REG  
u_camera_hdmi/u_camera_subsystem/g_camera_frontend[4].u_camera/dvp_pclk_iob_reg has ASYNC_REG set to TRUE and IOB set to TRUE. The first register of the input sync chain will not be placed in the same slice as the other stages which reduces MTBF.  In most cases, IOB should be set FALSE to enable ASYNC_REG.
Related violations: <none>

AVAL-201#55 Warning
IOB_and_ASYNC_REG  
u_camera_hdmi/u_camera_subsystem/g_camera_frontend[4].u_camera/dvp_vsync_iob_reg has ASYNC_REG set to TRUE and IOB set to TRUE. The first register of the input sync chain will not be placed in the same slice as the other stages which reduces MTBF.  In most cases, IOB should be set FALSE to enable ASYNC_REG.
Related violations: <none>

AVAL-201#56 Warning
IOB_and_ASYNC_REG  
u_camera_hdmi/u_camera_subsystem/g_camera_frontend[5].u_camera/dvp_data_iob_reg[0] has ASYNC_REG set to TRUE and IOB set to TRUE. The first register of the input sync chain will not be placed in the same slice as the other stages which reduces MTBF.  In most cases, IOB should be set FALSE to enable ASYNC_REG.
Related violations: <none>

AVAL-201#57 Warning
IOB_and_ASYNC_REG  
u_camera_hdmi/u_camera_subsystem/g_camera_frontend[5].u_camera/dvp_data_iob_reg[1] has ASYNC_REG set to TRUE and IOB set to TRUE. The first register of the input sync chain will not be placed in the same slice as the other stages which reduces MTBF.  In most cases, IOB should be set FALSE to enable ASYNC_REG.
Related violations: <none>

AVAL-201#58 Warning
IOB_and_ASYNC_REG  
u_camera_hdmi/u_camera_subsystem/g_camera_frontend[5].u_camera/dvp_data_iob_reg[2] has ASYNC_REG set to TRUE and IOB set to TRUE. The first register of the input sync chain will not be placed in the same slice as the other stages which reduces MTBF.  In most cases, IOB should be set FALSE to enable ASYNC_REG.
Related violations: <none>

AVAL-201#59 Warning
IOB_and_ASYNC_REG  
u_camera_hdmi/u_camera_subsystem/g_camera_frontend[5].u_camera/dvp_data_iob_reg[3] has ASYNC_REG set to TRUE and IOB set to TRUE. The first register of the input sync chain will not be placed in the same slice as the other stages which reduces MTBF.  In most cases, IOB should be set FALSE to enable ASYNC_REG.
Related violations: <none>

AVAL-201#60 Warning
IOB_and_ASYNC_REG  
u_camera_hdmi/u_camera_subsystem/g_camera_frontend[5].u_camera/dvp_data_iob_reg[4] has ASYNC_REG set to TRUE and IOB set to TRUE. The first register of the input sync chain will not be placed in the same slice as the other stages which reduces MTBF.  In most cases, IOB should be set FALSE to enable ASYNC_REG.
Related violations: <none>

AVAL-201#61 Warning
IOB_and_ASYNC_REG  
u_camera_hdmi/u_camera_subsystem/g_camera_frontend[5].u_camera/dvp_data_iob_reg[5] has ASYNC_REG set to TRUE and IOB set to TRUE. The first register of the input sync chain will not be placed in the same slice as the other stages which reduces MTBF.  In most cases, IOB should be set FALSE to enable ASYNC_REG.
Related violations: <none>

AVAL-201#62 Warning
IOB_and_ASYNC_REG  
u_camera_hdmi/u_camera_subsystem/g_camera_frontend[5].u_camera/dvp_data_iob_reg[6] has ASYNC_REG set to TRUE and IOB set to TRUE. The first register of the input sync chain will not be placed in the same slice as the other stages which reduces MTBF.  In most cases, IOB should be set FALSE to enable ASYNC_REG.
Related violations: <none>

AVAL-201#63 Warning
IOB_and_ASYNC_REG  
u_camera_hdmi/u_camera_subsystem/g_camera_frontend[5].u_camera/dvp_data_iob_reg[7] has ASYNC_REG set to TRUE and IOB set to TRUE. The first register of the input sync chain will not be placed in the same slice as the other stages which reduces MTBF.  In most cases, IOB should be set FALSE to enable ASYNC_REG.
Related violations: <none>

AVAL-201#64 Warning
IOB_and_ASYNC_REG  
u_camera_hdmi/u_camera_subsystem/g_camera_frontend[5].u_camera/dvp_href_iob_reg has ASYNC_REG set to TRUE and IOB set to TRUE. The first register of the input sync chain will not be placed in the same slice as the other stages which reduces MTBF.  In most cases, IOB should be set FALSE to enable ASYNC_REG.
Related violations: <none>

AVAL-201#65 Warning
IOB_and_ASYNC_REG  
u_camera_hdmi/u_camera_subsystem/g_camera_frontend[5].u_camera/dvp_pclk_iob_reg has ASYNC_REG set to TRUE and IOB set to TRUE. The first register of the input sync chain will not be placed in the same slice as the other stages which reduces MTBF.  In most cases, IOB should be set FALSE to enable ASYNC_REG.
Related violations: <none>

AVAL-201#66 Warning
IOB_and_ASYNC_REG  
u_camera_hdmi/u_camera_subsystem/g_camera_frontend[5].u_camera/dvp_vsync_iob_reg has ASYNC_REG set to TRUE and IOB set to TRUE. The first register of the input sync chain will not be placed in the same slice as the other stages which reduces MTBF.  In most cases, IOB should be set FALSE to enable ASYNC_REG.
Related violations: <none>

AVAL-201#67 Warning
IOB_and_ASYNC_REG  
u_camera_hdmi/u_camera_subsystem/g_camera_frontend[6].u_camera/dvp_data_iob_reg[0] has ASYNC_REG set to TRUE and IOB set to TRUE. The first register of the input sync chain will not be placed in the same slice as the other stages which reduces MTBF.  In most cases, IOB should be set FALSE to enable ASYNC_REG.
Related violations: <none>

AVAL-201#68 Warning
IOB_and_ASYNC_REG  
u_camera_hdmi/u_camera_subsystem/g_camera_frontend[6].u_camera/dvp_data_iob_reg[1] has ASYNC_REG set to TRUE and IOB set to TRUE. The first register of the input sync chain will not be placed in the same slice as the other stages which reduces MTBF.  In most cases, IOB should be set FALSE to enable ASYNC_REG.
Related violations: <none>

AVAL-201#69 Warning
IOB_and_ASYNC_REG  
u_camera_hdmi/u_camera_subsystem/g_camera_frontend[6].u_camera/dvp_data_iob_reg[2] has ASYNC_REG set to TRUE and IOB set to TRUE. The first register of the input sync chain will not be placed in the same slice as the other stages which reduces MTBF.  In most cases, IOB should be set FALSE to enable ASYNC_REG.
Related violations: <none>

AVAL-201#70 Warning
IOB_and_ASYNC_REG  
u_camera_hdmi/u_camera_subsystem/g_camera_frontend[6].u_camera/dvp_data_iob_reg[3] has ASYNC_REG set to TRUE and IOB set to TRUE. The first register of the input sync chain will not be placed in the same slice as the other stages which reduces MTBF.  In most cases, IOB should be set FALSE to enable ASYNC_REG.
Related violations: <none>

AVAL-201#71 Warning
IOB_and_ASYNC_REG  
u_camera_hdmi/u_camera_subsystem/g_camera_frontend[6].u_camera/dvp_data_iob_reg[4] has ASYNC_REG set to TRUE and IOB set to TRUE. The first register of the input sync chain will not be placed in the same slice as the other stages which reduces MTBF.  In most cases, IOB should be set FALSE to enable ASYNC_REG.
Related violations: <none>

AVAL-201#72 Warning
IOB_and_ASYNC_REG  
u_camera_hdmi/u_camera_subsystem/g_camera_frontend[6].u_camera/dvp_data_iob_reg[5] has ASYNC_REG set to TRUE and IOB set to TRUE. The first register of the input sync chain will not be placed in the same slice as the other stages which reduces MTBF.  In most cases, IOB should be set FALSE to enable ASYNC_REG.
Related violations: <none>

AVAL-201#73 Warning
IOB_and_ASYNC_REG  
u_camera_hdmi/u_camera_subsystem/g_camera_frontend[6].u_camera/dvp_data_iob_reg[6] has ASYNC_REG set to TRUE and IOB set to TRUE. The first register of the input sync chain will not be placed in the same slice as the other stages which reduces MTBF.  In most cases, IOB should be set FALSE to enable ASYNC_REG.
Related violations: <none>

AVAL-201#74 Warning
IOB_and_ASYNC_REG  
u_camera_hdmi/u_camera_subsystem/g_camera_frontend[6].u_camera/dvp_data_iob_reg[7] has ASYNC_REG set to TRUE and IOB set to TRUE. The first register of the input sync chain will not be placed in the same slice as the other stages which reduces MTBF.  In most cases, IOB should be set FALSE to enable ASYNC_REG.
Related violations: <none>

AVAL-201#75 Warning
IOB_and_ASYNC_REG  
u_camera_hdmi/u_camera_subsystem/g_camera_frontend[6].u_camera/dvp_href_iob_reg has ASYNC_REG set to TRUE and IOB set to TRUE. The first register of the input sync chain will not be placed in the same slice as the other stages which reduces MTBF.  In most cases, IOB should be set FALSE to enable ASYNC_REG.
Related violations: <none>

AVAL-201#76 Warning
IOB_and_ASYNC_REG  
u_camera_hdmi/u_camera_subsystem/g_camera_frontend[6].u_camera/dvp_pclk_iob_reg has ASYNC_REG set to TRUE and IOB set to TRUE. The first register of the input sync chain will not be placed in the same slice as the other stages which reduces MTBF.  In most cases, IOB should be set FALSE to enable ASYNC_REG.
Related violations: <none>

AVAL-201#77 Warning
IOB_and_ASYNC_REG  
u_camera_hdmi/u_camera_subsystem/g_camera_frontend[6].u_camera/dvp_vsync_iob_reg has ASYNC_REG set to TRUE and IOB set to TRUE. The first register of the input sync chain will not be placed in the same slice as the other stages which reduces MTBF.  In most cases, IOB should be set FALSE to enable ASYNC_REG.
Related violations: <none>

AVAL-201#78 Warning
IOB_and_ASYNC_REG  
u_camera_hdmi/u_camera_subsystem/g_camera_frontend[7].u_camera/dvp_data_iob_reg[0] has ASYNC_REG set to TRUE and IOB set to TRUE. The first register of the input sync chain will not be placed in the same slice as the other stages which reduces MTBF.  In most cases, IOB should be set FALSE to enable ASYNC_REG.
Related violations: <none>

AVAL-201#79 Warning
IOB_and_ASYNC_REG  
u_camera_hdmi/u_camera_subsystem/g_camera_frontend[7].u_camera/dvp_data_iob_reg[1] has ASYNC_REG set to TRUE and IOB set to TRUE. The first register of the input sync chain will not be placed in the same slice as the other stages which reduces MTBF.  In most cases, IOB should be set FALSE to enable ASYNC_REG.
Related violations: <none>

AVAL-201#80 Warning
IOB_and_ASYNC_REG  
u_camera_hdmi/u_camera_subsystem/g_camera_frontend[7].u_camera/dvp_data_iob_reg[2] has ASYNC_REG set to TRUE and IOB set to TRUE. The first register of the input sync chain will not be placed in the same slice as the other stages which reduces MTBF.  In most cases, IOB should be set FALSE to enable ASYNC_REG.
Related violations: <none>

AVAL-201#81 Warning
IOB_and_ASYNC_REG  
u_camera_hdmi/u_camera_subsystem/g_camera_frontend[7].u_camera/dvp_data_iob_reg[3] has ASYNC_REG set to TRUE and IOB set to TRUE. The first register of the input sync chain will not be placed in the same slice as the other stages which reduces MTBF.  In most cases, IOB should be set FALSE to enable ASYNC_REG.
Related violations: <none>

AVAL-201#82 Warning
IOB_and_ASYNC_REG  
u_camera_hdmi/u_camera_subsystem/g_camera_frontend[7].u_camera/dvp_data_iob_reg[4] has ASYNC_REG set to TRUE and IOB set to TRUE. The first register of the input sync chain will not be placed in the same slice as the other stages which reduces MTBF.  In most cases, IOB should be set FALSE to enable ASYNC_REG.
Related violations: <none>

AVAL-201#83 Warning
IOB_and_ASYNC_REG  
u_camera_hdmi/u_camera_subsystem/g_camera_frontend[7].u_camera/dvp_data_iob_reg[5] has ASYNC_REG set to TRUE and IOB set to TRUE. The first register of the input sync chain will not be placed in the same slice as the other stages which reduces MTBF.  In most cases, IOB should be set FALSE to enable ASYNC_REG.
Related violations: <none>

AVAL-201#84 Warning
IOB_and_ASYNC_REG  
u_camera_hdmi/u_camera_subsystem/g_camera_frontend[7].u_camera/dvp_data_iob_reg[6] has ASYNC_REG set to TRUE and IOB set to TRUE. The first register of the input sync chain will not be placed in the same slice as the other stages which reduces MTBF.  In most cases, IOB should be set FALSE to enable ASYNC_REG.
Related violations: <none>

AVAL-201#85 Warning
IOB_and_ASYNC_REG  
u_camera_hdmi/u_camera_subsystem/g_camera_frontend[7].u_camera/dvp_data_iob_reg[7] has ASYNC_REG set to TRUE and IOB set to TRUE. The first register of the input sync chain will not be placed in the same slice as the other stages which reduces MTBF.  In most cases, IOB should be set FALSE to enable ASYNC_REG.
Related violations: <none>

AVAL-201#86 Warning
IOB_and_ASYNC_REG  
u_camera_hdmi/u_camera_subsystem/g_camera_frontend[7].u_camera/dvp_href_iob_reg has ASYNC_REG set to TRUE and IOB set to TRUE. The first register of the input sync chain will not be placed in the same slice as the other stages which reduces MTBF.  In most cases, IOB should be set FALSE to enable ASYNC_REG.
Related violations: <none>

AVAL-201#87 Warning
IOB_and_ASYNC_REG  
u_camera_hdmi/u_camera_subsystem/g_camera_frontend[7].u_camera/dvp_pclk_iob_reg has ASYNC_REG set to TRUE and IOB set to TRUE. The first register of the input sync chain will not be placed in the same slice as the other stages which reduces MTBF.  In most cases, IOB should be set FALSE to enable ASYNC_REG.
Related violations: <none>

AVAL-201#88 Warning
IOB_and_ASYNC_REG  
u_camera_hdmi/u_camera_subsystem/g_camera_frontend[7].u_camera/dvp_vsync_iob_reg has ASYNC_REG set to TRUE and IOB set to TRUE. The first register of the input sync chain will not be placed in the same slice as the other stages which reduces MTBF.  In most cases, IOB should be set FALSE to enable ASYNC_REG.
Related violations: <none>

DPIP-2#1 Warning
Input pipelining  
DSP u_control_soc/u_rocket/chiptop0/system/tile_prci_domain/element_reset_domain_rockettile/fpuOpt/dfma/fma/mulAddRecFNToRaw_postMul_io_mulAddResult_pipe_b1 input u_control_soc/u_rocket/chiptop0/system/tile_prci_domain/element_reset_domain_rockettile/fpuOpt/dfma/fma/mulAddRecFNToRaw_postMul_io_mulAddResult_pipe_b1/A[29:0] is not pipelined. Pipelining DSP48 input will improve performance.
Related violations: <none>

DPIP-2#2 Warning
Input pipelining  
DSP u_control_soc/u_rocket/chiptop0/system/tile_prci_domain/element_reset_domain_rockettile/fpuOpt/dfma/fma/mulAddRecFNToRaw_postMul_io_mulAddResult_pipe_b1__0 input u_control_soc/u_rocket/chiptop0/system/tile_prci_domain/element_reset_domain_rockettile/fpuOpt/dfma/fma/mulAddRecFNToRaw_postMul_io_mulAddResult_pipe_b1__0/A[29:0] is not pipelined. Pipelining DSP48 input will improve performance.
Related violations: <none>

DPIP-2#3 Warning
Input pipelining  
DSP u_control_soc/u_rocket/chiptop0/system/tile_prci_domain/element_reset_domain_rockettile/fpuOpt/dfma/fma/mulAddRecFNToRaw_postMul_io_mulAddResult_pipe_b1__1 input u_control_soc/u_rocket/chiptop0/system/tile_prci_domain/element_reset_domain_rockettile/fpuOpt/dfma/fma/mulAddRecFNToRaw_postMul_io_mulAddResult_pipe_b1__1/A[29:0] is not pipelined. Pipelining DSP48 input will improve performance.
Related violations: <none>

DPIP-2#4 Warning
Input pipelining  
DSP u_control_soc/u_rocket/chiptop0/system/tile_prci_domain/element_reset_domain_rockettile/fpuOpt/dfma/fma/mulAddRecFNToRaw_postMul_io_mulAddResult_pipe_b1__2 input u_control_soc/u_rocket/chiptop0/system/tile_prci_domain/element_reset_domain_rockettile/fpuOpt/dfma/fma/mulAddRecFNToRaw_postMul_io_mulAddResult_pipe_b1__2/A[29:0] is not pipelined. Pipelining DSP48 input will improve performance.
Related violations: <none>

DPIP-2#5 Warning
Input pipelining  
DSP u_control_soc/u_rocket/chiptop0/system/tile_prci_domain/element_reset_domain_rockettile/fpuOpt/dfma/fma/mulAddRecFNToRaw_postMul_io_mulAddResult_pipe_b1__4 input u_control_soc/u_rocket/chiptop0/system/tile_prci_domain/element_reset_domain_rockettile/fpuOpt/dfma/fma/mulAddRecFNToRaw_postMul_io_mulAddResult_pipe_b1__4/A[29:0] is not pipelined. Pipelining DSP48 input will improve performance.
Related violations: <none>

DPIP-2#6 Warning
Input pipelining  
DSP u_control_soc/u_rocket/chiptop0/system/tile_prci_domain/element_reset_domain_rockettile/fpuOpt/hfma/fma/mulAddRecFNToRaw_postMul_io_mulAddResult_pipe_b_reg input u_control_soc/u_rocket/chiptop0/system/tile_prci_domain/element_reset_domain_rockettile/fpuOpt/hfma/fma/mulAddRecFNToRaw_postMul_io_mulAddResult_pipe_b_reg/A[29:0] is not pipelined. Pipelining DSP48 input will improve performance.
Related violations: <none>

DPIP-2#7 Warning
Input pipelining  
DSP u_control_soc/u_rocket/chiptop0/system/tile_prci_domain/element_reset_domain_rockettile/fpuOpt/hfma/fma/mulAddRecFNToRaw_postMul_io_mulAddResult_pipe_b_reg input u_control_soc/u_rocket/chiptop0/system/tile_prci_domain/element_reset_domain_rockettile/fpuOpt/hfma/fma/mulAddRecFNToRaw_postMul_io_mulAddResult_pipe_b_reg/B[17:0] is not pipelined. Pipelining DSP48 input will improve performance.
Related violations: <none>

DPIP-2#8 Warning
Input pipelining  
DSP u_control_soc/u_rocket/chiptop0/system/tile_prci_domain/element_reset_domain_rockettile/fpuOpt/hfma/fma/mulAddRecFNToRaw_postMul_io_mulAddResult_pipe_b_reg input u_control_soc/u_rocket/chiptop0/system/tile_prci_domain/element_reset_domain_rockettile/fpuOpt/hfma/fma/mulAddRecFNToRaw_postMul_io_mulAddResult_pipe_b_reg/C[47:0] is not pipelined. Pipelining DSP48 input will improve performance.
Related violations: <none>

DPIP-2#9 Warning
Input pipelining  
DSP u_control_soc/u_rocket/chiptop0/system/tile_prci_domain/element_reset_domain_rockettile/fpuOpt/sfma/fma/mulAddRecFNToRaw_postMul_io_mulAddResult_pipe_b1 input u_control_soc/u_rocket/chiptop0/system/tile_prci_domain/element_reset_domain_rockettile/fpuOpt/sfma/fma/mulAddRecFNToRaw_postMul_io_mulAddResult_pipe_b1/A[29:0] is not pipelined. Pipelining DSP48 input will improve performance.
Related violations: <none>

DPIP-2#10 Warning
Input pipelining  
DSP u_control_soc/u_rocket/chiptop0/system/tile_prci_domain/element_reset_domain_rockettile/fpuOpt/sfma/fma/mulAddRecFNToRaw_postMul_io_mulAddResult_pipe_b1__0 input u_control_soc/u_rocket/chiptop0/system/tile_prci_domain/element_reset_domain_rockettile/fpuOpt/sfma/fma/mulAddRecFNToRaw_postMul_io_mulAddResult_pipe_b1__0/A[29:0] is not pipelined. Pipelining DSP48 input will improve performance.
Related violations: <none>

DPIP-2#11 Warning
Input pipelining  
DSP u_control_soc/u_rocket/chiptop0/system/tile_prci_domain/element_reset_domain_rockettile/fpuOpt/sfma/fma/mulAddRecFNToRaw_postMul_io_mulAddResult_pipe_b1__0 input u_control_soc/u_rocket/chiptop0/system/tile_prci_domain/element_reset_domain_rockettile/fpuOpt/sfma/fma/mulAddRecFNToRaw_postMul_io_mulAddResult_pipe_b1__0/B[17:0] is not pipelined. Pipelining DSP48 input will improve performance.
Related violations: <none>

DPIP-2#12 Warning
Input pipelining  
DSP u_control_soc/u_rocket/chiptop0/system/tile_prci_domain/element_reset_domain_rockettile/gemmini/load_controller/io_dma_req_bits_vaddr0 input u_control_soc/u_rocket/chiptop0/system/tile_prci_domain/element_reset_domain_rockettile/gemmini/load_controller/io_dma_req_bits_vaddr0/A[29:0] is not pipelined. Pipelining DSP48 input will improve performance.
Related violations: <none>

DPIP-2#13 Warning
Input pipelining  
DSP u_control_soc/u_rocket/chiptop0/system/tile_prci_domain/element_reset_domain_rockettile/gemmini/load_controller/io_dma_req_bits_vaddr0__0 input u_control_soc/u_rocket/chiptop0/system/tile_prci_domain/element_reset_domain_rockettile/gemmini/load_controller/io_dma_req_bits_vaddr0__0/A[29:0] is not pipelined. Pipelining DSP48 input will improve performance.
Related violations: <none>

DPIP-2#14 Warning
Input pipelining  
DSP u_control_soc/u_rocket/chiptop0/system/tile_prci_domain/element_reset_domain_rockettile/gemmini/mod/O640 input u_control_soc/u_rocket/chiptop0/system/tile_prci_domain/element_reset_domain_rockettile/gemmini/mod/O640/A[29:0] is not pipelined. Pipelining DSP48 input will improve performance.
Related violations: <none>

DPIP-2#15 Warning
Input pipelining  
DSP u_control_soc/u_rocket/chiptop0/system/tile_prci_domain/element_reset_domain_rockettile/gemmini/mod/O640 input u_control_soc/u_rocket/chiptop0/system/tile_prci_domain/element_reset_domain_rockettile/gemmini/mod/O640/B[17:0] is not pipelined. Pipelining DSP48 input will improve performance.
Related violations: <none>

DPIP-2#16 Warning
Input pipelining  
DSP u_control_soc/u_rocket/chiptop0/system/tile_prci_domain/element_reset_domain_rockettile/gemmini/mod/O710 input u_control_soc/u_rocket/chiptop0/system/tile_prci_domain/element_reset_domain_rockettile/gemmini/mod/O710/A[29:0] is not pipelined. Pipelining DSP48 input will improve performance.
Related violations: <none>

DPIP-2#17 Warning
Input pipelining  
DSP u_control_soc/u_rocket/chiptop0/system/tile_prci_domain/element_reset_domain_rockettile/gemmini/mod/O710 input u_control_soc/u_rocket/chiptop0/system/tile_prci_domain/element_reset_domain_rockettile/gemmini/mod/O710/B[17:0] is not pipelined. Pipelining DSP48 input will improve performance.
Related violations: <none>

DPIP-2#18 Warning
Input pipelining  
DSP u_control_soc/u_rocket/chiptop0/system/tile_prci_domain/element_reset_domain_rockettile/gemmini/mod/P0 input u_control_soc/u_rocket/chiptop0/system/tile_prci_domain/element_reset_domain_rockettile/gemmini/mod/P0/A[29:0] is not pipelined. Pipelining DSP48 input will improve performance.
Related violations: <none>

DPIP-2#19 Warning
Input pipelining  
DSP u_control_soc/u_rocket/chiptop0/system/tile_prci_domain/element_reset_domain_rockettile/gemmini/mod/P0 input u_control_soc/u_rocket/chiptop0/system/tile_prci_domain/element_reset_domain_rockettile/gemmini/mod/P0/B[17:0] is not pipelined. Pipelining DSP48 input will improve performance.
Related violations: <none>

DPIP-2#20 Warning
Input pipelining  
DSP u_control_soc/u_rocket/chiptop0/system/tile_prci_domain/element_reset_domain_rockettile/gemmini/mod/_ld_weights_io_req_bits_derived_params_result_weight_spad_stride_T_2 input u_control_soc/u_rocket/chiptop0/system/tile_prci_domain/element_reset_domain_rockettile/gemmini/mod/_ld_weights_io_req_bits_derived_params_result_weight_spad_stride_T_2/A[29:0] is not pipelined. Pipelining DSP48 input will improve performance.
Related violations: <none>

DPIP-2#21 Warning
Input pipelining  
DSP u_control_soc/u_rocket/chiptop0/system/tile_prci_domain/element_reset_domain_rockettile/gemmini/mod/_ld_weights_io_req_bits_derived_params_result_weight_spad_stride_T_2 input u_control_soc/u_rocket/chiptop0/system/tile_prci_domain/element_reset_domain_rockettile/gemmini/mod/_ld_weights_io_req_bits_derived_params_result_weight_spad_stride_T_2/B[17:0] is not pipelined. Pipelining DSP48 input will improve performance.
Related violations: <none>

DPIP-2#22 Warning
Input pipelining  
DSP u_control_soc/u_rocket/chiptop0/system/tile_prci_domain/element_reset_domain_rockettile/gemmini/mod/ex/_GEN_232 input u_control_soc/u_rocket/chiptop0/system/tile_prci_domain/element_reset_domain_rockettile/gemmini/mod/ex/_GEN_232/A[29:0] is not pipelined. Pipelining DSP48 input will improve performance.
Related violations: <none>

DPIP-2#23 Warning
Input pipelining  
DSP u_control_soc/u_rocket/chiptop0/system/tile_prci_domain/element_reset_domain_rockettile/gemmini/mod/ex/_GEN_232__0 input u_control_soc/u_rocket/chiptop0/system/tile_prci_domain/element_reset_domain_rockettile/gemmini/mod/ex/_GEN_232__0/A[29:0] is not pipelined. Pipelining DSP48 input will improve performance.
Related violations: <none>

DPIP-2#24 Warning
Input pipelining  
DSP u_control_soc/u_rocket/chiptop0/system/tile_prci_domain/element_reset_domain_rockettile/gemmini/mod/ex/_GEN_24 input u_control_soc/u_rocket/chiptop0/system/tile_prci_domain/element_reset_domain_rockettile/gemmini/mod/ex/_GEN_24/A[29:0] is not pipelined. Pipelining DSP48 input will improve performance.
Related violations: <none>

DPIP-2#25 Warning
Input pipelining  
DSP u_control_soc/u_rocket/chiptop0/system/tile_prci_domain/element_reset_domain_rockettile/gemmini/mod/ex/command_p/stages_0_c_addr_reg input u_control_soc/u_rocket/chiptop0/system/tile_prci_domain/element_reset_domain_rockettile/gemmini/mod/ex/command_p/stages_0_c_addr_reg/A[29:0] is not pipelined. Pipelining DSP48 input will improve performance.
Related violations: <none>

DPIP-2#26 Warning
Input pipelining  
DSP u_control_soc/u_rocket/chiptop0/system/tile_prci_domain/element_reset_domain_rockettile/gemmini/mod/ex/command_p/stages_0_c_addr_reg input u_control_soc/u_rocket/chiptop0/system/tile_prci_domain/element_reset_domain_rockettile/gemmini/mod/ex/command_p/stages_0_c_addr_reg/B[17:0] is not pipelined. Pipelining DSP48 input will improve performance.
Related violations: <none>

DPIP-2#27 Warning
Input pipelining  
DSP u_control_soc/u_rocket/chiptop0/system/tile_prci_domain/element_reset_domain_rockettile/gemmini/mod/ex/command_p/stages_0_c_addr_reg input u_control_soc/u_rocket/chiptop0/system/tile_prci_domain/element_reset_domain_rockettile/gemmini/mod/ex/command_p/stages_0_c_addr_reg/C[47:0] is not pipelined. Pipelining DSP48 input will improve performance.
Related violations: <none>

DPIP-2#28 Warning
Input pipelining  
DSP u_control_soc/u_rocket/chiptop0/system/tile_prci_domain/element_reset_domain_rockettile/gemmini/mod/ex/io_in_bits_a_addr3 input u_control_soc/u_rocket/chiptop0/system/tile_prci_domain/element_reset_domain_rockettile/gemmini/mod/ex/io_in_bits_a_addr3/A[29:0] is not pipelined. Pipelining DSP48 input will improve performance.
Related violations: <none>

DPIP-2#29 Warning
Input pipelining  
DSP u_control_soc/u_rocket/chiptop0/system/tile_prci_domain/element_reset_domain_rockettile/gemmini/mod/ex/io_in_bits_a_addr3 input u_control_soc/u_rocket/chiptop0/system/tile_prci_domain/element_reset_domain_rockettile/gemmini/mod/ex/io_in_bits_a_addr3/B[17:0] is not pipelined. Pipelining DSP48 input will improve performance.
Related violations: <none>

DPIP-2#30 Warning
Input pipelining  
DSP u_control_soc/u_rocket/chiptop0/system/tile_prci_domain/element_reset_domain_rockettile/gemmini/mod/ex/io_in_bits_a_addr3__0 input u_control_soc/u_rocket/chiptop0/system/tile_prci_domain/element_reset_domain_rockettile/gemmini/mod/ex/io_in_bits_a_addr3__0/A[29:0] is not pipelined. Pipelining DSP48 input will improve performance.
Related violations: <none>

DPIP-2#31 Warning
Input pipelining  
DSP u_control_soc/u_rocket/chiptop0/system/tile_prci_domain/element_reset_domain_rockettile/gemmini/mod/ex/io_in_bits_a_addr3__0 input u_control_soc/u_rocket/chiptop0/system/tile_prci_domain/element_reset_domain_rockettile/gemmini/mod/ex/io_in_bits_a_addr3__0/B[17:0] is not pipelined. Pipelining DSP48 input will improve performance.
Related violations: <none>

DPIP-2#32 Warning
Input pipelining  
DSP u_control_soc/u_rocket/chiptop0/system/tile_prci_domain/element_reset_domain_rockettile/gemmini/mod/ex/io_in_bits_a_addr4 input u_control_soc/u_rocket/chiptop0/system/tile_prci_domain/element_reset_domain_rockettile/gemmini/mod/ex/io_in_bits_a_addr4/A[29:0] is not pipelined. Pipelining DSP48 input will improve performance.
Related violations: <none>

DPIP-2#33 Warning
Input pipelining  
DSP u_control_soc/u_rocket/chiptop0/system/tile_prci_domain/element_reset_domain_rockettile/gemmini/mod/ex/io_in_bits_a_addr4 input u_control_soc/u_rocket/chiptop0/system/tile_prci_domain/element_reset_domain_rockettile/gemmini/mod/ex/io_in_bits_a_addr4/B[17:0] is not pipelined. Pipelining DSP48 input will improve performance.
Related violations: <none>

DPIP-2#34 Warning
Input pipelining  
DSP u_control_soc/u_rocket/chiptop0/system/tile_prci_domain/element_reset_domain_rockettile/gemmini/mod/ex/io_in_bits_a_addr4__1 input u_control_soc/u_rocket/chiptop0/system/tile_prci_domain/element_reset_domain_rockettile/gemmini/mod/ex/io_in_bits_a_addr4__1/A[29:0] is not pipelined. Pipelining DSP48 input will improve performance.
Related violations: <none>

DPIP-2#35 Warning
Input pipelining  
DSP u_control_soc/u_rocket/chiptop0/system/tile_prci_domain/element_reset_domain_rockettile/gemmini/mod/ex/io_in_bits_a_addr4__1 input u_control_soc/u_rocket/chiptop0/system/tile_prci_domain/element_reset_domain_rockettile/gemmini/mod/ex/io_in_bits_a_addr4__1/B[17:0] is not pipelined. Pipelining DSP48 input will improve performance.
Related violations: <none>

DPIP-2#36 Warning
Input pipelining  
DSP u_control_soc/u_rocket/chiptop0/system/tile_prci_domain/element_reset_domain_rockettile/gemmini/mod/ex/io_in_bits_a_addr5 input u_control_soc/u_rocket/chiptop0/system/tile_prci_domain/element_reset_domain_rockettile/gemmini/mod/ex/io_in_bits_a_addr5/B[17:0] is not pipelined. Pipelining DSP48 input will improve performance.
Related violations: <none>

DPIP-2#37 Warning
Input pipelining  
DSP u_control_soc/u_rocket/chiptop0/system/tile_prci_domain/element_reset_domain_rockettile/gemmini/mod/ex/io_in_bits_a_addr5__0 input u_control_soc/u_rocket/chiptop0/system/tile_prci_domain/element_reset_domain_rockettile/gemmini/mod/ex/io_in_bits_a_addr5__0/B[17:0] is not pipelined. Pipelining DSP48 input will improve performance.
Related violations: <none>

DPIP-2#38 Warning
Input pipelining  
DSP u_control_soc/u_rocket/chiptop0/system/tile_prci_domain/element_reset_domain_rockettile/gemmini/mod/ex/io_in_bits_b_addr2 input u_control_soc/u_rocket/chiptop0/system/tile_prci_domain/element_reset_domain_rockettile/gemmini/mod/ex/io_in_bits_b_addr2/A[29:0] is not pipelined. Pipelining DSP48 input will improve performance.
Related violations: <none>

DPIP-2#39 Warning
Input pipelining  
DSP u_control_soc/u_rocket/chiptop0/system/tile_prci_domain/element_reset_domain_rockettile/gemmini/mod/ex/io_in_bits_b_addr2 input u_control_soc/u_rocket/chiptop0/system/tile_prci_domain/element_reset_domain_rockettile/gemmini/mod/ex/io_in_bits_b_addr2/B[17:0] is not pipelined. Pipelining DSP48 input will improve performance.
Related violations: <none>

DPIP-2#40 Warning
Input pipelining  
DSP u_control_soc/u_rocket/chiptop0/system/tile_prci_domain/element_reset_domain_rockettile/gemmini/mod/ex/io_in_bits_b_addr2 input u_control_soc/u_rocket/chiptop0/system/tile_prci_domain/element_reset_domain_rockettile/gemmini/mod/ex/io_in_bits_b_addr2/C[47:0] is not pipelined. Pipelining DSP48 input will improve performance.
Related violations: <none>

DPIP-2#41 Warning
Input pipelining  
DSP u_control_soc/u_rocket/chiptop0/system/tile_prci_domain/element_reset_domain_rockettile/gemmini/mod/ex/io_in_bits_b_addr2__0 input u_control_soc/u_rocket/chiptop0/system/tile_prci_domain/element_reset_domain_rockettile/gemmini/mod/ex/io_in_bits_b_addr2__0/A[29:0] is not pipelined. Pipelining DSP48 input will improve performance.
Related violations: <none>

DPIP-2#42 Warning
Input pipelining  
DSP u_control_soc/u_rocket/chiptop0/system/tile_prci_domain/element_reset_domain_rockettile/gemmini/mod/ex/io_in_bits_b_addr2__0 input u_control_soc/u_rocket/chiptop0/system/tile_prci_domain/element_reset_domain_rockettile/gemmini/mod/ex/io_in_bits_b_addr2__0/B[17:0] is not pipelined. Pipelining DSP48 input will improve performance.
Related violations: <none>

DPIP-2#43 Warning
Input pipelining  
DSP u_control_soc/u_rocket/chiptop0/system/tile_prci_domain/element_reset_domain_rockettile/gemmini/mod/ex/io_in_bits_b_addr2__1 input u_control_soc/u_rocket/chiptop0/system/tile_prci_domain/element_reset_domain_rockettile/gemmini/mod/ex/io_in_bits_b_addr2__1/A[29:0] is not pipelined. Pipelining DSP48 input will improve performance.
Related violations: <none>

DPIP-2#44 Warning
Input pipelining  
DSP u_control_soc/u_rocket/chiptop0/system/tile_prci_domain/element_reset_domain_rockettile/gemmini/mod/ex/io_in_bits_b_addr2__1 input u_control_soc/u_rocket/chiptop0/system/tile_prci_domain/element_reset_domain_rockettile/gemmini/mod/ex/io_in_bits_b_addr2__1/B[17:0] is not pipelined. Pipelining DSP48 input will improve performance.
Related violations: <none>

DPIP-2#45 Warning
Input pipelining  
DSP u_control_soc/u_rocket/chiptop0/system/tile_prci_domain/element_reset_domain_rockettile/gemmini/mod/ex/io_in_bits_b_addr2__1 input u_control_soc/u_rocket/chiptop0/system/tile_prci_domain/element_reset_domain_rockettile/gemmini/mod/ex/io_in_bits_b_addr2__1/C[47:0] is not pipelined. Pipelining DSP48 input will improve performance.
Related violations: <none>

DPIP-2#46 Warning
Input pipelining  
DSP u_control_soc/u_rocket/chiptop0/system/tile_prci_domain/element_reset_domain_rockettile/gemmini/mod/ex/io_in_bits_b_addr2__2 input u_control_soc/u_rocket/chiptop0/system/tile_prci_domain/element_reset_domain_rockettile/gemmini/mod/ex/io_in_bits_b_addr2__2/A[29:0] is not pipelined. Pipelining DSP48 input will improve performance.
Related violations: <none>

DPIP-2#47 Warning
Input pipelining  
DSP u_control_soc/u_rocket/chiptop0/system/tile_prci_domain/element_reset_domain_rockettile/gemmini/mod/ex/io_in_bits_b_addr2__2 input u_control_soc/u_rocket/chiptop0/system/tile_prci_domain/element_reset_domain_rockettile/gemmini/mod/ex/io_in_bits_b_addr2__2/B[17:0] is not pipelined. Pipelining DSP48 input will improve performance.
Related violations: <none>

DPIP-2#48 Warning
Input pipelining  
DSP u_control_soc/u_rocket/chiptop0/system/tile_prci_domain/element_reset_domain_rockettile/gemmini/mod/ex/io_in_bits_b_addr3 input u_control_soc/u_rocket/chiptop0/system/tile_prci_domain/element_reset_domain_rockettile/gemmini/mod/ex/io_in_bits_b_addr3/A[29:0] is not pipelined. Pipelining DSP48 input will improve performance.
Related violations: <none>

DPIP-2#49 Warning
Input pipelining  
DSP u_control_soc/u_rocket/chiptop0/system/tile_prci_domain/element_reset_domain_rockettile/gemmini/mod/ex/io_in_bits_b_addr3__0 input u_control_soc/u_rocket/chiptop0/system/tile_prci_domain/element_reset_domain_rockettile/gemmini/mod/ex/io_in_bits_b_addr3__0/A[29:0] is not pipelined. Pipelining DSP48 input will improve performance.
Related violations: <none>

DPIP-2#50 Warning
Input pipelining  
DSP u_control_soc/u_rocket/chiptop0/system/tile_prci_domain/element_reset_domain_rockettile/gemmini/mod/ex/io_in_bits_b_addr4 input u_control_soc/u_rocket/chiptop0/system/tile_prci_domain/element_reset_domain_rockettile/gemmini/mod/ex/io_in_bits_b_addr4/A[29:0] is not pipelined. Pipelining DSP48 input will improve performance.
Related violations: <none>

DPIP-2#51 Warning
Input pipelining  
DSP u_control_soc/u_rocket/chiptop0/system/tile_prci_domain/element_reset_domain_rockettile/gemmini/mod/ex/io_in_bits_b_addr4__0 input u_control_soc/u_rocket/chiptop0/system/tile_prci_domain/element_reset_domain_rockettile/gemmini/mod/ex/io_in_bits_b_addr4__0/A[29:0] is not pipelined. Pipelining DSP48 input will improve performance.
Related violations: <none>

DPIP-2#52 Warning
Input pipelining  
DSP u_control_soc/u_rocket/chiptop0/system/tile_prci_domain/element_reset_domain_rockettile/gemmini/mod/ex/io_in_bits_b_addr5 input u_control_soc/u_rocket/chiptop0/system/tile_prci_domain/element_reset_domain_rockettile/gemmini/mod/ex/io_in_bits_b_addr5/A[29:0] is not pipelined. Pipelining DSP48 input will improve performance.
Related violations: <none>

DPIP-2#53 Warning
Input pipelining  
DSP u_control_soc/u_rocket/chiptop0/system/tile_prci_domain/element_reset_domain_rockettile/gemmini/mod/ex/io_in_bits_b_addr5__0 input u_control_soc/u_rocket/chiptop0/system/tile_prci_domain/element_reset_domain_rockettile/gemmini/mod/ex/io_in_bits_b_addr5__0/A[29:0] is not pipelined. Pipelining DSP48 input will improve performance.
Related violations: <none>

DPIP-2#54 Warning
Input pipelining  
DSP u_control_soc/u_rocket/chiptop0/system/tile_prci_domain/element_reset_domain_rockettile/gemmini/mod/ex/io_in_bits_b_addr6 input u_control_soc/u_rocket/chiptop0/system/tile_prci_domain/element_reset_domain_rockettile/gemmini/mod/ex/io_in_bits_b_addr6/A[29:0] is not pipelined. Pipelining DSP48 input will improve performance.
Related violations: <none>

DPIP-2#55 Warning
Input pipelining  
DSP u_control_soc/u_rocket/chiptop0/system/tile_prci_domain/element_reset_domain_rockettile/gemmini/mod/ex/io_in_bits_b_addr6__0 input u_control_soc/u_rocket/chiptop0/system/tile_prci_domain/element_reset_domain_rockettile/gemmini/mod/ex/io_in_bits_b_addr6__0/A[29:0] is not pipelined. Pipelining DSP48 input will improve performance.
Related violations: <none>

DPIP-2#56 Warning
Input pipelining  
DSP u_control_soc/u_rocket/chiptop0/system/tile_prci_domain/element_reset_domain_rockettile/gemmini/mod/ex/io_in_bits_c_addr3 input u_control_soc/u_rocket/chiptop0/system/tile_prci_domain/element_reset_domain_rockettile/gemmini/mod/ex/io_in_bits_c_addr3/A[29:0] is not pipelined. Pipelining DSP48 input will improve performance.
Related violations: <none>

DPIP-2#57 Warning
Input pipelining  
DSP u_control_soc/u_rocket/chiptop0/system/tile_prci_domain/element_reset_domain_rockettile/gemmini/mod/ex/io_in_bits_c_addr4__0 input u_control_soc/u_rocket/chiptop0/system/tile_prci_domain/element_reset_domain_rockettile/gemmini/mod/ex/io_in_bits_c_addr4__0/A[29:0] is not pipelined. Pipelining DSP48 input will improve performance.
Related violations: <none>

DPIP-2#58 Warning
Input pipelining  
DSP u_control_soc/u_rocket/chiptop0/system/tile_prci_domain/element_reset_domain_rockettile/gemmini/mod/ex/io_in_bits_c_addr5 input u_control_soc/u_rocket/chiptop0/system/tile_prci_domain/element_reset_domain_rockettile/gemmini/mod/ex/io_in_bits_c_addr5/A[29:0] is not pipelined. Pipelining DSP48 input will improve performance.
Related violations: <none>

DPIP-2#59 Warning
Input pipelining  
DSP u_control_soc/u_rocket/chiptop0/system/tile_prci_domain/element_reset_domain_rockettile/gemmini/mod/ex/p_0_out0 input u_control_soc/u_rocket/chiptop0/system/tile_prci_domain/element_reset_domain_rockettile/gemmini/mod/ex/p_0_out0/A[29:0] is not pipelined. Pipelining DSP48 input will improve performance.
Related violations: <none>

DPIP-2#60 Warning
Input pipelining  
DSP u_control_soc/u_rocket/chiptop0/system/tile_prci_domain/element_reset_domain_rockettile/gemmini/mod/ex/p_0_out0 input u_control_soc/u_rocket/chiptop0/system/tile_prci_domain/element_reset_domain_rockettile/gemmini/mod/ex/p_0_out0/B[17:0] is not pipelined. Pipelining DSP48 input will improve performance.
Related violations: <none>

DPIP-2#61 Warning
Input pipelining  
DSP u_control_soc/u_rocket/chiptop0/system/tile_prci_domain/element_reset_domain_rockettile/gemmini/mod/ex_io_req_bits_derived_params_icols_without_dilation0 input u_control_soc/u_rocket/chiptop0/system/tile_prci_domain/element_reset_domain_rockettile/gemmini/mod/ex_io_req_bits_derived_params_icols_without_dilation0/A[29:0] is not pipelined. Pipelining DSP48 input will improve performance.
Related violations: <none>

DPIP-2#62 Warning
Input pipelining  
DSP u_control_soc/u_rocket/chiptop0/system/tile_prci_domain/element_reset_domain_rockettile/gemmini/mod/ex_io_req_bits_derived_params_icols_without_dilation0 input u_control_soc/u_rocket/chiptop0/system/tile_prci_domain/element_reset_domain_rockettile/gemmini/mod/ex_io_req_bits_derived_params_icols_without_dilation0/B[17:0] is not pipelined. Pipelining DSP48 input will improve performance.
Related violations: <none>

DPIP-2#63 Warning
Input pipelining  
DSP u_control_soc/u_rocket/chiptop0/system/tile_prci_domain/element_reset_domain_rockettile/gemmini/mod/ex_io_req_bits_derived_params_icols_without_dilation0 input u_control_soc/u_rocket/chiptop0/system/tile_prci_domain/element_reset_domain_rockettile/gemmini/mod/ex_io_req_bits_derived_params_icols_without_dilation0/C[47:0] is not pipelined. Pipelining DSP48 input will improve performance.
Related violations: <none>

DPIP-2#64 Warning
Input pipelining  
DSP u_control_soc/u_rocket/chiptop0/system/tile_prci_domain/element_reset_domain_rockettile/gemmini/mod/ex_io_req_bits_derived_params_icols_without_dilation1 input u_control_soc/u_rocket/chiptop0/system/tile_prci_domain/element_reset_domain_rockettile/gemmini/mod/ex_io_req_bits_derived_params_icols_without_dilation1/A[29:0] is not pipelined. Pipelining DSP48 input will improve performance.
Related violations: <none>

DPIP-2#65 Warning
Input pipelining  
DSP u_control_soc/u_rocket/chiptop0/system/tile_prci_domain/element_reset_domain_rockettile/gemmini/mod/ex_io_req_bits_derived_params_icols_without_dilation1 input u_control_soc/u_rocket/chiptop0/system/tile_prci_domain/element_reset_domain_rockettile/gemmini/mod/ex_io_req_bits_derived_params_icols_without_dilation1/B[17:0] is not pipelined. Pipelining DSP48 input will improve performance.
Related violations: <none>

DPIP-2#66 Warning
Input pipelining  
DSP u_control_soc/u_rocket/chiptop0/system/tile_prci_domain/element_reset_domain_rockettile/gemmini/mod/ex_io_req_bits_derived_params_icols_without_dilation1 input u_control_soc/u_rocket/chiptop0/system/tile_prci_domain/element_reset_domain_rockettile/gemmini/mod/ex_io_req_bits_derived_params_icols_without_dilation1/C[47:0] is not pipelined. Pipelining DSP48 input will improve performance.
Related violations: <none>

DPIP-2#67 Warning
Input pipelining  
DSP u_control_soc/u_rocket/chiptop0/system/tile_prci_domain/element_reset_domain_rockettile/gemmini/mod/ex_io_req_bits_derived_params_irows_without_dilation0 input u_control_soc/u_rocket/chiptop0/system/tile_prci_domain/element_reset_domain_rockettile/gemmini/mod/ex_io_req_bits_derived_params_irows_without_dilation0/A[29:0] is not pipelined. Pipelining DSP48 input will improve performance.
Related violations: <none>

DPIP-2#68 Warning
Input pipelining  
DSP u_control_soc/u_rocket/chiptop0/system/tile_prci_domain/element_reset_domain_rockettile/gemmini/mod/ex_io_req_bits_derived_params_irows_without_dilation0 input u_control_soc/u_rocket/chiptop0/system/tile_prci_domain/element_reset_domain_rockettile/gemmini/mod/ex_io_req_bits_derived_params_irows_without_dilation0/B[17:0] is not pipelined. Pipelining DSP48 input will improve performance.
Related violations: <none>

DPIP-2#69 Warning
Input pipelining  
DSP u_control_soc/u_rocket/chiptop0/system/tile_prci_domain/element_reset_domain_rockettile/gemmini/mod/ex_io_req_bits_derived_params_irows_without_dilation0 input u_control_soc/u_rocket/chiptop0/system/tile_prci_domain/element_reset_domain_rockettile/gemmini/mod/ex_io_req_bits_derived_params_irows_without_dilation0/C[47:0] is not pipelined. Pipelining DSP48 input will improve performance.
Related violations: <none>

DPIP-2#70 Warning
Input pipelining  
DSP u_control_soc/u_rocket/chiptop0/system/tile_prci_domain/element_reset_domain_rockettile/gemmini/mod/ex_io_req_bits_derived_params_irows_without_dilation1 input u_control_soc/u_rocket/chiptop0/system/tile_prci_domain/element_reset_domain_rockettile/gemmini/mod/ex_io_req_bits_derived_params_irows_without_dilation1/A[29:0] is not pipelined. Pipelining DSP48 input will improve performance.
Related violations: <none>

DPIP-2#71 Warning
Input pipelining  
DSP u_control_soc/u_rocket/chiptop0/system/tile_prci_domain/element_reset_domain_rockettile/gemmini/mod/ex_io_req_bits_derived_params_irows_without_dilation1 input u_control_soc/u_rocket/chiptop0/system/tile_prci_domain/element_reset_domain_rockettile/gemmini/mod/ex_io_req_bits_derived_params_irows_without_dilation1/B[17:0] is not pipelined. Pipelining DSP48 input will improve performance.
Related violations: <none>

DPIP-2#72 Warning
Input pipelining  
DSP u_control_soc/u_rocket/chiptop0/system/tile_prci_domain/element_reset_domain_rockettile/gemmini/mod/ex_io_req_bits_derived_params_irows_without_dilation1 input u_control_soc/u_rocket/chiptop0/system/tile_prci_domain/element_reset_domain_rockettile/gemmini/mod/ex_io_req_bits_derived_params_irows_without_dilation1/C[47:0] is not pipelined. Pipelining DSP48 input will improve performance.
Related violations: <none>

DPIP-2#73 Warning
Input pipelining  
DSP u_control_soc/u_rocket/chiptop0/system/tile_prci_domain/element_reset_domain_rockettile/gemmini/mod/io_req_bits_derived_params_bias_spad_stride0 input u_control_soc/u_rocket/chiptop0/system/tile_prci_domain/element_reset_domain_rockettile/gemmini/mod/io_req_bits_derived_params_bias_spad_stride0/A[29:0] is not pipelined. Pipelining DSP48 input will improve performance.
Related violations: <none>

DPIP-2#74 Warning
Input pipelining  
DSP u_control_soc/u_rocket/chiptop0/system/tile_prci_domain/element_reset_domain_rockettile/gemmini/mod/io_req_bits_derived_params_bias_spad_stride0 input u_control_soc/u_rocket/chiptop0/system/tile_prci_domain/element_reset_domain_rockettile/gemmini/mod/io_req_bits_derived_params_bias_spad_stride0/B[17:0] is not pipelined. Pipelining DSP48 input will improve performance.
Related violations: <none>

DPIP-2#75 Warning
Input pipelining  
DSP u_control_soc/u_rocket/chiptop0/system/tile_prci_domain/element_reset_domain_rockettile/gemmini/mod/io_req_bits_derived_params_bias_spad_stride1 input u_control_soc/u_rocket/chiptop0/system/tile_prci_domain/element_reset_domain_rockettile/gemmini/mod/io_req_bits_derived_params_bias_spad_stride1/A[29:0] is not pipelined. Pipelining DSP48 input will improve performance.
Related violations: <none>

DPIP-2#76 Warning
Input pipelining  
DSP u_control_soc/u_rocket/chiptop0/system/tile_prci_domain/element_reset_domain_rockettile/gemmini/mod/io_req_bits_derived_params_bias_spad_stride1 input u_control_soc/u_rocket/chiptop0/system/tile_prci_domain/element_reset_domain_rockettile/gemmini/mod/io_req_bits_derived_params_bias_spad_stride1/B[17:0] is not pipelined. Pipelining DSP48 input will improve performance.
Related violations: <none>

DPIP-2#77 Warning
Input pipelining  
DSP u_control_soc/u_rocket/chiptop0/system/tile_prci_domain/element_reset_domain_rockettile/gemmini/mod/ld_bias/command_p/stages_0_spad_addr_reg input u_control_soc/u_rocket/chiptop0/system/tile_prci_domain/element_reset_domain_rockettile/gemmini/mod/ld_bias/command_p/stages_0_spad_addr_reg/A[29:0] is not pipelined. Pipelining DSP48 input will improve performance.
Related violations: <none>

DPIP-2#78 Warning
Input pipelining  
DSP u_control_soc/u_rocket/chiptop0/system/tile_prci_domain/element_reset_domain_rockettile/gemmini/mod/ld_bias/command_p/stages_0_spad_addr_reg input u_control_soc/u_rocket/chiptop0/system/tile_prci_domain/element_reset_domain_rockettile/gemmini/mod/ld_bias/command_p/stages_0_spad_addr_reg/B[17:0] is not pipelined. Pipelining DSP48 input will improve performance.
Related violations: <none>

DPIP-2#79 Warning
Input pipelining  
DSP u_control_soc/u_rocket/chiptop0/system/tile_prci_domain/element_reset_domain_rockettile/gemmini/mod/ld_bias/command_p/stages_0_spad_addr_reg input u_control_soc/u_rocket/chiptop0/system/tile_prci_domain/element_reset_domain_rockettile/gemmini/mod/ld_bias/command_p/stages_0_spad_addr_reg/C[47:0] is not pipelined. Pipelining DSP48 input will improve performance.
Related violations: <none>

DPIP-2#80 Warning
Input pipelining  
DSP u_control_soc/u_rocket/chiptop0/system/tile_prci_domain/element_reset_domain_rockettile/gemmini/mod/ld_bias/io_in_bits_spad_addr3 input u_control_soc/u_rocket/chiptop0/system/tile_prci_domain/element_reset_domain_rockettile/gemmini/mod/ld_bias/io_in_bits_spad_addr3/A[29:0] is not pipelined. Pipelining DSP48 input will improve performance.
Related violations: <none>

DPIP-2#81 Warning
Input pipelining  
DSP u_control_soc/u_rocket/chiptop0/system/tile_prci_domain/element_reset_domain_rockettile/gemmini/mod/ld_bias/io_in_bits_spad_addr4__0 input u_control_soc/u_rocket/chiptop0/system/tile_prci_domain/element_reset_domain_rockettile/gemmini/mod/ld_bias/io_in_bits_spad_addr4__0/A[29:0] is not pipelined. Pipelining DSP48 input will improve performance.
Related violations: <none>

DPIP-2#82 Warning
Input pipelining  
DSP u_control_soc/u_rocket/chiptop0/system/tile_prci_domain/element_reset_domain_rockettile/gemmini/mod/ld_bias/io_in_bits_spad_addr5 input u_control_soc/u_rocket/chiptop0/system/tile_prci_domain/element_reset_domain_rockettile/gemmini/mod/ld_bias/io_in_bits_spad_addr5/A[29:0] is not pipelined. Pipelining DSP48 input will improve performance.
Related violations: <none>

DPIP-2#83 Warning
Input pipelining  
DSP u_control_soc/u_rocket/chiptop0/system/tile_prci_domain/element_reset_domain_rockettile/gemmini/mod/ld_input/_spad_addr_T_14 input u_control_soc/u_rocket/chiptop0/system/tile_prci_domain/element_reset_domain_rockettile/gemmini/mod/ld_input/_spad_addr_T_14/A[29:0] is not pipelined. Pipelining DSP48 input will improve performance.
Related violations: <none>

DPIP-2#84 Warning
Input pipelining  
DSP u_control_soc/u_rocket/chiptop0/system/tile_prci_domain/element_reset_domain_rockettile/gemmini/mod/ld_input/_spad_addr_T_14 input u_control_soc/u_rocket/chiptop0/system/tile_prci_domain/element_reset_domain_rockettile/gemmini/mod/ld_input/_spad_addr_T_14/B[17:0] is not pipelined. Pipelining DSP48 input will improve performance.
Related violations: <none>

DPIP-2#85 Warning
Input pipelining  
DSP u_control_soc/u_rocket/chiptop0/system/tile_prci_domain/element_reset_domain_rockettile/gemmini/mod/ld_input/_spad_addr_T_21 input u_control_soc/u_rocket/chiptop0/system/tile_prci_domain/element_reset_domain_rockettile/gemmini/mod/ld_input/_spad_addr_T_21/A[29:0] is not pipelined. Pipelining DSP48 input will improve performance.
Related violations: <none>

DPIP-2#86 Warning
Input pipelining  
DSP u_control_soc/u_rocket/chiptop0/system/tile_prci_domain/element_reset_domain_rockettile/gemmini/mod/ld_input/_spad_addr_T_21 input u_control_soc/u_rocket/chiptop0/system/tile_prci_domain/element_reset_domain_rockettile/gemmini/mod/ld_input/_spad_addr_T_21/B[17:0] is not pipelined. Pipelining DSP48 input will improve performance.
Related violations: <none>

DPIP-2#87 Warning
Input pipelining  
DSP u_control_soc/u_rocket/chiptop0/system/tile_prci_domain/element_reset_domain_rockettile/gemmini/mod/ld_input/_spad_addr_T_36 input u_control_soc/u_rocket/chiptop0/system/tile_prci_domain/element_reset_domain_rockettile/gemmini/mod/ld_input/_spad_addr_T_36/B[17:0] is not pipelined. Pipelining DSP48 input will improve performance.
Related violations: <none>

DPIP-2#88 Warning
Input pipelining  
DSP u_control_soc/u_rocket/chiptop0/system/tile_prci_domain/element_reset_domain_rockettile/gemmini/mod/ld_input/_spad_addr_T_41 input u_control_soc/u_rocket/chiptop0/system/tile_prci_domain/element_reset_domain_rockettile/gemmini/mod/ld_input/_spad_addr_T_41/A[29:0] is not pipelined. Pipelining DSP48 input will improve performance.
Related violations: <none>

DPIP-2#89 Warning
Input pipelining  
DSP u_control_soc/u_rocket/chiptop0/system/tile_prci_domain/element_reset_domain_rockettile/gemmini/mod/ld_input/_spad_addr_T_41 input u_control_soc/u_rocket/chiptop0/system/tile_prci_domain/element_reset_domain_rockettile/gemmini/mod/ld_input/_spad_addr_T_41/B[17:0] is not pipelined. Pipelining DSP48 input will improve performance.
Related violations: <none>

DPIP-2#90 Warning
Input pipelining  
DSP u_control_soc/u_rocket/chiptop0/system/tile_prci_domain/element_reset_domain_rockettile/gemmini/mod/ld_input/_spad_addr_T_9 input u_control_soc/u_rocket/chiptop0/system/tile_prci_domain/element_reset_domain_rockettile/gemmini/mod/ld_input/_spad_addr_T_9/B[17:0] is not pipelined. Pipelining DSP48 input will improve performance.
Related violations: <none>

DPIP-2#91 Warning
Input pipelining  
DSP u_control_soc/u_rocket/chiptop0/system/tile_prci_domain/element_reset_domain_rockettile/gemmini/mod/ld_input/p_0_in input u_control_soc/u_rocket/chiptop0/system/tile_prci_domain/element_reset_domain_rockettile/gemmini/mod/ld_input/p_0_in/A[29:0] is not pipelined. Pipelining DSP48 input will improve performance.
Related violations: <none>

DPIP-2#92 Warning
Input pipelining  
DSP u_control_soc/u_rocket/chiptop0/system/tile_prci_domain/element_reset_domain_rockettile/gemmini/mod/ld_input/p_0_in input u_control_soc/u_rocket/chiptop0/system/tile_prci_domain/element_reset_domain_rockettile/gemmini/mod/ld_input/p_0_in/B[17:0] is not pipelined. Pipelining DSP48 input will improve performance.
Related violations: <none>

DPIP-2#93 Warning
Input pipelining  
DSP u_control_soc/u_rocket/chiptop0/system/tile_prci_domain/element_reset_domain_rockettile/gemmini/mod/ld_input/p_0_in__0 input u_control_soc/u_rocket/chiptop0/system/tile_prci_domain/element_reset_domain_rockettile/gemmini/mod/ld_input/p_0_in__0/A[29:0] is not pipelined. Pipelining DSP48 input will improve performance.
Related violations: <none>

DPIP-2#94 Warning
Input pipelining  
DSP u_control_soc/u_rocket/chiptop0/system/tile_prci_domain/element_reset_domain_rockettile/gemmini/mod/ld_input/p_0_in__0 input u_control_soc/u_rocket/chiptop0/system/tile_prci_domain/element_reset_domain_rockettile/gemmini/mod/ld_input/p_0_in__0/B[17:0] is not pipelined. Pipelining DSP48 input will improve performance.
Related violations: <none>

DPIP-2#95 Warning
Input pipelining  
DSP u_control_soc/u_rocket/chiptop0/system/tile_prci_domain/element_reset_domain_rockettile/gemmini/mod/ld_input/p_2_in input u_control_soc/u_rocket/chiptop0/system/tile_prci_domain/element_reset_domain_rockettile/gemmini/mod/ld_input/p_2_in/A[29:0] is not pipelined. Pipelining DSP48 input will improve performance.
Related violations: <none>

DPIP-2#96 Warning
Input pipelining  
DSP u_control_soc/u_rocket/chiptop0/system/tile_prci_domain/element_reset_domain_rockettile/gemmini/mod/ld_input/p_2_in input u_control_soc/u_rocket/chiptop0/system/tile_prci_domain/element_reset_domain_rockettile/gemmini/mod/ld_input/p_2_in/B[17:0] is not pipelined. Pipelining DSP48 input will improve performance.
Related violations: <none>

DPIP-2#97 Warning
Input pipelining  
DSP u_control_soc/u_rocket/chiptop0/system/tile_prci_domain/element_reset_domain_rockettile/gemmini/mod/ld_input/p_2_in__0 input u_control_soc/u_rocket/chiptop0/system/tile_prci_domain/element_reset_domain_rockettile/gemmini/mod/ld_input/p_2_in__0/A[29:0] is not pipelined. Pipelining DSP48 input will improve performance.
Related violations: <none>

DPIP-2#98 Warning
Input pipelining  
DSP u_control_soc/u_rocket/chiptop0/system/tile_prci_domain/element_reset_domain_rockettile/gemmini/mod/ld_input/p_2_in__0 input u_control_soc/u_rocket/chiptop0/system/tile_prci_domain/element_reset_domain_rockettile/gemmini/mod/ld_input/p_2_in__0/B[17:0] is not pipelined. Pipelining DSP48 input will improve performance.
Related violations: <none>

DPIP-2#99 Warning
Input pipelining  
DSP u_control_soc/u_rocket/chiptop0/system/tile_prci_domain/element_reset_domain_rockettile/gemmini/mod/ld_input/p_2_out input u_control_soc/u_rocket/chiptop0/system/tile_prci_domain/element_reset_domain_rockettile/gemmini/mod/ld_input/p_2_out/A[29:0] is not pipelined. Pipelining DSP48 input will improve performance.
Related violations: <none>

DPIP-2#100 Warning
Input pipelining  
DSP u_control_soc/u_rocket/chiptop0/system/tile_prci_domain/element_reset_domain_rockettile/gemmini/mod/ld_input/p_2_out input u_control_soc/u_rocket/chiptop0/system/tile_prci_domain/element_reset_domain_rockettile/gemmini/mod/ld_input/p_2_out/B[17:0] is not pipelined. Pipelining DSP48 input will improve performance.
Related violations: <none>

DPIP-2#101 Warning
Input pipelining  
DSP u_control_soc/u_rocket/chiptop0/system/tile_prci_domain/element_reset_domain_rockettile/gemmini/mod/ld_input/p_2_out__0 input u_control_soc/u_rocket/chiptop0/system/tile_prci_domain/element_reset_domain_rockettile/gemmini/mod/ld_input/p_2_out__0/A[29:0] is not pipelined. Pipelining DSP48 input will improve performance.
Related violations: <none>

DPIP-2#102 Warning
Input pipelining  
DSP u_control_soc/u_rocket/chiptop0/system/tile_prci_domain/element_reset_domain_rockettile/gemmini/mod/ld_input/p_2_out__0 input u_control_soc/u_rocket/chiptop0/system/tile_prci_domain/element_reset_domain_rockettile/gemmini/mod/ld_input/p_2_out__0/B[17:0] is not pipelined. Pipelining DSP48 input will improve performance.
Related violations: <none>

DPIP-2#103 Warning
Input pipelining  
DSP u_control_soc/u_rocket/chiptop0/system/tile_prci_domain/element_reset_domain_rockettile/gemmini/mod/ld_input_io_req_bits_derived_params_icols_without_dilation0 input u_control_soc/u_rocket/chiptop0/system/tile_prci_domain/element_reset_domain_rockettile/gemmini/mod/ld_input_io_req_bits_derived_params_icols_without_dilation0/A[29:0] is not pipelined. Pipelining DSP48 input will improve performance.
Related violations: <none>

DPIP-2#104 Warning
Input pipelining  
DSP u_control_soc/u_rocket/chiptop0/system/tile_prci_domain/element_reset_domain_rockettile/gemmini/mod/ld_input_io_req_bits_derived_params_icols_without_dilation0 input u_control_soc/u_rocket/chiptop0/system/tile_prci_domain/element_reset_domain_rockettile/gemmini/mod/ld_input_io_req_bits_derived_params_icols_without_dilation0/B[17:0] is not pipelined. Pipelining DSP48 input will improve performance.
Related violations: <none>

DPIP-2#105 Warning
Input pipelining  
DSP u_control_soc/u_rocket/chiptop0/system/tile_prci_domain/element_reset_domain_rockettile/gemmini/mod/ld_input_io_req_bits_derived_params_icols_without_dilation0 input u_control_soc/u_rocket/chiptop0/system/tile_prci_domain/element_reset_domain_rockettile/gemmini/mod/ld_input_io_req_bits_derived_params_icols_without_dilation0/C[47:0] is not pipelined. Pipelining DSP48 input will improve performance.
Related violations: <none>

DPIP-2#106 Warning
Input pipelining  
DSP u_control_soc/u_rocket/chiptop0/system/tile_prci_domain/element_reset_domain_rockettile/gemmini/mod/ld_input_io_req_bits_derived_params_icols_without_dilation1 input u_control_soc/u_rocket/chiptop0/system/tile_prci_domain/element_reset_domain_rockettile/gemmini/mod/ld_input_io_req_bits_derived_params_icols_without_dilation1/A[29:0] is not pipelined. Pipelining DSP48 input will improve performance.
Related violations: <none>

DPIP-2#107 Warning
Input pipelining  
DSP u_control_soc/u_rocket/chiptop0/system/tile_prci_domain/element_reset_domain_rockettile/gemmini/mod/ld_input_io_req_bits_derived_params_icols_without_dilation1 input u_control_soc/u_rocket/chiptop0/system/tile_prci_domain/element_reset_domain_rockettile/gemmini/mod/ld_input_io_req_bits_derived_params_icols_without_dilation1/B[17:0] is not pipelined. Pipelining DSP48 input will improve performance.
Related violations: <none>

DPIP-2#108 Warning
Input pipelining  
DSP u_control_soc/u_rocket/chiptop0/system/tile_prci_domain/element_reset_domain_rockettile/gemmini/mod/ld_input_io_req_bits_derived_params_icols_without_dilation1 input u_control_soc/u_rocket/chiptop0/system/tile_prci_domain/element_reset_domain_rockettile/gemmini/mod/ld_input_io_req_bits_derived_params_icols_without_dilation1/C[47:0] is not pipelined. Pipelining DSP48 input will improve performance.
Related violations: <none>

DPIP-2#109 Warning
Input pipelining  
DSP u_control_soc/u_rocket/chiptop0/system/tile_prci_domain/element_reset_domain_rockettile/gemmini/mod/ld_input_io_req_bits_derived_params_irows_without_dilation0 input u_control_soc/u_rocket/chiptop0/system/tile_prci_domain/element_reset_domain_rockettile/gemmini/mod/ld_input_io_req_bits_derived_params_irows_without_dilation0/A[29:0] is not pipelined. Pipelining DSP48 input will improve performance.
Related violations: <none>

DPIP-2#110 Warning
Input pipelining  
DSP u_control_soc/u_rocket/chiptop0/system/tile_prci_domain/element_reset_domain_rockettile/gemmini/mod/ld_input_io_req_bits_derived_params_irows_without_dilation0 input u_control_soc/u_rocket/chiptop0/system/tile_prci_domain/element_reset_domain_rockettile/gemmini/mod/ld_input_io_req_bits_derived_params_irows_without_dilation0/B[17:0] is not pipelined. Pipelining DSP48 input will improve performance.
Related violations: <none>

DPIP-2#111 Warning
Input pipelining  
DSP u_control_soc/u_rocket/chiptop0/system/tile_prci_domain/element_reset_domain_rockettile/gemmini/mod/ld_input_io_req_bits_derived_params_irows_without_dilation0 input u_control_soc/u_rocket/chiptop0/system/tile_prci_domain/element_reset_domain_rockettile/gemmini/mod/ld_input_io_req_bits_derived_params_irows_without_dilation0/C[47:0] is not pipelined. Pipelining DSP48 input will improve performance.
Related violations: <none>

DPIP-2#112 Warning
Input pipelining  
DSP u_control_soc/u_rocket/chiptop0/system/tile_prci_domain/element_reset_domain_rockettile/gemmini/mod/ld_input_io_req_bits_derived_params_irows_without_dilation1 input u_control_soc/u_rocket/chiptop0/system/tile_prci_domain/element_reset_domain_rockettile/gemmini/mod/ld_input_io_req_bits_derived_params_irows_without_dilation1/A[29:0] is not pipelined. Pipelining DSP48 input will improve performance.
Related violations: <none>

DPIP-2#113 Warning
Input pipelining  
DSP u_control_soc/u_rocket/chiptop0/system/tile_prci_domain/element_reset_domain_rockettile/gemmini/mod/ld_input_io_req_bits_derived_params_irows_without_dilation1 input u_control_soc/u_rocket/chiptop0/system/tile_prci_domain/element_reset_domain_rockettile/gemmini/mod/ld_input_io_req_bits_derived_params_irows_without_dilation1/B[17:0] is not pipelined. Pipelining DSP48 input will improve performance.
Related violations: <none>

DPIP-2#114 Warning
Input pipelining  
DSP u_control_soc/u_rocket/chiptop0/system/tile_prci_domain/element_reset_domain_rockettile/gemmini/mod/ld_input_io_req_bits_derived_params_irows_without_dilation1 input u_control_soc/u_rocket/chiptop0/system/tile_prci_domain/element_reset_domain_rockettile/gemmini/mod/ld_input_io_req_bits_derived_params_irows_without_dilation1/C[47:0] is not pipelined. Pipelining DSP48 input will improve performance.
Related violations: <none>

DPIP-2#115 Warning
Input pipelining  
DSP u_control_soc/u_rocket/chiptop0/system/tile_prci_domain/element_reset_domain_rockettile/gemmini/mod/ld_weights/_addr_start_T2 input u_control_soc/u_rocket/chiptop0/system/tile_prci_domain/element_reset_domain_rockettile/gemmini/mod/ld_weights/_addr_start_T2/A[29:0] is not pipelined. Pipelining DSP48 input will improve performance.
Related violations: <none>

DPIP-2#116 Warning
Input pipelining  
DSP u_control_soc/u_rocket/chiptop0/system/tile_prci_domain/element_reset_domain_rockettile/gemmini/mod/ld_weights/_addr_start_T2__0 input u_control_soc/u_rocket/chiptop0/system/tile_prci_domain/element_reset_domain_rockettile/gemmini/mod/ld_weights/_addr_start_T2__0/A[29:0] is not pipelined. Pipelining DSP48 input will improve performance.
Related violations: <none>

DPIP-2#117 Warning
Input pipelining  
DSP u_control_soc/u_rocket/chiptop0/system/tile_prci_domain/element_reset_domain_rockettile/gemmini/mod/ld_weights/command_p/stages_0_spad_addr_reg input u_control_soc/u_rocket/chiptop0/system/tile_prci_domain/element_reset_domain_rockettile/gemmini/mod/ld_weights/command_p/stages_0_spad_addr_reg/A[29:0] is not pipelined. Pipelining DSP48 input will improve performance.
Related violations: <none>

DPIP-2#118 Warning
Input pipelining  
DSP u_control_soc/u_rocket/chiptop0/system/tile_prci_domain/element_reset_domain_rockettile/gemmini/mod/ld_weights/command_p/stages_0_spad_addr_reg input u_control_soc/u_rocket/chiptop0/system/tile_prci_domain/element_reset_domain_rockettile/gemmini/mod/ld_weights/command_p/stages_0_spad_addr_reg/B[17:0] is not pipelined. Pipelining DSP48 input will improve performance.
Related violations: <none>

DPIP-2#119 Warning
Input pipelining  
DSP u_control_soc/u_rocket/chiptop0/system/tile_prci_domain/element_reset_domain_rockettile/gemmini/mod/ld_weights/io_in_bits_cmd_rs23 input u_control_soc/u_rocket/chiptop0/system/tile_prci_domain/element_reset_domain_rockettile/gemmini/mod/ld_weights/io_in_bits_cmd_rs23/A[29:0] is not pipelined. Pipelining DSP48 input will improve performance.
Related violations: <none>

DPIP-2#120 Warning
Input pipelining  
DSP u_control_soc/u_rocket/chiptop0/system/tile_prci_domain/element_reset_domain_rockettile/gemmini/mod/ld_weights/io_in_bits_cmd_rs23__0 input u_control_soc/u_rocket/chiptop0/system/tile_prci_domain/element_reset_domain_rockettile/gemmini/mod/ld_weights/io_in_bits_cmd_rs23__0/B[17:0] is not pipelined. Pipelining DSP48 input will improve performance.
Related violations: <none>

DPIP-2#121 Warning
Input pipelining  
DSP u_control_soc/u_rocket/chiptop0/system/tile_prci_domain/element_reset_domain_rockettile/gemmini/mod/ld_weights/io_in_bits_spad_addr4 input u_control_soc/u_rocket/chiptop0/system/tile_prci_domain/element_reset_domain_rockettile/gemmini/mod/ld_weights/io_in_bits_spad_addr4/A[29:0] is not pipelined. Pipelining DSP48 input will improve performance.
Related violations: <none>

DPIP-2#122 Warning
Input pipelining  
DSP u_control_soc/u_rocket/chiptop0/system/tile_prci_domain/element_reset_domain_rockettile/gemmini/mod/ld_weights/io_in_bits_spad_addr4__0 input u_control_soc/u_rocket/chiptop0/system/tile_prci_domain/element_reset_domain_rockettile/gemmini/mod/ld_weights/io_in_bits_spad_addr4__0/A[29:0] is not pipelined. Pipelining DSP48 input will improve performance.
Related violations: <none>

DPIP-2#123 Warning
Input pipelining  
DSP u_control_soc/u_rocket/chiptop0/system/tile_prci_domain/element_reset_domain_rockettile/gemmini/mod/ld_weights/io_in_bits_spad_addr6 input u_control_soc/u_rocket/chiptop0/system/tile_prci_domain/element_reset_domain_rockettile/gemmini/mod/ld_weights/io_in_bits_spad_addr6/A[29:0] is not pipelined. Pipelining DSP48 input will improve performance.
Related violations: <none>

DPIP-2#124 Warning
Input pipelining  
DSP u_control_soc/u_rocket/chiptop0/system/tile_prci_domain/element_reset_domain_rockettile/gemmini/mod/ld_weights/io_in_bits_spad_addr6__0 input u_control_soc/u_rocket/chiptop0/system/tile_prci_domain/element_reset_domain_rockettile/gemmini/mod/ld_weights/io_in_bits_spad_addr6__0/A[29:0] is not pipelined. Pipelining DSP48 input will improve performance.
Related violations: <none>

DPIP-2#125 Warning
Input pipelining  
DSP u_control_soc/u_rocket/chiptop0/system/tile_prci_domain/element_reset_domain_rockettile/gemmini/mod/ld_weights/p_0_out0 input u_control_soc/u_rocket/chiptop0/system/tile_prci_domain/element_reset_domain_rockettile/gemmini/mod/ld_weights/p_0_out0/A[29:0] is not pipelined. Pipelining DSP48 input will improve performance.
Related violations: <none>

DPIP-2#126 Warning
Input pipelining  
DSP u_control_soc/u_rocket/chiptop0/system/tile_prci_domain/element_reset_domain_rockettile/gemmini/mod/ld_weights/p_0_out0 input u_control_soc/u_rocket/chiptop0/system/tile_prci_domain/element_reset_domain_rockettile/gemmini/mod/ld_weights/p_0_out0/B[17:0] is not pipelined. Pipelining DSP48 input will improve performance.
Related violations: <none>

DPIP-2#127 Warning
Input pipelining  
DSP u_control_soc/u_rocket/chiptop0/system/tile_prci_domain/element_reset_domain_rockettile/gemmini/mod/ld_weights/p_2_out input u_control_soc/u_rocket/chiptop0/system/tile_prci_domain/element_reset_domain_rockettile/gemmini/mod/ld_weights/p_2_out/A[29:0] is not pipelined. Pipelining DSP48 input will improve performance.
Related violations: <none>

DPIP-2#128 Warning
Input pipelining  
DSP u_control_soc/u_rocket/chiptop0/system/tile_prci_domain/element_reset_domain_rockettile/gemmini/mod/ld_weights/p_2_out input u_control_soc/u_rocket/chiptop0/system/tile_prci_domain/element_reset_domain_rockettile/gemmini/mod/ld_weights/p_2_out/B[17:0] is not pipelined. Pipelining DSP48 input will improve performance.
Related violations: <none>

DPIP-2#129 Warning
Input pipelining  
DSP u_control_soc/u_rocket/chiptop0/system/tile_prci_domain/element_reset_domain_rockettile/gemmini/mod/ld_weights/p_2_out__0 input u_control_soc/u_rocket/chiptop0/system/tile_prci_domain/element_reset_domain_rockettile/gemmini/mod/ld_weights/p_2_out__0/A[29:0] is not pipelined. Pipelining DSP48 input will improve performance.
Related violations: <none>

DPIP-2#130 Warning
Input pipelining  
DSP u_control_soc/u_rocket/chiptop0/system/tile_prci_domain/element_reset_domain_rockettile/gemmini/mod/ld_weights/p_2_out__0 input u_control_soc/u_rocket/chiptop0/system/tile_prci_domain/element_reset_domain_rockettile/gemmini/mod/ld_weights/p_2_out__0/B[17:0] is not pipelined. Pipelining DSP48 input will improve performance.
Related violations: <none>

DPIP-2#131 Warning
Input pipelining  
DSP u_control_soc/u_rocket/chiptop0/system/tile_prci_domain/element_reset_domain_rockettile/gemmini/mod/ld_weights/p_2_out__1 input u_control_soc/u_rocket/chiptop0/system/tile_prci_domain/element_reset_domain_rockettile/gemmini/mod/ld_weights/p_2_out__1/A[29:0] is not pipelined. Pipelining DSP48 input will improve performance.
Related violations: <none>

DPIP-2#132 Warning
Input pipelining  
DSP u_control_soc/u_rocket/chiptop0/system/tile_prci_domain/element_reset_domain_rockettile/gemmini/mod/ld_weights/p_2_out__1 input u_control_soc/u_rocket/chiptop0/system/tile_prci_domain/element_reset_domain_rockettile/gemmini/mod/ld_weights/p_2_out__1/B[17:0] is not pipelined. Pipelining DSP48 input will improve performance.
Related violations: <none>

DPIP-2#133 Warning
Input pipelining  
DSP u_control_soc/u_rocket/chiptop0/system/tile_prci_domain/element_reset_domain_rockettile/gemmini/mod/ld_weights/p_2_out__2 input u_control_soc/u_rocket/chiptop0/system/tile_prci_domain/element_reset_domain_rockettile/gemmini/mod/ld_weights/p_2_out__2/A[29:0] is not pipelined. Pipelining DSP48 input will improve performance.
Related violations: <none>

DPIP-2#134 Warning
Input pipelining  
DSP u_control_soc/u_rocket/chiptop0/system/tile_prci_domain/element_reset_domain_rockettile/gemmini/mod/ld_weights/p_2_out__2 input u_control_soc/u_rocket/chiptop0/system/tile_prci_domain/element_reset_domain_rockettile/gemmini/mod/ld_weights/p_2_out__2/B[17:0] is not pipelined. Pipelining DSP48 input will improve performance.
Related violations: <none>

DPIP-2#135 Warning
Input pipelining  
DSP u_control_soc/u_rocket/chiptop0/system/tile_prci_domain/element_reset_domain_rockettile/gemmini/mod/ld_weights/p_2_out__3 input u_control_soc/u_rocket/chiptop0/system/tile_prci_domain/element_reset_domain_rockettile/gemmini/mod/ld_weights/p_2_out__3/A[29:0] is not pipelined. Pipelining DSP48 input will improve performance.
Related violations: <none>

DPIP-2#136 Warning
Input pipelining  
DSP u_control_soc/u_rocket/chiptop0/system/tile_prci_domain/element_reset_domain_rockettile/gemmini/mod/ld_weights/p_2_out__3 input u_control_soc/u_rocket/chiptop0/system/tile_prci_domain/element_reset_domain_rockettile/gemmini/mod/ld_weights/p_2_out__3/B[17:0] is not pipelined. Pipelining DSP48 input will improve performance.
Related violations: <none>

DPIP-2#137 Warning
Input pipelining  
DSP u_control_soc/u_rocket/chiptop0/system/tile_prci_domain/element_reset_domain_rockettile/gemmini/mod/ld_weights/p_2_out__4 input u_control_soc/u_rocket/chiptop0/system/tile_prci_domain/element_reset_domain_rockettile/gemmini/mod/ld_weights/p_2_out__4/A[29:0] is not pipelined. Pipelining DSP48 input will improve performance.
Related violations: <none>

DPIP-2#138 Warning
Input pipelining  
DSP u_control_soc/u_rocket/chiptop0/system/tile_prci_domain/element_reset_domain_rockettile/gemmini/mod/ld_weights/p_2_out__4 input u_control_soc/u_rocket/chiptop0/system/tile_prci_domain/element_reset_domain_rockettile/gemmini/mod/ld_weights/p_2_out__4/B[17:0] is not pipelined. Pipelining DSP48 input will improve performance.
Related violations: <none>

DPIP-2#139 Warning
Input pipelining  
DSP u_control_soc/u_rocket/chiptop0/system/tile_prci_domain/element_reset_domain_rockettile/gemmini/mod/ld_weights/p_2_out__6 input u_control_soc/u_rocket/chiptop0/system/tile_prci_domain/element_reset_domain_rockettile/gemmini/mod/ld_weights/p_2_out__6/A[29:0] is not pipelined. Pipelining DSP48 input will improve performance.
Related violations: <none>

DPIP-2#140 Warning
Input pipelining  
DSP u_control_soc/u_rocket/chiptop0/system/tile_prci_domain/element_reset_domain_rockettile/gemmini/mod/ld_weights/p_2_out__6 input u_control_soc/u_rocket/chiptop0/system/tile_prci_domain/element_reset_domain_rockettile/gemmini/mod/ld_weights/p_2_out__6/B[17:0] is not pipelined. Pipelining DSP48 input will improve performance.
Related violations: <none>

DPIP-2#141 Warning
Input pipelining  
DSP u_control_soc/u_rocket/chiptop0/system/tile_prci_domain/element_reset_domain_rockettile/gemmini/mod/ld_weights/stages_0_spad_addr0 input u_control_soc/u_rocket/chiptop0/system/tile_prci_domain/element_reset_domain_rockettile/gemmini/mod/ld_weights/stages_0_spad_addr0/B[17:0] is not pipelined. Pipelining DSP48 input will improve performance.
Related violations: <none>

DPIP-2#142 Warning
Input pipelining  
DSP u_control_soc/u_rocket/chiptop0/system/tile_prci_domain/element_reset_domain_rockettile/gemmini/mod/ld_weights/stages_0_spad_addr0 input u_control_soc/u_rocket/chiptop0/system/tile_prci_domain/element_reset_domain_rockettile/gemmini/mod/ld_weights/stages_0_spad_addr0/C[47:0] is not pipelined. Pipelining DSP48 input will improve performance.
Related violations: <none>

DPIP-2#143 Warning
Input pipelining  
DSP u_control_soc/u_rocket/chiptop0/system/tile_prci_domain/element_reset_domain_rockettile/gemmini/mod/ld_weights/stages_0_spad_addr0__0 input u_control_soc/u_rocket/chiptop0/system/tile_prci_domain/element_reset_domain_rockettile/gemmini/mod/ld_weights/stages_0_spad_addr0__0/A[29:0] is not pipelined. Pipelining DSP48 input will improve performance.
Related violations: <none>

DPIP-2#144 Warning
Input pipelining  
DSP u_control_soc/u_rocket/chiptop0/system/tile_prci_domain/element_reset_domain_rockettile/gemmini/mod/ld_weights/stages_0_spad_addr0__0 input u_control_soc/u_rocket/chiptop0/system/tile_prci_domain/element_reset_domain_rockettile/gemmini/mod/ld_weights/stages_0_spad_addr0__0/B[17:0] is not pipelined. Pipelining DSP48 input will improve performance.
Related violations: <none>

DPIP-2#145 Warning
Input pipelining  
DSP u_control_soc/u_rocket/chiptop0/system/tile_prci_domain/element_reset_domain_rockettile/gemmini/mod/p_0_out input u_control_soc/u_rocket/chiptop0/system/tile_prci_domain/element_reset_domain_rockettile/gemmini/mod/p_0_out/A[29:0] is not pipelined. Pipelining DSP48 input will improve performance.
Related violations: <none>

DPIP-2#146 Warning
Input pipelining  
DSP u_control_soc/u_rocket/chiptop0/system/tile_prci_domain/element_reset_domain_rockettile/gemmini/mod/p_0_out input u_control_soc/u_rocket/chiptop0/system/tile_prci_domain/element_reset_domain_rockettile/gemmini/mod/p_0_out/B[17:0] is not pipelined. Pipelining DSP48 input will improve performance.
Related violations: <none>

DPIP-2#147 Warning
Input pipelining  
DSP u_control_soc/u_rocket/chiptop0/system/tile_prci_domain/element_reset_domain_rockettile/gemmini/mod/p_0_out__0 input u_control_soc/u_rocket/chiptop0/system/tile_prci_domain/element_reset_domain_rockettile/gemmini/mod/p_0_out__0/A[29:0] is not pipelined. Pipelining DSP48 input will improve performance.
Related violations: <none>

DPIP-2#148 Warning
Input pipelining  
DSP u_control_soc/u_rocket/chiptop0/system/tile_prci_domain/element_reset_domain_rockettile/gemmini/mod/p_0_out__0 input u_control_soc/u_rocket/chiptop0/system/tile_prci_domain/element_reset_domain_rockettile/gemmini/mod/p_0_out__0/B[17:0] is not pipelined. Pipelining DSP48 input will improve performance.
Related violations: <none>

DPIP-2#149 Warning
Input pipelining  
DSP u_control_soc/u_rocket/chiptop0/system/tile_prci_domain/element_reset_domain_rockettile/gemmini/mod/st/command_p/stages_0_spad_addr_reg input u_control_soc/u_rocket/chiptop0/system/tile_prci_domain/element_reset_domain_rockettile/gemmini/mod/st/command_p/stages_0_spad_addr_reg/C[47:0] is not pipelined. Pipelining DSP48 input will improve performance.
Related violations: <none>

DPIP-2#150 Warning
Input pipelining  
DSP u_control_soc/u_rocket/chiptop0/system/tile_prci_domain/element_reset_domain_rockettile/gemmini/mod/st/io_in_bits_dram_addr6 input u_control_soc/u_rocket/chiptop0/system/tile_prci_domain/element_reset_domain_rockettile/gemmini/mod/st/io_in_bits_dram_addr6/C[47:0] is not pipelined. Pipelining DSP48 input will improve performance.
Related violations: <none>

DPIP-2#151 Warning
Input pipelining  
DSP u_control_soc/u_rocket/chiptop0/system/tile_prci_domain/element_reset_domain_rockettile/gemmini/mod/st/io_in_bits_pool_dram_addr2 input u_control_soc/u_rocket/chiptop0/system/tile_prci_domain/element_reset_domain_rockettile/gemmini/mod/st/io_in_bits_pool_dram_addr2/B[17:0] is not pipelined. Pipelining DSP48 input will improve performance.
Related violations: <none>

DPIP-2#152 Warning
Input pipelining  
DSP u_control_soc/u_rocket/chiptop0/system/tile_prci_domain/element_reset_domain_rockettile/gemmini/mod/st/io_in_bits_pool_dram_addr2__0 input u_control_soc/u_rocket/chiptop0/system/tile_prci_domain/element_reset_domain_rockettile/gemmini/mod/st/io_in_bits_pool_dram_addr2__0/A[29:0] is not pipelined. Pipelining DSP48 input will improve performance.
Related violations: <none>

DPIP-2#153 Warning
Input pipelining  
DSP u_control_soc/u_rocket/chiptop0/system/tile_prci_domain/element_reset_domain_rockettile/gemmini/mod/st/io_in_bits_pool_dram_addr2__1 input u_control_soc/u_rocket/chiptop0/system/tile_prci_domain/element_reset_domain_rockettile/gemmini/mod/st/io_in_bits_pool_dram_addr2__1/A[29:0] is not pipelined. Pipelining DSP48 input will improve performance.
Related violations: <none>

DPIP-2#154 Warning
Input pipelining  
DSP u_control_soc/u_rocket/chiptop0/system/tile_prci_domain/element_reset_domain_rockettile/gemmini/mod/st/io_in_bits_pool_dram_addr3 input u_control_soc/u_rocket/chiptop0/system/tile_prci_domain/element_reset_domain_rockettile/gemmini/mod/st/io_in_bits_pool_dram_addr3/A[29:0] is not pipelined. Pipelining DSP48 input will improve performance.
Related violations: <none>

DPIP-2#155 Warning
Input pipelining  
DSP u_control_soc/u_rocket/chiptop0/system/tile_prci_domain/element_reset_domain_rockettile/gemmini/mod/st/io_in_bits_pool_dram_addr3__0 input u_control_soc/u_rocket/chiptop0/system/tile_prci_domain/element_reset_domain_rockettile/gemmini/mod/st/io_in_bits_pool_dram_addr3__0/B[17:0] is not pipelined. Pipelining DSP48 input will improve performance.
Related violations: <none>

DPIP-2#156 Warning
Input pipelining  
DSP u_control_soc/u_rocket/chiptop0/system/tile_prci_domain/element_reset_domain_rockettile/gemmini/mod/st/io_in_bits_spad_addr3 input u_control_soc/u_rocket/chiptop0/system/tile_prci_domain/element_reset_domain_rockettile/gemmini/mod/st/io_in_bits_spad_addr3/A[29:0] is not pipelined. Pipelining DSP48 input will improve performance.
Related violations: <none>

DPIP-2#157 Warning
Input pipelining  
DSP u_control_soc/u_rocket/chiptop0/system/tile_prci_domain/element_reset_domain_rockettile/gemmini/mod/st/io_in_bits_spad_addr4 input u_control_soc/u_rocket/chiptop0/system/tile_prci_domain/element_reset_domain_rockettile/gemmini/mod/st/io_in_bits_spad_addr4/A[29:0] is not pipelined. Pipelining DSP48 input will improve performance.
Related violations: <none>

DPIP-2#158 Warning
Input pipelining  
DSP u_control_soc/u_rocket/chiptop0/system/tile_prci_domain/element_reset_domain_rockettile/gemmini/mod/st/io_in_bits_spad_addr5 input u_control_soc/u_rocket/chiptop0/system/tile_prci_domain/element_reset_domain_rockettile/gemmini/mod/st/io_in_bits_spad_addr5/A[29:0] is not pipelined. Pipelining DSP48 input will improve performance.
Related violations: <none>

DPIP-2#159 Warning
Input pipelining  
DSP u_control_soc/u_rocket/chiptop0/system/tile_prci_domain/element_reset_domain_rockettile/gemmini/mod/st/p_2_out input u_control_soc/u_rocket/chiptop0/system/tile_prci_domain/element_reset_domain_rockettile/gemmini/mod/st/p_2_out/A[29:0] is not pipelined. Pipelining DSP48 input will improve performance.
Related violations: <none>

DPIP-2#160 Warning
Input pipelining  
DSP u_control_soc/u_rocket/chiptop0/system/tile_prci_domain/element_reset_domain_rockettile/gemmini/mod/st/p_2_out input u_control_soc/u_rocket/chiptop0/system/tile_prci_domain/element_reset_domain_rockettile/gemmini/mod/st/p_2_out/B[17:0] is not pipelined. Pipelining DSP48 input will improve performance.
Related violations: <none>

DPIP-2#161 Warning
Input pipelining  
DSP u_control_soc/u_rocket/chiptop0/system/tile_prci_domain/element_reset_domain_rockettile/gemmini/mod/st/p_2_out__0 input u_control_soc/u_rocket/chiptop0/system/tile_prci_domain/element_reset_domain_rockettile/gemmini/mod/st/p_2_out__0/A[29:0] is not pipelined. Pipelining DSP48 input will improve performance.
Related violations: <none>

DPIP-2#162 Warning
Input pipelining  
DSP u_control_soc/u_rocket/chiptop0/system/tile_prci_domain/element_reset_domain_rockettile/gemmini/mod/st/p_2_out__0 input u_control_soc/u_rocket/chiptop0/system/tile_prci_domain/element_reset_domain_rockettile/gemmini/mod/st/p_2_out__0/B[17:0] is not pipelined. Pipelining DSP48 input will improve performance.
Related violations: <none>

DPIP-2#163 Warning
Input pipelining  
DSP u_control_soc/u_rocket/chiptop0/system/tile_prci_domain/element_reset_domain_rockettile/gemmini/mod/st/p_2_out__1 input u_control_soc/u_rocket/chiptop0/system/tile_prci_domain/element_reset_domain_rockettile/gemmini/mod/st/p_2_out__1/A[29:0] is not pipelined. Pipelining DSP48 input will improve performance.
Related violations: <none>

DPIP-2#164 Warning
Input pipelining  
DSP u_control_soc/u_rocket/chiptop0/system/tile_prci_domain/element_reset_domain_rockettile/gemmini/mod/st/p_2_out__1 input u_control_soc/u_rocket/chiptop0/system/tile_prci_domain/element_reset_domain_rockettile/gemmini/mod/st/p_2_out__1/B[17:0] is not pipelined. Pipelining DSP48 input will improve performance.
Related violations: <none>

DPIP-2#165 Warning
Input pipelining  
DSP u_control_soc/u_rocket/chiptop0/system/tile_prci_domain/element_reset_domain_rockettile/gemmini/mod/st/p_2_out__2 input u_control_soc/u_rocket/chiptop0/system/tile_prci_domain/element_reset_domain_rockettile/gemmini/mod/st/p_2_out__2/A[29:0] is not pipelined. Pipelining DSP48 input will improve performance.
Related violations: <none>

DPIP-2#166 Warning
Input pipelining  
DSP u_control_soc/u_rocket/chiptop0/system/tile_prci_domain/element_reset_domain_rockettile/gemmini/mod/st/p_2_out__2 input u_control_soc/u_rocket/chiptop0/system/tile_prci_domain/element_reset_domain_rockettile/gemmini/mod/st/p_2_out__2/B[17:0] is not pipelined. Pipelining DSP48 input will improve performance.
Related violations: <none>

DPIP-2#167 Warning
Input pipelining  
DSP u_control_soc/u_rocket/chiptop0/system/tile_prci_domain/element_reset_domain_rockettile/gemmini/mod/st/p_3_out input u_control_soc/u_rocket/chiptop0/system/tile_prci_domain/element_reset_domain_rockettile/gemmini/mod/st/p_3_out/A[29:0] is not pipelined. Pipelining DSP48 input will improve performance.
Related violations: <none>

DPIP-2#168 Warning
Input pipelining  
DSP u_control_soc/u_rocket/chiptop0/system/tile_prci_domain/element_reset_domain_rockettile/gemmini/mod/st/p_3_out input u_control_soc/u_rocket/chiptop0/system/tile_prci_domain/element_reset_domain_rockettile/gemmini/mod/st/p_3_out/B[17:0] is not pipelined. Pipelining DSP48 input will improve performance.
Related violations: <none>

DPIP-2#169 Warning
Input pipelining  
DSP u_control_soc/u_rocket/chiptop0/system/tile_prci_domain/element_reset_domain_rockettile/gemmini/mod/st/p_3_out input u_control_soc/u_rocket/chiptop0/system/tile_prci_domain/element_reset_domain_rockettile/gemmini/mod/st/p_3_out/C[47:0] is not pipelined. Pipelining DSP48 input will improve performance.
Related violations: <none>

DPIP-2#170 Warning
Input pipelining  
DSP u_control_soc/u_rocket/chiptop0/system/tile_prci_domain/element_reset_domain_rockettile/gemmini/mod_1/ex/_a_addr_T_40 input u_control_soc/u_rocket/chiptop0/system/tile_prci_domain/element_reset_domain_rockettile/gemmini/mod_1/ex/_a_addr_T_40/A[29:0] is not pipelined. Pipelining DSP48 input will improve performance.
Related violations: <none>

DPIP-2#171 Warning
Input pipelining  
DSP u_control_soc/u_rocket/chiptop0/system/tile_prci_domain/element_reset_domain_rockettile/gemmini/mod_1/ex/_a_addr_T_40 input u_control_soc/u_rocket/chiptop0/system/tile_prci_domain/element_reset_domain_rockettile/gemmini/mod_1/ex/_a_addr_T_40/B[17:0] is not pipelined. Pipelining DSP48 input will improve performance.
Related violations: <none>

DPIP-2#172 Warning
Input pipelining  
DSP u_control_soc/u_rocket/chiptop0/system/tile_prci_domain/element_reset_domain_rockettile/gemmini/mod_1/ex/_a_addr_T_40 input u_control_soc/u_rocket/chiptop0/system/tile_prci_domain/element_reset_domain_rockettile/gemmini/mod_1/ex/_a_addr_T_40/C[47:0] is not pipelined. Pipelining DSP48 input will improve performance.
Related violations: <none>

DPIP-2#173 Warning
Input pipelining  
DSP u_control_soc/u_rocket/chiptop0/system/tile_prci_domain/element_reset_domain_rockettile/gemmini/mod_1/ex/_b_addr_T_40 input u_control_soc/u_rocket/chiptop0/system/tile_prci_domain/element_reset_domain_rockettile/gemmini/mod_1/ex/_b_addr_T_40/A[29:0] is not pipelined. Pipelining DSP48 input will improve performance.
Related violations: <none>

DPIP-2#174 Warning
Input pipelining  
DSP u_control_soc/u_rocket/chiptop0/system/tile_prci_domain/element_reset_domain_rockettile/gemmini/mod_1/ex/_b_addr_T_40 input u_control_soc/u_rocket/chiptop0/system/tile_prci_domain/element_reset_domain_rockettile/gemmini/mod_1/ex/_b_addr_T_40/B[17:0] is not pipelined. Pipelining DSP48 input will improve performance.
Related violations: <none>

DPIP-2#175 Warning
Input pipelining  
DSP u_control_soc/u_rocket/chiptop0/system/tile_prci_domain/element_reset_domain_rockettile/gemmini/mod_1/ex/_b_addr_T_40 input u_control_soc/u_rocket/chiptop0/system/tile_prci_domain/element_reset_domain_rockettile/gemmini/mod_1/ex/_b_addr_T_40/C[47:0] is not pipelined. Pipelining DSP48 input will improve performance.
Related violations: <none>

DPIP-2#176 Warning
Input pipelining  
DSP u_control_soc/u_rocket/chiptop0/system/tile_prci_domain/element_reset_domain_rockettile/gemmini/mod_1/ldA/_sp_addr_T_40 input u_control_soc/u_rocket/chiptop0/system/tile_prci_domain/element_reset_domain_rockettile/gemmini/mod_1/ldA/_sp_addr_T_40/A[29:0] is not pipelined. Pipelining DSP48 input will improve performance.
Related violations: <none>

DPIP-2#177 Warning
Input pipelining  
DSP u_control_soc/u_rocket/chiptop0/system/tile_prci_domain/element_reset_domain_rockettile/gemmini/mod_1/ldA/_sp_addr_T_40 input u_control_soc/u_rocket/chiptop0/system/tile_prci_domain/element_reset_domain_rockettile/gemmini/mod_1/ldA/_sp_addr_T_40/B[17:0] is not pipelined. Pipelining DSP48 input will improve performance.
Related violations: <none>

DPIP-2#178 Warning
Input pipelining  
DSP u_control_soc/u_rocket/chiptop0/system/tile_prci_domain/element_reset_domain_rockettile/gemmini/mod_1/ldA/_sp_addr_T_40 input u_control_soc/u_rocket/chiptop0/system/tile_prci_domain/element_reset_domain_rockettile/gemmini/mod_1/ldA/_sp_addr_T_40/C[47:0] is not pipelined. Pipelining DSP48 input will improve performance.
Related violations: <none>

DPIP-2#179 Warning
Input pipelining  
DSP u_control_soc/u_rocket/chiptop0/system/tile_prci_domain/element_reset_domain_rockettile/gemmini/mod_1/ldA/io_cmd_bits_rs11 input u_control_soc/u_rocket/chiptop0/system/tile_prci_domain/element_reset_domain_rockettile/gemmini/mod_1/ldA/io_cmd_bits_rs11/B[17:0] is not pipelined. Pipelining DSP48 input will improve performance.
Related violations: <none>

DPIP-2#180 Warning
Input pipelining  
DSP u_control_soc/u_rocket/chiptop0/system/tile_prci_domain/element_reset_domain_rockettile/gemmini/mod_1/ldA/io_cmd_bits_rs11 input u_control_soc/u_rocket/chiptop0/system/tile_prci_domain/element_reset_domain_rockettile/gemmini/mod_1/ldA/io_cmd_bits_rs11/C[47:0] is not pipelined. Pipelining DSP48 input will improve performance.
Related violations: <none>

DPIP-2#181 Warning
Input pipelining  
DSP u_control_soc/u_rocket/chiptop0/system/tile_prci_domain/element_reset_domain_rockettile/gemmini/mod_1/ldB/_sp_addr_T_40 input u_control_soc/u_rocket/chiptop0/system/tile_prci_domain/element_reset_domain_rockettile/gemmini/mod_1/ldB/_sp_addr_T_40/A[29:0] is not pipelined. Pipelining DSP48 input will improve performance.
Related violations: <none>

DPIP-2#182 Warning
Input pipelining  
DSP u_control_soc/u_rocket/chiptop0/system/tile_prci_domain/element_reset_domain_rockettile/gemmini/mod_1/ldB/_sp_addr_T_40 input u_control_soc/u_rocket/chiptop0/system/tile_prci_domain/element_reset_domain_rockettile/gemmini/mod_1/ldB/_sp_addr_T_40/B[17:0] is not pipelined. Pipelining DSP48 input will improve performance.
Related violations: <none>

DPIP-2#183 Warning
Input pipelining  
DSP u_control_soc/u_rocket/chiptop0/system/tile_prci_domain/element_reset_domain_rockettile/gemmini/mod_1/ldB/_sp_addr_T_40 input u_control_soc/u_rocket/chiptop0/system/tile_prci_domain/element_reset_domain_rockettile/gemmini/mod_1/ldB/_sp_addr_T_40/C[47:0] is not pipelined. Pipelining DSP48 input will improve performance.
Related violations: <none>

DPIP-2#184 Warning
Input pipelining  
DSP u_control_soc/u_rocket/chiptop0/system/tile_prci_domain/element_reset_domain_rockettile/gemmini/mod_1/ldB/io_cmd_bits_rs11 input u_control_soc/u_rocket/chiptop0/system/tile_prci_domain/element_reset_domain_rockettile/gemmini/mod_1/ldB/io_cmd_bits_rs11/B[17:0] is not pipelined. Pipelining DSP48 input will improve performance.
Related violations: <none>

DPIP-2#185 Warning
Input pipelining  
DSP u_control_soc/u_rocket/chiptop0/system/tile_prci_domain/element_reset_domain_rockettile/gemmini/mod_1/ldB/io_cmd_bits_rs11 input u_control_soc/u_rocket/chiptop0/system/tile_prci_domain/element_reset_domain_rockettile/gemmini/mod_1/ldB/io_cmd_bits_rs11/C[47:0] is not pipelined. Pipelining DSP48 input will improve performance.
Related violations: <none>

DPIP-2#186 Warning
Input pipelining  
DSP u_control_soc/u_rocket/chiptop0/system/tile_prci_domain/element_reset_domain_rockettile/gemmini/mod_1/stC/io_cmd_bits_rs13 input u_control_soc/u_rocket/chiptop0/system/tile_prci_domain/element_reset_domain_rockettile/gemmini/mod_1/stC/io_cmd_bits_rs13/A[29:0] is not pipelined. Pipelining DSP48 input will improve performance.
Related violations: <none>

DPIP-2#187 Warning
Input pipelining  
DSP u_control_soc/u_rocket/chiptop0/system/tile_prci_domain/element_reset_domain_rockettile/gemmini/mod_1/stC/io_cmd_bits_rs13__0 input u_control_soc/u_rocket/chiptop0/system/tile_prci_domain/element_reset_domain_rockettile/gemmini/mod_1/stC/io_cmd_bits_rs13__0/A[29:0] is not pipelined. Pipelining DSP48 input will improve performance.
Related violations: <none>

DPIP-2#188 Warning
Input pipelining  
DSP u_control_soc/u_rocket/chiptop0/system/tile_prci_domain/element_reset_domain_rockettile/gemmini/reservation_station/dst_bits_wraps_around_sum input u_control_soc/u_rocket/chiptop0/system/tile_prci_domain/element_reset_domain_rockettile/gemmini/reservation_station/dst_bits_wraps_around_sum/B[17:0] is not pipelined. Pipelining DSP48 input will improve performance.
Related violations: <none>

DPIP-2#189 Warning
Input pipelining  
DSP u_control_soc/u_rocket/chiptop0/system/tile_prci_domain/element_reset_domain_rockettile/gemmini/reservation_station/dst_bits_wraps_around_sum input u_control_soc/u_rocket/chiptop0/system/tile_prci_domain/element_reset_domain_rockettile/gemmini/reservation_station/dst_bits_wraps_around_sum/C[47:0] is not pipelined. Pipelining DSP48 input will improve performance.
Related violations: <none>

DPIP-2#190 Warning
Input pipelining  
DSP u_control_soc/u_rocket/chiptop0/system/tile_prci_domain/element_reset_domain_rockettile/gemmini/reservation_station/dst_bits_wraps_around_sum_2 input u_control_soc/u_rocket/chiptop0/system/tile_prci_domain/element_reset_domain_rockettile/gemmini/reservation_station/dst_bits_wraps_around_sum_2/B[17:0] is not pipelined. Pipelining DSP48 input will improve performance.
Related violations: <none>

DPIP-2#191 Warning
Input pipelining  
DSP u_control_soc/u_rocket/chiptop0/system/tile_prci_domain/element_reset_domain_rockettile/gemmini/reservation_station/dst_bits_wraps_around_sum_2 input u_control_soc/u_rocket/chiptop0/system/tile_prci_domain/element_reset_domain_rockettile/gemmini/reservation_station/dst_bits_wraps_around_sum_2/C[47:0] is not pipelined. Pipelining DSP48 input will improve performance.
Related violations: <none>

DPIP-2#192 Warning
Input pipelining  
DSP u_control_soc/u_rocket/chiptop0/system/tile_prci_domain/element_reset_domain_rockettile/gemmini/reservation_station/dst_bits_wraps_around_sum_21 input u_control_soc/u_rocket/chiptop0/system/tile_prci_domain/element_reset_domain_rockettile/gemmini/reservation_station/dst_bits_wraps_around_sum_21/A[29:0] is not pipelined. Pipelining DSP48 input will improve performance.
Related violations: <none>

DPIP-2#193 Warning
Input pipelining  
DSP u_control_soc/u_rocket/chiptop0/system/tile_prci_domain/element_reset_domain_rockettile/gemmini/reservation_station/dst_bits_wraps_around_sum_21 input u_control_soc/u_rocket/chiptop0/system/tile_prci_domain/element_reset_domain_rockettile/gemmini/reservation_station/dst_bits_wraps_around_sum_21/B[17:0] is not pipelined. Pipelining DSP48 input will improve performance.
Related violations: <none>

DPIP-2#194 Warning
Input pipelining  
DSP u_control_soc/u_rocket/chiptop0/system/tile_prci_domain/element_reset_domain_rockettile/gemmini/reservation_station/op1_bits_wraps_around_sum_1 input u_control_soc/u_rocket/chiptop0/system/tile_prci_domain/element_reset_domain_rockettile/gemmini/reservation_station/op1_bits_wraps_around_sum_1/B[17:0] is not pipelined. Pipelining DSP48 input will improve performance.
Related violations: <none>

DPIP-2#195 Warning
Input pipelining  
DSP u_control_soc/u_rocket/chiptop0/system/tile_prci_domain/element_reset_domain_rockettile/gemmini/reservation_station/op1_bits_wraps_around_sum_1 input u_control_soc/u_rocket/chiptop0/system/tile_prci_domain/element_reset_domain_rockettile/gemmini/reservation_station/op1_bits_wraps_around_sum_1/C[47:0] is not pipelined. Pipelining DSP48 input will improve performance.
Related violations: <none>

DPIP-2#196 Warning
Input pipelining  
DSP u_control_soc/u_rocket/chiptop0/system/tile_prci_domain/element_reset_domain_rockettile/gemmini/spad/acc_scale_unit/activated_data_e_scaled_muladder/io_mulAddResult1 input u_control_soc/u_rocket/chiptop0/system/tile_prci_domain/element_reset_domain_rockettile/gemmini/spad/acc_scale_unit/activated_data_e_scaled_muladder/io_mulAddResult1/A[29:0] is not pipelined. Pipelining DSP48 input will improve performance.
Related violations: <none>

DPIP-2#197 Warning
Input pipelining  
DSP u_control_soc/u_rocket/chiptop0/system/tile_prci_domain/element_reset_domain_rockettile/gemmini/spad/acc_scale_unit/activated_data_e_scaled_muladder/io_mulAddResult1 input u_control_soc/u_rocket/chiptop0/system/tile_prci_domain/element_reset_domain_rockettile/gemmini/spad/acc_scale_unit/activated_data_e_scaled_muladder/io_mulAddResult1/B[17:0] is not pipelined. Pipelining DSP48 input will improve performance.
Related violations: <none>

DPIP-2#198 Warning
Input pipelining  
DSP u_control_soc/u_rocket/chiptop0/system/tile_prci_domain/element_reset_domain_rockettile/gemmini/spad/acc_scale_unit/activated_data_e_scaled_muladder/io_mulAddResult1__0 input u_control_soc/u_rocket/chiptop0/system/tile_prci_domain/element_reset_domain_rockettile/gemmini/spad/acc_scale_unit/activated_data_e_scaled_muladder/io_mulAddResult1__0/B[17:0] is not pipelined. Pipelining DSP48 input will improve performance.
Related violations: <none>

DPIP-2#199 Warning
Input pipelining  
DSP u_control_soc/u_rocket/chiptop0/system/tile_prci_domain/element_reset_domain_rockettile/gemmini/spad/acc_scale_unit/activated_data_e_scaled_muladder_1/io_mulAddResult1 input u_control_soc/u_rocket/chiptop0/system/tile_prci_domain/element_reset_domain_rockettile/gemmini/spad/acc_scale_unit/activated_data_e_scaled_muladder_1/io_mulAddResult1/A[29:0] is not pipelined. Pipelining DSP48 input will improve performance.
Related violations: <none>

DPIP-2#200 Warning
Input pipelining  
DSP u_control_soc/u_rocket/chiptop0/system/tile_prci_domain/element_reset_domain_rockettile/gemmini/spad/acc_scale_unit/activated_data_e_scaled_muladder_1/io_mulAddResult1 input u_control_soc/u_rocket/chiptop0/system/tile_prci_domain/element_reset_domain_rockettile/gemmini/spad/acc_scale_unit/activated_data_e_scaled_muladder_1/io_mulAddResult1/B[17:0] is not pipelined. Pipelining DSP48 input will improve performance.
Related violations: <none>

DPIP-2#201 Warning
Input pipelining  
DSP u_control_soc/u_rocket/chiptop0/system/tile_prci_domain/element_reset_domain_rockettile/gemmini/spad/acc_scale_unit/activated_data_e_scaled_muladder_1/io_mulAddResult1__0 input u_control_soc/u_rocket/chiptop0/system/tile_prci_domain/element_reset_domain_rockettile/gemmini/spad/acc_scale_unit/activated_data_e_scaled_muladder_1/io_mulAddResult1__0/B[17:0] is not pipelined. Pipelining DSP48 input will improve performance.
Related violations: <none>

DPIP-2#202 Warning
Input pipelining  
DSP u_control_soc/u_rocket/chiptop0/system/tile_prci_domain/element_reset_domain_rockettile/gemmini/spad/acc_scale_unit/activated_data_e_scaled_muladder_10/io_mulAddResult1 input u_control_soc/u_rocket/chiptop0/system/tile_prci_domain/element_reset_domain_rockettile/gemmini/spad/acc_scale_unit/activated_data_e_scaled_muladder_10/io_mulAddResult1/A[29:0] is not pipelined. Pipelining DSP48 input will improve performance.
Related violations: <none>

DPIP-2#203 Warning
Input pipelining  
DSP u_control_soc/u_rocket/chiptop0/system/tile_prci_domain/element_reset_domain_rockettile/gemmini/spad/acc_scale_unit/activated_data_e_scaled_muladder_10/io_mulAddResult1 input u_control_soc/u_rocket/chiptop0/system/tile_prci_domain/element_reset_domain_rockettile/gemmini/spad/acc_scale_unit/activated_data_e_scaled_muladder_10/io_mulAddResult1/B[17:0] is not pipelined. Pipelining DSP48 input will improve performance.
Related violations: <none>

DPIP-2#204 Warning
Input pipelining  
DSP u_control_soc/u_rocket/chiptop0/system/tile_prci_domain/element_reset_domain_rockettile/gemmini/spad/acc_scale_unit/activated_data_e_scaled_muladder_10/io_mulAddResult1__0 input u_control_soc/u_rocket/chiptop0/system/tile_prci_domain/element_reset_domain_rockettile/gemmini/spad/acc_scale_unit/activated_data_e_scaled_muladder_10/io_mulAddResult1__0/B[17:0] is not pipelined. Pipelining DSP48 input will improve performance.
Related violations: <none>

DPIP-2#205 Warning
Input pipelining  
DSP u_control_soc/u_rocket/chiptop0/system/tile_prci_domain/element_reset_domain_rockettile/gemmini/spad/acc_scale_unit/activated_data_e_scaled_muladder_11/io_mulAddResult1 input u_control_soc/u_rocket/chiptop0/system/tile_prci_domain/element_reset_domain_rockettile/gemmini/spad/acc_scale_unit/activated_data_e_scaled_muladder_11/io_mulAddResult1/A[29:0] is not pipelined. Pipelining DSP48 input will improve performance.
Related violations: <none>

DPIP-2#206 Warning
Input pipelining  
DSP u_control_soc/u_rocket/chiptop0/system/tile_prci_domain/element_reset_domain_rockettile/gemmini/spad/acc_scale_unit/activated_data_e_scaled_muladder_11/io_mulAddResult1 input u_control_soc/u_rocket/chiptop0/system/tile_prci_domain/element_reset_domain_rockettile/gemmini/spad/acc_scale_unit/activated_data_e_scaled_muladder_11/io_mulAddResult1/B[17:0] is not pipelined. Pipelining DSP48 input will improve performance.
Related violations: <none>

DPIP-2#207 Warning
Input pipelining  
DSP u_control_soc/u_rocket/chiptop0/system/tile_prci_domain/element_reset_domain_rockettile/gemmini/spad/acc_scale_unit/activated_data_e_scaled_muladder_11/io_mulAddResult1__0 input u_control_soc/u_rocket/chiptop0/system/tile_prci_domain/element_reset_domain_rockettile/gemmini/spad/acc_scale_unit/activated_data_e_scaled_muladder_11/io_mulAddResult1__0/B[17:0] is not pipelined. Pipelining DSP48 input will improve performance.
Related violations: <none>

DPIP-2#208 Warning
Input pipelining  
DSP u_control_soc/u_rocket/chiptop0/system/tile_prci_domain/element_reset_domain_rockettile/gemmini/spad/acc_scale_unit/activated_data_e_scaled_muladder_12/io_mulAddResult1 input u_control_soc/u_rocket/chiptop0/system/tile_prci_domain/element_reset_domain_rockettile/gemmini/spad/acc_scale_unit/activated_data_e_scaled_muladder_12/io_mulAddResult1/A[29:0] is not pipelined. Pipelining DSP48 input will improve performance.
Related violations: <none>

DPIP-2#209 Warning
Input pipelining  
DSP u_control_soc/u_rocket/chiptop0/system/tile_prci_domain/element_reset_domain_rockettile/gemmini/spad/acc_scale_unit/activated_data_e_scaled_muladder_12/io_mulAddResult1 input u_control_soc/u_rocket/chiptop0/system/tile_prci_domain/element_reset_domain_rockettile/gemmini/spad/acc_scale_unit/activated_data_e_scaled_muladder_12/io_mulAddResult1/B[17:0] is not pipelined. Pipelining DSP48 input will improve performance.
Related violations: <none>

DPIP-2#210 Warning
Input pipelining  
DSP u_control_soc/u_rocket/chiptop0/system/tile_prci_domain/element_reset_domain_rockettile/gemmini/spad/acc_scale_unit/activated_data_e_scaled_muladder_12/io_mulAddResult1__0 input u_control_soc/u_rocket/chiptop0/system/tile_prci_domain/element_reset_domain_rockettile/gemmini/spad/acc_scale_unit/activated_data_e_scaled_muladder_12/io_mulAddResult1__0/B[17:0] is not pipelined. Pipelining DSP48 input will improve performance.
Related violations: <none>

DPIP-2#211 Warning
Input pipelining  
DSP u_control_soc/u_rocket/chiptop0/system/tile_prci_domain/element_reset_domain_rockettile/gemmini/spad/acc_scale_unit/activated_data_e_scaled_muladder_13/io_mulAddResult1 input u_control_soc/u_rocket/chiptop0/system/tile_prci_domain/element_reset_domain_rockettile/gemmini/spad/acc_scale_unit/activated_data_e_scaled_muladder_13/io_mulAddResult1/A[29:0] is not pipelined. Pipelining DSP48 input will improve performance.
Related violations: <none>

DPIP-2#212 Warning
Input pipelining  
DSP u_control_soc/u_rocket/chiptop0/system/tile_prci_domain/element_reset_domain_rockettile/gemmini/spad/acc_scale_unit/activated_data_e_scaled_muladder_13/io_mulAddResult1 input u_control_soc/u_rocket/chiptop0/system/tile_prci_domain/element_reset_domain_rockettile/gemmini/spad/acc_scale_unit/activated_data_e_scaled_muladder_13/io_mulAddResult1/B[17:0] is not pipelined. Pipelining DSP48 input will improve performance.
Related violations: <none>

DPIP-2#213 Warning
Input pipelining  
DSP u_control_soc/u_rocket/chiptop0/system/tile_prci_domain/element_reset_domain_rockettile/gemmini/spad/acc_scale_unit/activated_data_e_scaled_muladder_13/io_mulAddResult1__0 input u_control_soc/u_rocket/chiptop0/system/tile_prci_domain/element_reset_domain_rockettile/gemmini/spad/acc_scale_unit/activated_data_e_scaled_muladder_13/io_mulAddResult1__0/B[17:0] is not pipelined. Pipelining DSP48 input will improve performance.
Related violations: <none>

DPIP-2#214 Warning
Input pipelining  
DSP u_control_soc/u_rocket/chiptop0/system/tile_prci_domain/element_reset_domain_rockettile/gemmini/spad/acc_scale_unit/activated_data_e_scaled_muladder_14/io_mulAddResult1 input u_control_soc/u_rocket/chiptop0/system/tile_prci_domain/element_reset_domain_rockettile/gemmini/spad/acc_scale_unit/activated_data_e_scaled_muladder_14/io_mulAddResult1/A[29:0] is not pipelined. Pipelining DSP48 input will improve performance.
Related violations: <none>

DPIP-2#215 Warning
Input pipelining  
DSP u_control_soc/u_rocket/chiptop0/system/tile_prci_domain/element_reset_domain_rockettile/gemmini/spad/acc_scale_unit/activated_data_e_scaled_muladder_14/io_mulAddResult1 input u_control_soc/u_rocket/chiptop0/system/tile_prci_domain/element_reset_domain_rockettile/gemmini/spad/acc_scale_unit/activated_data_e_scaled_muladder_14/io_mulAddResult1/B[17:0] is not pipelined. Pipelining DSP48 input will improve performance.
Related violations: <none>

DPIP-2#216 Warning
Input pipelining  
DSP u_control_soc/u_rocket/chiptop0/system/tile_prci_domain/element_reset_domain_rockettile/gemmini/spad/acc_scale_unit/activated_data_e_scaled_muladder_14/io_mulAddResult1__0 input u_control_soc/u_rocket/chiptop0/system/tile_prci_domain/element_reset_domain_rockettile/gemmini/spad/acc_scale_unit/activated_data_e_scaled_muladder_14/io_mulAddResult1__0/B[17:0] is not pipelined. Pipelining DSP48 input will improve performance.
Related violations: <none>

DPIP-2#217 Warning
Input pipelining  
DSP u_control_soc/u_rocket/chiptop0/system/tile_prci_domain/element_reset_domain_rockettile/gemmini/spad/acc_scale_unit/activated_data_e_scaled_muladder_15/io_mulAddResult1 input u_control_soc/u_rocket/chiptop0/system/tile_prci_domain/element_reset_domain_rockettile/gemmini/spad/acc_scale_unit/activated_data_e_scaled_muladder_15/io_mulAddResult1/A[29:0] is not pipelined. Pipelining DSP48 input will improve performance.
Related violations: <none>

DPIP-2#218 Warning
Input pipelining  
DSP u_control_soc/u_rocket/chiptop0/system/tile_prci_domain/element_reset_domain_rockettile/gemmini/spad/acc_scale_unit/activated_data_e_scaled_muladder_15/io_mulAddResult1 input u_control_soc/u_rocket/chiptop0/system/tile_prci_domain/element_reset_domain_rockettile/gemmini/spad/acc_scale_unit/activated_data_e_scaled_muladder_15/io_mulAddResult1/B[17:0] is not pipelined. Pipelining DSP48 input will improve performance.
Related violations: <none>

DPIP-2#219 Warning
Input pipelining  
DSP u_control_soc/u_rocket/chiptop0/system/tile_prci_domain/element_reset_domain_rockettile/gemmini/spad/acc_scale_unit/activated_data_e_scaled_muladder_15/io_mulAddResult1__0 input u_control_soc/u_rocket/chiptop0/system/tile_prci_domain/element_reset_domain_rockettile/gemmini/spad/acc_scale_unit/activated_data_e_scaled_muladder_15/io_mulAddResult1__0/B[17:0] is not pipelined. Pipelining DSP48 input will improve performance.
Related violations: <none>

DPIP-2#220 Warning
Input pipelining  
DSP u_control_soc/u_rocket/chiptop0/system/tile_prci_domain/element_reset_domain_rockettile/gemmini/spad/acc_scale_unit/activated_data_e_scaled_muladder_16/io_mulAddResult1 input u_control_soc/u_rocket/chiptop0/system/tile_prci_domain/element_reset_domain_rockettile/gemmini/spad/acc_scale_unit/activated_data_e_scaled_muladder_16/io_mulAddResult1/A[29:0] is not pipelined. Pipelining DSP48 input will improve performance.
Related violations: <none>

DPIP-2#221 Warning
Input pipelining  
DSP u_control_soc/u_rocket/chiptop0/system/tile_prci_domain/element_reset_domain_rockettile/gemmini/spad/acc_scale_unit/activated_data_e_scaled_muladder_16/io_mulAddResult1 input u_control_soc/u_rocket/chiptop0/system/tile_prci_domain/element_reset_domain_rockettile/gemmini/spad/acc_scale_unit/activated_data_e_scaled_muladder_16/io_mulAddResult1/B[17:0] is not pipelined. Pipelining DSP48 input will improve performance.
Related violations: <none>

DPIP-2#222 Warning
Input pipelining  
DSP u_control_soc/u_rocket/chiptop0/system/tile_prci_domain/element_reset_domain_rockettile/gemmini/spad/acc_scale_unit/activated_data_e_scaled_muladder_16/io_mulAddResult1__0 input u_control_soc/u_rocket/chiptop0/system/tile_prci_domain/element_reset_domain_rockettile/gemmini/spad/acc_scale_unit/activated_data_e_scaled_muladder_16/io_mulAddResult1__0/B[17:0] is not pipelined. Pipelining DSP48 input will improve performance.
Related violations: <none>

DPIP-2#223 Warning
Input pipelining  
DSP u_control_soc/u_rocket/chiptop0/system/tile_prci_domain/element_reset_domain_rockettile/gemmini/spad/acc_scale_unit/activated_data_e_scaled_muladder_17/io_mulAddResult1 input u_control_soc/u_rocket/chiptop0/system/tile_prci_domain/element_reset_domain_rockettile/gemmini/spad/acc_scale_unit/activated_data_e_scaled_muladder_17/io_mulAddResult1/A[29:0] is not pipelined. Pipelining DSP48 input will improve performance.
Related violations: <none>

DPIP-2#224 Warning
Input pipelining  
DSP u_control_soc/u_rocket/chiptop0/system/tile_prci_domain/element_reset_domain_rockettile/gemmini/spad/acc_scale_unit/activated_data_e_scaled_muladder_17/io_mulAddResult1 input u_control_soc/u_rocket/chiptop0/system/tile_prci_domain/element_reset_domain_rockettile/gemmini/spad/acc_scale_unit/activated_data_e_scaled_muladder_17/io_mulAddResult1/B[17:0] is not pipelined. Pipelining DSP48 input will improve performance.
Related violations: <none>

DPIP-2#225 Warning
Input pipelining  
DSP u_control_soc/u_rocket/chiptop0/system/tile_prci_domain/element_reset_domain_rockettile/gemmini/spad/acc_scale_unit/activated_data_e_scaled_muladder_17/io_mulAddResult1__0 input u_control_soc/u_rocket/chiptop0/system/tile_prci_domain/element_reset_domain_rockettile/gemmini/spad/acc_scale_unit/activated_data_e_scaled_muladder_17/io_mulAddResult1__0/B[17:0] is not pipelined. Pipelining DSP48 input will improve performance.
Related violations: <none>

DPIP-2#226 Warning
Input pipelining  
DSP u_control_soc/u_rocket/chiptop0/system/tile_prci_domain/element_reset_domain_rockettile/gemmini/spad/acc_scale_unit/activated_data_e_scaled_muladder_18/io_mulAddResult1 input u_control_soc/u_rocket/chiptop0/system/tile_prci_domain/element_reset_domain_rockettile/gemmini/spad/acc_scale_unit/activated_data_e_scaled_muladder_18/io_mulAddResult1/A[29:0] is not pipelined. Pipelining DSP48 input will improve performance.
Related violations: <none>

DPIP-2#227 Warning
Input pipelining  
DSP u_control_soc/u_rocket/chiptop0/system/tile_prci_domain/element_reset_domain_rockettile/gemmini/spad/acc_scale_unit/activated_data_e_scaled_muladder_18/io_mulAddResult1 input u_control_soc/u_rocket/chiptop0/system/tile_prci_domain/element_reset_domain_rockettile/gemmini/spad/acc_scale_unit/activated_data_e_scaled_muladder_18/io_mulAddResult1/B[17:0] is not pipelined. Pipelining DSP48 input will improve performance.
Related violations: <none>

DPIP-2#228 Warning
Input pipelining  
DSP u_control_soc/u_rocket/chiptop0/system/tile_prci_domain/element_reset_domain_rockettile/gemmini/spad/acc_scale_unit/activated_data_e_scaled_muladder_18/io_mulAddResult1__0 input u_control_soc/u_rocket/chiptop0/system/tile_prci_domain/element_reset_domain_rockettile/gemmini/spad/acc_scale_unit/activated_data_e_scaled_muladder_18/io_mulAddResult1__0/B[17:0] is not pipelined. Pipelining DSP48 input will improve performance.
Related violations: <none>

DPIP-2#229 Warning
Input pipelining  
DSP u_control_soc/u_rocket/chiptop0/system/tile_prci_domain/element_reset_domain_rockettile/gemmini/spad/acc_scale_unit/activated_data_e_scaled_muladder_19/io_mulAddResult1 input u_control_soc/u_rocket/chiptop0/system/tile_prci_domain/element_reset_domain_rockettile/gemmini/spad/acc_scale_unit/activated_data_e_scaled_muladder_19/io_mulAddResult1/A[29:0] is not pipelined. Pipelining DSP48 input will improve performance.
Related violations: <none>

DPIP-2#230 Warning
Input pipelining  
DSP u_control_soc/u_rocket/chiptop0/system/tile_prci_domain/element_reset_domain_rockettile/gemmini/spad/acc_scale_unit/activated_data_e_scaled_muladder_19/io_mulAddResult1 input u_control_soc/u_rocket/chiptop0/system/tile_prci_domain/element_reset_domain_rockettile/gemmini/spad/acc_scale_unit/activated_data_e_scaled_muladder_19/io_mulAddResult1/B[17:0] is not pipelined. Pipelining DSP48 input will improve performance.
Related violations: <none>

DPIP-2#231 Warning
Input pipelining  
DSP u_control_soc/u_rocket/chiptop0/system/tile_prci_domain/element_reset_domain_rockettile/gemmini/spad/acc_scale_unit/activated_data_e_scaled_muladder_19/io_mulAddResult1__0 input u_control_soc/u_rocket/chiptop0/system/tile_prci_domain/element_reset_domain_rockettile/gemmini/spad/acc_scale_unit/activated_data_e_scaled_muladder_19/io_mulAddResult1__0/B[17:0] is not pipelined. Pipelining DSP48 input will improve performance.
Related violations: <none>

DPIP-2#232 Warning
Input pipelining  
DSP u_control_soc/u_rocket/chiptop0/system/tile_prci_domain/element_reset_domain_rockettile/gemmini/spad/acc_scale_unit/activated_data_e_scaled_muladder_2/io_mulAddResult1 input u_control_soc/u_rocket/chiptop0/system/tile_prci_domain/element_reset_domain_rockettile/gemmini/spad/acc_scale_unit/activated_data_e_scaled_muladder_2/io_mulAddResult1/A[29:0] is not pipelined. Pipelining DSP48 input will improve performance.
Related violations: <none>

DPIP-2#233 Warning
Input pipelining  
DSP u_control_soc/u_rocket/chiptop0/system/tile_prci_domain/element_reset_domain_rockettile/gemmini/spad/acc_scale_unit/activated_data_e_scaled_muladder_2/io_mulAddResult1 input u_control_soc/u_rocket/chiptop0/system/tile_prci_domain/element_reset_domain_rockettile/gemmini/spad/acc_scale_unit/activated_data_e_scaled_muladder_2/io_mulAddResult1/B[17:0] is not pipelined. Pipelining DSP48 input will improve performance.
Related violations: <none>

DPIP-2#234 Warning
Input pipelining  
DSP u_control_soc/u_rocket/chiptop0/system/tile_prci_domain/element_reset_domain_rockettile/gemmini/spad/acc_scale_unit/activated_data_e_scaled_muladder_2/io_mulAddResult1__0 input u_control_soc/u_rocket/chiptop0/system/tile_prci_domain/element_reset_domain_rockettile/gemmini/spad/acc_scale_unit/activated_data_e_scaled_muladder_2/io_mulAddResult1__0/B[17:0] is not pipelined. Pipelining DSP48 input will improve performance.
Related violations: <none>

DPIP-2#235 Warning
Input pipelining  
DSP u_control_soc/u_rocket/chiptop0/system/tile_prci_domain/element_reset_domain_rockettile/gemmini/spad/acc_scale_unit/activated_data_e_scaled_muladder_20/io_mulAddResult1 input u_control_soc/u_rocket/chiptop0/system/tile_prci_domain/element_reset_domain_rockettile/gemmini/spad/acc_scale_unit/activated_data_e_scaled_muladder_20/io_mulAddResult1/A[29:0] is not pipelined. Pipelining DSP48 input will improve performance.
Related violations: <none>

DPIP-2#236 Warning
Input pipelining  
DSP u_control_soc/u_rocket/chiptop0/system/tile_prci_domain/element_reset_domain_rockettile/gemmini/spad/acc_scale_unit/activated_data_e_scaled_muladder_20/io_mulAddResult1 input u_control_soc/u_rocket/chiptop0/system/tile_prci_domain/element_reset_domain_rockettile/gemmini/spad/acc_scale_unit/activated_data_e_scaled_muladder_20/io_mulAddResult1/B[17:0] is not pipelined. Pipelining DSP48 input will improve performance.
Related violations: <none>

DPIP-2#237 Warning
Input pipelining  
DSP u_control_soc/u_rocket/chiptop0/system/tile_prci_domain/element_reset_domain_rockettile/gemmini/spad/acc_scale_unit/activated_data_e_scaled_muladder_20/io_mulAddResult1__0 input u_control_soc/u_rocket/chiptop0/system/tile_prci_domain/element_reset_domain_rockettile/gemmini/spad/acc_scale_unit/activated_data_e_scaled_muladder_20/io_mulAddResult1__0/B[17:0] is not pipelined. Pipelining DSP48 input will improve performance.
Related violations: <none>

DPIP-2#238 Warning
Input pipelining  
DSP u_control_soc/u_rocket/chiptop0/system/tile_prci_domain/element_reset_domain_rockettile/gemmini/spad/acc_scale_unit/activated_data_e_scaled_muladder_21/io_mulAddResult1 input u_control_soc/u_rocket/chiptop0/system/tile_prci_domain/element_reset_domain_rockettile/gemmini/spad/acc_scale_unit/activated_data_e_scaled_muladder_21/io_mulAddResult1/A[29:0] is not pipelined. Pipelining DSP48 input will improve performance.
Related violations: <none>

DPIP-2#239 Warning
Input pipelining  
DSP u_control_soc/u_rocket/chiptop0/system/tile_prci_domain/element_reset_domain_rockettile/gemmini/spad/acc_scale_unit/activated_data_e_scaled_muladder_21/io_mulAddResult1 input u_control_soc/u_rocket/chiptop0/system/tile_prci_domain/element_reset_domain_rockettile/gemmini/spad/acc_scale_unit/activated_data_e_scaled_muladder_21/io_mulAddResult1/B[17:0] is not pipelined. Pipelining DSP48 input will improve performance.
Related violations: <none>

DPIP-2#240 Warning
Input pipelining  
DSP u_control_soc/u_rocket/chiptop0/system/tile_prci_domain/element_reset_domain_rockettile/gemmini/spad/acc_scale_unit/activated_data_e_scaled_muladder_21/io_mulAddResult1__0 input u_control_soc/u_rocket/chiptop0/system/tile_prci_domain/element_reset_domain_rockettile/gemmini/spad/acc_scale_unit/activated_data_e_scaled_muladder_21/io_mulAddResult1__0/B[17:0] is not pipelined. Pipelining DSP48 input will improve performance.
Related violations: <none>

DPIP-2#241 Warning
Input pipelining  
DSP u_control_soc/u_rocket/chiptop0/system/tile_prci_domain/element_reset_domain_rockettile/gemmini/spad/acc_scale_unit/activated_data_e_scaled_muladder_22/io_mulAddResult1 input u_control_soc/u_rocket/chiptop0/system/tile_prci_domain/element_reset_domain_rockettile/gemmini/spad/acc_scale_unit/activated_data_e_scaled_muladder_22/io_mulAddResult1/A[29:0] is not pipelined. Pipelining DSP48 input will improve performance.
Related violations: <none>

DPIP-2#242 Warning
Input pipelining  
DSP u_control_soc/u_rocket/chiptop0/system/tile_prci_domain/element_reset_domain_rockettile/gemmini/spad/acc_scale_unit/activated_data_e_scaled_muladder_22/io_mulAddResult1 input u_control_soc/u_rocket/chiptop0/system/tile_prci_domain/element_reset_domain_rockettile/gemmini/spad/acc_scale_unit/activated_data_e_scaled_muladder_22/io_mulAddResult1/B[17:0] is not pipelined. Pipelining DSP48 input will improve performance.
Related violations: <none>

DPIP-2#243 Warning
Input pipelining  
DSP u_control_soc/u_rocket/chiptop0/system/tile_prci_domain/element_reset_domain_rockettile/gemmini/spad/acc_scale_unit/activated_data_e_scaled_muladder_22/io_mulAddResult1__0 input u_control_soc/u_rocket/chiptop0/system/tile_prci_domain/element_reset_domain_rockettile/gemmini/spad/acc_scale_unit/activated_data_e_scaled_muladder_22/io_mulAddResult1__0/B[17:0] is not pipelined. Pipelining DSP48 input will improve performance.
Related violations: <none>

DPIP-2#244 Warning
Input pipelining  
DSP u_control_soc/u_rocket/chiptop0/system/tile_prci_domain/element_reset_domain_rockettile/gemmini/spad/acc_scale_unit/activated_data_e_scaled_muladder_23/io_mulAddResult1 input u_control_soc/u_rocket/chiptop0/system/tile_prci_domain/element_reset_domain_rockettile/gemmini/spad/acc_scale_unit/activated_data_e_scaled_muladder_23/io_mulAddResult1/A[29:0] is not pipelined. Pipelining DSP48 input will improve performance.
Related violations: <none>

DPIP-2#245 Warning
Input pipelining  
DSP u_control_soc/u_rocket/chiptop0/system/tile_prci_domain/element_reset_domain_rockettile/gemmini/spad/acc_scale_unit/activated_data_e_scaled_muladder_23/io_mulAddResult1 input u_control_soc/u_rocket/chiptop0/system/tile_prci_domain/element_reset_domain_rockettile/gemmini/spad/acc_scale_unit/activated_data_e_scaled_muladder_23/io_mulAddResult1/B[17:0] is not pipelined. Pipelining DSP48 input will improve performance.
Related violations: <none>

DPIP-2#246 Warning
Input pipelining  
DSP u_control_soc/u_rocket/chiptop0/system/tile_prci_domain/element_reset_domain_rockettile/gemmini/spad/acc_scale_unit/activated_data_e_scaled_muladder_23/io_mulAddResult1__0 input u_control_soc/u_rocket/chiptop0/system/tile_prci_domain/element_reset_domain_rockettile/gemmini/spad/acc_scale_unit/activated_data_e_scaled_muladder_23/io_mulAddResult1__0/B[17:0] is not pipelined. Pipelining DSP48 input will improve performance.
Related violations: <none>

DPIP-2#247 Warning
Input pipelining  
DSP u_control_soc/u_rocket/chiptop0/system/tile_prci_domain/element_reset_domain_rockettile/gemmini/spad/acc_scale_unit/activated_data_e_scaled_muladder_24/io_mulAddResult1 input u_control_soc/u_rocket/chiptop0/system/tile_prci_domain/element_reset_domain_rockettile/gemmini/spad/acc_scale_unit/activated_data_e_scaled_muladder_24/io_mulAddResult1/A[29:0] is not pipelined. Pipelining DSP48 input will improve performance.
Related violations: <none>

DPIP-2#248 Warning
Input pipelining  
DSP u_control_soc/u_rocket/chiptop0/system/tile_prci_domain/element_reset_domain_rockettile/gemmini/spad/acc_scale_unit/activated_data_e_scaled_muladder_24/io_mulAddResult1 input u_control_soc/u_rocket/chiptop0/system/tile_prci_domain/element_reset_domain_rockettile/gemmini/spad/acc_scale_unit/activated_data_e_scaled_muladder_24/io_mulAddResult1/B[17:0] is not pipelined. Pipelining DSP48 input will improve performance.
Related violations: <none>

DPIP-2#249 Warning
Input pipelining  
DSP u_control_soc/u_rocket/chiptop0/system/tile_prci_domain/element_reset_domain_rockettile/gemmini/spad/acc_scale_unit/activated_data_e_scaled_muladder_24/io_mulAddResult1__0 input u_control_soc/u_rocket/chiptop0/system/tile_prci_domain/element_reset_domain_rockettile/gemmini/spad/acc_scale_unit/activated_data_e_scaled_muladder_24/io_mulAddResult1__0/B[17:0] is not pipelined. Pipelining DSP48 input will improve performance.
Related violations: <none>

DPIP-2#250 Warning
Input pipelining  
DSP u_control_soc/u_rocket/chiptop0/system/tile_prci_domain/element_reset_domain_rockettile/gemmini/spad/acc_scale_unit/activated_data_e_scaled_muladder_25/io_mulAddResult1 input u_control_soc/u_rocket/chiptop0/system/tile_prci_domain/element_reset_domain_rockettile/gemmini/spad/acc_scale_unit/activated_data_e_scaled_muladder_25/io_mulAddResult1/A[29:0] is not pipelined. Pipelining DSP48 input will improve performance.
Related violations: <none>

DPIP-2#251 Warning
Input pipelining  
DSP u_control_soc/u_rocket/chiptop0/system/tile_prci_domain/element_reset_domain_rockettile/gemmini/spad/acc_scale_unit/activated_data_e_scaled_muladder_25/io_mulAddResult1 input u_control_soc/u_rocket/chiptop0/system/tile_prci_domain/element_reset_domain_rockettile/gemmini/spad/acc_scale_unit/activated_data_e_scaled_muladder_25/io_mulAddResult1/B[17:0] is not pipelined. Pipelining DSP48 input will improve performance.
Related violations: <none>

DPIP-2#252 Warning
Input pipelining  
DSP u_control_soc/u_rocket/chiptop0/system/tile_prci_domain/element_reset_domain_rockettile/gemmini/spad/acc_scale_unit/activated_data_e_scaled_muladder_25/io_mulAddResult1__0 input u_control_soc/u_rocket/chiptop0/system/tile_prci_domain/element_reset_domain_rockettile/gemmini/spad/acc_scale_unit/activated_data_e_scaled_muladder_25/io_mulAddResult1__0/B[17:0] is not pipelined. Pipelining DSP48 input will improve performance.
Related violations: <none>

DPIP-2#253 Warning
Input pipelining  
DSP u_control_soc/u_rocket/chiptop0/system/tile_prci_domain/element_reset_domain_rockettile/gemmini/spad/acc_scale_unit/activated_data_e_scaled_muladder_26/io_mulAddResult1 input u_control_soc/u_rocket/chiptop0/system/tile_prci_domain/element_reset_domain_rockettile/gemmini/spad/acc_scale_unit/activated_data_e_scaled_muladder_26/io_mulAddResult1/A[29:0] is not pipelined. Pipelining DSP48 input will improve performance.
Related violations: <none>

DPIP-2#254 Warning
Input pipelining  
DSP u_control_soc/u_rocket/chiptop0/system/tile_prci_domain/element_reset_domain_rockettile/gemmini/spad/acc_scale_unit/activated_data_e_scaled_muladder_26/io_mulAddResult1 input u_control_soc/u_rocket/chiptop0/system/tile_prci_domain/element_reset_domain_rockettile/gemmini/spad/acc_scale_unit/activated_data_e_scaled_muladder_26/io_mulAddResult1/B[17:0] is not pipelined. Pipelining DSP48 input will improve performance.
Related violations: <none>

DPIP-2#255 Warning
Input pipelining  
DSP u_control_soc/u_rocket/chiptop0/system/tile_prci_domain/element_reset_domain_rockettile/gemmini/spad/acc_scale_unit/activated_data_e_scaled_muladder_26/io_mulAddResult1__0 input u_control_soc/u_rocket/chiptop0/system/tile_prci_domain/element_reset_domain_rockettile/gemmini/spad/acc_scale_unit/activated_data_e_scaled_muladder_26/io_mulAddResult1__0/B[17:0] is not pipelined. Pipelining DSP48 input will improve performance.
Related violations: <none>

DPIP-2#256 Warning
Input pipelining  
DSP u_control_soc/u_rocket/chiptop0/system/tile_prci_domain/element_reset_domain_rockettile/gemmini/spad/acc_scale_unit/activated_data_e_scaled_muladder_27/io_mulAddResult1 input u_control_soc/u_rocket/chiptop0/system/tile_prci_domain/element_reset_domain_rockettile/gemmini/spad/acc_scale_unit/activated_data_e_scaled_muladder_27/io_mulAddResult1/A[29:0] is not pipelined. Pipelining DSP48 input will improve performance.
Related violations: <none>

DPIP-2#257 Warning
Input pipelining  
DSP u_control_soc/u_rocket/chiptop0/system/tile_prci_domain/element_reset_domain_rockettile/gemmini/spad/acc_scale_unit/activated_data_e_scaled_muladder_27/io_mulAddResult1 input u_control_soc/u_rocket/chiptop0/system/tile_prci_domain/element_reset_domain_rockettile/gemmini/spad/acc_scale_unit/activated_data_e_scaled_muladder_27/io_mulAddResult1/B[17:0] is not pipelined. Pipelining DSP48 input will improve performance.
Related violations: <none>

DPIP-2#258 Warning
Input pipelining  
DSP u_control_soc/u_rocket/chiptop0/system/tile_prci_domain/element_reset_domain_rockettile/gemmini/spad/acc_scale_unit/activated_data_e_scaled_muladder_27/io_mulAddResult1__0 input u_control_soc/u_rocket/chiptop0/system/tile_prci_domain/element_reset_domain_rockettile/gemmini/spad/acc_scale_unit/activated_data_e_scaled_muladder_27/io_mulAddResult1__0/B[17:0] is not pipelined. Pipelining DSP48 input will improve performance.
Related violations: <none>

DPIP-2#259 Warning
Input pipelining  
DSP u_control_soc/u_rocket/chiptop0/system/tile_prci_domain/element_reset_domain_rockettile/gemmini/spad/acc_scale_unit/activated_data_e_scaled_muladder_28/io_mulAddResult1 input u_control_soc/u_rocket/chiptop0/system/tile_prci_domain/element_reset_domain_rockettile/gemmini/spad/acc_scale_unit/activated_data_e_scaled_muladder_28/io_mulAddResult1/A[29:0] is not pipelined. Pipelining DSP48 input will improve performance.
Related violations: <none>

DPIP-2#260 Warning
Input pipelining  
DSP u_control_soc/u_rocket/chiptop0/system/tile_prci_domain/element_reset_domain_rockettile/gemmini/spad/acc_scale_unit/activated_data_e_scaled_muladder_28/io_mulAddResult1 input u_control_soc/u_rocket/chiptop0/system/tile_prci_domain/element_reset_domain_rockettile/gemmini/spad/acc_scale_unit/activated_data_e_scaled_muladder_28/io_mulAddResult1/B[17:0] is not pipelined. Pipelining DSP48 input will improve performance.
Related violations: <none>

DPIP-2#261 Warning
Input pipelining  
DSP u_control_soc/u_rocket/chiptop0/system/tile_prci_domain/element_reset_domain_rockettile/gemmini/spad/acc_scale_unit/activated_data_e_scaled_muladder_28/io_mulAddResult1__0 input u_control_soc/u_rocket/chiptop0/system/tile_prci_domain/element_reset_domain_rockettile/gemmini/spad/acc_scale_unit/activated_data_e_scaled_muladder_28/io_mulAddResult1__0/B[17:0] is not pipelined. Pipelining DSP48 input will improve performance.
Related violations: <none>

DPIP-2#262 Warning
Input pipelining  
DSP u_control_soc/u_rocket/chiptop0/system/tile_prci_domain/element_reset_domain_rockettile/gemmini/spad/acc_scale_unit/activated_data_e_scaled_muladder_29/io_mulAddResult1 input u_control_soc/u_rocket/chiptop0/system/tile_prci_domain/element_reset_domain_rockettile/gemmini/spad/acc_scale_unit/activated_data_e_scaled_muladder_29/io_mulAddResult1/A[29:0] is not pipelined. Pipelining DSP48 input will improve performance.
Related violations: <none>

DPIP-2#263 Warning
Input pipelining  
DSP u_control_soc/u_rocket/chiptop0/system/tile_prci_domain/element_reset_domain_rockettile/gemmini/spad/acc_scale_unit/activated_data_e_scaled_muladder_29/io_mulAddResult1 input u_control_soc/u_rocket/chiptop0/system/tile_prci_domain/element_reset_domain_rockettile/gemmini/spad/acc_scale_unit/activated_data_e_scaled_muladder_29/io_mulAddResult1/B[17:0] is not pipelined. Pipelining DSP48 input will improve performance.
Related violations: <none>

DPIP-2#264 Warning
Input pipelining  
DSP u_control_soc/u_rocket/chiptop0/system/tile_prci_domain/element_reset_domain_rockettile/gemmini/spad/acc_scale_unit/activated_data_e_scaled_muladder_29/io_mulAddResult1__0 input u_control_soc/u_rocket/chiptop0/system/tile_prci_domain/element_reset_domain_rockettile/gemmini/spad/acc_scale_unit/activated_data_e_scaled_muladder_29/io_mulAddResult1__0/B[17:0] is not pipelined. Pipelining DSP48 input will improve performance.
Related violations: <none>

DPIP-2#265 Warning
Input pipelining  
DSP u_control_soc/u_rocket/chiptop0/system/tile_prci_domain/element_reset_domain_rockettile/gemmini/spad/acc_scale_unit/activated_data_e_scaled_muladder_3/io_mulAddResult1 input u_control_soc/u_rocket/chiptop0/system/tile_prci_domain/element_reset_domain_rockettile/gemmini/spad/acc_scale_unit/activated_data_e_scaled_muladder_3/io_mulAddResult1/A[29:0] is not pipelined. Pipelining DSP48 input will improve performance.
Related violations: <none>

DPIP-2#266 Warning
Input pipelining  
DSP u_control_soc/u_rocket/chiptop0/system/tile_prci_domain/element_reset_domain_rockettile/gemmini/spad/acc_scale_unit/activated_data_e_scaled_muladder_3/io_mulAddResult1 input u_control_soc/u_rocket/chiptop0/system/tile_prci_domain/element_reset_domain_rockettile/gemmini/spad/acc_scale_unit/activated_data_e_scaled_muladder_3/io_mulAddResult1/B[17:0] is not pipelined. Pipelining DSP48 input will improve performance.
Related violations: <none>

DPIP-2#267 Warning
Input pipelining  
DSP u_control_soc/u_rocket/chiptop0/system/tile_prci_domain/element_reset_domain_rockettile/gemmini/spad/acc_scale_unit/activated_data_e_scaled_muladder_3/io_mulAddResult1__0 input u_control_soc/u_rocket/chiptop0/system/tile_prci_domain/element_reset_domain_rockettile/gemmini/spad/acc_scale_unit/activated_data_e_scaled_muladder_3/io_mulAddResult1__0/B[17:0] is not pipelined. Pipelining DSP48 input will improve performance.
Related violations: <none>

DPIP-2#268 Warning
Input pipelining  
DSP u_control_soc/u_rocket/chiptop0/system/tile_prci_domain/element_reset_domain_rockettile/gemmini/spad/acc_scale_unit/activated_data_e_scaled_muladder_30/io_mulAddResult1 input u_control_soc/u_rocket/chiptop0/system/tile_prci_domain/element_reset_domain_rockettile/gemmini/spad/acc_scale_unit/activated_data_e_scaled_muladder_30/io_mulAddResult1/A[29:0] is not pipelined. Pipelining DSP48 input will improve performance.
Related violations: <none>

DPIP-2#269 Warning
Input pipelining  
DSP u_control_soc/u_rocket/chiptop0/system/tile_prci_domain/element_reset_domain_rockettile/gemmini/spad/acc_scale_unit/activated_data_e_scaled_muladder_30/io_mulAddResult1 input u_control_soc/u_rocket/chiptop0/system/tile_prci_domain/element_reset_domain_rockettile/gemmini/spad/acc_scale_unit/activated_data_e_scaled_muladder_30/io_mulAddResult1/B[17:0] is not pipelined. Pipelining DSP48 input will improve performance.
Related violations: <none>

DPIP-2#270 Warning
Input pipelining  
DSP u_control_soc/u_rocket/chiptop0/system/tile_prci_domain/element_reset_domain_rockettile/gemmini/spad/acc_scale_unit/activated_data_e_scaled_muladder_30/io_mulAddResult1__0 input u_control_soc/u_rocket/chiptop0/system/tile_prci_domain/element_reset_domain_rockettile/gemmini/spad/acc_scale_unit/activated_data_e_scaled_muladder_30/io_mulAddResult1__0/B[17:0] is not pipelined. Pipelining DSP48 input will improve performance.
Related violations: <none>

DPIP-2#271 Warning
Input pipelining  
DSP u_control_soc/u_rocket/chiptop0/system/tile_prci_domain/element_reset_domain_rockettile/gemmini/spad/acc_scale_unit/activated_data_e_scaled_muladder_31/io_mulAddResult1 input u_control_soc/u_rocket/chiptop0/system/tile_prci_domain/element_reset_domain_rockettile/gemmini/spad/acc_scale_unit/activated_data_e_scaled_muladder_31/io_mulAddResult1/A[29:0] is not pipelined. Pipelining DSP48 input will improve performance.
Related violations: <none>

DPIP-2#272 Warning
Input pipelining  
DSP u_control_soc/u_rocket/chiptop0/system/tile_prci_domain/element_reset_domain_rockettile/gemmini/spad/acc_scale_unit/activated_data_e_scaled_muladder_31/io_mulAddResult1 input u_control_soc/u_rocket/chiptop0/system/tile_prci_domain/element_reset_domain_rockettile/gemmini/spad/acc_scale_unit/activated_data_e_scaled_muladder_31/io_mulAddResult1/B[17:0] is not pipelined. Pipelining DSP48 input will improve performance.
Related violations: <none>

DPIP-2#273 Warning
Input pipelining  
DSP u_control_soc/u_rocket/chiptop0/system/tile_prci_domain/element_reset_domain_rockettile/gemmini/spad/acc_scale_unit/activated_data_e_scaled_muladder_31/io_mulAddResult1__0 input u_control_soc/u_rocket/chiptop0/system/tile_prci_domain/element_reset_domain_rockettile/gemmini/spad/acc_scale_unit/activated_data_e_scaled_muladder_31/io_mulAddResult1__0/B[17:0] is not pipelined. Pipelining DSP48 input will improve performance.
Related violations: <none>

DPIP-2#274 Warning
Input pipelining  
DSP u_control_soc/u_rocket/chiptop0/system/tile_prci_domain/element_reset_domain_rockettile/gemmini/spad/acc_scale_unit/activated_data_e_scaled_muladder_4/io_mulAddResult1 input u_control_soc/u_rocket/chiptop0/system/tile_prci_domain/element_reset_domain_rockettile/gemmini/spad/acc_scale_unit/activated_data_e_scaled_muladder_4/io_mulAddResult1/A[29:0] is not pipelined. Pipelining DSP48 input will improve performance.
Related violations: <none>

DPIP-2#275 Warning
Input pipelining  
DSP u_control_soc/u_rocket/chiptop0/system/tile_prci_domain/element_reset_domain_rockettile/gemmini/spad/acc_scale_unit/activated_data_e_scaled_muladder_4/io_mulAddResult1 input u_control_soc/u_rocket/chiptop0/system/tile_prci_domain/element_reset_domain_rockettile/gemmini/spad/acc_scale_unit/activated_data_e_scaled_muladder_4/io_mulAddResult1/B[17:0] is not pipelined. Pipelining DSP48 input will improve performance.
Related violations: <none>

DPIP-2#276 Warning
Input pipelining  
DSP u_control_soc/u_rocket/chiptop0/system/tile_prci_domain/element_reset_domain_rockettile/gemmini/spad/acc_scale_unit/activated_data_e_scaled_muladder_4/io_mulAddResult1__0 input u_control_soc/u_rocket/chiptop0/system/tile_prci_domain/element_reset_domain_rockettile/gemmini/spad/acc_scale_unit/activated_data_e_scaled_muladder_4/io_mulAddResult1__0/B[17:0] is not pipelined. Pipelining DSP48 input will improve performance.
Related violations: <none>

DPIP-2#277 Warning
Input pipelining  
DSP u_control_soc/u_rocket/chiptop0/system/tile_prci_domain/element_reset_domain_rockettile/gemmini/spad/acc_scale_unit/activated_data_e_scaled_muladder_5/io_mulAddResult1 input u_control_soc/u_rocket/chiptop0/system/tile_prci_domain/element_reset_domain_rockettile/gemmini/spad/acc_scale_unit/activated_data_e_scaled_muladder_5/io_mulAddResult1/A[29:0] is not pipelined. Pipelining DSP48 input will improve performance.
Related violations: <none>

DPIP-2#278 Warning
Input pipelining  
DSP u_control_soc/u_rocket/chiptop0/system/tile_prci_domain/element_reset_domain_rockettile/gemmini/spad/acc_scale_unit/activated_data_e_scaled_muladder_5/io_mulAddResult1 input u_control_soc/u_rocket/chiptop0/system/tile_prci_domain/element_reset_domain_rockettile/gemmini/spad/acc_scale_unit/activated_data_e_scaled_muladder_5/io_mulAddResult1/B[17:0] is not pipelined. Pipelining DSP48 input will improve performance.
Related violations: <none>

DPIP-2#279 Warning
Input pipelining  
DSP u_control_soc/u_rocket/chiptop0/system/tile_prci_domain/element_reset_domain_rockettile/gemmini/spad/acc_scale_unit/activated_data_e_scaled_muladder_5/io_mulAddResult1__0 input u_control_soc/u_rocket/chiptop0/system/tile_prci_domain/element_reset_domain_rockettile/gemmini/spad/acc_scale_unit/activated_data_e_scaled_muladder_5/io_mulAddResult1__0/B[17:0] is not pipelined. Pipelining DSP48 input will improve performance.
Related violations: <none>

DPIP-2#280 Warning
Input pipelining  
DSP u_control_soc/u_rocket/chiptop0/system/tile_prci_domain/element_reset_domain_rockettile/gemmini/spad/acc_scale_unit/activated_data_e_scaled_muladder_6/io_mulAddResult1 input u_control_soc/u_rocket/chiptop0/system/tile_prci_domain/element_reset_domain_rockettile/gemmini/spad/acc_scale_unit/activated_data_e_scaled_muladder_6/io_mulAddResult1/A[29:0] is not pipelined. Pipelining DSP48 input will improve performance.
Related violations: <none>

DPIP-2#281 Warning
Input pipelining  
DSP u_control_soc/u_rocket/chiptop0/system/tile_prci_domain/element_reset_domain_rockettile/gemmini/spad/acc_scale_unit/activated_data_e_scaled_muladder_6/io_mulAddResult1 input u_control_soc/u_rocket/chiptop0/system/tile_prci_domain/element_reset_domain_rockettile/gemmini/spad/acc_scale_unit/activated_data_e_scaled_muladder_6/io_mulAddResult1/B[17:0] is not pipelined. Pipelining DSP48 input will improve performance.
Related violations: <none>

DPIP-2#282 Warning
Input pipelining  
DSP u_control_soc/u_rocket/chiptop0/system/tile_prci_domain/element_reset_domain_rockettile/gemmini/spad/acc_scale_unit/activated_data_e_scaled_muladder_6/io_mulAddResult1__0 input u_control_soc/u_rocket/chiptop0/system/tile_prci_domain/element_reset_domain_rockettile/gemmini/spad/acc_scale_unit/activated_data_e_scaled_muladder_6/io_mulAddResult1__0/B[17:0] is not pipelined. Pipelining DSP48 input will improve performance.
Related violations: <none>

DPIP-2#283 Warning
Input pipelining  
DSP u_control_soc/u_rocket/chiptop0/system/tile_prci_domain/element_reset_domain_rockettile/gemmini/spad/acc_scale_unit/activated_data_e_scaled_muladder_7/io_mulAddResult1 input u_control_soc/u_rocket/chiptop0/system/tile_prci_domain/element_reset_domain_rockettile/gemmini/spad/acc_scale_unit/activated_data_e_scaled_muladder_7/io_mulAddResult1/A[29:0] is not pipelined. Pipelining DSP48 input will improve performance.
Related violations: <none>

DPIP-2#284 Warning
Input pipelining  
DSP u_control_soc/u_rocket/chiptop0/system/tile_prci_domain/element_reset_domain_rockettile/gemmini/spad/acc_scale_unit/activated_data_e_scaled_muladder_7/io_mulAddResult1 input u_control_soc/u_rocket/chiptop0/system/tile_prci_domain/element_reset_domain_rockettile/gemmini/spad/acc_scale_unit/activated_data_e_scaled_muladder_7/io_mulAddResult1/B[17:0] is not pipelined. Pipelining DSP48 input will improve performance.
Related violations: <none>

DPIP-2#285 Warning
Input pipelining  
DSP u_control_soc/u_rocket/chiptop0/system/tile_prci_domain/element_reset_domain_rockettile/gemmini/spad/acc_scale_unit/activated_data_e_scaled_muladder_7/io_mulAddResult1__0 input u_control_soc/u_rocket/chiptop0/system/tile_prci_domain/element_reset_domain_rockettile/gemmini/spad/acc_scale_unit/activated_data_e_scaled_muladder_7/io_mulAddResult1__0/B[17:0] is not pipelined. Pipelining DSP48 input will improve performance.
Related violations: <none>

DPIP-2#286 Warning
Input pipelining  
DSP u_control_soc/u_rocket/chiptop0/system/tile_prci_domain/element_reset_domain_rockettile/gemmini/spad/acc_scale_unit/activated_data_e_scaled_muladder_8/io_mulAddResult1 input u_control_soc/u_rocket/chiptop0/system/tile_prci_domain/element_reset_domain_rockettile/gemmini/spad/acc_scale_unit/activated_data_e_scaled_muladder_8/io_mulAddResult1/A[29:0] is not pipelined. Pipelining DSP48 input will improve performance.
Related violations: <none>

DPIP-2#287 Warning
Input pipelining  
DSP u_control_soc/u_rocket/chiptop0/system/tile_prci_domain/element_reset_domain_rockettile/gemmini/spad/acc_scale_unit/activated_data_e_scaled_muladder_8/io_mulAddResult1 input u_control_soc/u_rocket/chiptop0/system/tile_prci_domain/element_reset_domain_rockettile/gemmini/spad/acc_scale_unit/activated_data_e_scaled_muladder_8/io_mulAddResult1/B[17:0] is not pipelined. Pipelining DSP48 input will improve performance.
Related violations: <none>

DPIP-2#288 Warning
Input pipelining  
DSP u_control_soc/u_rocket/chiptop0/system/tile_prci_domain/element_reset_domain_rockettile/gemmini/spad/acc_scale_unit/activated_data_e_scaled_muladder_8/io_mulAddResult1__0 input u_control_soc/u_rocket/chiptop0/system/tile_prci_domain/element_reset_domain_rockettile/gemmini/spad/acc_scale_unit/activated_data_e_scaled_muladder_8/io_mulAddResult1__0/B[17:0] is not pipelined. Pipelining DSP48 input will improve performance.
Related violations: <none>

DPIP-2#289 Warning
Input pipelining  
DSP u_control_soc/u_rocket/chiptop0/system/tile_prci_domain/element_reset_domain_rockettile/gemmini/spad/acc_scale_unit/activated_data_e_scaled_muladder_9/io_mulAddResult1 input u_control_soc/u_rocket/chiptop0/system/tile_prci_domain/element_reset_domain_rockettile/gemmini/spad/acc_scale_unit/activated_data_e_scaled_muladder_9/io_mulAddResult1/A[29:0] is not pipelined. Pipelining DSP48 input will improve performance.
Related violations: <none>

DPIP-2#290 Warning
Input pipelining  
DSP u_control_soc/u_rocket/chiptop0/system/tile_prci_domain/element_reset_domain_rockettile/gemmini/spad/acc_scale_unit/activated_data_e_scaled_muladder_9/io_mulAddResult1 input u_control_soc/u_rocket/chiptop0/system/tile_prci_domain/element_reset_domain_rockettile/gemmini/spad/acc_scale_unit/activated_data_e_scaled_muladder_9/io_mulAddResult1/B[17:0] is not pipelined. Pipelining DSP48 input will improve performance.
Related violations: <none>

DPIP-2#291 Warning
Input pipelining  
DSP u_control_soc/u_rocket/chiptop0/system/tile_prci_domain/element_reset_domain_rockettile/gemmini/spad/acc_scale_unit/activated_data_e_scaled_muladder_9/io_mulAddResult1__0 input u_control_soc/u_rocket/chiptop0/system/tile_prci_domain/element_reset_domain_rockettile/gemmini/spad/acc_scale_unit/activated_data_e_scaled_muladder_9/io_mulAddResult1__0/B[17:0] is not pipelined. Pipelining DSP48 input will improve performance.
Related violations: <none>

DPIP-2#292 Warning
Input pipelining  
DSP u_control_soc/u_rocket/chiptop0/system/tile_prci_domain/element_reset_domain_rockettile/gemmini/spad/reader/beatPacker/io_out_bits_addr__0 input u_control_soc/u_rocket/chiptop0/system/tile_prci_domain/element_reset_domain_rockettile/gemmini/spad/reader/beatPacker/io_out_bits_addr__0/B[17:0] is not pipelined. Pipelining DSP48 input will improve performance.
Related violations: <none>

DPIP-2#293 Warning
Input pipelining  
DSP u_control_soc/u_rocket/chiptop0/system/tile_prci_domain/element_reset_domain_rockettile/gemmini/spad/vsm/pipe/out_bits_data_muladder/io_mulAddResult1 input u_control_soc/u_rocket/chiptop0/system/tile_prci_domain/element_reset_domain_rockettile/gemmini/spad/vsm/pipe/out_bits_data_muladder/io_mulAddResult1/A[29:0] is not pipelined. Pipelining DSP48 input will improve performance.
Related violations: <none>

DPIP-2#294 Warning
Input pipelining  
DSP u_control_soc/u_rocket/chiptop0/system/tile_prci_domain/element_reset_domain_rockettile/gemmini/spad/vsm/pipe/out_bits_data_muladder/io_mulAddResult1__0 input u_control_soc/u_rocket/chiptop0/system/tile_prci_domain/element_reset_domain_rockettile/gemmini/spad/vsm/pipe/out_bits_data_muladder/io_mulAddResult1__0/B[17:0] is not pipelined. Pipelining DSP48 input will improve performance.
Related violations: <none>

DPIP-2#295 Warning
Input pipelining  
DSP u_control_soc/u_rocket/chiptop0/system/tile_prci_domain/element_reset_domain_rockettile/gemmini/spad/vsm/pipe_1/out_bits_data_muladder/io_mulAddResult1 input u_control_soc/u_rocket/chiptop0/system/tile_prci_domain/element_reset_domain_rockettile/gemmini/spad/vsm/pipe_1/out_bits_data_muladder/io_mulAddResult1/A[29:0] is not pipelined. Pipelining DSP48 input will improve performance.
Related violations: <none>

DPIP-2#296 Warning
Input pipelining  
DSP u_control_soc/u_rocket/chiptop0/system/tile_prci_domain/element_reset_domain_rockettile/gemmini/spad/vsm/pipe_1/out_bits_data_muladder/io_mulAddResult1__0 input u_control_soc/u_rocket/chiptop0/system/tile_prci_domain/element_reset_domain_rockettile/gemmini/spad/vsm/pipe_1/out_bits_data_muladder/io_mulAddResult1__0/B[17:0] is not pipelined. Pipelining DSP48 input will improve performance.
Related violations: <none>

DPIP-2#297 Warning
Input pipelining  
DSP u_control_soc/u_rocket/chiptop0/system/tile_prci_domain/element_reset_domain_rockettile/gemmini/spad/vsm/pipe_2/out_bits_data_muladder/io_mulAddResult1 input u_control_soc/u_rocket/chiptop0/system/tile_prci_domain/element_reset_domain_rockettile/gemmini/spad/vsm/pipe_2/out_bits_data_muladder/io_mulAddResult1/A[29:0] is not pipelined. Pipelining DSP48 input will improve performance.
Related violations: <none>

DPIP-2#298 Warning
Input pipelining  
DSP u_control_soc/u_rocket/chiptop0/system/tile_prci_domain/element_reset_domain_rockettile/gemmini/spad/vsm/pipe_2/out_bits_data_muladder/io_mulAddResult1__0 input u_control_soc/u_rocket/chiptop0/system/tile_prci_domain/element_reset_domain_rockettile/gemmini/spad/vsm/pipe_2/out_bits_data_muladder/io_mulAddResult1__0/B[17:0] is not pipelined. Pipelining DSP48 input will improve performance.
Related violations: <none>

DPIP-2#299 Warning
Input pipelining  
DSP u_control_soc/u_rocket/chiptop0/system/tile_prci_domain/element_reset_domain_rockettile/gemmini/spad/vsm/pipe_3/out_bits_data_muladder/io_mulAddResult1 input u_control_soc/u_rocket/chiptop0/system/tile_prci_domain/element_reset_domain_rockettile/gemmini/spad/vsm/pipe_3/out_bits_data_muladder/io_mulAddResult1/A[29:0] is not pipelined. Pipelining DSP48 input will improve performance.
Related violations: <none>

DPIP-2#300 Warning
Input pipelining  
DSP u_control_soc/u_rocket/chiptop0/system/tile_prci_domain/element_reset_domain_rockettile/gemmini/spad/vsm/pipe_3/out_bits_data_muladder/io_mulAddResult1__0 input u_control_soc/u_rocket/chiptop0/system/tile_prci_domain/element_reset_domain_rockettile/gemmini/spad/vsm/pipe_3/out_bits_data_muladder/io_mulAddResult1__0/B[17:0] is not pipelined. Pipelining DSP48 input will improve performance.
Related violations: <none>

DPIP-2#301 Warning
Input pipelining  
DSP u_control_soc/u_rocket/chiptop0/system/tile_prci_domain/element_reset_domain_rockettile/gemmini/store_controller/io_dma_req_bits_laddr_data1 input u_control_soc/u_rocket/chiptop0/system/tile_prci_domain/element_reset_domain_rockettile/gemmini/store_controller/io_dma_req_bits_laddr_data1/B[17:0] is not pipelined. Pipelining DSP48 input will improve performance.
Related violations: <none>

DPIP-2#302 Warning
Input pipelining  
DSP u_control_soc/u_rocket/chiptop0/system/tile_prci_domain/element_reset_domain_rockettile/gemmini/store_controller/io_dma_req_bits_laddr_data1 input u_control_soc/u_rocket/chiptop0/system/tile_prci_domain/element_reset_domain_rockettile/gemmini/store_controller/io_dma_req_bits_laddr_data1/C[47:0] is not pipelined. Pipelining DSP48 input will improve performance.
Related violations: <none>

DPIP-2#303 Warning
Input pipelining  
DSP u_control_soc/u_rocket/chiptop0/system/tile_prci_domain/element_reset_domain_rockettile/gemmini/store_controller/io_dma_req_bits_laddr_data3 input u_control_soc/u_rocket/chiptop0/system/tile_prci_domain/element_reset_domain_rockettile/gemmini/store_controller/io_dma_req_bits_laddr_data3/A[29:0] is not pipelined. Pipelining DSP48 input will improve performance.
Related violations: <none>

DPIP-2#304 Warning
Input pipelining  
DSP u_control_soc/u_rocket/chiptop0/system/tile_prci_domain/element_reset_domain_rockettile/gemmini/store_controller/p_2_out input u_control_soc/u_rocket/chiptop0/system/tile_prci_domain/element_reset_domain_rockettile/gemmini/store_controller/p_2_out/A[29:0] is not pipelined. Pipelining DSP48 input will improve performance.
Related violations: <none>

DPIP-2#305 Warning
Input pipelining  
DSP u_control_soc/u_rocket/chiptop0/system/tile_prci_domain/element_reset_domain_rockettile/gemmini/store_controller/p_2_out input u_control_soc/u_rocket/chiptop0/system/tile_prci_domain/element_reset_domain_rockettile/gemmini/store_controller/p_2_out/B[17:0] is not pipelined. Pipelining DSP48 input will improve performance.
Related violations: <none>

DPIP-2#306 Warning
Input pipelining  
DSP u_control_soc/u_rocket/chiptop0/system/tile_prci_domain/element_reset_domain_rockettile/gemmini/store_controller/p_2_out__0 input u_control_soc/u_rocket/chiptop0/system/tile_prci_domain/element_reset_domain_rockettile/gemmini/store_controller/p_2_out__0/A[29:0] is not pipelined. Pipelining DSP48 input will improve performance.
Related violations: <none>

DPIP-2#307 Warning
Input pipelining  
DSP u_control_soc/u_rocket/chiptop0/system/tile_prci_domain/element_reset_domain_rockettile/gemmini/store_controller/p_2_out__0 input u_control_soc/u_rocket/chiptop0/system/tile_prci_domain/element_reset_domain_rockettile/gemmini/store_controller/p_2_out__0/B[17:0] is not pipelined. Pipelining DSP48 input will improve performance.
Related violations: <none>

DPIP-2#308 Warning
Input pipelining  
DSP u_control_soc/u_rocket/chiptop0/system/tile_prci_domain/element_reset_domain_rockettile/gemmini/store_controller/p_2_out__1 input u_control_soc/u_rocket/chiptop0/system/tile_prci_domain/element_reset_domain_rockettile/gemmini/store_controller/p_2_out__1/A[29:0] is not pipelined. Pipelining DSP48 input will improve performance.
Related violations: <none>

DPIP-2#309 Warning
Input pipelining  
DSP u_control_soc/u_rocket/chiptop0/system/tile_prci_domain/element_reset_domain_rockettile/gemmini/store_controller/p_2_out__1 input u_control_soc/u_rocket/chiptop0/system/tile_prci_domain/element_reset_domain_rockettile/gemmini/store_controller/p_2_out__1/B[17:0] is not pipelined. Pipelining DSP48 input will improve performance.
Related violations: <none>

DPIP-2#310 Warning
Input pipelining  
DSP u_control_soc/u_rocket/chiptop0/system/tile_prci_domain/element_reset_domain_rockettile/gemmini/store_controller/p_2_out__2 input u_control_soc/u_rocket/chiptop0/system/tile_prci_domain/element_reset_domain_rockettile/gemmini/store_controller/p_2_out__2/B[17:0] is not pipelined. Pipelining DSP48 input will improve performance.
Related violations: <none>

DPIP-2#311 Warning
Input pipelining  
DSP u_control_soc/u_rocket/chiptop0/system/tile_prci_domain/element_reset_domain_rockettile/vector_unit/vmu/las/eaddr1 input u_control_soc/u_rocket/chiptop0/system/tile_prci_domain/element_reset_domain_rockettile/vector_unit/vmu/las/eaddr1/B[17:0] is not pipelined. Pipelining DSP48 input will improve performance.
Related violations: <none>

DPIP-2#312 Warning
Input pipelining  
DSP u_control_soc/u_rocket/chiptop0/system/tile_prci_domain/element_reset_domain_rockettile/vector_unit/vmu/las/eaddr1 input u_control_soc/u_rocket/chiptop0/system/tile_prci_domain/element_reset_domain_rockettile/vector_unit/vmu/las/eaddr1/C[47:0] is not pipelined. Pipelining DSP48 input will improve performance.
Related violations: <none>

DPIP-2#313 Warning
Input pipelining  
DSP u_control_soc/u_rocket/chiptop0/system/tile_prci_domain/element_reset_domain_rockettile/vector_unit/vmu/las/eaddr3 input u_control_soc/u_rocket/chiptop0/system/tile_prci_domain/element_reset_domain_rockettile/vector_unit/vmu/las/eaddr3/A[29:0] is not pipelined. Pipelining DSP48 input will improve performance.
Related violations: <none>

DPIP-2#314 Warning
Input pipelining  
DSP u_control_soc/u_rocket/chiptop0/system/tile_prci_domain/element_reset_domain_rockettile/vector_unit/vmu/las/eaddr3 input u_control_soc/u_rocket/chiptop0/system/tile_prci_domain/element_reset_domain_rockettile/vector_unit/vmu/las/eaddr3/B[17:0] is not pipelined. Pipelining DSP48 input will improve performance.
Related violations: <none>

DPIP-2#315 Warning
Input pipelining  
DSP u_control_soc/u_rocket/chiptop0/system/tile_prci_domain/element_reset_domain_rockettile/vector_unit/vmu/sas/eaddr1 input u_control_soc/u_rocket/chiptop0/system/tile_prci_domain/element_reset_domain_rockettile/vector_unit/vmu/sas/eaddr1/B[17:0] is not pipelined. Pipelining DSP48 input will improve performance.
Related violations: <none>

DPIP-2#316 Warning
Input pipelining  
DSP u_control_soc/u_rocket/chiptop0/system/tile_prci_domain/element_reset_domain_rockettile/vector_unit/vmu/sas/eaddr1 input u_control_soc/u_rocket/chiptop0/system/tile_prci_domain/element_reset_domain_rockettile/vector_unit/vmu/sas/eaddr1/C[47:0] is not pipelined. Pipelining DSP48 input will improve performance.
Related violations: <none>

DPIP-2#317 Warning
Input pipelining  
DSP u_control_soc/u_rocket/chiptop0/system/tile_prci_domain/element_reset_domain_rockettile/vector_unit/vmu/sas/eaddr3 input u_control_soc/u_rocket/chiptop0/system/tile_prci_domain/element_reset_domain_rockettile/vector_unit/vmu/sas/eaddr3/A[29:0] is not pipelined. Pipelining DSP48 input will improve performance.
Related violations: <none>

DPIP-2#318 Warning
Input pipelining  
DSP u_control_soc/u_rocket/chiptop0/system/tile_prci_domain/element_reset_domain_rockettile/vector_unit/vmu/sas/eaddr3 input u_control_soc/u_rocket/chiptop0/system/tile_prci_domain/element_reset_domain_rockettile/vector_unit/vmu/sas/eaddr3/B[17:0] is not pipelined. Pipelining DSP48 input will improve performance.
Related violations: <none>

DPIP-2#319 Warning
Input pipelining  
DSP u_control_soc/u_rocket/chiptop0/system/tile_prci_domain/element_reset_domain_rockettile/vector_unit/vu/vxufp_int/fus_7/prod_pipe_pipe_b0 input u_control_soc/u_rocket/chiptop0/system/tile_prci_domain/element_reset_domain_rockettile/vector_unit/vu/vxufp_int/fus_7/prod_pipe_pipe_b0/A[29:0] is not pipelined. Pipelining DSP48 input will improve performance.
Related violations: <none>

DPIP-2#320 Warning
Input pipelining  
DSP u_control_soc/u_rocket/chiptop0/system/tile_prci_domain/element_reset_domain_rockettile/vector_unit/vu/vxufp_int/fus_7/prod_pipe_pipe_b0 input u_control_soc/u_rocket/chiptop0/system/tile_prci_domain/element_reset_domain_rockettile/vector_unit/vu/vxufp_int/fus_7/prod_pipe_pipe_b0/B[17:0] is not pipelined. Pipelining DSP48 input will improve performance.
Related violations: <none>

DPIP-2#321 Warning
Input pipelining  
DSP u_control_soc/u_rocket/chiptop0/system/tile_prci_domain/element_reset_domain_rockettile/vector_unit/vu/vxufp_int/fus_7/prod_pipe_pipe_b0__0 input u_control_soc/u_rocket/chiptop0/system/tile_prci_domain/element_reset_domain_rockettile/vector_unit/vu/vxufp_int/fus_7/prod_pipe_pipe_b0__0/A[29:0] is not pipelined. Pipelining DSP48 input will improve performance.
Related violations: <none>

DPIP-2#322 Warning
Input pipelining  
DSP u_control_soc/u_rocket/chiptop0/system/tile_prci_domain/element_reset_domain_rockettile/vector_unit/vu/vxufp_int/fus_7/prod_pipe_pipe_b0__0 input u_control_soc/u_rocket/chiptop0/system/tile_prci_domain/element_reset_domain_rockettile/vector_unit/vu/vxufp_int/fus_7/prod_pipe_pipe_b0__0/B[17:0] is not pipelined. Pipelining DSP48 input will improve performance.
Related violations: <none>

DPIP-2#323 Warning
Input pipelining  
DSP u_control_soc/u_rocket/chiptop0/system/tile_prci_domain/element_reset_domain_rockettile/vector_unit/vu/vxufp_int/fus_7/prod_pipe_pipe_b0__1 input u_control_soc/u_rocket/chiptop0/system/tile_prci_domain/element_reset_domain_rockettile/vector_unit/vu/vxufp_int/fus_7/prod_pipe_pipe_b0__1/A[29:0] is not pipelined. Pipelining DSP48 input will improve performance.
Related violations: <none>

DPIP-2#324 Warning
Input pipelining  
DSP u_control_soc/u_rocket/chiptop0/system/tile_prci_domain/element_reset_domain_rockettile/vector_unit/vu/vxufp_int/fus_7/prod_pipe_pipe_b0__1 input u_control_soc/u_rocket/chiptop0/system/tile_prci_domain/element_reset_domain_rockettile/vector_unit/vu/vxufp_int/fus_7/prod_pipe_pipe_b0__1/B[17:0] is not pipelined. Pipelining DSP48 input will improve performance.
Related violations: <none>

DPIP-2#325 Warning
Input pipelining  
DSP u_control_soc/u_rocket/chiptop0/system/tile_prci_domain/element_reset_domain_rockettile/vector_unit/vu/vxufp_int/fus_7/prod_pipe_pipe_b0__10 input u_control_soc/u_rocket/chiptop0/system/tile_prci_domain/element_reset_domain_rockettile/vector_unit/vu/vxufp_int/fus_7/prod_pipe_pipe_b0__10/A[29:0] is not pipelined. Pipelining DSP48 input will improve performance.
Related violations: <none>

DPIP-2#326 Warning
Input pipelining  
DSP u_control_soc/u_rocket/chiptop0/system/tile_prci_domain/element_reset_domain_rockettile/vector_unit/vu/vxufp_int/fus_7/prod_pipe_pipe_b0__10 input u_control_soc/u_rocket/chiptop0/system/tile_prci_domain/element_reset_domain_rockettile/vector_unit/vu/vxufp_int/fus_7/prod_pipe_pipe_b0__10/B[17:0] is not pipelined. Pipelining DSP48 input will improve performance.
Related violations: <none>

DPIP-2#327 Warning
Input pipelining  
DSP u_control_soc/u_rocket/chiptop0/system/tile_prci_domain/element_reset_domain_rockettile/vector_unit/vu/vxufp_int/fus_7/prod_pipe_pipe_b0__2 input u_control_soc/u_rocket/chiptop0/system/tile_prci_domain/element_reset_domain_rockettile/vector_unit/vu/vxufp_int/fus_7/prod_pipe_pipe_b0__2/A[29:0] is not pipelined. Pipelining DSP48 input will improve performance.
Related violations: <none>

DPIP-2#328 Warning
Input pipelining  
DSP u_control_soc/u_rocket/chiptop0/system/tile_prci_domain/element_reset_domain_rockettile/vector_unit/vu/vxufp_int/fus_7/prod_pipe_pipe_b0__2 input u_control_soc/u_rocket/chiptop0/system/tile_prci_domain/element_reset_domain_rockettile/vector_unit/vu/vxufp_int/fus_7/prod_pipe_pipe_b0__2/B[17:0] is not pipelined. Pipelining DSP48 input will improve performance.
Related violations: <none>

DPIP-2#329 Warning
Input pipelining  
DSP u_control_soc/u_rocket/chiptop0/system/tile_prci_domain/element_reset_domain_rockettile/vector_unit/vu/vxufp_int/fus_7/prod_pipe_pipe_b0__3 input u_control_soc/u_rocket/chiptop0/system/tile_prci_domain/element_reset_domain_rockettile/vector_unit/vu/vxufp_int/fus_7/prod_pipe_pipe_b0__3/A[29:0] is not pipelined. Pipelining DSP48 input will improve performance.
Related violations: <none>

DPIP-2#330 Warning
Input pipelining  
DSP u_control_soc/u_rocket/chiptop0/system/tile_prci_domain/element_reset_domain_rockettile/vector_unit/vu/vxufp_int/fus_7/prod_pipe_pipe_b0__3 input u_control_soc/u_rocket/chiptop0/system/tile_prci_domain/element_reset_domain_rockettile/vector_unit/vu/vxufp_int/fus_7/prod_pipe_pipe_b0__3/B[17:0] is not pipelined. Pipelining DSP48 input will improve performance.
Related violations: <none>

DPIP-2#331 Warning
Input pipelining  
DSP u_control_soc/u_rocket/chiptop0/system/tile_prci_domain/element_reset_domain_rockettile/vector_unit/vu/vxufp_int/fus_7/prod_pipe_pipe_b0__4 input u_control_soc/u_rocket/chiptop0/system/tile_prci_domain/element_reset_domain_rockettile/vector_unit/vu/vxufp_int/fus_7/prod_pipe_pipe_b0__4/A[29:0] is not pipelined. Pipelining DSP48 input will improve performance.
Related violations: <none>

DPIP-2#332 Warning
Input pipelining  
DSP u_control_soc/u_rocket/chiptop0/system/tile_prci_domain/element_reset_domain_rockettile/vector_unit/vu/vxufp_int/fus_7/prod_pipe_pipe_b0__4 input u_control_soc/u_rocket/chiptop0/system/tile_prci_domain/element_reset_domain_rockettile/vector_unit/vu/vxufp_int/fus_7/prod_pipe_pipe_b0__4/B[17:0] is not pipelined. Pipelining DSP48 input will improve performance.
Related violations: <none>

DPIP-2#333 Warning
Input pipelining  
DSP u_control_soc/u_rocket/chiptop0/system/tile_prci_domain/element_reset_domain_rockettile/vector_unit/vu/vxufp_int/fus_7/prod_pipe_pipe_b0__5 input u_control_soc/u_rocket/chiptop0/system/tile_prci_domain/element_reset_domain_rockettile/vector_unit/vu/vxufp_int/fus_7/prod_pipe_pipe_b0__5/A[29:0] is not pipelined. Pipelining DSP48 input will improve performance.
Related violations: <none>

DPIP-2#334 Warning
Input pipelining  
DSP u_control_soc/u_rocket/chiptop0/system/tile_prci_domain/element_reset_domain_rockettile/vector_unit/vu/vxufp_int/fus_7/prod_pipe_pipe_b0__5 input u_control_soc/u_rocket/chiptop0/system/tile_prci_domain/element_reset_domain_rockettile/vector_unit/vu/vxufp_int/fus_7/prod_pipe_pipe_b0__5/B[17:0] is not pipelined. Pipelining DSP48 input will improve performance.
Related violations: <none>

DPIP-2#335 Warning
Input pipelining  
DSP u_control_soc/u_rocket/chiptop0/system/tile_prci_domain/element_reset_domain_rockettile/vector_unit/vu/vxufp_int/fus_7/prod_pipe_pipe_b0__6 input u_control_soc/u_rocket/chiptop0/system/tile_prci_domain/element_reset_domain_rockettile/vector_unit/vu/vxufp_int/fus_7/prod_pipe_pipe_b0__6/A[29:0] is not pipelined. Pipelining DSP48 input will improve performance.
Related violations: <none>

DPIP-2#336 Warning
Input pipelining  
DSP u_control_soc/u_rocket/chiptop0/system/tile_prci_domain/element_reset_domain_rockettile/vector_unit/vu/vxufp_int/fus_7/prod_pipe_pipe_b0__6 input u_control_soc/u_rocket/chiptop0/system/tile_prci_domain/element_reset_domain_rockettile/vector_unit/vu/vxufp_int/fus_7/prod_pipe_pipe_b0__6/B[17:0] is not pipelined. Pipelining DSP48 input will improve performance.
Related violations: <none>

DPIP-2#337 Warning
Input pipelining  
DSP u_control_soc/u_rocket/chiptop0/system/tile_prci_domain/element_reset_domain_rockettile/vector_unit/vu/vxufp_int/fus_7/prod_pipe_pipe_b0__7 input u_control_soc/u_rocket/chiptop0/system/tile_prci_domain/element_reset_domain_rockettile/vector_unit/vu/vxufp_int/fus_7/prod_pipe_pipe_b0__7/A[29:0] is not pipelined. Pipelining DSP48 input will improve performance.
Related violations: <none>

DPIP-2#338 Warning
Input pipelining  
DSP u_control_soc/u_rocket/chiptop0/system/tile_prci_domain/element_reset_domain_rockettile/vector_unit/vu/vxufp_int/fus_7/prod_pipe_pipe_b0__7 input u_control_soc/u_rocket/chiptop0/system/tile_prci_domain/element_reset_domain_rockettile/vector_unit/vu/vxufp_int/fus_7/prod_pipe_pipe_b0__7/B[17:0] is not pipelined. Pipelining DSP48 input will improve performance.
Related violations: <none>

DPIP-2#339 Warning
Input pipelining  
DSP u_control_soc/u_rocket/chiptop0/system/tile_prci_domain/element_reset_domain_rockettile/vector_unit/vu/vxufp_int/fus_7/prod_pipe_pipe_b0__8 input u_control_soc/u_rocket/chiptop0/system/tile_prci_domain/element_reset_domain_rockettile/vector_unit/vu/vxufp_int/fus_7/prod_pipe_pipe_b0__8/A[29:0] is not pipelined. Pipelining DSP48 input will improve performance.
Related violations: <none>

DPIP-2#340 Warning
Input pipelining  
DSP u_control_soc/u_rocket/chiptop0/system/tile_prci_domain/element_reset_domain_rockettile/vector_unit/vu/vxufp_int/fus_7/prod_pipe_pipe_b0__8 input u_control_soc/u_rocket/chiptop0/system/tile_prci_domain/element_reset_domain_rockettile/vector_unit/vu/vxufp_int/fus_7/prod_pipe_pipe_b0__8/B[17:0] is not pipelined. Pipelining DSP48 input will improve performance.
Related violations: <none>

DPIP-2#341 Warning
Input pipelining  
DSP u_control_soc/u_rocket/chiptop0/system/tile_prci_domain/element_reset_domain_rockettile/vector_unit/vu/vxufp_int/fus_7/prod_pipe_pipe_b0__9 input u_control_soc/u_rocket/chiptop0/system/tile_prci_domain/element_reset_domain_rockettile/vector_unit/vu/vxufp_int/fus_7/prod_pipe_pipe_b0__9/A[29:0] is not pipelined. Pipelining DSP48 input will improve performance.
Related violations: <none>

DPIP-2#342 Warning
Input pipelining  
DSP u_control_soc/u_rocket/chiptop0/system/tile_prci_domain/element_reset_domain_rockettile/vector_unit/vu/vxufp_int/fus_7/prod_pipe_pipe_b0__9 input u_control_soc/u_rocket/chiptop0/system/tile_prci_domain/element_reset_domain_rockettile/vector_unit/vu/vxufp_int/fus_7/prod_pipe_pipe_b0__9/B[17:0] is not pipelined. Pipelining DSP48 input will improve performance.
Related violations: <none>

DPIP-2#343 Warning
Input pipelining  
DSP u_control_soc/u_rocket/chiptop0/system/tile_prci_domain/element_reset_domain_rockettile/vector_unit/vu/vxufp_int/fus_7/prod_pipe_pipe_b_reg input u_control_soc/u_rocket/chiptop0/system/tile_prci_domain/element_reset_domain_rockettile/vector_unit/vu/vxufp_int/fus_7/prod_pipe_pipe_b_reg/A[29:0] is not pipelined. Pipelining DSP48 input will improve performance.
Related violations: <none>

DPIP-2#344 Warning
Input pipelining  
DSP u_control_soc/u_rocket/chiptop0/system/tile_prci_domain/element_reset_domain_rockettile/vector_unit/vu/vxufp_int/fus_7/prod_pipe_pipe_b_reg input u_control_soc/u_rocket/chiptop0/system/tile_prci_domain/element_reset_domain_rockettile/vector_unit/vu/vxufp_int/fus_7/prod_pipe_pipe_b_reg/B[17:0] is not pipelined. Pipelining DSP48 input will improve performance.
Related violations: <none>

DPIP-2#345 Warning
Input pipelining  
DSP u_control_soc/u_rocket/chiptop0/system/tile_prci_domain/element_reset_domain_rockettile/vector_unit/vu/vxufp_int/fus_7/prod_pipe_pipe_b_reg__0 input u_control_soc/u_rocket/chiptop0/system/tile_prci_domain/element_reset_domain_rockettile/vector_unit/vu/vxufp_int/fus_7/prod_pipe_pipe_b_reg__0/A[29:0] is not pipelined. Pipelining DSP48 input will improve performance.
Related violations: <none>

DPIP-2#346 Warning
Input pipelining  
DSP u_control_soc/u_rocket/chiptop0/system/tile_prci_domain/element_reset_domain_rockettile/vector_unit/vu/vxufp_int/fus_7/prod_pipe_pipe_b_reg__0 input u_control_soc/u_rocket/chiptop0/system/tile_prci_domain/element_reset_domain_rockettile/vector_unit/vu/vxufp_int/fus_7/prod_pipe_pipe_b_reg__0/B[17:0] is not pipelined. Pipelining DSP48 input will improve performance.
Related violations: <none>

DPIP-2#347 Warning
Input pipelining  
DSP u_control_soc/u_rocket/chiptop0/system/tile_prci_domain/element_reset_domain_rockettile/vector_unit/vu/vxufp_int/fus_7/prod_pipe_pipe_b_reg__1 input u_control_soc/u_rocket/chiptop0/system/tile_prci_domain/element_reset_domain_rockettile/vector_unit/vu/vxufp_int/fus_7/prod_pipe_pipe_b_reg__1/A[29:0] is not pipelined. Pipelining DSP48 input will improve performance.
Related violations: <none>

DPIP-2#348 Warning
Input pipelining  
DSP u_control_soc/u_rocket/chiptop0/system/tile_prci_domain/element_reset_domain_rockettile/vector_unit/vu/vxufp_int/fus_7/prod_pipe_pipe_b_reg__1 input u_control_soc/u_rocket/chiptop0/system/tile_prci_domain/element_reset_domain_rockettile/vector_unit/vu/vxufp_int/fus_7/prod_pipe_pipe_b_reg__1/B[17:0] is not pipelined. Pipelining DSP48 input will improve performance.
Related violations: <none>

DPIP-2#349 Warning
Input pipelining  
DSP u_control_soc/u_rocket/chiptop0/system/tile_prci_domain/element_reset_domain_rockettile/vector_unit/vu/vxufp_int/fus_7/prod_pipe_pipe_b_reg__2 input u_control_soc/u_rocket/chiptop0/system/tile_prci_domain/element_reset_domain_rockettile/vector_unit/vu/vxufp_int/fus_7/prod_pipe_pipe_b_reg__2/A[29:0] is not pipelined. Pipelining DSP48 input will improve performance.
Related violations: <none>

DPIP-2#350 Warning
Input pipelining  
DSP u_control_soc/u_rocket/chiptop0/system/tile_prci_domain/element_reset_domain_rockettile/vector_unit/vu/vxufp_int/fus_7/prod_pipe_pipe_b_reg__2 input u_control_soc/u_rocket/chiptop0/system/tile_prci_domain/element_reset_domain_rockettile/vector_unit/vu/vxufp_int/fus_7/prod_pipe_pipe_b_reg__2/B[17:0] is not pipelined. Pipelining DSP48 input will improve performance.
Related violations: <none>

DPIP-2#351 Warning
Input pipelining  
DSP u_ddr_memory/u_video_framebuffer/u_batch_preprocess/active_dest_addr0 input u_ddr_memory/u_video_framebuffer/u_batch_preprocess/active_dest_addr0/A[29:0] is not pipelined. Pipelining DSP48 input will improve performance.
Related violations: <none>

DPIP-2#352 Warning
Input pipelining  
DSP u_ddr_memory/u_video_framebuffer/u_batch_preprocess/active_dest_addr0__0 input u_ddr_memory/u_video_framebuffer/u_batch_preprocess/active_dest_addr0__0/A[29:0] is not pipelined. Pipelining DSP48 input will improve performance.
Related violations: <none>

DPIP-2#353 Warning
Input pipelining  
DSP u_ddr_memory/u_video_framebuffer/u_batch_preprocess/u_frame_preprocess/write_addr1 input u_ddr_memory/u_video_framebuffer/u_batch_preprocess/u_frame_preprocess/write_addr1/B[17:0] is not pipelined. Pipelining DSP48 input will improve performance.
Related violations: <none>

DPIP-2#354 Warning
Input pipelining  
DSP u_ddr_memory/u_video_framebuffer/u_reader/u_mosaic_reader/read_addr0 input u_ddr_memory/u_video_framebuffer/u_reader/u_mosaic_reader/read_addr0/C[47:0] is not pipelined. Pipelining DSP48 input will improve performance.
Related violations: <none>

DPOP-3#1 Warning
PREG Output pipelining  
DSP u_control_soc/u_rocket/chiptop0/system/tile_prci_domain/element_reset_domain_rockettile/core/div/_prod_T_40 output u_control_soc/u_rocket/chiptop0/system/tile_prci_domain/element_reset_domain_rockettile/core/div/_prod_T_40/P[47:0] is not pipelined (PREG=0). Pipelining the DSP48 output will improve performance and often saves power so it is suggested whenever possible to fully pipeline this function.  If this DSP48 function was inferred, it is suggested to describe an additional register stage after this function.  If the DSP48 was instantiated in the design, it is suggested to set the PREG attribute to 1.
Related violations: <none>

DPOP-3#2 Warning
PREG Output pipelining  
DSP u_control_soc/u_rocket/chiptop0/system/tile_prci_domain/element_reset_domain_rockettile/core/div/_prod_T_40__1 output u_control_soc/u_rocket/chiptop0/system/tile_prci_domain/element_reset_domain_rockettile/core/div/_prod_T_40__1/P[47:0] is not pipelined (PREG=0). Pipelining the DSP48 output will improve performance and often saves power so it is suggested whenever possible to fully pipeline this function.  If this DSP48 function was inferred, it is suggested to describe an additional register stage after this function.  If the DSP48 was instantiated in the design, it is suggested to set the PREG attribute to 1.
Related violations: <none>

DPOP-3#3 Warning
PREG Output pipelining  
DSP u_control_soc/u_rocket/chiptop0/system/tile_prci_domain/element_reset_domain_rockettile/core/div/_prod_T_40__10 output u_control_soc/u_rocket/chiptop0/system/tile_prci_domain/element_reset_domain_rockettile/core/div/_prod_T_40__10/P[47:0] is not pipelined (PREG=0). Pipelining the DSP48 output will improve performance and often saves power so it is suggested whenever possible to fully pipeline this function.  If this DSP48 function was inferred, it is suggested to describe an additional register stage after this function.  If the DSP48 was instantiated in the design, it is suggested to set the PREG attribute to 1.
Related violations: <none>

DPOP-3#4 Warning
PREG Output pipelining  
DSP u_control_soc/u_rocket/chiptop0/system/tile_prci_domain/element_reset_domain_rockettile/core/div/_prod_T_40__11 output u_control_soc/u_rocket/chiptop0/system/tile_prci_domain/element_reset_domain_rockettile/core/div/_prod_T_40__11/P[47:0] is not pipelined (PREG=0). Pipelining the DSP48 output will improve performance and often saves power so it is suggested whenever possible to fully pipeline this function.  If this DSP48 function was inferred, it is suggested to describe an additional register stage after this function.  If the DSP48 was instantiated in the design, it is suggested to set the PREG attribute to 1.
Related violations: <none>

DPOP-3#5 Warning
PREG Output pipelining  
DSP u_control_soc/u_rocket/chiptop0/system/tile_prci_domain/element_reset_domain_rockettile/core/div/_prod_T_40__3 output u_control_soc/u_rocket/chiptop0/system/tile_prci_domain/element_reset_domain_rockettile/core/div/_prod_T_40__3/P[47:0] is not pipelined (PREG=0). Pipelining the DSP48 output will improve performance and often saves power so it is suggested whenever possible to fully pipeline this function.  If this DSP48 function was inferred, it is suggested to describe an additional register stage after this function.  If the DSP48 was instantiated in the design, it is suggested to set the PREG attribute to 1.
Related violations: <none>

DPOP-3#6 Warning
PREG Output pipelining  
DSP u_control_soc/u_rocket/chiptop0/system/tile_prci_domain/element_reset_domain_rockettile/core/div/_prod_T_40__5 output u_control_soc/u_rocket/chiptop0/system/tile_prci_domain/element_reset_domain_rockettile/core/div/_prod_T_40__5/P[47:0] is not pipelined (PREG=0). Pipelining the DSP48 output will improve performance and often saves power so it is suggested whenever possible to fully pipeline this function.  If this DSP48 function was inferred, it is suggested to describe an additional register stage after this function.  If the DSP48 was instantiated in the design, it is suggested to set the PREG attribute to 1.
Related violations: <none>

DPOP-3#7 Warning
PREG Output pipelining  
DSP u_control_soc/u_rocket/chiptop0/system/tile_prci_domain/element_reset_domain_rockettile/core/div/_prod_T_40__7 output u_control_soc/u_rocket/chiptop0/system/tile_prci_domain/element_reset_domain_rockettile/core/div/_prod_T_40__7/P[47:0] is not pipelined (PREG=0). Pipelining the DSP48 output will improve performance and often saves power so it is suggested whenever possible to fully pipeline this function.  If this DSP48 function was inferred, it is suggested to describe an additional register stage after this function.  If the DSP48 was instantiated in the design, it is suggested to set the PREG attribute to 1.
Related violations: <none>

DPOP-3#8 Warning
PREG Output pipelining  
DSP u_control_soc/u_rocket/chiptop0/system/tile_prci_domain/element_reset_domain_rockettile/core/div/_prod_T_40__8 output u_control_soc/u_rocket/chiptop0/system/tile_prci_domain/element_reset_domain_rockettile/core/div/_prod_T_40__8/P[47:0] is not pipelined (PREG=0). Pipelining the DSP48 output will improve performance and often saves power so it is suggested whenever possible to fully pipeline this function.  If this DSP48 function was inferred, it is suggested to describe an additional register stage after this function.  If the DSP48 was instantiated in the design, it is suggested to set the PREG attribute to 1.
Related violations: <none>

DPOP-3#9 Warning
PREG Output pipelining  
DSP u_control_soc/u_rocket/chiptop0/system/tile_prci_domain/element_reset_domain_rockettile/fpuOpt/dfma/fma/mulAddRecFNToRaw_postMul_io_mulAddResult_pipe_b1__0 output u_control_soc/u_rocket/chiptop0/system/tile_prci_domain/element_reset_domain_rockettile/fpuOpt/dfma/fma/mulAddRecFNToRaw_postMul_io_mulAddResult_pipe_b1__0/P[47:0] is not pipelined (PREG=0). Pipelining the DSP48 output will improve performance and often saves power so it is suggested whenever possible to fully pipeline this function.  If this DSP48 function was inferred, it is suggested to describe an additional register stage after this function.  If the DSP48 was instantiated in the design, it is suggested to set the PREG attribute to 1.
Related violations: <none>

DPOP-3#10 Warning
PREG Output pipelining  
DSP u_control_soc/u_rocket/chiptop0/system/tile_prci_domain/element_reset_domain_rockettile/fpuOpt/dfma/fma/mulAddRecFNToRaw_postMul_io_mulAddResult_pipe_b1__1 output u_control_soc/u_rocket/chiptop0/system/tile_prci_domain/element_reset_domain_rockettile/fpuOpt/dfma/fma/mulAddRecFNToRaw_postMul_io_mulAddResult_pipe_b1__1/P[47:0] is not pipelined (PREG=0). Pipelining the DSP48 output will improve performance and often saves power so it is suggested whenever possible to fully pipeline this function.  If this DSP48 function was inferred, it is suggested to describe an additional register stage after this function.  If the DSP48 was instantiated in the design, it is suggested to set the PREG attribute to 1.
Related violations: <none>

DPOP-3#11 Warning
PREG Output pipelining  
DSP u_control_soc/u_rocket/chiptop0/system/tile_prci_domain/element_reset_domain_rockettile/fpuOpt/dfma/fma/mulAddRecFNToRaw_postMul_io_mulAddResult_pipe_b1__4 output u_control_soc/u_rocket/chiptop0/system/tile_prci_domain/element_reset_domain_rockettile/fpuOpt/dfma/fma/mulAddRecFNToRaw_postMul_io_mulAddResult_pipe_b1__4/P[47:0] is not pipelined (PREG=0). Pipelining the DSP48 output will improve performance and often saves power so it is suggested whenever possible to fully pipeline this function.  If this DSP48 function was inferred, it is suggested to describe an additional register stage after this function.  If the DSP48 was instantiated in the design, it is suggested to set the PREG attribute to 1.
Related violations: <none>

DPOP-3#12 Warning
PREG Output pipelining  
DSP u_control_soc/u_rocket/chiptop0/system/tile_prci_domain/element_reset_domain_rockettile/fpuOpt/dfma/fma/mulAddRecFNToRaw_postMul_io_mulAddResult_pipe_b1__5 output u_control_soc/u_rocket/chiptop0/system/tile_prci_domain/element_reset_domain_rockettile/fpuOpt/dfma/fma/mulAddRecFNToRaw_postMul_io_mulAddResult_pipe_b1__5/P[47:0] is not pipelined (PREG=0). Pipelining the DSP48 output will improve performance and often saves power so it is suggested whenever possible to fully pipeline this function.  If this DSP48 function was inferred, it is suggested to describe an additional register stage after this function.  If the DSP48 was instantiated in the design, it is suggested to set the PREG attribute to 1.
Related violations: <none>

DPOP-3#13 Warning
PREG Output pipelining  
DSP u_control_soc/u_rocket/chiptop0/system/tile_prci_domain/element_reset_domain_rockettile/fpuOpt/dfma/fma/mulAddRecFNToRaw_postMul_io_mulAddResult_pipe_b1__7 output u_control_soc/u_rocket/chiptop0/system/tile_prci_domain/element_reset_domain_rockettile/fpuOpt/dfma/fma/mulAddRecFNToRaw_postMul_io_mulAddResult_pipe_b1__7/P[47:0] is not pipelined (PREG=0). Pipelining the DSP48 output will improve performance and often saves power so it is suggested whenever possible to fully pipeline this function.  If this DSP48 function was inferred, it is suggested to describe an additional register stage after this function.  If the DSP48 was instantiated in the design, it is suggested to set the PREG attribute to 1.
Related violations: <none>

DPOP-3#14 Warning
PREG Output pipelining  
DSP u_control_soc/u_rocket/chiptop0/system/tile_prci_domain/element_reset_domain_rockettile/fpuOpt/sfma/fma/mulAddRecFNToRaw_postMul_io_mulAddResult_pipe_b1 output u_control_soc/u_rocket/chiptop0/system/tile_prci_domain/element_reset_domain_rockettile/fpuOpt/sfma/fma/mulAddRecFNToRaw_postMul_io_mulAddResult_pipe_b1/P[47:0] is not pipelined (PREG=0). Pipelining the DSP48 output will improve performance and often saves power so it is suggested whenever possible to fully pipeline this function.  If this DSP48 function was inferred, it is suggested to describe an additional register stage after this function.  If the DSP48 was instantiated in the design, it is suggested to set the PREG attribute to 1.
Related violations: <none>

DPOP-3#15 Warning
PREG Output pipelining  
DSP u_control_soc/u_rocket/chiptop0/system/tile_prci_domain/element_reset_domain_rockettile/fpuOpt/sfma/fma/mulAddRecFNToRaw_postMul_io_mulAddResult_pipe_b1__0 output u_control_soc/u_rocket/chiptop0/system/tile_prci_domain/element_reset_domain_rockettile/fpuOpt/sfma/fma/mulAddRecFNToRaw_postMul_io_mulAddResult_pipe_b1__0/P[47:0] is not pipelined (PREG=0). Pipelining the DSP48 output will improve performance and often saves power so it is suggested whenever possible to fully pipeline this function.  If this DSP48 function was inferred, it is suggested to describe an additional register stage after this function.  If the DSP48 was instantiated in the design, it is suggested to set the PREG attribute to 1.
Related violations: <none>

DPOP-3#16 Warning
PREG Output pipelining  
DSP u_control_soc/u_rocket/chiptop0/system/tile_prci_domain/element_reset_domain_rockettile/gemmini/ex_controller/_w_address_T_4 output u_control_soc/u_rocket/chiptop0/system/tile_prci_domain/element_reset_domain_rockettile/gemmini/ex_controller/_w_address_T_4/P[47:0] is not pipelined (PREG=0). Pipelining the DSP48 output will improve performance and often saves power so it is suggested whenever possible to fully pipeline this function.  If this DSP48 function was inferred, it is suggested to describe an additional register stage after this function.  If the DSP48 was instantiated in the design, it is suggested to set the PREG attribute to 1.
Related violations: <none>

DPOP-3#17 Warning
PREG Output pipelining  
DSP u_control_soc/u_rocket/chiptop0/system/tile_prci_domain/element_reset_domain_rockettile/gemmini/load_controller/io_dma_req_bits_vaddr0 output u_control_soc/u_rocket/chiptop0/system/tile_prci_domain/element_reset_domain_rockettile/gemmini/load_controller/io_dma_req_bits_vaddr0/P[47:0] is not pipelined (PREG=0). Pipelining the DSP48 output will improve performance and often saves power so it is suggested whenever possible to fully pipeline this function.  If this DSP48 function was inferred, it is suggested to describe an additional register stage after this function.  If the DSP48 was instantiated in the design, it is suggested to set the PREG attribute to 1.
Related violations: <none>

DPOP-3#18 Warning
PREG Output pipelining  
DSP u_control_soc/u_rocket/chiptop0/system/tile_prci_domain/element_reset_domain_rockettile/gemmini/load_controller/io_dma_req_bits_vaddr0__0 output u_control_soc/u_rocket/chiptop0/system/tile_prci_domain/element_reset_domain_rockettile/gemmini/load_controller/io_dma_req_bits_vaddr0__0/P[47:0] is not pipelined (PREG=0). Pipelining the DSP48 output will improve performance and often saves power so it is suggested whenever possible to fully pipeline this function.  If this DSP48 function was inferred, it is suggested to describe an additional register stage after this function.  If the DSP48 was instantiated in the design, it is suggested to set the PREG attribute to 1.
Related violations: <none>

DPOP-3#19 Warning
PREG Output pipelining  
DSP u_control_soc/u_rocket/chiptop0/system/tile_prci_domain/element_reset_domain_rockettile/gemmini/mod/O710 output u_control_soc/u_rocket/chiptop0/system/tile_prci_domain/element_reset_domain_rockettile/gemmini/mod/O710/P[47:0] is not pipelined (PREG=0). Pipelining the DSP48 output will improve performance and often saves power so it is suggested whenever possible to fully pipeline this function.  If this DSP48 function was inferred, it is suggested to describe an additional register stage after this function.  If the DSP48 was instantiated in the design, it is suggested to set the PREG attribute to 1.
Related violations: <none>

DPOP-3#20 Warning
PREG Output pipelining  
DSP u_control_soc/u_rocket/chiptop0/system/tile_prci_domain/element_reset_domain_rockettile/gemmini/mod/P0 output u_control_soc/u_rocket/chiptop0/system/tile_prci_domain/element_reset_domain_rockettile/gemmini/mod/P0/P[47:0] is not pipelined (PREG=0). Pipelining the DSP48 output will improve performance and often saves power so it is suggested whenever possible to fully pipeline this function.  If this DSP48 function was inferred, it is suggested to describe an additional register stage after this function.  If the DSP48 was instantiated in the design, it is suggested to set the PREG attribute to 1.
Related violations: <none>

DPOP-3#21 Warning
PREG Output pipelining  
DSP u_control_soc/u_rocket/chiptop0/system/tile_prci_domain/element_reset_domain_rockettile/gemmini/mod/_ld_weights_io_req_bits_derived_params_result_weight_spad_stride_T_2 output u_control_soc/u_rocket/chiptop0/system/tile_prci_domain/element_reset_domain_rockettile/gemmini/mod/_ld_weights_io_req_bits_derived_params_result_weight_spad_stride_T_2/P[47:0] is not pipelined (PREG=0). Pipelining the DSP48 output will improve performance and often saves power so it is suggested whenever possible to fully pipeline this function.  If this DSP48 function was inferred, it is suggested to describe an additional register stage after this function.  If the DSP48 was instantiated in the design, it is suggested to set the PREG attribute to 1.
Related violations: <none>

DPOP-3#22 Warning
PREG Output pipelining  
DSP u_control_soc/u_rocket/chiptop0/system/tile_prci_domain/element_reset_domain_rockettile/gemmini/mod/ex/_GEN_152 output u_control_soc/u_rocket/chiptop0/system/tile_prci_domain/element_reset_domain_rockettile/gemmini/mod/ex/_GEN_152/P[47:0] is not pipelined (PREG=0). Pipelining the DSP48 output will improve performance and often saves power so it is suggested whenever possible to fully pipeline this function.  If this DSP48 function was inferred, it is suggested to describe an additional register stage after this function.  If the DSP48 was instantiated in the design, it is suggested to set the PREG attribute to 1.
Related violations: <none>

DPOP-3#23 Warning
PREG Output pipelining  
DSP u_control_soc/u_rocket/chiptop0/system/tile_prci_domain/element_reset_domain_rockettile/gemmini/mod/ex/_GEN_172 output u_control_soc/u_rocket/chiptop0/system/tile_prci_domain/element_reset_domain_rockettile/gemmini/mod/ex/_GEN_172/P[47:0] is not pipelined (PREG=0). Pipelining the DSP48 output will improve performance and often saves power so it is suggested whenever possible to fully pipeline this function.  If this DSP48 function was inferred, it is suggested to describe an additional register stage after this function.  If the DSP48 was instantiated in the design, it is suggested to set the PREG attribute to 1.
Related violations: <none>

DPOP-3#24 Warning
PREG Output pipelining  
DSP u_control_soc/u_rocket/chiptop0/system/tile_prci_domain/element_reset_domain_rockettile/gemmini/mod/ex/_GEN_232 output u_control_soc/u_rocket/chiptop0/system/tile_prci_domain/element_reset_domain_rockettile/gemmini/mod/ex/_GEN_232/P[47:0] is not pipelined (PREG=0). Pipelining the DSP48 output will improve performance and often saves power so it is suggested whenever possible to fully pipeline this function.  If this DSP48 function was inferred, it is suggested to describe an additional register stage after this function.  If the DSP48 was instantiated in the design, it is suggested to set the PREG attribute to 1.
Related violations: <none>

DPOP-3#25 Warning
PREG Output pipelining  
DSP u_control_soc/u_rocket/chiptop0/system/tile_prci_domain/element_reset_domain_rockettile/gemmini/mod/ex/_GEN_232__0 output u_control_soc/u_rocket/chiptop0/system/tile_prci_domain/element_reset_domain_rockettile/gemmini/mod/ex/_GEN_232__0/P[47:0] is not pipelined (PREG=0). Pipelining the DSP48 output will improve performance and often saves power so it is suggested whenever possible to fully pipeline this function.  If this DSP48 function was inferred, it is suggested to describe an additional register stage after this function.  If the DSP48 was instantiated in the design, it is suggested to set the PREG attribute to 1.
Related violations: <none>

DPOP-3#26 Warning
PREG Output pipelining  
DSP u_control_soc/u_rocket/chiptop0/system/tile_prci_domain/element_reset_domain_rockettile/gemmini/mod/ex/_GEN_233 output u_control_soc/u_rocket/chiptop0/system/tile_prci_domain/element_reset_domain_rockettile/gemmini/mod/ex/_GEN_233/P[47:0] is not pipelined (PREG=0). Pipelining the DSP48 output will improve performance and often saves power so it is suggested whenever possible to fully pipeline this function.  If this DSP48 function was inferred, it is suggested to describe an additional register stage after this function.  If the DSP48 was instantiated in the design, it is suggested to set the PREG attribute to 1.
Related violations: <none>

DPOP-3#27 Warning
PREG Output pipelining  
DSP u_control_soc/u_rocket/chiptop0/system/tile_prci_domain/element_reset_domain_rockettile/gemmini/mod/ex/_GEN_233__0 output u_control_soc/u_rocket/chiptop0/system/tile_prci_domain/element_reset_domain_rockettile/gemmini/mod/ex/_GEN_233__0/P[47:0] is not pipelined (PREG=0). Pipelining the DSP48 output will improve performance and often saves power so it is suggested whenever possible to fully pipeline this function.  If this DSP48 function was inferred, it is suggested to describe an additional register stage after this function.  If the DSP48 was instantiated in the design, it is suggested to set the PREG attribute to 1.
Related violations: <none>

DPOP-3#28 Warning
PREG Output pipelining  
DSP u_control_soc/u_rocket/chiptop0/system/tile_prci_domain/element_reset_domain_rockettile/gemmini/mod/ex/_GEN_24 output u_control_soc/u_rocket/chiptop0/system/tile_prci_domain/element_reset_domain_rockettile/gemmini/mod/ex/_GEN_24/P[47:0] is not pipelined (PREG=0). Pipelining the DSP48 output will improve performance and often saves power so it is suggested whenever possible to fully pipeline this function.  If this DSP48 function was inferred, it is suggested to describe an additional register stage after this function.  If the DSP48 was instantiated in the design, it is suggested to set the PREG attribute to 1.
Related violations: <none>

DPOP-3#29 Warning
PREG Output pipelining  
DSP u_control_soc/u_rocket/chiptop0/system/tile_prci_domain/element_reset_domain_rockettile/gemmini/mod/ex/_icol_T_1 output u_control_soc/u_rocket/chiptop0/system/tile_prci_domain/element_reset_domain_rockettile/gemmini/mod/ex/_icol_T_1/P[47:0] is not pipelined (PREG=0). Pipelining the DSP48 output will improve performance and often saves power so it is suggested whenever possible to fully pipeline this function.  If this DSP48 function was inferred, it is suggested to describe an additional register stage after this function.  If the DSP48 was instantiated in the design, it is suggested to set the PREG attribute to 1.
Related violations: <none>

DPOP-3#30 Warning
PREG Output pipelining  
DSP u_control_soc/u_rocket/chiptop0/system/tile_prci_domain/element_reset_domain_rockettile/gemmini/mod/ex/_irow_T_1 output u_control_soc/u_rocket/chiptop0/system/tile_prci_domain/element_reset_domain_rockettile/gemmini/mod/ex/_irow_T_1/P[47:0] is not pipelined (PREG=0). Pipelining the DSP48 output will improve performance and often saves power so it is suggested whenever possible to fully pipeline this function.  If this DSP48 function was inferred, it is suggested to describe an additional register stage after this function.  If the DSP48 was instantiated in the design, it is suggested to set the PREG attribute to 1.
Related violations: <none>

DPOP-3#31 Warning
PREG Output pipelining  
DSP u_control_soc/u_rocket/chiptop0/system/tile_prci_domain/element_reset_domain_rockettile/gemmini/mod/ex/io_in_bits_a_addr3 output u_control_soc/u_rocket/chiptop0/system/tile_prci_domain/element_reset_domain_rockettile/gemmini/mod/ex/io_in_bits_a_addr3/P[47:0] is not pipelined (PREG=0). Pipelining the DSP48 output will improve performance and often saves power so it is suggested whenever possible to fully pipeline this function.  If this DSP48 function was inferred, it is suggested to describe an additional register stage after this function.  If the DSP48 was instantiated in the design, it is suggested to set the PREG attribute to 1.
Related violations: <none>

DPOP-3#32 Warning
PREG Output pipelining  
DSP u_control_soc/u_rocket/chiptop0/system/tile_prci_domain/element_reset_domain_rockettile/gemmini/mod/ex/io_in_bits_a_addr3__0 output u_control_soc/u_rocket/chiptop0/system/tile_prci_domain/element_reset_domain_rockettile/gemmini/mod/ex/io_in_bits_a_addr3__0/P[47:0] is not pipelined (PREG=0). Pipelining the DSP48 output will improve performance and often saves power so it is suggested whenever possible to fully pipeline this function.  If this DSP48 function was inferred, it is suggested to describe an additional register stage after this function.  If the DSP48 was instantiated in the design, it is suggested to set the PREG attribute to 1.
Related violations: <none>

DPOP-3#33 Warning
PREG Output pipelining  
DSP u_control_soc/u_rocket/chiptop0/system/tile_prci_domain/element_reset_domain_rockettile/gemmini/mod/ex/io_in_bits_a_addr4 output u_control_soc/u_rocket/chiptop0/system/tile_prci_domain/element_reset_domain_rockettile/gemmini/mod/ex/io_in_bits_a_addr4/P[47:0] is not pipelined (PREG=0). Pipelining the DSP48 output will improve performance and often saves power so it is suggested whenever possible to fully pipeline this function.  If this DSP48 function was inferred, it is suggested to describe an additional register stage after this function.  If the DSP48 was instantiated in the design, it is suggested to set the PREG attribute to 1.
Related violations: <none>

DPOP-3#34 Warning
PREG Output pipelining  
DSP u_control_soc/u_rocket/chiptop0/system/tile_prci_domain/element_reset_domain_rockettile/gemmini/mod/ex/io_in_bits_a_addr4__0 output u_control_soc/u_rocket/chiptop0/system/tile_prci_domain/element_reset_domain_rockettile/gemmini/mod/ex/io_in_bits_a_addr4__0/P[47:0] is not pipelined (PREG=0). Pipelining the DSP48 output will improve performance and often saves power so it is suggested whenever possible to fully pipeline this function.  If this DSP48 function was inferred, it is suggested to describe an additional register stage after this function.  If the DSP48 was instantiated in the design, it is suggested to set the PREG attribute to 1.
Related violations: <none>

DPOP-3#35 Warning
PREG Output pipelining  
DSP u_control_soc/u_rocket/chiptop0/system/tile_prci_domain/element_reset_domain_rockettile/gemmini/mod/ex/io_in_bits_a_addr4__1 output u_control_soc/u_rocket/chiptop0/system/tile_prci_domain/element_reset_domain_rockettile/gemmini/mod/ex/io_in_bits_a_addr4__1/P[47:0] is not pipelined (PREG=0). Pipelining the DSP48 output will improve performance and often saves power so it is suggested whenever possible to fully pipeline this function.  If this DSP48 function was inferred, it is suggested to describe an additional register stage after this function.  If the DSP48 was instantiated in the design, it is suggested to set the PREG attribute to 1.
Related violations: <none>

DPOP-3#36 Warning
PREG Output pipelining  
DSP u_control_soc/u_rocket/chiptop0/system/tile_prci_domain/element_reset_domain_rockettile/gemmini/mod/ex/io_in_bits_a_addr4__2 output u_control_soc/u_rocket/chiptop0/system/tile_prci_domain/element_reset_domain_rockettile/gemmini/mod/ex/io_in_bits_a_addr4__2/P[47:0] is not pipelined (PREG=0). Pipelining the DSP48 output will improve performance and often saves power so it is suggested whenever possible to fully pipeline this function.  If this DSP48 function was inferred, it is suggested to describe an additional register stage after this function.  If the DSP48 was instantiated in the design, it is suggested to set the PREG attribute to 1.
Related violations: <none>

DPOP-3#37 Warning
PREG Output pipelining  
DSP u_control_soc/u_rocket/chiptop0/system/tile_prci_domain/element_reset_domain_rockettile/gemmini/mod/ex/io_in_bits_a_addr5 output u_control_soc/u_rocket/chiptop0/system/tile_prci_domain/element_reset_domain_rockettile/gemmini/mod/ex/io_in_bits_a_addr5/P[47:0] is not pipelined (PREG=0). Pipelining the DSP48 output will improve performance and often saves power so it is suggested whenever possible to fully pipeline this function.  If this DSP48 function was inferred, it is suggested to describe an additional register stage after this function.  If the DSP48 was instantiated in the design, it is suggested to set the PREG attribute to 1.
Related violations: <none>

DPOP-3#38 Warning
PREG Output pipelining  
DSP u_control_soc/u_rocket/chiptop0/system/tile_prci_domain/element_reset_domain_rockettile/gemmini/mod/ex/io_in_bits_a_addr5__0 output u_control_soc/u_rocket/chiptop0/system/tile_prci_domain/element_reset_domain_rockettile/gemmini/mod/ex/io_in_bits_a_addr5__0/P[47:0] is not pipelined (PREG=0). Pipelining the DSP48 output will improve performance and often saves power so it is suggested whenever possible to fully pipeline this function.  If this DSP48 function was inferred, it is suggested to describe an additional register stage after this function.  If the DSP48 was instantiated in the design, it is suggested to set the PREG attribute to 1.
Related violations: <none>

DPOP-3#39 Warning
PREG Output pipelining  
DSP u_control_soc/u_rocket/chiptop0/system/tile_prci_domain/element_reset_domain_rockettile/gemmini/mod/ex/io_in_bits_b_addr2__0 output u_control_soc/u_rocket/chiptop0/system/tile_prci_domain/element_reset_domain_rockettile/gemmini/mod/ex/io_in_bits_b_addr2__0/P[47:0] is not pipelined (PREG=0). Pipelining the DSP48 output will improve performance and often saves power so it is suggested whenever possible to fully pipeline this function.  If this DSP48 function was inferred, it is suggested to describe an additional register stage after this function.  If the DSP48 was instantiated in the design, it is suggested to set the PREG attribute to 1.
Related violations: <none>

DPOP-3#40 Warning
PREG Output pipelining  
DSP u_control_soc/u_rocket/chiptop0/system/tile_prci_domain/element_reset_domain_rockettile/gemmini/mod/ex/io_in_bits_b_addr2__2 output u_control_soc/u_rocket/chiptop0/system/tile_prci_domain/element_reset_domain_rockettile/gemmini/mod/ex/io_in_bits_b_addr2__2/P[47:0] is not pipelined (PREG=0). Pipelining the DSP48 output will improve performance and often saves power so it is suggested whenever possible to fully pipeline this function.  If this DSP48 function was inferred, it is suggested to describe an additional register stage after this function.  If the DSP48 was instantiated in the design, it is suggested to set the PREG attribute to 1.
Related violations: <none>

DPOP-3#41 Warning
PREG Output pipelining  
DSP u_control_soc/u_rocket/chiptop0/system/tile_prci_domain/element_reset_domain_rockettile/gemmini/mod/ex/io_in_bits_b_addr4 output u_control_soc/u_rocket/chiptop0/system/tile_prci_domain/element_reset_domain_rockettile/gemmini/mod/ex/io_in_bits_b_addr4/P[47:0] is not pipelined (PREG=0). Pipelining the DSP48 output will improve performance and often saves power so it is suggested whenever possible to fully pipeline this function.  If this DSP48 function was inferred, it is suggested to describe an additional register stage after this function.  If the DSP48 was instantiated in the design, it is suggested to set the PREG attribute to 1.
Related violations: <none>

DPOP-3#42 Warning
PREG Output pipelining  
DSP u_control_soc/u_rocket/chiptop0/system/tile_prci_domain/element_reset_domain_rockettile/gemmini/mod/ex/io_in_bits_b_addr4__0 output u_control_soc/u_rocket/chiptop0/system/tile_prci_domain/element_reset_domain_rockettile/gemmini/mod/ex/io_in_bits_b_addr4__0/P[47:0] is not pipelined (PREG=0). Pipelining the DSP48 output will improve performance and often saves power so it is suggested whenever possible to fully pipeline this function.  If this DSP48 function was inferred, it is suggested to describe an additional register stage after this function.  If the DSP48 was instantiated in the design, it is suggested to set the PREG attribute to 1.
Related violations: <none>

DPOP-3#43 Warning
PREG Output pipelining  
DSP u_control_soc/u_rocket/chiptop0/system/tile_prci_domain/element_reset_domain_rockettile/gemmini/mod/ex/io_in_bits_b_addr5 output u_control_soc/u_rocket/chiptop0/system/tile_prci_domain/element_reset_domain_rockettile/gemmini/mod/ex/io_in_bits_b_addr5/P[47:0] is not pipelined (PREG=0). Pipelining the DSP48 output will improve performance and often saves power so it is suggested whenever possible to fully pipeline this function.  If this DSP48 function was inferred, it is suggested to describe an additional register stage after this function.  If the DSP48 was instantiated in the design, it is suggested to set the PREG attribute to 1.
Related violations: <none>

DPOP-3#44 Warning
PREG Output pipelining  
DSP u_control_soc/u_rocket/chiptop0/system/tile_prci_domain/element_reset_domain_rockettile/gemmini/mod/ex/io_in_bits_b_addr5__0 output u_control_soc/u_rocket/chiptop0/system/tile_prci_domain/element_reset_domain_rockettile/gemmini/mod/ex/io_in_bits_b_addr5__0/P[47:0] is not pipelined (PREG=0). Pipelining the DSP48 output will improve performance and often saves power so it is suggested whenever possible to fully pipeline this function.  If this DSP48 function was inferred, it is suggested to describe an additional register stage after this function.  If the DSP48 was instantiated in the design, it is suggested to set the PREG attribute to 1.
Related violations: <none>

DPOP-3#45 Warning
PREG Output pipelining  
DSP u_control_soc/u_rocket/chiptop0/system/tile_prci_domain/element_reset_domain_rockettile/gemmini/mod/ex/io_in_bits_b_addr6 output u_control_soc/u_rocket/chiptop0/system/tile_prci_domain/element_reset_domain_rockettile/gemmini/mod/ex/io_in_bits_b_addr6/P[47:0] is not pipelined (PREG=0). Pipelining the DSP48 output will improve performance and often saves power so it is suggested whenever possible to fully pipeline this function.  If this DSP48 function was inferred, it is suggested to describe an additional register stage after this function.  If the DSP48 was instantiated in the design, it is suggested to set the PREG attribute to 1.
Related violations: <none>

DPOP-3#46 Warning
PREG Output pipelining  
DSP u_control_soc/u_rocket/chiptop0/system/tile_prci_domain/element_reset_domain_rockettile/gemmini/mod/ex/io_in_bits_b_addr6__0 output u_control_soc/u_rocket/chiptop0/system/tile_prci_domain/element_reset_domain_rockettile/gemmini/mod/ex/io_in_bits_b_addr6__0/P[47:0] is not pipelined (PREG=0). Pipelining the DSP48 output will improve performance and often saves power so it is suggested whenever possible to fully pipeline this function.  If this DSP48 function was inferred, it is suggested to describe an additional register stage after this function.  If the DSP48 was instantiated in the design, it is suggested to set the PREG attribute to 1.
Related violations: <none>

DPOP-3#47 Warning
PREG Output pipelining  
DSP u_control_soc/u_rocket/chiptop0/system/tile_prci_domain/element_reset_domain_rockettile/gemmini/mod/ex/io_in_bits_b_addr7 output u_control_soc/u_rocket/chiptop0/system/tile_prci_domain/element_reset_domain_rockettile/gemmini/mod/ex/io_in_bits_b_addr7/P[47:0] is not pipelined (PREG=0). Pipelining the DSP48 output will improve performance and often saves power so it is suggested whenever possible to fully pipeline this function.  If this DSP48 function was inferred, it is suggested to describe an additional register stage after this function.  If the DSP48 was instantiated in the design, it is suggested to set the PREG attribute to 1.
Related violations: <none>

DPOP-3#48 Warning
PREG Output pipelining  
DSP u_control_soc/u_rocket/chiptop0/system/tile_prci_domain/element_reset_domain_rockettile/gemmini/mod/ex/io_in_bits_b_addr7__0 output u_control_soc/u_rocket/chiptop0/system/tile_prci_domain/element_reset_domain_rockettile/gemmini/mod/ex/io_in_bits_b_addr7__0/P[47:0] is not pipelined (PREG=0). Pipelining the DSP48 output will improve performance and often saves power so it is suggested whenever possible to fully pipeline this function.  If this DSP48 function was inferred, it is suggested to describe an additional register stage after this function.  If the DSP48 was instantiated in the design, it is suggested to set the PREG attribute to 1.
Related violations: <none>

DPOP-3#49 Warning
PREG Output pipelining  
DSP u_control_soc/u_rocket/chiptop0/system/tile_prci_domain/element_reset_domain_rockettile/gemmini/mod/ex/io_in_bits_c_addr3 output u_control_soc/u_rocket/chiptop0/system/tile_prci_domain/element_reset_domain_rockettile/gemmini/mod/ex/io_in_bits_c_addr3/P[47:0] is not pipelined (PREG=0). Pipelining the DSP48 output will improve performance and often saves power so it is suggested whenever possible to fully pipeline this function.  If this DSP48 function was inferred, it is suggested to describe an additional register stage after this function.  If the DSP48 was instantiated in the design, it is suggested to set the PREG attribute to 1.
Related violations: <none>

DPOP-3#50 Warning
PREG Output pipelining  
DSP u_control_soc/u_rocket/chiptop0/system/tile_prci_domain/element_reset_domain_rockettile/gemmini/mod/ex/io_in_bits_c_addr4 output u_control_soc/u_rocket/chiptop0/system/tile_prci_domain/element_reset_domain_rockettile/gemmini/mod/ex/io_in_bits_c_addr4/P[47:0] is not pipelined (PREG=0). Pipelining the DSP48 output will improve performance and often saves power so it is suggested whenever possible to fully pipeline this function.  If this DSP48 function was inferred, it is suggested to describe an additional register stage after this function.  If the DSP48 was instantiated in the design, it is suggested to set the PREG attribute to 1.
Related violations: <none>

DPOP-3#51 Warning
PREG Output pipelining  
DSP u_control_soc/u_rocket/chiptop0/system/tile_prci_domain/element_reset_domain_rockettile/gemmini/mod/ex/io_in_bits_c_addr4__0 output u_control_soc/u_rocket/chiptop0/system/tile_prci_domain/element_reset_domain_rockettile/gemmini/mod/ex/io_in_bits_c_addr4__0/P[47:0] is not pipelined (PREG=0). Pipelining the DSP48 output will improve performance and often saves power so it is suggested whenever possible to fully pipeline this function.  If this DSP48 function was inferred, it is suggested to describe an additional register stage after this function.  If the DSP48 was instantiated in the design, it is suggested to set the PREG attribute to 1.
Related violations: <none>

DPOP-3#52 Warning
PREG Output pipelining  
DSP u_control_soc/u_rocket/chiptop0/system/tile_prci_domain/element_reset_domain_rockettile/gemmini/mod/ex/io_in_bits_c_addr5 output u_control_soc/u_rocket/chiptop0/system/tile_prci_domain/element_reset_domain_rockettile/gemmini/mod/ex/io_in_bits_c_addr5/P[47:0] is not pipelined (PREG=0). Pipelining the DSP48 output will improve performance and often saves power so it is suggested whenever possible to fully pipeline this function.  If this DSP48 function was inferred, it is suggested to describe an additional register stage after this function.  If the DSP48 was instantiated in the design, it is suggested to set the PREG attribute to 1.
Related violations: <none>

DPOP-3#53 Warning
PREG Output pipelining  
DSP u_control_soc/u_rocket/chiptop0/system/tile_prci_domain/element_reset_domain_rockettile/gemmini/mod/ex/io_in_bits_c_addr6 output u_control_soc/u_rocket/chiptop0/system/tile_prci_domain/element_reset_domain_rockettile/gemmini/mod/ex/io_in_bits_c_addr6/P[47:0] is not pipelined (PREG=0). Pipelining the DSP48 output will improve performance and often saves power so it is suggested whenever possible to fully pipeline this function.  If this DSP48 function was inferred, it is suggested to describe an additional register stage after this function.  If the DSP48 was instantiated in the design, it is suggested to set the PREG attribute to 1.
Related violations: <none>

DPOP-3#54 Warning
PREG Output pipelining  
DSP u_control_soc/u_rocket/chiptop0/system/tile_prci_domain/element_reset_domain_rockettile/gemmini/mod/ex/p_0_out0 output u_control_soc/u_rocket/chiptop0/system/tile_prci_domain/element_reset_domain_rockettile/gemmini/mod/ex/p_0_out0/P[47:0] is not pipelined (PREG=0). Pipelining the DSP48 output will improve performance and often saves power so it is suggested whenever possible to fully pipeline this function.  If this DSP48 function was inferred, it is suggested to describe an additional register stage after this function.  If the DSP48 was instantiated in the design, it is suggested to set the PREG attribute to 1.
Related violations: <none>

DPOP-3#55 Warning
PREG Output pipelining  
DSP u_control_soc/u_rocket/chiptop0/system/tile_prci_domain/element_reset_domain_rockettile/gemmini/mod/ex_io_req_bits_derived_params_icols_without_dilation0 output u_control_soc/u_rocket/chiptop0/system/tile_prci_domain/element_reset_domain_rockettile/gemmini/mod/ex_io_req_bits_derived_params_icols_without_dilation0/P[47:0] is not pipelined (PREG=0). Pipelining the DSP48 output will improve performance and often saves power so it is suggested whenever possible to fully pipeline this function.  If this DSP48 function was inferred, it is suggested to describe an additional register stage after this function.  If the DSP48 was instantiated in the design, it is suggested to set the PREG attribute to 1.
Related violations: <none>

DPOP-3#56 Warning
PREG Output pipelining  
DSP u_control_soc/u_rocket/chiptop0/system/tile_prci_domain/element_reset_domain_rockettile/gemmini/mod/ex_io_req_bits_derived_params_icols_without_dilation1 output u_control_soc/u_rocket/chiptop0/system/tile_prci_domain/element_reset_domain_rockettile/gemmini/mod/ex_io_req_bits_derived_params_icols_without_dilation1/P[47:0] is not pipelined (PREG=0). Pipelining the DSP48 output will improve performance and often saves power so it is suggested whenever possible to fully pipeline this function.  If this DSP48 function was inferred, it is suggested to describe an additional register stage after this function.  If the DSP48 was instantiated in the design, it is suggested to set the PREG attribute to 1.
Related violations: <none>

DPOP-3#57 Warning
PREG Output pipelining  
DSP u_control_soc/u_rocket/chiptop0/system/tile_prci_domain/element_reset_domain_rockettile/gemmini/mod/ex_io_req_bits_derived_params_irows_without_dilation0 output u_control_soc/u_rocket/chiptop0/system/tile_prci_domain/element_reset_domain_rockettile/gemmini/mod/ex_io_req_bits_derived_params_irows_without_dilation0/P[47:0] is not pipelined (PREG=0). Pipelining the DSP48 output will improve performance and often saves power so it is suggested whenever possible to fully pipeline this function.  If this DSP48 function was inferred, it is suggested to describe an additional register stage after this function.  If the DSP48 was instantiated in the design, it is suggested to set the PREG attribute to 1.
Related violations: <none>

DPOP-3#58 Warning
PREG Output pipelining  
DSP u_control_soc/u_rocket/chiptop0/system/tile_prci_domain/element_reset_domain_rockettile/gemmini/mod/ex_io_req_bits_derived_params_irows_without_dilation1 output u_control_soc/u_rocket/chiptop0/system/tile_prci_domain/element_reset_domain_rockettile/gemmini/mod/ex_io_req_bits_derived_params_irows_without_dilation1/P[47:0] is not pipelined (PREG=0). Pipelining the DSP48 output will improve performance and often saves power so it is suggested whenever possible to fully pipeline this function.  If this DSP48 function was inferred, it is suggested to describe an additional register stage after this function.  If the DSP48 was instantiated in the design, it is suggested to set the PREG attribute to 1.
Related violations: <none>

DPOP-3#59 Warning
PREG Output pipelining  
DSP u_control_soc/u_rocket/chiptop0/system/tile_prci_domain/element_reset_domain_rockettile/gemmini/mod/io_req_bits_derived_params_bias_spad_stride1 output u_control_soc/u_rocket/chiptop0/system/tile_prci_domain/element_reset_domain_rockettile/gemmini/mod/io_req_bits_derived_params_bias_spad_stride1/P[47:0] is not pipelined (PREG=0). Pipelining the DSP48 output will improve performance and often saves power so it is suggested whenever possible to fully pipeline this function.  If this DSP48 function was inferred, it is suggested to describe an additional register stage after this function.  If the DSP48 was instantiated in the design, it is suggested to set the PREG attribute to 1.
Related violations: <none>

DPOP-3#60 Warning
PREG Output pipelining  
DSP u_control_soc/u_rocket/chiptop0/system/tile_prci_domain/element_reset_domain_rockettile/gemmini/mod/ld_bias/io_in_bits_spad_addr3 output u_control_soc/u_rocket/chiptop0/system/tile_prci_domain/element_reset_domain_rockettile/gemmini/mod/ld_bias/io_in_bits_spad_addr3/P[47:0] is not pipelined (PREG=0). Pipelining the DSP48 output will improve performance and often saves power so it is suggested whenever possible to fully pipeline this function.  If this DSP48 function was inferred, it is suggested to describe an additional register stage after this function.  If the DSP48 was instantiated in the design, it is suggested to set the PREG attribute to 1.
Related violations: <none>

DPOP-3#61 Warning
PREG Output pipelining  
DSP u_control_soc/u_rocket/chiptop0/system/tile_prci_domain/element_reset_domain_rockettile/gemmini/mod/ld_bias/io_in_bits_spad_addr4 output u_control_soc/u_rocket/chiptop0/system/tile_prci_domain/element_reset_domain_rockettile/gemmini/mod/ld_bias/io_in_bits_spad_addr4/P[47:0] is not pipelined (PREG=0). Pipelining the DSP48 output will improve performance and often saves power so it is suggested whenever possible to fully pipeline this function.  If this DSP48 function was inferred, it is suggested to describe an additional register stage after this function.  If the DSP48 was instantiated in the design, it is suggested to set the PREG attribute to 1.
Related violations: <none>

DPOP-3#62 Warning
PREG Output pipelining  
DSP u_control_soc/u_rocket/chiptop0/system/tile_prci_domain/element_reset_domain_rockettile/gemmini/mod/ld_bias/io_in_bits_spad_addr4__0 output u_control_soc/u_rocket/chiptop0/system/tile_prci_domain/element_reset_domain_rockettile/gemmini/mod/ld_bias/io_in_bits_spad_addr4__0/P[47:0] is not pipelined (PREG=0). Pipelining the DSP48 output will improve performance and often saves power so it is suggested whenever possible to fully pipeline this function.  If this DSP48 function was inferred, it is suggested to describe an additional register stage after this function.  If the DSP48 was instantiated in the design, it is suggested to set the PREG attribute to 1.
Related violations: <none>

DPOP-3#63 Warning
PREG Output pipelining  
DSP u_control_soc/u_rocket/chiptop0/system/tile_prci_domain/element_reset_domain_rockettile/gemmini/mod/ld_bias/io_in_bits_spad_addr5 output u_control_soc/u_rocket/chiptop0/system/tile_prci_domain/element_reset_domain_rockettile/gemmini/mod/ld_bias/io_in_bits_spad_addr5/P[47:0] is not pipelined (PREG=0). Pipelining the DSP48 output will improve performance and often saves power so it is suggested whenever possible to fully pipeline this function.  If this DSP48 function was inferred, it is suggested to describe an additional register stage after this function.  If the DSP48 was instantiated in the design, it is suggested to set the PREG attribute to 1.
Related violations: <none>

DPOP-3#64 Warning
PREG Output pipelining  
DSP u_control_soc/u_rocket/chiptop0/system/tile_prci_domain/element_reset_domain_rockettile/gemmini/mod/ld_bias/io_in_bits_spad_addr6 output u_control_soc/u_rocket/chiptop0/system/tile_prci_domain/element_reset_domain_rockettile/gemmini/mod/ld_bias/io_in_bits_spad_addr6/P[47:0] is not pipelined (PREG=0). Pipelining the DSP48 output will improve performance and often saves power so it is suggested whenever possible to fully pipeline this function.  If this DSP48 function was inferred, it is suggested to describe an additional register stage after this function.  If the DSP48 was instantiated in the design, it is suggested to set the PREG attribute to 1.
Related violations: <none>

DPOP-3#65 Warning
PREG Output pipelining  
DSP u_control_soc/u_rocket/chiptop0/system/tile_prci_domain/element_reset_domain_rockettile/gemmini/mod/ld_input/_spad_addr_T_14 output u_control_soc/u_rocket/chiptop0/system/tile_prci_domain/element_reset_domain_rockettile/gemmini/mod/ld_input/_spad_addr_T_14/P[47:0] is not pipelined (PREG=0). Pipelining the DSP48 output will improve performance and often saves power so it is suggested whenever possible to fully pipeline this function.  If this DSP48 function was inferred, it is suggested to describe an additional register stage after this function.  If the DSP48 was instantiated in the design, it is suggested to set the PREG attribute to 1.
Related violations: <none>

DPOP-3#66 Warning
PREG Output pipelining  
DSP u_control_soc/u_rocket/chiptop0/system/tile_prci_domain/element_reset_domain_rockettile/gemmini/mod/ld_input/_spad_addr_T_21 output u_control_soc/u_rocket/chiptop0/system/tile_prci_domain/element_reset_domain_rockettile/gemmini/mod/ld_input/_spad_addr_T_21/P[47:0] is not pipelined (PREG=0). Pipelining the DSP48 output will improve performance and often saves power so it is suggested whenever possible to fully pipeline this function.  If this DSP48 function was inferred, it is suggested to describe an additional register stage after this function.  If the DSP48 was instantiated in the design, it is suggested to set the PREG attribute to 1.
Related violations: <none>

DPOP-3#67 Warning
PREG Output pipelining  
DSP u_control_soc/u_rocket/chiptop0/system/tile_prci_domain/element_reset_domain_rockettile/gemmini/mod/ld_input/_spad_addr_T_3 output u_control_soc/u_rocket/chiptop0/system/tile_prci_domain/element_reset_domain_rockettile/gemmini/mod/ld_input/_spad_addr_T_3/P[47:0] is not pipelined (PREG=0). Pipelining the DSP48 output will improve performance and often saves power so it is suggested whenever possible to fully pipeline this function.  If this DSP48 function was inferred, it is suggested to describe an additional register stage after this function.  If the DSP48 was instantiated in the design, it is suggested to set the PREG attribute to 1.
Related violations: <none>

DPOP-3#68 Warning
PREG Output pipelining  
DSP u_control_soc/u_rocket/chiptop0/system/tile_prci_domain/element_reset_domain_rockettile/gemmini/mod/ld_input/_spad_addr_T_30 output u_control_soc/u_rocket/chiptop0/system/tile_prci_domain/element_reset_domain_rockettile/gemmini/mod/ld_input/_spad_addr_T_30/P[47:0] is not pipelined (PREG=0). Pipelining the DSP48 output will improve performance and often saves power so it is suggested whenever possible to fully pipeline this function.  If this DSP48 function was inferred, it is suggested to describe an additional register stage after this function.  If the DSP48 was instantiated in the design, it is suggested to set the PREG attribute to 1.
Related violations: <none>

DPOP-3#69 Warning
PREG Output pipelining  
DSP u_control_soc/u_rocket/chiptop0/system/tile_prci_domain/element_reset_domain_rockettile/gemmini/mod/ld_input/_spad_addr_T_36 output u_control_soc/u_rocket/chiptop0/system/tile_prci_domain/element_reset_domain_rockettile/gemmini/mod/ld_input/_spad_addr_T_36/P[47:0] is not pipelined (PREG=0). Pipelining the DSP48 output will improve performance and often saves power so it is suggested whenever possible to fully pipeline this function.  If this DSP48 function was inferred, it is suggested to describe an additional register stage after this function.  If the DSP48 was instantiated in the design, it is suggested to set the PREG attribute to 1.
Related violations: <none>

DPOP-3#70 Warning
PREG Output pipelining  
DSP u_control_soc/u_rocket/chiptop0/system/tile_prci_domain/element_reset_domain_rockettile/gemmini/mod/ld_input/_spad_addr_T_41 output u_control_soc/u_rocket/chiptop0/system/tile_prci_domain/element_reset_domain_rockettile/gemmini/mod/ld_input/_spad_addr_T_41/P[47:0] is not pipelined (PREG=0). Pipelining the DSP48 output will improve performance and often saves power so it is suggested whenever possible to fully pipeline this function.  If this DSP48 function was inferred, it is suggested to describe an additional register stage after this function.  If the DSP48 was instantiated in the design, it is suggested to set the PREG attribute to 1.
Related violations: <none>

DPOP-3#71 Warning
PREG Output pipelining  
DSP u_control_soc/u_rocket/chiptop0/system/tile_prci_domain/element_reset_domain_rockettile/gemmini/mod/ld_input/_spad_addr_T_9 output u_control_soc/u_rocket/chiptop0/system/tile_prci_domain/element_reset_domain_rockettile/gemmini/mod/ld_input/_spad_addr_T_9/P[47:0] is not pipelined (PREG=0). Pipelining the DSP48 output will improve performance and often saves power so it is suggested whenever possible to fully pipeline this function.  If this DSP48 function was inferred, it is suggested to describe an additional register stage after this function.  If the DSP48 was instantiated in the design, it is suggested to set the PREG attribute to 1.
Related violations: <none>

DPOP-3#72 Warning
PREG Output pipelining  
DSP u_control_soc/u_rocket/chiptop0/system/tile_prci_domain/element_reset_domain_rockettile/gemmini/mod/ld_input/io_in_bits_dram_addr7 output u_control_soc/u_rocket/chiptop0/system/tile_prci_domain/element_reset_domain_rockettile/gemmini/mod/ld_input/io_in_bits_dram_addr7/P[47:0] is not pipelined (PREG=0). Pipelining the DSP48 output will improve performance and often saves power so it is suggested whenever possible to fully pipeline this function.  If this DSP48 function was inferred, it is suggested to describe an additional register stage after this function.  If the DSP48 was instantiated in the design, it is suggested to set the PREG attribute to 1.
Related violations: <none>

DPOP-3#73 Warning
PREG Output pipelining  
DSP u_control_soc/u_rocket/chiptop0/system/tile_prci_domain/element_reset_domain_rockettile/gemmini/mod/ld_input/io_in_bits_dram_addr7__0 output u_control_soc/u_rocket/chiptop0/system/tile_prci_domain/element_reset_domain_rockettile/gemmini/mod/ld_input/io_in_bits_dram_addr7__0/P[47:0] is not pipelined (PREG=0). Pipelining the DSP48 output will improve performance and often saves power so it is suggested whenever possible to fully pipeline this function.  If this DSP48 function was inferred, it is suggested to describe an additional register stage after this function.  If the DSP48 was instantiated in the design, it is suggested to set the PREG attribute to 1.
Related violations: <none>

DPOP-3#74 Warning
PREG Output pipelining  
DSP u_control_soc/u_rocket/chiptop0/system/tile_prci_domain/element_reset_domain_rockettile/gemmini/mod/ld_input/p_0_in output u_control_soc/u_rocket/chiptop0/system/tile_prci_domain/element_reset_domain_rockettile/gemmini/mod/ld_input/p_0_in/P[47:0] is not pipelined (PREG=0). Pipelining the DSP48 output will improve performance and often saves power so it is suggested whenever possible to fully pipeline this function.  If this DSP48 function was inferred, it is suggested to describe an additional register stage after this function.  If the DSP48 was instantiated in the design, it is suggested to set the PREG attribute to 1.
Related violations: <none>

DPOP-3#75 Warning
PREG Output pipelining  
DSP u_control_soc/u_rocket/chiptop0/system/tile_prci_domain/element_reset_domain_rockettile/gemmini/mod/ld_input/p_0_in__0 output u_control_soc/u_rocket/chiptop0/system/tile_prci_domain/element_reset_domain_rockettile/gemmini/mod/ld_input/p_0_in__0/P[47:0] is not pipelined (PREG=0). Pipelining the DSP48 output will improve performance and often saves power so it is suggested whenever possible to fully pipeline this function.  If this DSP48 function was inferred, it is suggested to describe an additional register stage after this function.  If the DSP48 was instantiated in the design, it is suggested to set the PREG attribute to 1.
Related violations: <none>

DPOP-3#76 Warning
PREG Output pipelining  
DSP u_control_soc/u_rocket/chiptop0/system/tile_prci_domain/element_reset_domain_rockettile/gemmini/mod/ld_input/p_2_in output u_control_soc/u_rocket/chiptop0/system/tile_prci_domain/element_reset_domain_rockettile/gemmini/mod/ld_input/p_2_in/P[47:0] is not pipelined (PREG=0). Pipelining the DSP48 output will improve performance and often saves power so it is suggested whenever possible to fully pipeline this function.  If this DSP48 function was inferred, it is suggested to describe an additional register stage after this function.  If the DSP48 was instantiated in the design, it is suggested to set the PREG attribute to 1.
Related violations: <none>

DPOP-3#77 Warning
PREG Output pipelining  
DSP u_control_soc/u_rocket/chiptop0/system/tile_prci_domain/element_reset_domain_rockettile/gemmini/mod/ld_input/p_2_in__0 output u_control_soc/u_rocket/chiptop0/system/tile_prci_domain/element_reset_domain_rockettile/gemmini/mod/ld_input/p_2_in__0/P[47:0] is not pipelined (PREG=0). Pipelining the DSP48 output will improve performance and often saves power so it is suggested whenever possible to fully pipeline this function.  If this DSP48 function was inferred, it is suggested to describe an additional register stage after this function.  If the DSP48 was instantiated in the design, it is suggested to set the PREG attribute to 1.
Related violations: <none>

DPOP-3#78 Warning
PREG Output pipelining  
DSP u_control_soc/u_rocket/chiptop0/system/tile_prci_domain/element_reset_domain_rockettile/gemmini/mod/ld_input/p_2_out output u_control_soc/u_rocket/chiptop0/system/tile_prci_domain/element_reset_domain_rockettile/gemmini/mod/ld_input/p_2_out/P[47:0] is not pipelined (PREG=0). Pipelining the DSP48 output will improve performance and often saves power so it is suggested whenever possible to fully pipeline this function.  If this DSP48 function was inferred, it is suggested to describe an additional register stage after this function.  If the DSP48 was instantiated in the design, it is suggested to set the PREG attribute to 1.
Related violations: <none>

DPOP-3#79 Warning
PREG Output pipelining  
DSP u_control_soc/u_rocket/chiptop0/system/tile_prci_domain/element_reset_domain_rockettile/gemmini/mod/ld_input/p_2_out__0 output u_control_soc/u_rocket/chiptop0/system/tile_prci_domain/element_reset_domain_rockettile/gemmini/mod/ld_input/p_2_out__0/P[47:0] is not pipelined (PREG=0). Pipelining the DSP48 output will improve performance and often saves power so it is suggested whenever possible to fully pipeline this function.  If this DSP48 function was inferred, it is suggested to describe an additional register stage after this function.  If the DSP48 was instantiated in the design, it is suggested to set the PREG attribute to 1.
Related violations: <none>

DPOP-3#80 Warning
PREG Output pipelining  
DSP u_control_soc/u_rocket/chiptop0/system/tile_prci_domain/element_reset_domain_rockettile/gemmini/mod/ld_input_io_req_bits_derived_params_icols_without_dilation0 output u_control_soc/u_rocket/chiptop0/system/tile_prci_domain/element_reset_domain_rockettile/gemmini/mod/ld_input_io_req_bits_derived_params_icols_without_dilation0/P[47:0] is not pipelined (PREG=0). Pipelining the DSP48 output will improve performance and often saves power so it is suggested whenever possible to fully pipeline this function.  If this DSP48 function was inferred, it is suggested to describe an additional register stage after this function.  If the DSP48 was instantiated in the design, it is suggested to set the PREG attribute to 1.
Related violations: <none>

DPOP-3#81 Warning
PREG Output pipelining  
DSP u_control_soc/u_rocket/chiptop0/system/tile_prci_domain/element_reset_domain_rockettile/gemmini/mod/ld_input_io_req_bits_derived_params_icols_without_dilation1 output u_control_soc/u_rocket/chiptop0/system/tile_prci_domain/element_reset_domain_rockettile/gemmini/mod/ld_input_io_req_bits_derived_params_icols_without_dilation1/P[47:0] is not pipelined (PREG=0). Pipelining the DSP48 output will improve performance and often saves power so it is suggested whenever possible to fully pipeline this function.  If this DSP48 function was inferred, it is suggested to describe an additional register stage after this function.  If the DSP48 was instantiated in the design, it is suggested to set the PREG attribute to 1.
Related violations: <none>

DPOP-3#82 Warning
PREG Output pipelining  
DSP u_control_soc/u_rocket/chiptop0/system/tile_prci_domain/element_reset_domain_rockettile/gemmini/mod/ld_input_io_req_bits_derived_params_irows_without_dilation0 output u_control_soc/u_rocket/chiptop0/system/tile_prci_domain/element_reset_domain_rockettile/gemmini/mod/ld_input_io_req_bits_derived_params_irows_without_dilation0/P[47:0] is not pipelined (PREG=0). Pipelining the DSP48 output will improve performance and often saves power so it is suggested whenever possible to fully pipeline this function.  If this DSP48 function was inferred, it is suggested to describe an additional register stage after this function.  If the DSP48 was instantiated in the design, it is suggested to set the PREG attribute to 1.
Related violations: <none>

DPOP-3#83 Warning
PREG Output pipelining  
DSP u_control_soc/u_rocket/chiptop0/system/tile_prci_domain/element_reset_domain_rockettile/gemmini/mod/ld_input_io_req_bits_derived_params_irows_without_dilation1 output u_control_soc/u_rocket/chiptop0/system/tile_prci_domain/element_reset_domain_rockettile/gemmini/mod/ld_input_io_req_bits_derived_params_irows_without_dilation1/P[47:0] is not pipelined (PREG=0). Pipelining the DSP48 output will improve performance and often saves power so it is suggested whenever possible to fully pipeline this function.  If this DSP48 function was inferred, it is suggested to describe an additional register stage after this function.  If the DSP48 was instantiated in the design, it is suggested to set the PREG attribute to 1.
Related violations: <none>

DPOP-3#84 Warning
PREG Output pipelining  
DSP u_control_soc/u_rocket/chiptop0/system/tile_prci_domain/element_reset_domain_rockettile/gemmini/mod/ld_weights/_GEN_12 output u_control_soc/u_rocket/chiptop0/system/tile_prci_domain/element_reset_domain_rockettile/gemmini/mod/ld_weights/_GEN_12/P[47:0] is not pipelined (PREG=0). Pipelining the DSP48 output will improve performance and often saves power so it is suggested whenever possible to fully pipeline this function.  If this DSP48 function was inferred, it is suggested to describe an additional register stage after this function.  If the DSP48 was instantiated in the design, it is suggested to set the PREG attribute to 1.
Related violations: <none>

DPOP-3#85 Warning
PREG Output pipelining  
DSP u_control_soc/u_rocket/chiptop0/system/tile_prci_domain/element_reset_domain_rockettile/gemmini/mod/ld_weights/_addr_start_T2 output u_control_soc/u_rocket/chiptop0/system/tile_prci_domain/element_reset_domain_rockettile/gemmini/mod/ld_weights/_addr_start_T2/P[47:0] is not pipelined (PREG=0). Pipelining the DSP48 output will improve performance and often saves power so it is suggested whenever possible to fully pipeline this function.  If this DSP48 function was inferred, it is suggested to describe an additional register stage after this function.  If the DSP48 was instantiated in the design, it is suggested to set the PREG attribute to 1.
Related violations: <none>

DPOP-3#86 Warning
PREG Output pipelining  
DSP u_control_soc/u_rocket/chiptop0/system/tile_prci_domain/element_reset_domain_rockettile/gemmini/mod/ld_weights/_addr_start_T2__0 output u_control_soc/u_rocket/chiptop0/system/tile_prci_domain/element_reset_domain_rockettile/gemmini/mod/ld_weights/_addr_start_T2__0/P[47:0] is not pipelined (PREG=0). Pipelining the DSP48 output will improve performance and often saves power so it is suggested whenever possible to fully pipeline this function.  If this DSP48 function was inferred, it is suggested to describe an additional register stage after this function.  If the DSP48 was instantiated in the design, it is suggested to set the PREG attribute to 1.
Related violations: <none>

DPOP-3#87 Warning
PREG Output pipelining  
DSP u_control_soc/u_rocket/chiptop0/system/tile_prci_domain/element_reset_domain_rockettile/gemmini/mod/ld_weights/_addr_start_T3 output u_control_soc/u_rocket/chiptop0/system/tile_prci_domain/element_reset_domain_rockettile/gemmini/mod/ld_weights/_addr_start_T3/P[47:0] is not pipelined (PREG=0). Pipelining the DSP48 output will improve performance and often saves power so it is suggested whenever possible to fully pipeline this function.  If this DSP48 function was inferred, it is suggested to describe an additional register stage after this function.  If the DSP48 was instantiated in the design, it is suggested to set the PREG attribute to 1.
Related violations: <none>

DPOP-3#88 Warning
PREG Output pipelining  
DSP u_control_soc/u_rocket/chiptop0/system/tile_prci_domain/element_reset_domain_rockettile/gemmini/mod/ld_weights/_addr_start_T3__0 output u_control_soc/u_rocket/chiptop0/system/tile_prci_domain/element_reset_domain_rockettile/gemmini/mod/ld_weights/_addr_start_T3__0/P[47:0] is not pipelined (PREG=0). Pipelining the DSP48 output will improve performance and often saves power so it is suggested whenever possible to fully pipeline this function.  If this DSP48 function was inferred, it is suggested to describe an additional register stage after this function.  If the DSP48 was instantiated in the design, it is suggested to set the PREG attribute to 1.
Related violations: <none>

DPOP-3#89 Warning
PREG Output pipelining  
DSP u_control_soc/u_rocket/chiptop0/system/tile_prci_domain/element_reset_domain_rockettile/gemmini/mod/ld_weights/_dram_offset_T_19 output u_control_soc/u_rocket/chiptop0/system/tile_prci_domain/element_reset_domain_rockettile/gemmini/mod/ld_weights/_dram_offset_T_19/P[47:0] is not pipelined (PREG=0). Pipelining the DSP48 output will improve performance and often saves power so it is suggested whenever possible to fully pipeline this function.  If this DSP48 function was inferred, it is suggested to describe an additional register stage after this function.  If the DSP48 was instantiated in the design, it is suggested to set the PREG attribute to 1.
Related violations: <none>

DPOP-3#90 Warning
PREG Output pipelining  
DSP u_control_soc/u_rocket/chiptop0/system/tile_prci_domain/element_reset_domain_rockettile/gemmini/mod/ld_weights/io_in_bits_cmd_rs23 output u_control_soc/u_rocket/chiptop0/system/tile_prci_domain/element_reset_domain_rockettile/gemmini/mod/ld_weights/io_in_bits_cmd_rs23/P[47:0] is not pipelined (PREG=0). Pipelining the DSP48 output will improve performance and often saves power so it is suggested whenever possible to fully pipeline this function.  If this DSP48 function was inferred, it is suggested to describe an additional register stage after this function.  If the DSP48 was instantiated in the design, it is suggested to set the PREG attribute to 1.
Related violations: <none>

DPOP-3#91 Warning
PREG Output pipelining  
DSP u_control_soc/u_rocket/chiptop0/system/tile_prci_domain/element_reset_domain_rockettile/gemmini/mod/ld_weights/io_in_bits_cmd_rs23__0 output u_control_soc/u_rocket/chiptop0/system/tile_prci_domain/element_reset_domain_rockettile/gemmini/mod/ld_weights/io_in_bits_cmd_rs23__0/P[47:0] is not pipelined (PREG=0). Pipelining the DSP48 output will improve performance and often saves power so it is suggested whenever possible to fully pipeline this function.  If this DSP48 function was inferred, it is suggested to describe an additional register stage after this function.  If the DSP48 was instantiated in the design, it is suggested to set the PREG attribute to 1.
Related violations: <none>

DPOP-3#92 Warning
PREG Output pipelining  
DSP u_control_soc/u_rocket/chiptop0/system/tile_prci_domain/element_reset_domain_rockettile/gemmini/mod/ld_weights/io_in_bits_cmd_rs24 output u_control_soc/u_rocket/chiptop0/system/tile_prci_domain/element_reset_domain_rockettile/gemmini/mod/ld_weights/io_in_bits_cmd_rs24/P[47:0] is not pipelined (PREG=0). Pipelining the DSP48 output will improve performance and often saves power so it is suggested whenever possible to fully pipeline this function.  If this DSP48 function was inferred, it is suggested to describe an additional register stage after this function.  If the DSP48 was instantiated in the design, it is suggested to set the PREG attribute to 1.
Related violations: <none>

DPOP-3#93 Warning
PREG Output pipelining  
DSP u_control_soc/u_rocket/chiptop0/system/tile_prci_domain/element_reset_domain_rockettile/gemmini/mod/ld_weights/io_in_bits_dram_addr8 output u_control_soc/u_rocket/chiptop0/system/tile_prci_domain/element_reset_domain_rockettile/gemmini/mod/ld_weights/io_in_bits_dram_addr8/P[47:0] is not pipelined (PREG=0). Pipelining the DSP48 output will improve performance and often saves power so it is suggested whenever possible to fully pipeline this function.  If this DSP48 function was inferred, it is suggested to describe an additional register stage after this function.  If the DSP48 was instantiated in the design, it is suggested to set the PREG attribute to 1.
Related violations: <none>

DPOP-3#94 Warning
PREG Output pipelining  
DSP u_control_soc/u_rocket/chiptop0/system/tile_prci_domain/element_reset_domain_rockettile/gemmini/mod/ld_weights/io_in_bits_spad_addr4 output u_control_soc/u_rocket/chiptop0/system/tile_prci_domain/element_reset_domain_rockettile/gemmini/mod/ld_weights/io_in_bits_spad_addr4/P[47:0] is not pipelined (PREG=0). Pipelining the DSP48 output will improve performance and often saves power so it is suggested whenever possible to fully pipeline this function.  If this DSP48 function was inferred, it is suggested to describe an additional register stage after this function.  If the DSP48 was instantiated in the design, it is suggested to set the PREG attribute to 1.
Related violations: <none>

DPOP-3#95 Warning
PREG Output pipelining  
DSP u_control_soc/u_rocket/chiptop0/system/tile_prci_domain/element_reset_domain_rockettile/gemmini/mod/ld_weights/io_in_bits_spad_addr4__0 output u_control_soc/u_rocket/chiptop0/system/tile_prci_domain/element_reset_domain_rockettile/gemmini/mod/ld_weights/io_in_bits_spad_addr4__0/P[47:0] is not pipelined (PREG=0). Pipelining the DSP48 output will improve performance and often saves power so it is suggested whenever possible to fully pipeline this function.  If this DSP48 function was inferred, it is suggested to describe an additional register stage after this function.  If the DSP48 was instantiated in the design, it is suggested to set the PREG attribute to 1.
Related violations: <none>

DPOP-3#96 Warning
PREG Output pipelining  
DSP u_control_soc/u_rocket/chiptop0/system/tile_prci_domain/element_reset_domain_rockettile/gemmini/mod/ld_weights/io_in_bits_spad_addr6 output u_control_soc/u_rocket/chiptop0/system/tile_prci_domain/element_reset_domain_rockettile/gemmini/mod/ld_weights/io_in_bits_spad_addr6/P[47:0] is not pipelined (PREG=0). Pipelining the DSP48 output will improve performance and often saves power so it is suggested whenever possible to fully pipeline this function.  If this DSP48 function was inferred, it is suggested to describe an additional register stage after this function.  If the DSP48 was instantiated in the design, it is suggested to set the PREG attribute to 1.
Related violations: <none>

DPOP-3#97 Warning
PREG Output pipelining  
DSP u_control_soc/u_rocket/chiptop0/system/tile_prci_domain/element_reset_domain_rockettile/gemmini/mod/ld_weights/io_in_bits_spad_addr6__0 output u_control_soc/u_rocket/chiptop0/system/tile_prci_domain/element_reset_domain_rockettile/gemmini/mod/ld_weights/io_in_bits_spad_addr6__0/P[47:0] is not pipelined (PREG=0). Pipelining the DSP48 output will improve performance and often saves power so it is suggested whenever possible to fully pipeline this function.  If this DSP48 function was inferred, it is suggested to describe an additional register stage after this function.  If the DSP48 was instantiated in the design, it is suggested to set the PREG attribute to 1.
Related violations: <none>

DPOP-3#98 Warning
PREG Output pipelining  
DSP u_control_soc/u_rocket/chiptop0/system/tile_prci_domain/element_reset_domain_rockettile/gemmini/mod/ld_weights/io_in_bits_spad_addr7 output u_control_soc/u_rocket/chiptop0/system/tile_prci_domain/element_reset_domain_rockettile/gemmini/mod/ld_weights/io_in_bits_spad_addr7/P[47:0] is not pipelined (PREG=0). Pipelining the DSP48 output will improve performance and often saves power so it is suggested whenever possible to fully pipeline this function.  If this DSP48 function was inferred, it is suggested to describe an additional register stage after this function.  If the DSP48 was instantiated in the design, it is suggested to set the PREG attribute to 1.
Related violations: <none>

DPOP-3#99 Warning
PREG Output pipelining  
DSP u_control_soc/u_rocket/chiptop0/system/tile_prci_domain/element_reset_domain_rockettile/gemmini/mod/ld_weights/io_in_bits_spad_addr7__0 output u_control_soc/u_rocket/chiptop0/system/tile_prci_domain/element_reset_domain_rockettile/gemmini/mod/ld_weights/io_in_bits_spad_addr7__0/P[47:0] is not pipelined (PREG=0). Pipelining the DSP48 output will improve performance and often saves power so it is suggested whenever possible to fully pipeline this function.  If this DSP48 function was inferred, it is suggested to describe an additional register stage after this function.  If the DSP48 was instantiated in the design, it is suggested to set the PREG attribute to 1.
Related violations: <none>

DPOP-3#100 Warning
PREG Output pipelining  
DSP u_control_soc/u_rocket/chiptop0/system/tile_prci_domain/element_reset_domain_rockettile/gemmini/mod/ld_weights/p_0_out0 output u_control_soc/u_rocket/chiptop0/system/tile_prci_domain/element_reset_domain_rockettile/gemmini/mod/ld_weights/p_0_out0/P[47:0] is not pipelined (PREG=0). Pipelining the DSP48 output will improve performance and often saves power so it is suggested whenever possible to fully pipeline this function.  If this DSP48 function was inferred, it is suggested to describe an additional register stage after this function.  If the DSP48 was instantiated in the design, it is suggested to set the PREG attribute to 1.
Related violations: <none>

DPOP-3#101 Warning
PREG Output pipelining  
DSP u_control_soc/u_rocket/chiptop0/system/tile_prci_domain/element_reset_domain_rockettile/gemmini/mod/ld_weights/p_2_out output u_control_soc/u_rocket/chiptop0/system/tile_prci_domain/element_reset_domain_rockettile/gemmini/mod/ld_weights/p_2_out/P[47:0] is not pipelined (PREG=0). Pipelining the DSP48 output will improve performance and often saves power so it is suggested whenever possible to fully pipeline this function.  If this DSP48 function was inferred, it is suggested to describe an additional register stage after this function.  If the DSP48 was instantiated in the design, it is suggested to set the PREG attribute to 1.
Related violations: <none>

DPOP-3#102 Warning
PREG Output pipelining  
DSP u_control_soc/u_rocket/chiptop0/system/tile_prci_domain/element_reset_domain_rockettile/gemmini/mod/ld_weights/p_2_out__0 output u_control_soc/u_rocket/chiptop0/system/tile_prci_domain/element_reset_domain_rockettile/gemmini/mod/ld_weights/p_2_out__0/P[47:0] is not pipelined (PREG=0). Pipelining the DSP48 output will improve performance and often saves power so it is suggested whenever possible to fully pipeline this function.  If this DSP48 function was inferred, it is suggested to describe an additional register stage after this function.  If the DSP48 was instantiated in the design, it is suggested to set the PREG attribute to 1.
Related violations: <none>

DPOP-3#103 Warning
PREG Output pipelining  
DSP u_control_soc/u_rocket/chiptop0/system/tile_prci_domain/element_reset_domain_rockettile/gemmini/mod/ld_weights/p_2_out__1 output u_control_soc/u_rocket/chiptop0/system/tile_prci_domain/element_reset_domain_rockettile/gemmini/mod/ld_weights/p_2_out__1/P[47:0] is not pipelined (PREG=0). Pipelining the DSP48 output will improve performance and often saves power so it is suggested whenever possible to fully pipeline this function.  If this DSP48 function was inferred, it is suggested to describe an additional register stage after this function.  If the DSP48 was instantiated in the design, it is suggested to set the PREG attribute to 1.
Related violations: <none>

DPOP-3#104 Warning
PREG Output pipelining  
DSP u_control_soc/u_rocket/chiptop0/system/tile_prci_domain/element_reset_domain_rockettile/gemmini/mod/ld_weights/p_2_out__2 output u_control_soc/u_rocket/chiptop0/system/tile_prci_domain/element_reset_domain_rockettile/gemmini/mod/ld_weights/p_2_out__2/P[47:0] is not pipelined (PREG=0). Pipelining the DSP48 output will improve performance and often saves power so it is suggested whenever possible to fully pipeline this function.  If this DSP48 function was inferred, it is suggested to describe an additional register stage after this function.  If the DSP48 was instantiated in the design, it is suggested to set the PREG attribute to 1.
Related violations: <none>

DPOP-3#105 Warning
PREG Output pipelining  
DSP u_control_soc/u_rocket/chiptop0/system/tile_prci_domain/element_reset_domain_rockettile/gemmini/mod/ld_weights/p_2_out__3 output u_control_soc/u_rocket/chiptop0/system/tile_prci_domain/element_reset_domain_rockettile/gemmini/mod/ld_weights/p_2_out__3/P[47:0] is not pipelined (PREG=0). Pipelining the DSP48 output will improve performance and often saves power so it is suggested whenever possible to fully pipeline this function.  If this DSP48 function was inferred, it is suggested to describe an additional register stage after this function.  If the DSP48 was instantiated in the design, it is suggested to set the PREG attribute to 1.
Related violations: <none>

DPOP-3#106 Warning
PREG Output pipelining  
DSP u_control_soc/u_rocket/chiptop0/system/tile_prci_domain/element_reset_domain_rockettile/gemmini/mod/ld_weights/p_2_out__4 output u_control_soc/u_rocket/chiptop0/system/tile_prci_domain/element_reset_domain_rockettile/gemmini/mod/ld_weights/p_2_out__4/P[47:0] is not pipelined (PREG=0). Pipelining the DSP48 output will improve performance and often saves power so it is suggested whenever possible to fully pipeline this function.  If this DSP48 function was inferred, it is suggested to describe an additional register stage after this function.  If the DSP48 was instantiated in the design, it is suggested to set the PREG attribute to 1.
Related violations: <none>

DPOP-3#107 Warning
PREG Output pipelining  
DSP u_control_soc/u_rocket/chiptop0/system/tile_prci_domain/element_reset_domain_rockettile/gemmini/mod/ld_weights/p_2_out__6 output u_control_soc/u_rocket/chiptop0/system/tile_prci_domain/element_reset_domain_rockettile/gemmini/mod/ld_weights/p_2_out__6/P[47:0] is not pipelined (PREG=0). Pipelining the DSP48 output will improve performance and often saves power so it is suggested whenever possible to fully pipeline this function.  If this DSP48 function was inferred, it is suggested to describe an additional register stage after this function.  If the DSP48 was instantiated in the design, it is suggested to set the PREG attribute to 1.
Related violations: <none>

DPOP-3#108 Warning
PREG Output pipelining  
DSP u_control_soc/u_rocket/chiptop0/system/tile_prci_domain/element_reset_domain_rockettile/gemmini/mod/p_0_out output u_control_soc/u_rocket/chiptop0/system/tile_prci_domain/element_reset_domain_rockettile/gemmini/mod/p_0_out/P[47:0] is not pipelined (PREG=0). Pipelining the DSP48 output will improve performance and often saves power so it is suggested whenever possible to fully pipeline this function.  If this DSP48 function was inferred, it is suggested to describe an additional register stage after this function.  If the DSP48 was instantiated in the design, it is suggested to set the PREG attribute to 1.
Related violations: <none>

DPOP-3#109 Warning
PREG Output pipelining  
DSP u_control_soc/u_rocket/chiptop0/system/tile_prci_domain/element_reset_domain_rockettile/gemmini/mod/p_0_out__0 output u_control_soc/u_rocket/chiptop0/system/tile_prci_domain/element_reset_domain_rockettile/gemmini/mod/p_0_out__0/P[47:0] is not pipelined (PREG=0). Pipelining the DSP48 output will improve performance and often saves power so it is suggested whenever possible to fully pipeline this function.  If this DSP48 function was inferred, it is suggested to describe an additional register stage after this function.  If the DSP48 was instantiated in the design, it is suggested to set the PREG attribute to 1.
Related violations: <none>

DPOP-3#110 Warning
PREG Output pipelining  
DSP u_control_soc/u_rocket/chiptop0/system/tile_prci_domain/element_reset_domain_rockettile/gemmini/mod/st/_GEN_10 output u_control_soc/u_rocket/chiptop0/system/tile_prci_domain/element_reset_domain_rockettile/gemmini/mod/st/_GEN_10/P[47:0] is not pipelined (PREG=0). Pipelining the DSP48 output will improve performance and often saves power so it is suggested whenever possible to fully pipeline this function.  If this DSP48 function was inferred, it is suggested to describe an additional register stage after this function.  If the DSP48 was instantiated in the design, it is suggested to set the PREG attribute to 1.
Related violations: <none>

DPOP-3#111 Warning
PREG Output pipelining  
DSP u_control_soc/u_rocket/chiptop0/system/tile_prci_domain/element_reset_domain_rockettile/gemmini/mod/st/_dram_offset_T_10 output u_control_soc/u_rocket/chiptop0/system/tile_prci_domain/element_reset_domain_rockettile/gemmini/mod/st/_dram_offset_T_10/P[47:0] is not pipelined (PREG=0). Pipelining the DSP48 output will improve performance and often saves power so it is suggested whenever possible to fully pipeline this function.  If this DSP48 function was inferred, it is suggested to describe an additional register stage after this function.  If the DSP48 was instantiated in the design, it is suggested to set the PREG attribute to 1.
Related violations: <none>

DPOP-3#112 Warning
PREG Output pipelining  
DSP u_control_soc/u_rocket/chiptop0/system/tile_prci_domain/element_reset_domain_rockettile/gemmini/mod/st/io_in_bits_dram_addr7 output u_control_soc/u_rocket/chiptop0/system/tile_prci_domain/element_reset_domain_rockettile/gemmini/mod/st/io_in_bits_dram_addr7/P[47:0] is not pipelined (PREG=0). Pipelining the DSP48 output will improve performance and often saves power so it is suggested whenever possible to fully pipeline this function.  If this DSP48 function was inferred, it is suggested to describe an additional register stage after this function.  If the DSP48 was instantiated in the design, it is suggested to set the PREG attribute to 1.
Related violations: <none>

DPOP-3#113 Warning
PREG Output pipelining  
DSP u_control_soc/u_rocket/chiptop0/system/tile_prci_domain/element_reset_domain_rockettile/gemmini/mod/st/io_in_bits_pool_dram_addr2 output u_control_soc/u_rocket/chiptop0/system/tile_prci_domain/element_reset_domain_rockettile/gemmini/mod/st/io_in_bits_pool_dram_addr2/P[47:0] is not pipelined (PREG=0). Pipelining the DSP48 output will improve performance and often saves power so it is suggested whenever possible to fully pipeline this function.  If this DSP48 function was inferred, it is suggested to describe an additional register stage after this function.  If the DSP48 was instantiated in the design, it is suggested to set the PREG attribute to 1.
Related violations: <none>

DPOP-3#114 Warning
PREG Output pipelining  
DSP u_control_soc/u_rocket/chiptop0/system/tile_prci_domain/element_reset_domain_rockettile/gemmini/mod/st/io_in_bits_pool_dram_addr2__0 output u_control_soc/u_rocket/chiptop0/system/tile_prci_domain/element_reset_domain_rockettile/gemmini/mod/st/io_in_bits_pool_dram_addr2__0/P[47:0] is not pipelined (PREG=0). Pipelining the DSP48 output will improve performance and often saves power so it is suggested whenever possible to fully pipeline this function.  If this DSP48 function was inferred, it is suggested to describe an additional register stage after this function.  If the DSP48 was instantiated in the design, it is suggested to set the PREG attribute to 1.
Related violations: <none>

DPOP-3#115 Warning
PREG Output pipelining  
DSP u_control_soc/u_rocket/chiptop0/system/tile_prci_domain/element_reset_domain_rockettile/gemmini/mod/st/io_in_bits_pool_dram_addr2__1 output u_control_soc/u_rocket/chiptop0/system/tile_prci_domain/element_reset_domain_rockettile/gemmini/mod/st/io_in_bits_pool_dram_addr2__1/P[47:0] is not pipelined (PREG=0). Pipelining the DSP48 output will improve performance and often saves power so it is suggested whenever possible to fully pipeline this function.  If this DSP48 function was inferred, it is suggested to describe an additional register stage after this function.  If the DSP48 was instantiated in the design, it is suggested to set the PREG attribute to 1.
Related violations: <none>

DPOP-3#116 Warning
PREG Output pipelining  
DSP u_control_soc/u_rocket/chiptop0/system/tile_prci_domain/element_reset_domain_rockettile/gemmini/mod/st/io_in_bits_pool_dram_addr3 output u_control_soc/u_rocket/chiptop0/system/tile_prci_domain/element_reset_domain_rockettile/gemmini/mod/st/io_in_bits_pool_dram_addr3/P[47:0] is not pipelined (PREG=0). Pipelining the DSP48 output will improve performance and often saves power so it is suggested whenever possible to fully pipeline this function.  If this DSP48 function was inferred, it is suggested to describe an additional register stage after this function.  If the DSP48 was instantiated in the design, it is suggested to set the PREG attribute to 1.
Related violations: <none>

DPOP-3#117 Warning
PREG Output pipelining  
DSP u_control_soc/u_rocket/chiptop0/system/tile_prci_domain/element_reset_domain_rockettile/gemmini/mod/st/io_in_bits_pool_dram_addr3__0 output u_control_soc/u_rocket/chiptop0/system/tile_prci_domain/element_reset_domain_rockettile/gemmini/mod/st/io_in_bits_pool_dram_addr3__0/P[47:0] is not pipelined (PREG=0). Pipelining the DSP48 output will improve performance and often saves power so it is suggested whenever possible to fully pipeline this function.  If this DSP48 function was inferred, it is suggested to describe an additional register stage after this function.  If the DSP48 was instantiated in the design, it is suggested to set the PREG attribute to 1.
Related violations: <none>

DPOP-3#118 Warning
PREG Output pipelining  
DSP u_control_soc/u_rocket/chiptop0/system/tile_prci_domain/element_reset_domain_rockettile/gemmini/mod/st/io_in_bits_pool_dram_addr4 output u_control_soc/u_rocket/chiptop0/system/tile_prci_domain/element_reset_domain_rockettile/gemmini/mod/st/io_in_bits_pool_dram_addr4/P[47:0] is not pipelined (PREG=0). Pipelining the DSP48 output will improve performance and often saves power so it is suggested whenever possible to fully pipeline this function.  If this DSP48 function was inferred, it is suggested to describe an additional register stage after this function.  If the DSP48 was instantiated in the design, it is suggested to set the PREG attribute to 1.
Related violations: <none>

DPOP-3#119 Warning
PREG Output pipelining  
DSP u_control_soc/u_rocket/chiptop0/system/tile_prci_domain/element_reset_domain_rockettile/gemmini/mod/st/io_in_bits_spad_addr3 output u_control_soc/u_rocket/chiptop0/system/tile_prci_domain/element_reset_domain_rockettile/gemmini/mod/st/io_in_bits_spad_addr3/P[47:0] is not pipelined (PREG=0). Pipelining the DSP48 output will improve performance and often saves power so it is suggested whenever possible to fully pipeline this function.  If this DSP48 function was inferred, it is suggested to describe an additional register stage after this function.  If the DSP48 was instantiated in the design, it is suggested to set the PREG attribute to 1.
Related violations: <none>

DPOP-3#120 Warning
PREG Output pipelining  
DSP u_control_soc/u_rocket/chiptop0/system/tile_prci_domain/element_reset_domain_rockettile/gemmini/mod/st/io_in_bits_spad_addr4 output u_control_soc/u_rocket/chiptop0/system/tile_prci_domain/element_reset_domain_rockettile/gemmini/mod/st/io_in_bits_spad_addr4/P[47:0] is not pipelined (PREG=0). Pipelining the DSP48 output will improve performance and often saves power so it is suggested whenever possible to fully pipeline this function.  If this DSP48 function was inferred, it is suggested to describe an additional register stage after this function.  If the DSP48 was instantiated in the design, it is suggested to set the PREG attribute to 1.
Related violations: <none>

DPOP-3#121 Warning
PREG Output pipelining  
DSP u_control_soc/u_rocket/chiptop0/system/tile_prci_domain/element_reset_domain_rockettile/gemmini/mod/st/io_in_bits_spad_addr5 output u_control_soc/u_rocket/chiptop0/system/tile_prci_domain/element_reset_domain_rockettile/gemmini/mod/st/io_in_bits_spad_addr5/P[47:0] is not pipelined (PREG=0). Pipelining the DSP48 output will improve performance and often saves power so it is suggested whenever possible to fully pipeline this function.  If this DSP48 function was inferred, it is suggested to describe an additional register stage after this function.  If the DSP48 was instantiated in the design, it is suggested to set the PREG attribute to 1.
Related violations: <none>

DPOP-3#122 Warning
PREG Output pipelining  
DSP u_control_soc/u_rocket/chiptop0/system/tile_prci_domain/element_reset_domain_rockettile/gemmini/mod/st/io_in_bits_spad_addr6 output u_control_soc/u_rocket/chiptop0/system/tile_prci_domain/element_reset_domain_rockettile/gemmini/mod/st/io_in_bits_spad_addr6/P[47:0] is not pipelined (PREG=0). Pipelining the DSP48 output will improve performance and often saves power so it is suggested whenever possible to fully pipeline this function.  If this DSP48 function was inferred, it is suggested to describe an additional register stage after this function.  If the DSP48 was instantiated in the design, it is suggested to set the PREG attribute to 1.
Related violations: <none>

DPOP-3#123 Warning
PREG Output pipelining  
DSP u_control_soc/u_rocket/chiptop0/system/tile_prci_domain/element_reset_domain_rockettile/gemmini/mod/st/p_2_out output u_control_soc/u_rocket/chiptop0/system/tile_prci_domain/element_reset_domain_rockettile/gemmini/mod/st/p_2_out/P[47:0] is not pipelined (PREG=0). Pipelining the DSP48 output will improve performance and often saves power so it is suggested whenever possible to fully pipeline this function.  If this DSP48 function was inferred, it is suggested to describe an additional register stage after this function.  If the DSP48 was instantiated in the design, it is suggested to set the PREG attribute to 1.
Related violations: <none>

DPOP-3#124 Warning
PREG Output pipelining  
DSP u_control_soc/u_rocket/chiptop0/system/tile_prci_domain/element_reset_domain_rockettile/gemmini/mod/st/p_2_out__0 output u_control_soc/u_rocket/chiptop0/system/tile_prci_domain/element_reset_domain_rockettile/gemmini/mod/st/p_2_out__0/P[47:0] is not pipelined (PREG=0). Pipelining the DSP48 output will improve performance and often saves power so it is suggested whenever possible to fully pipeline this function.  If this DSP48 function was inferred, it is suggested to describe an additional register stage after this function.  If the DSP48 was instantiated in the design, it is suggested to set the PREG attribute to 1.
Related violations: <none>

DPOP-3#125 Warning
PREG Output pipelining  
DSP u_control_soc/u_rocket/chiptop0/system/tile_prci_domain/element_reset_domain_rockettile/gemmini/mod/st/p_2_out__1 output u_control_soc/u_rocket/chiptop0/system/tile_prci_domain/element_reset_domain_rockettile/gemmini/mod/st/p_2_out__1/P[47:0] is not pipelined (PREG=0). Pipelining the DSP48 output will improve performance and often saves power so it is suggested whenever possible to fully pipeline this function.  If this DSP48 function was inferred, it is suggested to describe an additional register stage after this function.  If the DSP48 was instantiated in the design, it is suggested to set the PREG attribute to 1.
Related violations: <none>

DPOP-3#126 Warning
PREG Output pipelining  
DSP u_control_soc/u_rocket/chiptop0/system/tile_prci_domain/element_reset_domain_rockettile/gemmini/mod/st/p_2_out__2 output u_control_soc/u_rocket/chiptop0/system/tile_prci_domain/element_reset_domain_rockettile/gemmini/mod/st/p_2_out__2/P[47:0] is not pipelined (PREG=0). Pipelining the DSP48 output will improve performance and often saves power so it is suggested whenever possible to fully pipeline this function.  If this DSP48 function was inferred, it is suggested to describe an additional register stage after this function.  If the DSP48 was instantiated in the design, it is suggested to set the PREG attribute to 1.
Related violations: <none>

DPOP-3#127 Warning
PREG Output pipelining  
DSP u_control_soc/u_rocket/chiptop0/system/tile_prci_domain/element_reset_domain_rockettile/gemmini/mod/st/p_3_out output u_control_soc/u_rocket/chiptop0/system/tile_prci_domain/element_reset_domain_rockettile/gemmini/mod/st/p_3_out/P[47:0] is not pipelined (PREG=0). Pipelining the DSP48 output will improve performance and often saves power so it is suggested whenever possible to fully pipeline this function.  If this DSP48 function was inferred, it is suggested to describe an additional register stage after this function.  If the DSP48 was instantiated in the design, it is suggested to set the PREG attribute to 1.
Related violations: <none>

DPOP-3#128 Warning
PREG Output pipelining  
DSP u_control_soc/u_rocket/chiptop0/system/tile_prci_domain/element_reset_domain_rockettile/gemmini/mod_1/ex/_a_addr_T_40 output u_control_soc/u_rocket/chiptop0/system/tile_prci_domain/element_reset_domain_rockettile/gemmini/mod_1/ex/_a_addr_T_40/P[47:0] is not pipelined (PREG=0). Pipelining the DSP48 output will improve performance and often saves power so it is suggested whenever possible to fully pipeline this function.  If this DSP48 function was inferred, it is suggested to describe an additional register stage after this function.  If the DSP48 was instantiated in the design, it is suggested to set the PREG attribute to 1.
Related violations: <none>

DPOP-3#129 Warning
PREG Output pipelining  
DSP u_control_soc/u_rocket/chiptop0/system/tile_prci_domain/element_reset_domain_rockettile/gemmini/mod_1/ex/_b_addr_T_40 output u_control_soc/u_rocket/chiptop0/system/tile_prci_domain/element_reset_domain_rockettile/gemmini/mod_1/ex/_b_addr_T_40/P[47:0] is not pipelined (PREG=0). Pipelining the DSP48 output will improve performance and often saves power so it is suggested whenever possible to fully pipeline this function.  If this DSP48 function was inferred, it is suggested to describe an additional register stage after this function.  If the DSP48 was instantiated in the design, it is suggested to set the PREG attribute to 1.
Related violations: <none>

DPOP-3#130 Warning
PREG Output pipelining  
DSP u_control_soc/u_rocket/chiptop0/system/tile_prci_domain/element_reset_domain_rockettile/gemmini/mod_1/ex/_b_addr_T_41 output u_control_soc/u_rocket/chiptop0/system/tile_prci_domain/element_reset_domain_rockettile/gemmini/mod_1/ex/_b_addr_T_41/P[47:0] is not pipelined (PREG=0). Pipelining the DSP48 output will improve performance and often saves power so it is suggested whenever possible to fully pipeline this function.  If this DSP48 function was inferred, it is suggested to describe an additional register stage after this function.  If the DSP48 was instantiated in the design, it is suggested to set the PREG attribute to 1.
Related violations: <none>

DPOP-3#131 Warning
PREG Output pipelining  
DSP u_control_soc/u_rocket/chiptop0/system/tile_prci_domain/element_reset_domain_rockettile/gemmini/mod_1/ex/_c_addr_T_40 output u_control_soc/u_rocket/chiptop0/system/tile_prci_domain/element_reset_domain_rockettile/gemmini/mod_1/ex/_c_addr_T_40/P[47:0] is not pipelined (PREG=0). Pipelining the DSP48 output will improve performance and often saves power so it is suggested whenever possible to fully pipeline this function.  If this DSP48 function was inferred, it is suggested to describe an additional register stage after this function.  If the DSP48 was instantiated in the design, it is suggested to set the PREG attribute to 1.
Related violations: <none>

DPOP-3#132 Warning
PREG Output pipelining  
DSP u_control_soc/u_rocket/chiptop0/system/tile_prci_domain/element_reset_domain_rockettile/gemmini/mod_1/ldA/_sp_addr_T_40 output u_control_soc/u_rocket/chiptop0/system/tile_prci_domain/element_reset_domain_rockettile/gemmini/mod_1/ldA/_sp_addr_T_40/P[47:0] is not pipelined (PREG=0). Pipelining the DSP48 output will improve performance and often saves power so it is suggested whenever possible to fully pipeline this function.  If this DSP48 function was inferred, it is suggested to describe an additional register stage after this function.  If the DSP48 was instantiated in the design, it is suggested to set the PREG attribute to 1.
Related violations: <none>

DPOP-3#133 Warning
PREG Output pipelining  
DSP u_control_soc/u_rocket/chiptop0/system/tile_prci_domain/element_reset_domain_rockettile/gemmini/mod_1/ldA/io_cmd_bits_rs11 output u_control_soc/u_rocket/chiptop0/system/tile_prci_domain/element_reset_domain_rockettile/gemmini/mod_1/ldA/io_cmd_bits_rs11/P[47:0] is not pipelined (PREG=0). Pipelining the DSP48 output will improve performance and often saves power so it is suggested whenever possible to fully pipeline this function.  If this DSP48 function was inferred, it is suggested to describe an additional register stage after this function.  If the DSP48 was instantiated in the design, it is suggested to set the PREG attribute to 1.
Related violations: <none>

DPOP-3#134 Warning
PREG Output pipelining  
DSP u_control_soc/u_rocket/chiptop0/system/tile_prci_domain/element_reset_domain_rockettile/gemmini/mod_1/ldB/_sp_addr_T_40 output u_control_soc/u_rocket/chiptop0/system/tile_prci_domain/element_reset_domain_rockettile/gemmini/mod_1/ldB/_sp_addr_T_40/P[47:0] is not pipelined (PREG=0). Pipelining the DSP48 output will improve performance and often saves power so it is suggested whenever possible to fully pipeline this function.  If this DSP48 function was inferred, it is suggested to describe an additional register stage after this function.  If the DSP48 was instantiated in the design, it is suggested to set the PREG attribute to 1.
Related violations: <none>

DPOP-3#135 Warning
PREG Output pipelining  
DSP u_control_soc/u_rocket/chiptop0/system/tile_prci_domain/element_reset_domain_rockettile/gemmini/mod_1/ldB/_sp_addr_T_42 output u_control_soc/u_rocket/chiptop0/system/tile_prci_domain/element_reset_domain_rockettile/gemmini/mod_1/ldB/_sp_addr_T_42/P[47:0] is not pipelined (PREG=0). Pipelining the DSP48 output will improve performance and often saves power so it is suggested whenever possible to fully pipeline this function.  If this DSP48 function was inferred, it is suggested to describe an additional register stage after this function.  If the DSP48 was instantiated in the design, it is suggested to set the PREG attribute to 1.
Related violations: <none>

DPOP-3#136 Warning
PREG Output pipelining  
DSP u_control_soc/u_rocket/chiptop0/system/tile_prci_domain/element_reset_domain_rockettile/gemmini/mod_1/ldB/io_cmd_bits_rs11 output u_control_soc/u_rocket/chiptop0/system/tile_prci_domain/element_reset_domain_rockettile/gemmini/mod_1/ldB/io_cmd_bits_rs11/P[47:0] is not pipelined (PREG=0). Pipelining the DSP48 output will improve performance and often saves power so it is suggested whenever possible to fully pipeline this function.  If this DSP48 function was inferred, it is suggested to describe an additional register stage after this function.  If the DSP48 was instantiated in the design, it is suggested to set the PREG attribute to 1.
Related violations: <none>

DPOP-3#137 Warning
PREG Output pipelining  
DSP u_control_soc/u_rocket/chiptop0/system/tile_prci_domain/element_reset_domain_rockettile/gemmini/mod_1/ldD/_dram_offset_T_5 output u_control_soc/u_rocket/chiptop0/system/tile_prci_domain/element_reset_domain_rockettile/gemmini/mod_1/ldD/_dram_offset_T_5/P[47:0] is not pipelined (PREG=0). Pipelining the DSP48 output will improve performance and often saves power so it is suggested whenever possible to fully pipeline this function.  If this DSP48 function was inferred, it is suggested to describe an additional register stage after this function.  If the DSP48 was instantiated in the design, it is suggested to set the PREG attribute to 1.
Related violations: <none>

DPOP-3#138 Warning
PREG Output pipelining  
DSP u_control_soc/u_rocket/chiptop0/system/tile_prci_domain/element_reset_domain_rockettile/gemmini/mod_1/ldD/_sp_addr_T_40 output u_control_soc/u_rocket/chiptop0/system/tile_prci_domain/element_reset_domain_rockettile/gemmini/mod_1/ldD/_sp_addr_T_40/P[47:0] is not pipelined (PREG=0). Pipelining the DSP48 output will improve performance and often saves power so it is suggested whenever possible to fully pipeline this function.  If this DSP48 function was inferred, it is suggested to describe an additional register stage after this function.  If the DSP48 was instantiated in the design, it is suggested to set the PREG attribute to 1.
Related violations: <none>

DPOP-3#139 Warning
PREG Output pipelining  
DSP u_control_soc/u_rocket/chiptop0/system/tile_prci_domain/element_reset_domain_rockettile/gemmini/mod_1/stC/_ln_dram_offset_T output u_control_soc/u_rocket/chiptop0/system/tile_prci_domain/element_reset_domain_rockettile/gemmini/mod_1/stC/_ln_dram_offset_T/P[47:0] is not pipelined (PREG=0). Pipelining the DSP48 output will improve performance and often saves power so it is suggested whenever possible to fully pipeline this function.  If this DSP48 function was inferred, it is suggested to describe an additional register stage after this function.  If the DSP48 was instantiated in the design, it is suggested to set the PREG attribute to 1.
Related violations: <none>

DPOP-3#140 Warning
PREG Output pipelining  
DSP u_control_soc/u_rocket/chiptop0/system/tile_prci_domain/element_reset_domain_rockettile/gemmini/mod_1/stC/_sp_addr_T_40 output u_control_soc/u_rocket/chiptop0/system/tile_prci_domain/element_reset_domain_rockettile/gemmini/mod_1/stC/_sp_addr_T_40/P[47:0] is not pipelined (PREG=0). Pipelining the DSP48 output will improve performance and often saves power so it is suggested whenever possible to fully pipeline this function.  If this DSP48 function was inferred, it is suggested to describe an additional register stage after this function.  If the DSP48 was instantiated in the design, it is suggested to set the PREG attribute to 1.
Related violations: <none>

DPOP-3#141 Warning
PREG Output pipelining  
DSP u_control_soc/u_rocket/chiptop0/system/tile_prci_domain/element_reset_domain_rockettile/gemmini/mod_1/stC/io_cmd_bits_rs13 output u_control_soc/u_rocket/chiptop0/system/tile_prci_domain/element_reset_domain_rockettile/gemmini/mod_1/stC/io_cmd_bits_rs13/P[47:0] is not pipelined (PREG=0). Pipelining the DSP48 output will improve performance and often saves power so it is suggested whenever possible to fully pipeline this function.  If this DSP48 function was inferred, it is suggested to describe an additional register stage after this function.  If the DSP48 was instantiated in the design, it is suggested to set the PREG attribute to 1.
Related violations: <none>

DPOP-3#142 Warning
PREG Output pipelining  
DSP u_control_soc/u_rocket/chiptop0/system/tile_prci_domain/element_reset_domain_rockettile/gemmini/mod_1/stC/io_cmd_bits_rs13__0 output u_control_soc/u_rocket/chiptop0/system/tile_prci_domain/element_reset_domain_rockettile/gemmini/mod_1/stC/io_cmd_bits_rs13__0/P[47:0] is not pipelined (PREG=0). Pipelining the DSP48 output will improve performance and often saves power so it is suggested whenever possible to fully pipeline this function.  If this DSP48 function was inferred, it is suggested to describe an additional register stage after this function.  If the DSP48 was instantiated in the design, it is suggested to set the PREG attribute to 1.
Related violations: <none>

DPOP-3#143 Warning
PREG Output pipelining  
DSP u_control_soc/u_rocket/chiptop0/system/tile_prci_domain/element_reset_domain_rockettile/gemmini/mod_1/stC/io_cmd_bits_rs23 output u_control_soc/u_rocket/chiptop0/system/tile_prci_domain/element_reset_domain_rockettile/gemmini/mod_1/stC/io_cmd_bits_rs23/P[47:0] is not pipelined (PREG=0). Pipelining the DSP48 output will improve performance and often saves power so it is suggested whenever possible to fully pipeline this function.  If this DSP48 function was inferred, it is suggested to describe an additional register stage after this function.  If the DSP48 was instantiated in the design, it is suggested to set the PREG attribute to 1.
Related violations: <none>

DPOP-3#144 Warning
PREG Output pipelining  
DSP u_control_soc/u_rocket/chiptop0/system/tile_prci_domain/element_reset_domain_rockettile/gemmini/mod_1/stC_spad/_dst_addr_T0 output u_control_soc/u_rocket/chiptop0/system/tile_prci_domain/element_reset_domain_rockettile/gemmini/mod_1/stC_spad/_dst_addr_T0/P[47:0] is not pipelined (PREG=0). Pipelining the DSP48 output will improve performance and often saves power so it is suggested whenever possible to fully pipeline this function.  If this DSP48 function was inferred, it is suggested to describe an additional register stage after this function.  If the DSP48 was instantiated in the design, it is suggested to set the PREG attribute to 1.
Related violations: <none>

DPOP-3#145 Warning
PREG Output pipelining  
DSP u_control_soc/u_rocket/chiptop0/system/tile_prci_domain/element_reset_domain_rockettile/gemmini/reservation_station/dst_bits_wraps_around_sum output u_control_soc/u_rocket/chiptop0/system/tile_prci_domain/element_reset_domain_rockettile/gemmini/reservation_station/dst_bits_wraps_around_sum/P[47:0] is not pipelined (PREG=0). Pipelining the DSP48 output will improve performance and often saves power so it is suggested whenever possible to fully pipeline this function.  If this DSP48 function was inferred, it is suggested to describe an additional register stage after this function.  If the DSP48 was instantiated in the design, it is suggested to set the PREG attribute to 1.
Related violations: <none>

DPOP-3#146 Warning
PREG Output pipelining  
DSP u_control_soc/u_rocket/chiptop0/system/tile_prci_domain/element_reset_domain_rockettile/gemmini/reservation_station/dst_bits_wraps_around_sum_2 output u_control_soc/u_rocket/chiptop0/system/tile_prci_domain/element_reset_domain_rockettile/gemmini/reservation_station/dst_bits_wraps_around_sum_2/P[47:0] is not pipelined (PREG=0). Pipelining the DSP48 output will improve performance and often saves power so it is suggested whenever possible to fully pipeline this function.  If this DSP48 function was inferred, it is suggested to describe an additional register stage after this function.  If the DSP48 was instantiated in the design, it is suggested to set the PREG attribute to 1.
Related violations: <none>

DPOP-3#147 Warning
PREG Output pipelining  
DSP u_control_soc/u_rocket/chiptop0/system/tile_prci_domain/element_reset_domain_rockettile/gemmini/reservation_station/op1_bits_wraps_around_sum_1 output u_control_soc/u_rocket/chiptop0/system/tile_prci_domain/element_reset_domain_rockettile/gemmini/reservation_station/op1_bits_wraps_around_sum_1/P[47:0] is not pipelined (PREG=0). Pipelining the DSP48 output will improve performance and often saves power so it is suggested whenever possible to fully pipeline this function.  If this DSP48 function was inferred, it is suggested to describe an additional register stage after this function.  If the DSP48 was instantiated in the design, it is suggested to set the PREG attribute to 1.
Related violations: <none>

DPOP-3#148 Warning
PREG Output pipelining  
DSP u_control_soc/u_rocket/chiptop0/system/tile_prci_domain/element_reset_domain_rockettile/gemmini/spad/acc_scale_unit/activated_data_e_scaled_muladder/io_mulAddResult1 output u_control_soc/u_rocket/chiptop0/system/tile_prci_domain/element_reset_domain_rockettile/gemmini/spad/acc_scale_unit/activated_data_e_scaled_muladder/io_mulAddResult1/P[47:0] is not pipelined (PREG=0). Pipelining the DSP48 output will improve performance and often saves power so it is suggested whenever possible to fully pipeline this function.  If this DSP48 function was inferred, it is suggested to describe an additional register stage after this function.  If the DSP48 was instantiated in the design, it is suggested to set the PREG attribute to 1.
Related violations: <none>

DPOP-3#149 Warning
PREG Output pipelining  
DSP u_control_soc/u_rocket/chiptop0/system/tile_prci_domain/element_reset_domain_rockettile/gemmini/spad/acc_scale_unit/activated_data_e_scaled_muladder/io_mulAddResult1__0 output u_control_soc/u_rocket/chiptop0/system/tile_prci_domain/element_reset_domain_rockettile/gemmini/spad/acc_scale_unit/activated_data_e_scaled_muladder/io_mulAddResult1__0/P[47:0] is not pipelined (PREG=0). Pipelining the DSP48 output will improve performance and often saves power so it is suggested whenever possible to fully pipeline this function.  If this DSP48 function was inferred, it is suggested to describe an additional register stage after this function.  If the DSP48 was instantiated in the design, it is suggested to set the PREG attribute to 1.
Related violations: <none>

DPOP-3#150 Warning
PREG Output pipelining  
DSP u_control_soc/u_rocket/chiptop0/system/tile_prci_domain/element_reset_domain_rockettile/gemmini/spad/acc_scale_unit/activated_data_e_scaled_muladder_1/io_mulAddResult1 output u_control_soc/u_rocket/chiptop0/system/tile_prci_domain/element_reset_domain_rockettile/gemmini/spad/acc_scale_unit/activated_data_e_scaled_muladder_1/io_mulAddResult1/P[47:0] is not pipelined (PREG=0). Pipelining the DSP48 output will improve performance and often saves power so it is suggested whenever possible to fully pipeline this function.  If this DSP48 function was inferred, it is suggested to describe an additional register stage after this function.  If the DSP48 was instantiated in the design, it is suggested to set the PREG attribute to 1.
Related violations: <none>

DPOP-3#151 Warning
PREG Output pipelining  
DSP u_control_soc/u_rocket/chiptop0/system/tile_prci_domain/element_reset_domain_rockettile/gemmini/spad/acc_scale_unit/activated_data_e_scaled_muladder_1/io_mulAddResult1__0 output u_control_soc/u_rocket/chiptop0/system/tile_prci_domain/element_reset_domain_rockettile/gemmini/spad/acc_scale_unit/activated_data_e_scaled_muladder_1/io_mulAddResult1__0/P[47:0] is not pipelined (PREG=0). Pipelining the DSP48 output will improve performance and often saves power so it is suggested whenever possible to fully pipeline this function.  If this DSP48 function was inferred, it is suggested to describe an additional register stage after this function.  If the DSP48 was instantiated in the design, it is suggested to set the PREG attribute to 1.
Related violations: <none>

DPOP-3#152 Warning
PREG Output pipelining  
DSP u_control_soc/u_rocket/chiptop0/system/tile_prci_domain/element_reset_domain_rockettile/gemmini/spad/acc_scale_unit/activated_data_e_scaled_muladder_10/io_mulAddResult1 output u_control_soc/u_rocket/chiptop0/system/tile_prci_domain/element_reset_domain_rockettile/gemmini/spad/acc_scale_unit/activated_data_e_scaled_muladder_10/io_mulAddResult1/P[47:0] is not pipelined (PREG=0). Pipelining the DSP48 output will improve performance and often saves power so it is suggested whenever possible to fully pipeline this function.  If this DSP48 function was inferred, it is suggested to describe an additional register stage after this function.  If the DSP48 was instantiated in the design, it is suggested to set the PREG attribute to 1.
Related violations: <none>

DPOP-3#153 Warning
PREG Output pipelining  
DSP u_control_soc/u_rocket/chiptop0/system/tile_prci_domain/element_reset_domain_rockettile/gemmini/spad/acc_scale_unit/activated_data_e_scaled_muladder_10/io_mulAddResult1__0 output u_control_soc/u_rocket/chiptop0/system/tile_prci_domain/element_reset_domain_rockettile/gemmini/spad/acc_scale_unit/activated_data_e_scaled_muladder_10/io_mulAddResult1__0/P[47:0] is not pipelined (PREG=0). Pipelining the DSP48 output will improve performance and often saves power so it is suggested whenever possible to fully pipeline this function.  If this DSP48 function was inferred, it is suggested to describe an additional register stage after this function.  If the DSP48 was instantiated in the design, it is suggested to set the PREG attribute to 1.
Related violations: <none>

DPOP-3#154 Warning
PREG Output pipelining  
DSP u_control_soc/u_rocket/chiptop0/system/tile_prci_domain/element_reset_domain_rockettile/gemmini/spad/acc_scale_unit/activated_data_e_scaled_muladder_11/io_mulAddResult1 output u_control_soc/u_rocket/chiptop0/system/tile_prci_domain/element_reset_domain_rockettile/gemmini/spad/acc_scale_unit/activated_data_e_scaled_muladder_11/io_mulAddResult1/P[47:0] is not pipelined (PREG=0). Pipelining the DSP48 output will improve performance and often saves power so it is suggested whenever possible to fully pipeline this function.  If this DSP48 function was inferred, it is suggested to describe an additional register stage after this function.  If the DSP48 was instantiated in the design, it is suggested to set the PREG attribute to 1.
Related violations: <none>

DPOP-3#155 Warning
PREG Output pipelining  
DSP u_control_soc/u_rocket/chiptop0/system/tile_prci_domain/element_reset_domain_rockettile/gemmini/spad/acc_scale_unit/activated_data_e_scaled_muladder_11/io_mulAddResult1__0 output u_control_soc/u_rocket/chiptop0/system/tile_prci_domain/element_reset_domain_rockettile/gemmini/spad/acc_scale_unit/activated_data_e_scaled_muladder_11/io_mulAddResult1__0/P[47:0] is not pipelined (PREG=0). Pipelining the DSP48 output will improve performance and often saves power so it is suggested whenever possible to fully pipeline this function.  If this DSP48 function was inferred, it is suggested to describe an additional register stage after this function.  If the DSP48 was instantiated in the design, it is suggested to set the PREG attribute to 1.
Related violations: <none>

DPOP-3#156 Warning
PREG Output pipelining  
DSP u_control_soc/u_rocket/chiptop0/system/tile_prci_domain/element_reset_domain_rockettile/gemmini/spad/acc_scale_unit/activated_data_e_scaled_muladder_12/io_mulAddResult1 output u_control_soc/u_rocket/chiptop0/system/tile_prci_domain/element_reset_domain_rockettile/gemmini/spad/acc_scale_unit/activated_data_e_scaled_muladder_12/io_mulAddResult1/P[47:0] is not pipelined (PREG=0). Pipelining the DSP48 output will improve performance and often saves power so it is suggested whenever possible to fully pipeline this function.  If this DSP48 function was inferred, it is suggested to describe an additional register stage after this function.  If the DSP48 was instantiated in the design, it is suggested to set the PREG attribute to 1.
Related violations: <none>

DPOP-3#157 Warning
PREG Output pipelining  
DSP u_control_soc/u_rocket/chiptop0/system/tile_prci_domain/element_reset_domain_rockettile/gemmini/spad/acc_scale_unit/activated_data_e_scaled_muladder_12/io_mulAddResult1__0 output u_control_soc/u_rocket/chiptop0/system/tile_prci_domain/element_reset_domain_rockettile/gemmini/spad/acc_scale_unit/activated_data_e_scaled_muladder_12/io_mulAddResult1__0/P[47:0] is not pipelined (PREG=0). Pipelining the DSP48 output will improve performance and often saves power so it is suggested whenever possible to fully pipeline this function.  If this DSP48 function was inferred, it is suggested to describe an additional register stage after this function.  If the DSP48 was instantiated in the design, it is suggested to set the PREG attribute to 1.
Related violations: <none>

DPOP-3#158 Warning
PREG Output pipelining  
DSP u_control_soc/u_rocket/chiptop0/system/tile_prci_domain/element_reset_domain_rockettile/gemmini/spad/acc_scale_unit/activated_data_e_scaled_muladder_13/io_mulAddResult1 output u_control_soc/u_rocket/chiptop0/system/tile_prci_domain/element_reset_domain_rockettile/gemmini/spad/acc_scale_unit/activated_data_e_scaled_muladder_13/io_mulAddResult1/P[47:0] is not pipelined (PREG=0). Pipelining the DSP48 output will improve performance and often saves power so it is suggested whenever possible to fully pipeline this function.  If this DSP48 function was inferred, it is suggested to describe an additional register stage after this function.  If the DSP48 was instantiated in the design, it is suggested to set the PREG attribute to 1.
Related violations: <none>

DPOP-3#159 Warning
PREG Output pipelining  
DSP u_control_soc/u_rocket/chiptop0/system/tile_prci_domain/element_reset_domain_rockettile/gemmini/spad/acc_scale_unit/activated_data_e_scaled_muladder_13/io_mulAddResult1__0 output u_control_soc/u_rocket/chiptop0/system/tile_prci_domain/element_reset_domain_rockettile/gemmini/spad/acc_scale_unit/activated_data_e_scaled_muladder_13/io_mulAddResult1__0/P[47:0] is not pipelined (PREG=0). Pipelining the DSP48 output will improve performance and often saves power so it is suggested whenever possible to fully pipeline this function.  If this DSP48 function was inferred, it is suggested to describe an additional register stage after this function.  If the DSP48 was instantiated in the design, it is suggested to set the PREG attribute to 1.
Related violations: <none>

DPOP-3#160 Warning
PREG Output pipelining  
DSP u_control_soc/u_rocket/chiptop0/system/tile_prci_domain/element_reset_domain_rockettile/gemmini/spad/acc_scale_unit/activated_data_e_scaled_muladder_14/io_mulAddResult1 output u_control_soc/u_rocket/chiptop0/system/tile_prci_domain/element_reset_domain_rockettile/gemmini/spad/acc_scale_unit/activated_data_e_scaled_muladder_14/io_mulAddResult1/P[47:0] is not pipelined (PREG=0). Pipelining the DSP48 output will improve performance and often saves power so it is suggested whenever possible to fully pipeline this function.  If this DSP48 function was inferred, it is suggested to describe an additional register stage after this function.  If the DSP48 was instantiated in the design, it is suggested to set the PREG attribute to 1.
Related violations: <none>

DPOP-3#161 Warning
PREG Output pipelining  
DSP u_control_soc/u_rocket/chiptop0/system/tile_prci_domain/element_reset_domain_rockettile/gemmini/spad/acc_scale_unit/activated_data_e_scaled_muladder_14/io_mulAddResult1__0 output u_control_soc/u_rocket/chiptop0/system/tile_prci_domain/element_reset_domain_rockettile/gemmini/spad/acc_scale_unit/activated_data_e_scaled_muladder_14/io_mulAddResult1__0/P[47:0] is not pipelined (PREG=0). Pipelining the DSP48 output will improve performance and often saves power so it is suggested whenever possible to fully pipeline this function.  If this DSP48 function was inferred, it is suggested to describe an additional register stage after this function.  If the DSP48 was instantiated in the design, it is suggested to set the PREG attribute to 1.
Related violations: <none>

DPOP-3#162 Warning
PREG Output pipelining  
DSP u_control_soc/u_rocket/chiptop0/system/tile_prci_domain/element_reset_domain_rockettile/gemmini/spad/acc_scale_unit/activated_data_e_scaled_muladder_15/io_mulAddResult1 output u_control_soc/u_rocket/chiptop0/system/tile_prci_domain/element_reset_domain_rockettile/gemmini/spad/acc_scale_unit/activated_data_e_scaled_muladder_15/io_mulAddResult1/P[47:0] is not pipelined (PREG=0). Pipelining the DSP48 output will improve performance and often saves power so it is suggested whenever possible to fully pipeline this function.  If this DSP48 function was inferred, it is suggested to describe an additional register stage after this function.  If the DSP48 was instantiated in the design, it is suggested to set the PREG attribute to 1.
Related violations: <none>

DPOP-3#163 Warning
PREG Output pipelining  
DSP u_control_soc/u_rocket/chiptop0/system/tile_prci_domain/element_reset_domain_rockettile/gemmini/spad/acc_scale_unit/activated_data_e_scaled_muladder_15/io_mulAddResult1__0 output u_control_soc/u_rocket/chiptop0/system/tile_prci_domain/element_reset_domain_rockettile/gemmini/spad/acc_scale_unit/activated_data_e_scaled_muladder_15/io_mulAddResult1__0/P[47:0] is not pipelined (PREG=0). Pipelining the DSP48 output will improve performance and often saves power so it is suggested whenever possible to fully pipeline this function.  If this DSP48 function was inferred, it is suggested to describe an additional register stage after this function.  If the DSP48 was instantiated in the design, it is suggested to set the PREG attribute to 1.
Related violations: <none>

DPOP-3#164 Warning
PREG Output pipelining  
DSP u_control_soc/u_rocket/chiptop0/system/tile_prci_domain/element_reset_domain_rockettile/gemmini/spad/acc_scale_unit/activated_data_e_scaled_muladder_16/io_mulAddResult1 output u_control_soc/u_rocket/chiptop0/system/tile_prci_domain/element_reset_domain_rockettile/gemmini/spad/acc_scale_unit/activated_data_e_scaled_muladder_16/io_mulAddResult1/P[47:0] is not pipelined (PREG=0). Pipelining the DSP48 output will improve performance and often saves power so it is suggested whenever possible to fully pipeline this function.  If this DSP48 function was inferred, it is suggested to describe an additional register stage after this function.  If the DSP48 was instantiated in the design, it is suggested to set the PREG attribute to 1.
Related violations: <none>

DPOP-3#165 Warning
PREG Output pipelining  
DSP u_control_soc/u_rocket/chiptop0/system/tile_prci_domain/element_reset_domain_rockettile/gemmini/spad/acc_scale_unit/activated_data_e_scaled_muladder_16/io_mulAddResult1__0 output u_control_soc/u_rocket/chiptop0/system/tile_prci_domain/element_reset_domain_rockettile/gemmini/spad/acc_scale_unit/activated_data_e_scaled_muladder_16/io_mulAddResult1__0/P[47:0] is not pipelined (PREG=0). Pipelining the DSP48 output will improve performance and often saves power so it is suggested whenever possible to fully pipeline this function.  If this DSP48 function was inferred, it is suggested to describe an additional register stage after this function.  If the DSP48 was instantiated in the design, it is suggested to set the PREG attribute to 1.
Related violations: <none>

DPOP-3#166 Warning
PREG Output pipelining  
DSP u_control_soc/u_rocket/chiptop0/system/tile_prci_domain/element_reset_domain_rockettile/gemmini/spad/acc_scale_unit/activated_data_e_scaled_muladder_17/io_mulAddResult1 output u_control_soc/u_rocket/chiptop0/system/tile_prci_domain/element_reset_domain_rockettile/gemmini/spad/acc_scale_unit/activated_data_e_scaled_muladder_17/io_mulAddResult1/P[47:0] is not pipelined (PREG=0). Pipelining the DSP48 output will improve performance and often saves power so it is suggested whenever possible to fully pipeline this function.  If this DSP48 function was inferred, it is suggested to describe an additional register stage after this function.  If the DSP48 was instantiated in the design, it is suggested to set the PREG attribute to 1.
Related violations: <none>

DPOP-3#167 Warning
PREG Output pipelining  
DSP u_control_soc/u_rocket/chiptop0/system/tile_prci_domain/element_reset_domain_rockettile/gemmini/spad/acc_scale_unit/activated_data_e_scaled_muladder_17/io_mulAddResult1__0 output u_control_soc/u_rocket/chiptop0/system/tile_prci_domain/element_reset_domain_rockettile/gemmini/spad/acc_scale_unit/activated_data_e_scaled_muladder_17/io_mulAddResult1__0/P[47:0] is not pipelined (PREG=0). Pipelining the DSP48 output will improve performance and often saves power so it is suggested whenever possible to fully pipeline this function.  If this DSP48 function was inferred, it is suggested to describe an additional register stage after this function.  If the DSP48 was instantiated in the design, it is suggested to set the PREG attribute to 1.
Related violations: <none>

DPOP-3#168 Warning
PREG Output pipelining  
DSP u_control_soc/u_rocket/chiptop0/system/tile_prci_domain/element_reset_domain_rockettile/gemmini/spad/acc_scale_unit/activated_data_e_scaled_muladder_18/io_mulAddResult1 output u_control_soc/u_rocket/chiptop0/system/tile_prci_domain/element_reset_domain_rockettile/gemmini/spad/acc_scale_unit/activated_data_e_scaled_muladder_18/io_mulAddResult1/P[47:0] is not pipelined (PREG=0). Pipelining the DSP48 output will improve performance and often saves power so it is suggested whenever possible to fully pipeline this function.  If this DSP48 function was inferred, it is suggested to describe an additional register stage after this function.  If the DSP48 was instantiated in the design, it is suggested to set the PREG attribute to 1.
Related violations: <none>

DPOP-3#169 Warning
PREG Output pipelining  
DSP u_control_soc/u_rocket/chiptop0/system/tile_prci_domain/element_reset_domain_rockettile/gemmini/spad/acc_scale_unit/activated_data_e_scaled_muladder_18/io_mulAddResult1__0 output u_control_soc/u_rocket/chiptop0/system/tile_prci_domain/element_reset_domain_rockettile/gemmini/spad/acc_scale_unit/activated_data_e_scaled_muladder_18/io_mulAddResult1__0/P[47:0] is not pipelined (PREG=0). Pipelining the DSP48 output will improve performance and often saves power so it is suggested whenever possible to fully pipeline this function.  If this DSP48 function was inferred, it is suggested to describe an additional register stage after this function.  If the DSP48 was instantiated in the design, it is suggested to set the PREG attribute to 1.
Related violations: <none>

DPOP-3#170 Warning
PREG Output pipelining  
DSP u_control_soc/u_rocket/chiptop0/system/tile_prci_domain/element_reset_domain_rockettile/gemmini/spad/acc_scale_unit/activated_data_e_scaled_muladder_19/io_mulAddResult1 output u_control_soc/u_rocket/chiptop0/system/tile_prci_domain/element_reset_domain_rockettile/gemmini/spad/acc_scale_unit/activated_data_e_scaled_muladder_19/io_mulAddResult1/P[47:0] is not pipelined (PREG=0). Pipelining the DSP48 output will improve performance and often saves power so it is suggested whenever possible to fully pipeline this function.  If this DSP48 function was inferred, it is suggested to describe an additional register stage after this function.  If the DSP48 was instantiated in the design, it is suggested to set the PREG attribute to 1.
Related violations: <none>

DPOP-3#171 Warning
PREG Output pipelining  
DSP u_control_soc/u_rocket/chiptop0/system/tile_prci_domain/element_reset_domain_rockettile/gemmini/spad/acc_scale_unit/activated_data_e_scaled_muladder_19/io_mulAddResult1__0 output u_control_soc/u_rocket/chiptop0/system/tile_prci_domain/element_reset_domain_rockettile/gemmini/spad/acc_scale_unit/activated_data_e_scaled_muladder_19/io_mulAddResult1__0/P[47:0] is not pipelined (PREG=0). Pipelining the DSP48 output will improve performance and often saves power so it is suggested whenever possible to fully pipeline this function.  If this DSP48 function was inferred, it is suggested to describe an additional register stage after this function.  If the DSP48 was instantiated in the design, it is suggested to set the PREG attribute to 1.
Related violations: <none>

DPOP-3#172 Warning
PREG Output pipelining  
DSP u_control_soc/u_rocket/chiptop0/system/tile_prci_domain/element_reset_domain_rockettile/gemmini/spad/acc_scale_unit/activated_data_e_scaled_muladder_2/io_mulAddResult1 output u_control_soc/u_rocket/chiptop0/system/tile_prci_domain/element_reset_domain_rockettile/gemmini/spad/acc_scale_unit/activated_data_e_scaled_muladder_2/io_mulAddResult1/P[47:0] is not pipelined (PREG=0). Pipelining the DSP48 output will improve performance and often saves power so it is suggested whenever possible to fully pipeline this function.  If this DSP48 function was inferred, it is suggested to describe an additional register stage after this function.  If the DSP48 was instantiated in the design, it is suggested to set the PREG attribute to 1.
Related violations: <none>

DPOP-3#173 Warning
PREG Output pipelining  
DSP u_control_soc/u_rocket/chiptop0/system/tile_prci_domain/element_reset_domain_rockettile/gemmini/spad/acc_scale_unit/activated_data_e_scaled_muladder_2/io_mulAddResult1__0 output u_control_soc/u_rocket/chiptop0/system/tile_prci_domain/element_reset_domain_rockettile/gemmini/spad/acc_scale_unit/activated_data_e_scaled_muladder_2/io_mulAddResult1__0/P[47:0] is not pipelined (PREG=0). Pipelining the DSP48 output will improve performance and often saves power so it is suggested whenever possible to fully pipeline this function.  If this DSP48 function was inferred, it is suggested to describe an additional register stage after this function.  If the DSP48 was instantiated in the design, it is suggested to set the PREG attribute to 1.
Related violations: <none>

DPOP-3#174 Warning
PREG Output pipelining  
DSP u_control_soc/u_rocket/chiptop0/system/tile_prci_domain/element_reset_domain_rockettile/gemmini/spad/acc_scale_unit/activated_data_e_scaled_muladder_20/io_mulAddResult1 output u_control_soc/u_rocket/chiptop0/system/tile_prci_domain/element_reset_domain_rockettile/gemmini/spad/acc_scale_unit/activated_data_e_scaled_muladder_20/io_mulAddResult1/P[47:0] is not pipelined (PREG=0). Pipelining the DSP48 output will improve performance and often saves power so it is suggested whenever possible to fully pipeline this function.  If this DSP48 function was inferred, it is suggested to describe an additional register stage after this function.  If the DSP48 was instantiated in the design, it is suggested to set the PREG attribute to 1.
Related violations: <none>

DPOP-3#175 Warning
PREG Output pipelining  
DSP u_control_soc/u_rocket/chiptop0/system/tile_prci_domain/element_reset_domain_rockettile/gemmini/spad/acc_scale_unit/activated_data_e_scaled_muladder_20/io_mulAddResult1__0 output u_control_soc/u_rocket/chiptop0/system/tile_prci_domain/element_reset_domain_rockettile/gemmini/spad/acc_scale_unit/activated_data_e_scaled_muladder_20/io_mulAddResult1__0/P[47:0] is not pipelined (PREG=0). Pipelining the DSP48 output will improve performance and often saves power so it is suggested whenever possible to fully pipeline this function.  If this DSP48 function was inferred, it is suggested to describe an additional register stage after this function.  If the DSP48 was instantiated in the design, it is suggested to set the PREG attribute to 1.
Related violations: <none>

DPOP-3#176 Warning
PREG Output pipelining  
DSP u_control_soc/u_rocket/chiptop0/system/tile_prci_domain/element_reset_domain_rockettile/gemmini/spad/acc_scale_unit/activated_data_e_scaled_muladder_21/io_mulAddResult1 output u_control_soc/u_rocket/chiptop0/system/tile_prci_domain/element_reset_domain_rockettile/gemmini/spad/acc_scale_unit/activated_data_e_scaled_muladder_21/io_mulAddResult1/P[47:0] is not pipelined (PREG=0). Pipelining the DSP48 output will improve performance and often saves power so it is suggested whenever possible to fully pipeline this function.  If this DSP48 function was inferred, it is suggested to describe an additional register stage after this function.  If the DSP48 was instantiated in the design, it is suggested to set the PREG attribute to 1.
Related violations: <none>

DPOP-3#177 Warning
PREG Output pipelining  
DSP u_control_soc/u_rocket/chiptop0/system/tile_prci_domain/element_reset_domain_rockettile/gemmini/spad/acc_scale_unit/activated_data_e_scaled_muladder_21/io_mulAddResult1__0 output u_control_soc/u_rocket/chiptop0/system/tile_prci_domain/element_reset_domain_rockettile/gemmini/spad/acc_scale_unit/activated_data_e_scaled_muladder_21/io_mulAddResult1__0/P[47:0] is not pipelined (PREG=0). Pipelining the DSP48 output will improve performance and often saves power so it is suggested whenever possible to fully pipeline this function.  If this DSP48 function was inferred, it is suggested to describe an additional register stage after this function.  If the DSP48 was instantiated in the design, it is suggested to set the PREG attribute to 1.
Related violations: <none>

DPOP-3#178 Warning
PREG Output pipelining  
DSP u_control_soc/u_rocket/chiptop0/system/tile_prci_domain/element_reset_domain_rockettile/gemmini/spad/acc_scale_unit/activated_data_e_scaled_muladder_22/io_mulAddResult1 output u_control_soc/u_rocket/chiptop0/system/tile_prci_domain/element_reset_domain_rockettile/gemmini/spad/acc_scale_unit/activated_data_e_scaled_muladder_22/io_mulAddResult1/P[47:0] is not pipelined (PREG=0). Pipelining the DSP48 output will improve performance and often saves power so it is suggested whenever possible to fully pipeline this function.  If this DSP48 function was inferred, it is suggested to describe an additional register stage after this function.  If the DSP48 was instantiated in the design, it is suggested to set the PREG attribute to 1.
Related violations: <none>

DPOP-3#179 Warning
PREG Output pipelining  
DSP u_control_soc/u_rocket/chiptop0/system/tile_prci_domain/element_reset_domain_rockettile/gemmini/spad/acc_scale_unit/activated_data_e_scaled_muladder_22/io_mulAddResult1__0 output u_control_soc/u_rocket/chiptop0/system/tile_prci_domain/element_reset_domain_rockettile/gemmini/spad/acc_scale_unit/activated_data_e_scaled_muladder_22/io_mulAddResult1__0/P[47:0] is not pipelined (PREG=0). Pipelining the DSP48 output will improve performance and often saves power so it is suggested whenever possible to fully pipeline this function.  If this DSP48 function was inferred, it is suggested to describe an additional register stage after this function.  If the DSP48 was instantiated in the design, it is suggested to set the PREG attribute to 1.
Related violations: <none>

DPOP-3#180 Warning
PREG Output pipelining  
DSP u_control_soc/u_rocket/chiptop0/system/tile_prci_domain/element_reset_domain_rockettile/gemmini/spad/acc_scale_unit/activated_data_e_scaled_muladder_23/io_mulAddResult1 output u_control_soc/u_rocket/chiptop0/system/tile_prci_domain/element_reset_domain_rockettile/gemmini/spad/acc_scale_unit/activated_data_e_scaled_muladder_23/io_mulAddResult1/P[47:0] is not pipelined (PREG=0). Pipelining the DSP48 output will improve performance and often saves power so it is suggested whenever possible to fully pipeline this function.  If this DSP48 function was inferred, it is suggested to describe an additional register stage after this function.  If the DSP48 was instantiated in the design, it is suggested to set the PREG attribute to 1.
Related violations: <none>

DPOP-3#181 Warning
PREG Output pipelining  
DSP u_control_soc/u_rocket/chiptop0/system/tile_prci_domain/element_reset_domain_rockettile/gemmini/spad/acc_scale_unit/activated_data_e_scaled_muladder_23/io_mulAddResult1__0 output u_control_soc/u_rocket/chiptop0/system/tile_prci_domain/element_reset_domain_rockettile/gemmini/spad/acc_scale_unit/activated_data_e_scaled_muladder_23/io_mulAddResult1__0/P[47:0] is not pipelined (PREG=0). Pipelining the DSP48 output will improve performance and often saves power so it is suggested whenever possible to fully pipeline this function.  If this DSP48 function was inferred, it is suggested to describe an additional register stage after this function.  If the DSP48 was instantiated in the design, it is suggested to set the PREG attribute to 1.
Related violations: <none>

DPOP-3#182 Warning
PREG Output pipelining  
DSP u_control_soc/u_rocket/chiptop0/system/tile_prci_domain/element_reset_domain_rockettile/gemmini/spad/acc_scale_unit/activated_data_e_scaled_muladder_24/io_mulAddResult1 output u_control_soc/u_rocket/chiptop0/system/tile_prci_domain/element_reset_domain_rockettile/gemmini/spad/acc_scale_unit/activated_data_e_scaled_muladder_24/io_mulAddResult1/P[47:0] is not pipelined (PREG=0). Pipelining the DSP48 output will improve performance and often saves power so it is suggested whenever possible to fully pipeline this function.  If this DSP48 function was inferred, it is suggested to describe an additional register stage after this function.  If the DSP48 was instantiated in the design, it is suggested to set the PREG attribute to 1.
Related violations: <none>

DPOP-3#183 Warning
PREG Output pipelining  
DSP u_control_soc/u_rocket/chiptop0/system/tile_prci_domain/element_reset_domain_rockettile/gemmini/spad/acc_scale_unit/activated_data_e_scaled_muladder_24/io_mulAddResult1__0 output u_control_soc/u_rocket/chiptop0/system/tile_prci_domain/element_reset_domain_rockettile/gemmini/spad/acc_scale_unit/activated_data_e_scaled_muladder_24/io_mulAddResult1__0/P[47:0] is not pipelined (PREG=0). Pipelining the DSP48 output will improve performance and often saves power so it is suggested whenever possible to fully pipeline this function.  If this DSP48 function was inferred, it is suggested to describe an additional register stage after this function.  If the DSP48 was instantiated in the design, it is suggested to set the PREG attribute to 1.
Related violations: <none>

DPOP-3#184 Warning
PREG Output pipelining  
DSP u_control_soc/u_rocket/chiptop0/system/tile_prci_domain/element_reset_domain_rockettile/gemmini/spad/acc_scale_unit/activated_data_e_scaled_muladder_25/io_mulAddResult1 output u_control_soc/u_rocket/chiptop0/system/tile_prci_domain/element_reset_domain_rockettile/gemmini/spad/acc_scale_unit/activated_data_e_scaled_muladder_25/io_mulAddResult1/P[47:0] is not pipelined (PREG=0). Pipelining the DSP48 output will improve performance and often saves power so it is suggested whenever possible to fully pipeline this function.  If this DSP48 function was inferred, it is suggested to describe an additional register stage after this function.  If the DSP48 was instantiated in the design, it is suggested to set the PREG attribute to 1.
Related violations: <none>

DPOP-3#185 Warning
PREG Output pipelining  
DSP u_control_soc/u_rocket/chiptop0/system/tile_prci_domain/element_reset_domain_rockettile/gemmini/spad/acc_scale_unit/activated_data_e_scaled_muladder_25/io_mulAddResult1__0 output u_control_soc/u_rocket/chiptop0/system/tile_prci_domain/element_reset_domain_rockettile/gemmini/spad/acc_scale_unit/activated_data_e_scaled_muladder_25/io_mulAddResult1__0/P[47:0] is not pipelined (PREG=0). Pipelining the DSP48 output will improve performance and often saves power so it is suggested whenever possible to fully pipeline this function.  If this DSP48 function was inferred, it is suggested to describe an additional register stage after this function.  If the DSP48 was instantiated in the design, it is suggested to set the PREG attribute to 1.
Related violations: <none>

DPOP-3#186 Warning
PREG Output pipelining  
DSP u_control_soc/u_rocket/chiptop0/system/tile_prci_domain/element_reset_domain_rockettile/gemmini/spad/acc_scale_unit/activated_data_e_scaled_muladder_26/io_mulAddResult1 output u_control_soc/u_rocket/chiptop0/system/tile_prci_domain/element_reset_domain_rockettile/gemmini/spad/acc_scale_unit/activated_data_e_scaled_muladder_26/io_mulAddResult1/P[47:0] is not pipelined (PREG=0). Pipelining the DSP48 output will improve performance and often saves power so it is suggested whenever possible to fully pipeline this function.  If this DSP48 function was inferred, it is suggested to describe an additional register stage after this function.  If the DSP48 was instantiated in the design, it is suggested to set the PREG attribute to 1.
Related violations: <none>

DPOP-3#187 Warning
PREG Output pipelining  
DSP u_control_soc/u_rocket/chiptop0/system/tile_prci_domain/element_reset_domain_rockettile/gemmini/spad/acc_scale_unit/activated_data_e_scaled_muladder_26/io_mulAddResult1__0 output u_control_soc/u_rocket/chiptop0/system/tile_prci_domain/element_reset_domain_rockettile/gemmini/spad/acc_scale_unit/activated_data_e_scaled_muladder_26/io_mulAddResult1__0/P[47:0] is not pipelined (PREG=0). Pipelining the DSP48 output will improve performance and often saves power so it is suggested whenever possible to fully pipeline this function.  If this DSP48 function was inferred, it is suggested to describe an additional register stage after this function.  If the DSP48 was instantiated in the design, it is suggested to set the PREG attribute to 1.
Related violations: <none>

DPOP-3#188 Warning
PREG Output pipelining  
DSP u_control_soc/u_rocket/chiptop0/system/tile_prci_domain/element_reset_domain_rockettile/gemmini/spad/acc_scale_unit/activated_data_e_scaled_muladder_27/io_mulAddResult1 output u_control_soc/u_rocket/chiptop0/system/tile_prci_domain/element_reset_domain_rockettile/gemmini/spad/acc_scale_unit/activated_data_e_scaled_muladder_27/io_mulAddResult1/P[47:0] is not pipelined (PREG=0). Pipelining the DSP48 output will improve performance and often saves power so it is suggested whenever possible to fully pipeline this function.  If this DSP48 function was inferred, it is suggested to describe an additional register stage after this function.  If the DSP48 was instantiated in the design, it is suggested to set the PREG attribute to 1.
Related violations: <none>

DPOP-3#189 Warning
PREG Output pipelining  
DSP u_control_soc/u_rocket/chiptop0/system/tile_prci_domain/element_reset_domain_rockettile/gemmini/spad/acc_scale_unit/activated_data_e_scaled_muladder_27/io_mulAddResult1__0 output u_control_soc/u_rocket/chiptop0/system/tile_prci_domain/element_reset_domain_rockettile/gemmini/spad/acc_scale_unit/activated_data_e_scaled_muladder_27/io_mulAddResult1__0/P[47:0] is not pipelined (PREG=0). Pipelining the DSP48 output will improve performance and often saves power so it is suggested whenever possible to fully pipeline this function.  If this DSP48 function was inferred, it is suggested to describe an additional register stage after this function.  If the DSP48 was instantiated in the design, it is suggested to set the PREG attribute to 1.
Related violations: <none>

DPOP-3#190 Warning
PREG Output pipelining  
DSP u_control_soc/u_rocket/chiptop0/system/tile_prci_domain/element_reset_domain_rockettile/gemmini/spad/acc_scale_unit/activated_data_e_scaled_muladder_28/io_mulAddResult1 output u_control_soc/u_rocket/chiptop0/system/tile_prci_domain/element_reset_domain_rockettile/gemmini/spad/acc_scale_unit/activated_data_e_scaled_muladder_28/io_mulAddResult1/P[47:0] is not pipelined (PREG=0). Pipelining the DSP48 output will improve performance and often saves power so it is suggested whenever possible to fully pipeline this function.  If this DSP48 function was inferred, it is suggested to describe an additional register stage after this function.  If the DSP48 was instantiated in the design, it is suggested to set the PREG attribute to 1.
Related violations: <none>

DPOP-3#191 Warning
PREG Output pipelining  
DSP u_control_soc/u_rocket/chiptop0/system/tile_prci_domain/element_reset_domain_rockettile/gemmini/spad/acc_scale_unit/activated_data_e_scaled_muladder_28/io_mulAddResult1__0 output u_control_soc/u_rocket/chiptop0/system/tile_prci_domain/element_reset_domain_rockettile/gemmini/spad/acc_scale_unit/activated_data_e_scaled_muladder_28/io_mulAddResult1__0/P[47:0] is not pipelined (PREG=0). Pipelining the DSP48 output will improve performance and often saves power so it is suggested whenever possible to fully pipeline this function.  If this DSP48 function was inferred, it is suggested to describe an additional register stage after this function.  If the DSP48 was instantiated in the design, it is suggested to set the PREG attribute to 1.
Related violations: <none>

DPOP-3#192 Warning
PREG Output pipelining  
DSP u_control_soc/u_rocket/chiptop0/system/tile_prci_domain/element_reset_domain_rockettile/gemmini/spad/acc_scale_unit/activated_data_e_scaled_muladder_29/io_mulAddResult1 output u_control_soc/u_rocket/chiptop0/system/tile_prci_domain/element_reset_domain_rockettile/gemmini/spad/acc_scale_unit/activated_data_e_scaled_muladder_29/io_mulAddResult1/P[47:0] is not pipelined (PREG=0). Pipelining the DSP48 output will improve performance and often saves power so it is suggested whenever possible to fully pipeline this function.  If this DSP48 function was inferred, it is suggested to describe an additional register stage after this function.  If the DSP48 was instantiated in the design, it is suggested to set the PREG attribute to 1.
Related violations: <none>

DPOP-3#193 Warning
PREG Output pipelining  
DSP u_control_soc/u_rocket/chiptop0/system/tile_prci_domain/element_reset_domain_rockettile/gemmini/spad/acc_scale_unit/activated_data_e_scaled_muladder_29/io_mulAddResult1__0 output u_control_soc/u_rocket/chiptop0/system/tile_prci_domain/element_reset_domain_rockettile/gemmini/spad/acc_scale_unit/activated_data_e_scaled_muladder_29/io_mulAddResult1__0/P[47:0] is not pipelined (PREG=0). Pipelining the DSP48 output will improve performance and often saves power so it is suggested whenever possible to fully pipeline this function.  If this DSP48 function was inferred, it is suggested to describe an additional register stage after this function.  If the DSP48 was instantiated in the design, it is suggested to set the PREG attribute to 1.
Related violations: <none>

DPOP-3#194 Warning
PREG Output pipelining  
DSP u_control_soc/u_rocket/chiptop0/system/tile_prci_domain/element_reset_domain_rockettile/gemmini/spad/acc_scale_unit/activated_data_e_scaled_muladder_3/io_mulAddResult1 output u_control_soc/u_rocket/chiptop0/system/tile_prci_domain/element_reset_domain_rockettile/gemmini/spad/acc_scale_unit/activated_data_e_scaled_muladder_3/io_mulAddResult1/P[47:0] is not pipelined (PREG=0). Pipelining the DSP48 output will improve performance and often saves power so it is suggested whenever possible to fully pipeline this function.  If this DSP48 function was inferred, it is suggested to describe an additional register stage after this function.  If the DSP48 was instantiated in the design, it is suggested to set the PREG attribute to 1.
Related violations: <none>

DPOP-3#195 Warning
PREG Output pipelining  
DSP u_control_soc/u_rocket/chiptop0/system/tile_prci_domain/element_reset_domain_rockettile/gemmini/spad/acc_scale_unit/activated_data_e_scaled_muladder_3/io_mulAddResult1__0 output u_control_soc/u_rocket/chiptop0/system/tile_prci_domain/element_reset_domain_rockettile/gemmini/spad/acc_scale_unit/activated_data_e_scaled_muladder_3/io_mulAddResult1__0/P[47:0] is not pipelined (PREG=0). Pipelining the DSP48 output will improve performance and often saves power so it is suggested whenever possible to fully pipeline this function.  If this DSP48 function was inferred, it is suggested to describe an additional register stage after this function.  If the DSP48 was instantiated in the design, it is suggested to set the PREG attribute to 1.
Related violations: <none>

DPOP-3#196 Warning
PREG Output pipelining  
DSP u_control_soc/u_rocket/chiptop0/system/tile_prci_domain/element_reset_domain_rockettile/gemmini/spad/acc_scale_unit/activated_data_e_scaled_muladder_30/io_mulAddResult1 output u_control_soc/u_rocket/chiptop0/system/tile_prci_domain/element_reset_domain_rockettile/gemmini/spad/acc_scale_unit/activated_data_e_scaled_muladder_30/io_mulAddResult1/P[47:0] is not pipelined (PREG=0). Pipelining the DSP48 output will improve performance and often saves power so it is suggested whenever possible to fully pipeline this function.  If this DSP48 function was inferred, it is suggested to describe an additional register stage after this function.  If the DSP48 was instantiated in the design, it is suggested to set the PREG attribute to 1.
Related violations: <none>

DPOP-3#197 Warning
PREG Output pipelining  
DSP u_control_soc/u_rocket/chiptop0/system/tile_prci_domain/element_reset_domain_rockettile/gemmini/spad/acc_scale_unit/activated_data_e_scaled_muladder_30/io_mulAddResult1__0 output u_control_soc/u_rocket/chiptop0/system/tile_prci_domain/element_reset_domain_rockettile/gemmini/spad/acc_scale_unit/activated_data_e_scaled_muladder_30/io_mulAddResult1__0/P[47:0] is not pipelined (PREG=0). Pipelining the DSP48 output will improve performance and often saves power so it is suggested whenever possible to fully pipeline this function.  If this DSP48 function was inferred, it is suggested to describe an additional register stage after this function.  If the DSP48 was instantiated in the design, it is suggested to set the PREG attribute to 1.
Related violations: <none>

DPOP-3#198 Warning
PREG Output pipelining  
DSP u_control_soc/u_rocket/chiptop0/system/tile_prci_domain/element_reset_domain_rockettile/gemmini/spad/acc_scale_unit/activated_data_e_scaled_muladder_31/io_mulAddResult1 output u_control_soc/u_rocket/chiptop0/system/tile_prci_domain/element_reset_domain_rockettile/gemmini/spad/acc_scale_unit/activated_data_e_scaled_muladder_31/io_mulAddResult1/P[47:0] is not pipelined (PREG=0). Pipelining the DSP48 output will improve performance and often saves power so it is suggested whenever possible to fully pipeline this function.  If this DSP48 function was inferred, it is suggested to describe an additional register stage after this function.  If the DSP48 was instantiated in the design, it is suggested to set the PREG attribute to 1.
Related violations: <none>

DPOP-3#199 Warning
PREG Output pipelining  
DSP u_control_soc/u_rocket/chiptop0/system/tile_prci_domain/element_reset_domain_rockettile/gemmini/spad/acc_scale_unit/activated_data_e_scaled_muladder_31/io_mulAddResult1__0 output u_control_soc/u_rocket/chiptop0/system/tile_prci_domain/element_reset_domain_rockettile/gemmini/spad/acc_scale_unit/activated_data_e_scaled_muladder_31/io_mulAddResult1__0/P[47:0] is not pipelined (PREG=0). Pipelining the DSP48 output will improve performance and often saves power so it is suggested whenever possible to fully pipeline this function.  If this DSP48 function was inferred, it is suggested to describe an additional register stage after this function.  If the DSP48 was instantiated in the design, it is suggested to set the PREG attribute to 1.
Related violations: <none>

DPOP-3#200 Warning
PREG Output pipelining  
DSP u_control_soc/u_rocket/chiptop0/system/tile_prci_domain/element_reset_domain_rockettile/gemmini/spad/acc_scale_unit/activated_data_e_scaled_muladder_4/io_mulAddResult1 output u_control_soc/u_rocket/chiptop0/system/tile_prci_domain/element_reset_domain_rockettile/gemmini/spad/acc_scale_unit/activated_data_e_scaled_muladder_4/io_mulAddResult1/P[47:0] is not pipelined (PREG=0). Pipelining the DSP48 output will improve performance and often saves power so it is suggested whenever possible to fully pipeline this function.  If this DSP48 function was inferred, it is suggested to describe an additional register stage after this function.  If the DSP48 was instantiated in the design, it is suggested to set the PREG attribute to 1.
Related violations: <none>

DPOP-3#201 Warning
PREG Output pipelining  
DSP u_control_soc/u_rocket/chiptop0/system/tile_prci_domain/element_reset_domain_rockettile/gemmini/spad/acc_scale_unit/activated_data_e_scaled_muladder_4/io_mulAddResult1__0 output u_control_soc/u_rocket/chiptop0/system/tile_prci_domain/element_reset_domain_rockettile/gemmini/spad/acc_scale_unit/activated_data_e_scaled_muladder_4/io_mulAddResult1__0/P[47:0] is not pipelined (PREG=0). Pipelining the DSP48 output will improve performance and often saves power so it is suggested whenever possible to fully pipeline this function.  If this DSP48 function was inferred, it is suggested to describe an additional register stage after this function.  If the DSP48 was instantiated in the design, it is suggested to set the PREG attribute to 1.
Related violations: <none>

DPOP-3#202 Warning
PREG Output pipelining  
DSP u_control_soc/u_rocket/chiptop0/system/tile_prci_domain/element_reset_domain_rockettile/gemmini/spad/acc_scale_unit/activated_data_e_scaled_muladder_5/io_mulAddResult1 output u_control_soc/u_rocket/chiptop0/system/tile_prci_domain/element_reset_domain_rockettile/gemmini/spad/acc_scale_unit/activated_data_e_scaled_muladder_5/io_mulAddResult1/P[47:0] is not pipelined (PREG=0). Pipelining the DSP48 output will improve performance and often saves power so it is suggested whenever possible to fully pipeline this function.  If this DSP48 function was inferred, it is suggested to describe an additional register stage after this function.  If the DSP48 was instantiated in the design, it is suggested to set the PREG attribute to 1.
Related violations: <none>

DPOP-3#203 Warning
PREG Output pipelining  
DSP u_control_soc/u_rocket/chiptop0/system/tile_prci_domain/element_reset_domain_rockettile/gemmini/spad/acc_scale_unit/activated_data_e_scaled_muladder_5/io_mulAddResult1__0 output u_control_soc/u_rocket/chiptop0/system/tile_prci_domain/element_reset_domain_rockettile/gemmini/spad/acc_scale_unit/activated_data_e_scaled_muladder_5/io_mulAddResult1__0/P[47:0] is not pipelined (PREG=0). Pipelining the DSP48 output will improve performance and often saves power so it is suggested whenever possible to fully pipeline this function.  If this DSP48 function was inferred, it is suggested to describe an additional register stage after this function.  If the DSP48 was instantiated in the design, it is suggested to set the PREG attribute to 1.
Related violations: <none>

DPOP-3#204 Warning
PREG Output pipelining  
DSP u_control_soc/u_rocket/chiptop0/system/tile_prci_domain/element_reset_domain_rockettile/gemmini/spad/acc_scale_unit/activated_data_e_scaled_muladder_6/io_mulAddResult1 output u_control_soc/u_rocket/chiptop0/system/tile_prci_domain/element_reset_domain_rockettile/gemmini/spad/acc_scale_unit/activated_data_e_scaled_muladder_6/io_mulAddResult1/P[47:0] is not pipelined (PREG=0). Pipelining the DSP48 output will improve performance and often saves power so it is suggested whenever possible to fully pipeline this function.  If this DSP48 function was inferred, it is suggested to describe an additional register stage after this function.  If the DSP48 was instantiated in the design, it is suggested to set the PREG attribute to 1.
Related violations: <none>

DPOP-3#205 Warning
PREG Output pipelining  
DSP u_control_soc/u_rocket/chiptop0/system/tile_prci_domain/element_reset_domain_rockettile/gemmini/spad/acc_scale_unit/activated_data_e_scaled_muladder_6/io_mulAddResult1__0 output u_control_soc/u_rocket/chiptop0/system/tile_prci_domain/element_reset_domain_rockettile/gemmini/spad/acc_scale_unit/activated_data_e_scaled_muladder_6/io_mulAddResult1__0/P[47:0] is not pipelined (PREG=0). Pipelining the DSP48 output will improve performance and often saves power so it is suggested whenever possible to fully pipeline this function.  If this DSP48 function was inferred, it is suggested to describe an additional register stage after this function.  If the DSP48 was instantiated in the design, it is suggested to set the PREG attribute to 1.
Related violations: <none>

DPOP-3#206 Warning
PREG Output pipelining  
DSP u_control_soc/u_rocket/chiptop0/system/tile_prci_domain/element_reset_domain_rockettile/gemmini/spad/acc_scale_unit/activated_data_e_scaled_muladder_7/io_mulAddResult1 output u_control_soc/u_rocket/chiptop0/system/tile_prci_domain/element_reset_domain_rockettile/gemmini/spad/acc_scale_unit/activated_data_e_scaled_muladder_7/io_mulAddResult1/P[47:0] is not pipelined (PREG=0). Pipelining the DSP48 output will improve performance and often saves power so it is suggested whenever possible to fully pipeline this function.  If this DSP48 function was inferred, it is suggested to describe an additional register stage after this function.  If the DSP48 was instantiated in the design, it is suggested to set the PREG attribute to 1.
Related violations: <none>

DPOP-3#207 Warning
PREG Output pipelining  
DSP u_control_soc/u_rocket/chiptop0/system/tile_prci_domain/element_reset_domain_rockettile/gemmini/spad/acc_scale_unit/activated_data_e_scaled_muladder_7/io_mulAddResult1__0 output u_control_soc/u_rocket/chiptop0/system/tile_prci_domain/element_reset_domain_rockettile/gemmini/spad/acc_scale_unit/activated_data_e_scaled_muladder_7/io_mulAddResult1__0/P[47:0] is not pipelined (PREG=0). Pipelining the DSP48 output will improve performance and often saves power so it is suggested whenever possible to fully pipeline this function.  If this DSP48 function was inferred, it is suggested to describe an additional register stage after this function.  If the DSP48 was instantiated in the design, it is suggested to set the PREG attribute to 1.
Related violations: <none>

DPOP-3#208 Warning
PREG Output pipelining  
DSP u_control_soc/u_rocket/chiptop0/system/tile_prci_domain/element_reset_domain_rockettile/gemmini/spad/acc_scale_unit/activated_data_e_scaled_muladder_8/io_mulAddResult1 output u_control_soc/u_rocket/chiptop0/system/tile_prci_domain/element_reset_domain_rockettile/gemmini/spad/acc_scale_unit/activated_data_e_scaled_muladder_8/io_mulAddResult1/P[47:0] is not pipelined (PREG=0). Pipelining the DSP48 output will improve performance and often saves power so it is suggested whenever possible to fully pipeline this function.  If this DSP48 function was inferred, it is suggested to describe an additional register stage after this function.  If the DSP48 was instantiated in the design, it is suggested to set the PREG attribute to 1.
Related violations: <none>

DPOP-3#209 Warning
PREG Output pipelining  
DSP u_control_soc/u_rocket/chiptop0/system/tile_prci_domain/element_reset_domain_rockettile/gemmini/spad/acc_scale_unit/activated_data_e_scaled_muladder_8/io_mulAddResult1__0 output u_control_soc/u_rocket/chiptop0/system/tile_prci_domain/element_reset_domain_rockettile/gemmini/spad/acc_scale_unit/activated_data_e_scaled_muladder_8/io_mulAddResult1__0/P[47:0] is not pipelined (PREG=0). Pipelining the DSP48 output will improve performance and often saves power so it is suggested whenever possible to fully pipeline this function.  If this DSP48 function was inferred, it is suggested to describe an additional register stage after this function.  If the DSP48 was instantiated in the design, it is suggested to set the PREG attribute to 1.
Related violations: <none>

DPOP-3#210 Warning
PREG Output pipelining  
DSP u_control_soc/u_rocket/chiptop0/system/tile_prci_domain/element_reset_domain_rockettile/gemmini/spad/acc_scale_unit/activated_data_e_scaled_muladder_9/io_mulAddResult1 output u_control_soc/u_rocket/chiptop0/system/tile_prci_domain/element_reset_domain_rockettile/gemmini/spad/acc_scale_unit/activated_data_e_scaled_muladder_9/io_mulAddResult1/P[47:0] is not pipelined (PREG=0). Pipelining the DSP48 output will improve performance and often saves power so it is suggested whenever possible to fully pipeline this function.  If this DSP48 function was inferred, it is suggested to describe an additional register stage after this function.  If the DSP48 was instantiated in the design, it is suggested to set the PREG attribute to 1.
Related violations: <none>

DPOP-3#211 Warning
PREG Output pipelining  
DSP u_control_soc/u_rocket/chiptop0/system/tile_prci_domain/element_reset_domain_rockettile/gemmini/spad/acc_scale_unit/activated_data_e_scaled_muladder_9/io_mulAddResult1__0 output u_control_soc/u_rocket/chiptop0/system/tile_prci_domain/element_reset_domain_rockettile/gemmini/spad/acc_scale_unit/activated_data_e_scaled_muladder_9/io_mulAddResult1__0/P[47:0] is not pipelined (PREG=0). Pipelining the DSP48 output will improve performance and often saves power so it is suggested whenever possible to fully pipeline this function.  If this DSP48 function was inferred, it is suggested to describe an additional register stage after this function.  If the DSP48 was instantiated in the design, it is suggested to set the PREG attribute to 1.
Related violations: <none>

DPOP-3#212 Warning
PREG Output pipelining  
DSP u_control_soc/u_rocket/chiptop0/system/tile_prci_domain/element_reset_domain_rockettile/gemmini/spad/reader/beatPacker/io_out_bits_addr__0 output u_control_soc/u_rocket/chiptop0/system/tile_prci_domain/element_reset_domain_rockettile/gemmini/spad/reader/beatPacker/io_out_bits_addr__0/P[47:0] is not pipelined (PREG=0). Pipelining the DSP48 output will improve performance and often saves power so it is suggested whenever possible to fully pipeline this function.  If this DSP48 function was inferred, it is suggested to describe an additional register stage after this function.  If the DSP48 was instantiated in the design, it is suggested to set the PREG attribute to 1.
Related violations: <none>

DPOP-3#213 Warning
PREG Output pipelining  
DSP u_control_soc/u_rocket/chiptop0/system/tile_prci_domain/element_reset_domain_rockettile/gemmini/spad/vsm/pipe/out_bits_data_muladder/io_mulAddResult1 output u_control_soc/u_rocket/chiptop0/system/tile_prci_domain/element_reset_domain_rockettile/gemmini/spad/vsm/pipe/out_bits_data_muladder/io_mulAddResult1/P[47:0] is not pipelined (PREG=0). Pipelining the DSP48 output will improve performance and often saves power so it is suggested whenever possible to fully pipeline this function.  If this DSP48 function was inferred, it is suggested to describe an additional register stage after this function.  If the DSP48 was instantiated in the design, it is suggested to set the PREG attribute to 1.
Related violations: <none>

DPOP-3#214 Warning
PREG Output pipelining  
DSP u_control_soc/u_rocket/chiptop0/system/tile_prci_domain/element_reset_domain_rockettile/gemmini/spad/vsm/pipe/out_bits_data_muladder/io_mulAddResult1__0 output u_control_soc/u_rocket/chiptop0/system/tile_prci_domain/element_reset_domain_rockettile/gemmini/spad/vsm/pipe/out_bits_data_muladder/io_mulAddResult1__0/P[47:0] is not pipelined (PREG=0). Pipelining the DSP48 output will improve performance and often saves power so it is suggested whenever possible to fully pipeline this function.  If this DSP48 function was inferred, it is suggested to describe an additional register stage after this function.  If the DSP48 was instantiated in the design, it is suggested to set the PREG attribute to 1.
Related violations: <none>

DPOP-3#215 Warning
PREG Output pipelining  
DSP u_control_soc/u_rocket/chiptop0/system/tile_prci_domain/element_reset_domain_rockettile/gemmini/spad/vsm/pipe_1/out_bits_data_muladder/io_mulAddResult1 output u_control_soc/u_rocket/chiptop0/system/tile_prci_domain/element_reset_domain_rockettile/gemmini/spad/vsm/pipe_1/out_bits_data_muladder/io_mulAddResult1/P[47:0] is not pipelined (PREG=0). Pipelining the DSP48 output will improve performance and often saves power so it is suggested whenever possible to fully pipeline this function.  If this DSP48 function was inferred, it is suggested to describe an additional register stage after this function.  If the DSP48 was instantiated in the design, it is suggested to set the PREG attribute to 1.
Related violations: <none>

DPOP-3#216 Warning
PREG Output pipelining  
DSP u_control_soc/u_rocket/chiptop0/system/tile_prci_domain/element_reset_domain_rockettile/gemmini/spad/vsm/pipe_1/out_bits_data_muladder/io_mulAddResult1__0 output u_control_soc/u_rocket/chiptop0/system/tile_prci_domain/element_reset_domain_rockettile/gemmini/spad/vsm/pipe_1/out_bits_data_muladder/io_mulAddResult1__0/P[47:0] is not pipelined (PREG=0). Pipelining the DSP48 output will improve performance and often saves power so it is suggested whenever possible to fully pipeline this function.  If this DSP48 function was inferred, it is suggested to describe an additional register stage after this function.  If the DSP48 was instantiated in the design, it is suggested to set the PREG attribute to 1.
Related violations: <none>

DPOP-3#217 Warning
PREG Output pipelining  
DSP u_control_soc/u_rocket/chiptop0/system/tile_prci_domain/element_reset_domain_rockettile/gemmini/spad/vsm/pipe_2/out_bits_data_muladder/io_mulAddResult1 output u_control_soc/u_rocket/chiptop0/system/tile_prci_domain/element_reset_domain_rockettile/gemmini/spad/vsm/pipe_2/out_bits_data_muladder/io_mulAddResult1/P[47:0] is not pipelined (PREG=0). Pipelining the DSP48 output will improve performance and often saves power so it is suggested whenever possible to fully pipeline this function.  If this DSP48 function was inferred, it is suggested to describe an additional register stage after this function.  If the DSP48 was instantiated in the design, it is suggested to set the PREG attribute to 1.
Related violations: <none>

DPOP-3#218 Warning
PREG Output pipelining  
DSP u_control_soc/u_rocket/chiptop0/system/tile_prci_domain/element_reset_domain_rockettile/gemmini/spad/vsm/pipe_2/out_bits_data_muladder/io_mulAddResult1__0 output u_control_soc/u_rocket/chiptop0/system/tile_prci_domain/element_reset_domain_rockettile/gemmini/spad/vsm/pipe_2/out_bits_data_muladder/io_mulAddResult1__0/P[47:0] is not pipelined (PREG=0). Pipelining the DSP48 output will improve performance and often saves power so it is suggested whenever possible to fully pipeline this function.  If this DSP48 function was inferred, it is suggested to describe an additional register stage after this function.  If the DSP48 was instantiated in the design, it is suggested to set the PREG attribute to 1.
Related violations: <none>

DPOP-3#219 Warning
PREG Output pipelining  
DSP u_control_soc/u_rocket/chiptop0/system/tile_prci_domain/element_reset_domain_rockettile/gemmini/spad/vsm/pipe_3/out_bits_data_muladder/io_mulAddResult1 output u_control_soc/u_rocket/chiptop0/system/tile_prci_domain/element_reset_domain_rockettile/gemmini/spad/vsm/pipe_3/out_bits_data_muladder/io_mulAddResult1/P[47:0] is not pipelined (PREG=0). Pipelining the DSP48 output will improve performance and often saves power so it is suggested whenever possible to fully pipeline this function.  If this DSP48 function was inferred, it is suggested to describe an additional register stage after this function.  If the DSP48 was instantiated in the design, it is suggested to set the PREG attribute to 1.
Related violations: <none>

DPOP-3#220 Warning
PREG Output pipelining  
DSP u_control_soc/u_rocket/chiptop0/system/tile_prci_domain/element_reset_domain_rockettile/gemmini/spad/vsm/pipe_3/out_bits_data_muladder/io_mulAddResult1__0 output u_control_soc/u_rocket/chiptop0/system/tile_prci_domain/element_reset_domain_rockettile/gemmini/spad/vsm/pipe_3/out_bits_data_muladder/io_mulAddResult1__0/P[47:0] is not pipelined (PREG=0). Pipelining the DSP48 output will improve performance and often saves power so it is suggested whenever possible to fully pipeline this function.  If this DSP48 function was inferred, it is suggested to describe an additional register stage after this function.  If the DSP48 was instantiated in the design, it is suggested to set the PREG attribute to 1.
Related violations: <none>

DPOP-3#221 Warning
PREG Output pipelining  
DSP u_control_soc/u_rocket/chiptop0/system/tile_prci_domain/element_reset_domain_rockettile/gemmini/store_controller/io_dma_req_bits_laddr_data1 output u_control_soc/u_rocket/chiptop0/system/tile_prci_domain/element_reset_domain_rockettile/gemmini/store_controller/io_dma_req_bits_laddr_data1/P[47:0] is not pipelined (PREG=0). Pipelining the DSP48 output will improve performance and often saves power so it is suggested whenever possible to fully pipeline this function.  If this DSP48 function was inferred, it is suggested to describe an additional register stage after this function.  If the DSP48 was instantiated in the design, it is suggested to set the PREG attribute to 1.
Related violations: <none>

DPOP-3#222 Warning
PREG Output pipelining  
DSP u_control_soc/u_rocket/chiptop0/system/tile_prci_domain/element_reset_domain_rockettile/gemmini/store_controller/p_2_out output u_control_soc/u_rocket/chiptop0/system/tile_prci_domain/element_reset_domain_rockettile/gemmini/store_controller/p_2_out/P[47:0] is not pipelined (PREG=0). Pipelining the DSP48 output will improve performance and often saves power so it is suggested whenever possible to fully pipeline this function.  If this DSP48 function was inferred, it is suggested to describe an additional register stage after this function.  If the DSP48 was instantiated in the design, it is suggested to set the PREG attribute to 1.
Related violations: <none>

DPOP-3#223 Warning
PREG Output pipelining  
DSP u_control_soc/u_rocket/chiptop0/system/tile_prci_domain/element_reset_domain_rockettile/gemmini/store_controller/p_2_out__0 output u_control_soc/u_rocket/chiptop0/system/tile_prci_domain/element_reset_domain_rockettile/gemmini/store_controller/p_2_out__0/P[47:0] is not pipelined (PREG=0). Pipelining the DSP48 output will improve performance and often saves power so it is suggested whenever possible to fully pipeline this function.  If this DSP48 function was inferred, it is suggested to describe an additional register stage after this function.  If the DSP48 was instantiated in the design, it is suggested to set the PREG attribute to 1.
Related violations: <none>

DPOP-3#224 Warning
PREG Output pipelining  
DSP u_control_soc/u_rocket/chiptop0/system/tile_prci_domain/element_reset_domain_rockettile/gemmini/store_controller/p_2_out__1 output u_control_soc/u_rocket/chiptop0/system/tile_prci_domain/element_reset_domain_rockettile/gemmini/store_controller/p_2_out__1/P[47:0] is not pipelined (PREG=0). Pipelining the DSP48 output will improve performance and often saves power so it is suggested whenever possible to fully pipeline this function.  If this DSP48 function was inferred, it is suggested to describe an additional register stage after this function.  If the DSP48 was instantiated in the design, it is suggested to set the PREG attribute to 1.
Related violations: <none>

DPOP-3#225 Warning
PREG Output pipelining  
DSP u_control_soc/u_rocket/chiptop0/system/tile_prci_domain/element_reset_domain_rockettile/gemmini/store_controller/p_2_out__2 output u_control_soc/u_rocket/chiptop0/system/tile_prci_domain/element_reset_domain_rockettile/gemmini/store_controller/p_2_out__2/P[47:0] is not pipelined (PREG=0). Pipelining the DSP48 output will improve performance and often saves power so it is suggested whenever possible to fully pipeline this function.  If this DSP48 function was inferred, it is suggested to describe an additional register stage after this function.  If the DSP48 was instantiated in the design, it is suggested to set the PREG attribute to 1.
Related violations: <none>

DPOP-3#226 Warning
PREG Output pipelining  
DSP u_control_soc/u_rocket/chiptop0/system/tile_prci_domain/element_reset_domain_rockettile/vector_unit/vmu/las/eaddr1 output u_control_soc/u_rocket/chiptop0/system/tile_prci_domain/element_reset_domain_rockettile/vector_unit/vmu/las/eaddr1/P[47:0] is not pipelined (PREG=0). Pipelining the DSP48 output will improve performance and often saves power so it is suggested whenever possible to fully pipeline this function.  If this DSP48 function was inferred, it is suggested to describe an additional register stage after this function.  If the DSP48 was instantiated in the design, it is suggested to set the PREG attribute to 1.
Related violations: <none>

DPOP-3#227 Warning
PREG Output pipelining  
DSP u_control_soc/u_rocket/chiptop0/system/tile_prci_domain/element_reset_domain_rockettile/vector_unit/vmu/sas/eaddr1 output u_control_soc/u_rocket/chiptop0/system/tile_prci_domain/element_reset_domain_rockettile/vector_unit/vmu/sas/eaddr1/P[47:0] is not pipelined (PREG=0). Pipelining the DSP48 output will improve performance and often saves power so it is suggested whenever possible to fully pipeline this function.  If this DSP48 function was inferred, it is suggested to describe an additional register stage after this function.  If the DSP48 was instantiated in the design, it is suggested to set the PREG attribute to 1.
Related violations: <none>

DPOP-3#228 Warning
PREG Output pipelining  
DSP u_control_soc/u_rocket/chiptop0/system/tile_prci_domain/element_reset_domain_rockettile/vector_unit/vu/vxufp_int/fus_7/prod_pipe_pipe_b0 output u_control_soc/u_rocket/chiptop0/system/tile_prci_domain/element_reset_domain_rockettile/vector_unit/vu/vxufp_int/fus_7/prod_pipe_pipe_b0/P[47:0] is not pipelined (PREG=0). Pipelining the DSP48 output will improve performance and often saves power so it is suggested whenever possible to fully pipeline this function.  If this DSP48 function was inferred, it is suggested to describe an additional register stage after this function.  If the DSP48 was instantiated in the design, it is suggested to set the PREG attribute to 1.
Related violations: <none>

DPOP-3#229 Warning
PREG Output pipelining  
DSP u_control_soc/u_rocket/chiptop0/system/tile_prci_domain/element_reset_domain_rockettile/vector_unit/vu/vxufp_int/fus_7/prod_pipe_pipe_b0__1 output u_control_soc/u_rocket/chiptop0/system/tile_prci_domain/element_reset_domain_rockettile/vector_unit/vu/vxufp_int/fus_7/prod_pipe_pipe_b0__1/P[47:0] is not pipelined (PREG=0). Pipelining the DSP48 output will improve performance and often saves power so it is suggested whenever possible to fully pipeline this function.  If this DSP48 function was inferred, it is suggested to describe an additional register stage after this function.  If the DSP48 was instantiated in the design, it is suggested to set the PREG attribute to 1.
Related violations: <none>

DPOP-3#230 Warning
PREG Output pipelining  
DSP u_control_soc/u_rocket/chiptop0/system/tile_prci_domain/element_reset_domain_rockettile/vector_unit/vu/vxufp_int/fus_7/prod_pipe_pipe_b0__10 output u_control_soc/u_rocket/chiptop0/system/tile_prci_domain/element_reset_domain_rockettile/vector_unit/vu/vxufp_int/fus_7/prod_pipe_pipe_b0__10/P[47:0] is not pipelined (PREG=0). Pipelining the DSP48 output will improve performance and often saves power so it is suggested whenever possible to fully pipeline this function.  If this DSP48 function was inferred, it is suggested to describe an additional register stage after this function.  If the DSP48 was instantiated in the design, it is suggested to set the PREG attribute to 1.
Related violations: <none>

DPOP-3#231 Warning
PREG Output pipelining  
DSP u_control_soc/u_rocket/chiptop0/system/tile_prci_domain/element_reset_domain_rockettile/vector_unit/vu/vxufp_int/fus_7/prod_pipe_pipe_b0__3 output u_control_soc/u_rocket/chiptop0/system/tile_prci_domain/element_reset_domain_rockettile/vector_unit/vu/vxufp_int/fus_7/prod_pipe_pipe_b0__3/P[47:0] is not pipelined (PREG=0). Pipelining the DSP48 output will improve performance and often saves power so it is suggested whenever possible to fully pipeline this function.  If this DSP48 function was inferred, it is suggested to describe an additional register stage after this function.  If the DSP48 was instantiated in the design, it is suggested to set the PREG attribute to 1.
Related violations: <none>

DPOP-3#232 Warning
PREG Output pipelining  
DSP u_control_soc/u_rocket/chiptop0/system/tile_prci_domain/element_reset_domain_rockettile/vector_unit/vu/vxufp_int/fus_7/prod_pipe_pipe_b0__6 output u_control_soc/u_rocket/chiptop0/system/tile_prci_domain/element_reset_domain_rockettile/vector_unit/vu/vxufp_int/fus_7/prod_pipe_pipe_b0__6/P[47:0] is not pipelined (PREG=0). Pipelining the DSP48 output will improve performance and often saves power so it is suggested whenever possible to fully pipeline this function.  If this DSP48 function was inferred, it is suggested to describe an additional register stage after this function.  If the DSP48 was instantiated in the design, it is suggested to set the PREG attribute to 1.
Related violations: <none>

DPOP-3#233 Warning
PREG Output pipelining  
DSP u_control_soc/u_rocket/chiptop0/system/tile_prci_domain/element_reset_domain_rockettile/vector_unit/vu/vxufp_int/fus_7/prod_pipe_pipe_b0__8 output u_control_soc/u_rocket/chiptop0/system/tile_prci_domain/element_reset_domain_rockettile/vector_unit/vu/vxufp_int/fus_7/prod_pipe_pipe_b0__8/P[47:0] is not pipelined (PREG=0). Pipelining the DSP48 output will improve performance and often saves power so it is suggested whenever possible to fully pipeline this function.  If this DSP48 function was inferred, it is suggested to describe an additional register stage after this function.  If the DSP48 was instantiated in the design, it is suggested to set the PREG attribute to 1.
Related violations: <none>

DPOP-3#234 Warning
PREG Output pipelining  
DSP u_ddr_memory/u_video_framebuffer/u_batch_preprocess/active_dest_addr0 output u_ddr_memory/u_video_framebuffer/u_batch_preprocess/active_dest_addr0/P[47:0] is not pipelined (PREG=0). Pipelining the DSP48 output will improve performance and often saves power so it is suggested whenever possible to fully pipeline this function.  If this DSP48 function was inferred, it is suggested to describe an additional register stage after this function.  If the DSP48 was instantiated in the design, it is suggested to set the PREG attribute to 1.
Related violations: <none>

DPOP-3#235 Warning
PREG Output pipelining  
DSP u_ddr_memory/u_video_framebuffer/u_batch_preprocess/active_dest_addr0__0 output u_ddr_memory/u_video_framebuffer/u_batch_preprocess/active_dest_addr0__0/P[47:0] is not pipelined (PREG=0). Pipelining the DSP48 output will improve performance and often saves power so it is suggested whenever possible to fully pipeline this function.  If this DSP48 function was inferred, it is suggested to describe an additional register stage after this function.  If the DSP48 was instantiated in the design, it is suggested to set the PREG attribute to 1.
Related violations: <none>

DPOP-3#236 Warning
PREG Output pipelining  
DSP u_ddr_memory/u_video_framebuffer/u_batch_preprocess/u_frame_preprocess/read_addr1 output u_ddr_memory/u_video_framebuffer/u_batch_preprocess/u_frame_preprocess/read_addr1/P[47:0] is not pipelined (PREG=0). Pipelining the DSP48 output will improve performance and often saves power so it is suggested whenever possible to fully pipeline this function.  If this DSP48 function was inferred, it is suggested to describe an additional register stage after this function.  If the DSP48 was instantiated in the design, it is suggested to set the PREG attribute to 1.
Related violations: <none>

DPOP-3#237 Warning
PREG Output pipelining  
DSP u_ddr_memory/u_video_framebuffer/u_batch_preprocess/u_frame_preprocess/write_addr1 output u_ddr_memory/u_video_framebuffer/u_batch_preprocess/u_frame_preprocess/write_addr1/P[47:0] is not pipelined (PREG=0). Pipelining the DSP48 output will improve performance and often saves power so it is suggested whenever possible to fully pipeline this function.  If this DSP48 function was inferred, it is suggested to describe an additional register stage after this function.  If the DSP48 was instantiated in the design, it is suggested to set the PREG attribute to 1.
Related violations: <none>

DPOP-3#238 Warning
PREG Output pipelining  
DSP u_ddr_memory/u_video_framebuffer/u_reader/u_mosaic_reader/read_addr0 output u_ddr_memory/u_video_framebuffer/u_reader/u_mosaic_reader/read_addr0/P[47:0] is not pipelined (PREG=0). Pipelining the DSP48 output will improve performance and often saves power so it is suggested whenever possible to fully pipeline this function.  If this DSP48 function was inferred, it is suggested to describe an additional register stage after this function.  If the DSP48 was instantiated in the design, it is suggested to set the PREG attribute to 1.
Related violations: <none>

DPOP-4#1 Warning
MREG Output pipelining  
DSP u_control_soc/u_rocket/chiptop0/system/tile_prci_domain/element_reset_domain_rockettile/core/div/_prod_T_40 multiplier stage u_control_soc/u_rocket/chiptop0/system/tile_prci_domain/element_reset_domain_rockettile/core/div/_prod_T_40/P[47:0] is not pipelined (MREG=0). Pipelining the multiplier function will improve performance and will save significant power so it is suggested whenever possible to fully pipeline this function.  If this multiplier was inferred, it is suggested to describe an additional register stage after this function.  If there is no registered adder/accumulator following the multiply function, two pipeline stages are suggested to allow both the MREG and PREG registers to be used.  If the DSP48 was instantiated in the design, it is suggested to set both the MREG and PREG attributes to 1 when performing multiply functions.
Related violations: <none>

DPOP-4#2 Warning
MREG Output pipelining  
DSP u_control_soc/u_rocket/chiptop0/system/tile_prci_domain/element_reset_domain_rockettile/core/div/_prod_T_40__1 multiplier stage u_control_soc/u_rocket/chiptop0/system/tile_prci_domain/element_reset_domain_rockettile/core/div/_prod_T_40__1/P[47:0] is not pipelined (MREG=0). Pipelining the multiplier function will improve performance and will save significant power so it is suggested whenever possible to fully pipeline this function.  If this multiplier was inferred, it is suggested to describe an additional register stage after this function.  If there is no registered adder/accumulator following the multiply function, two pipeline stages are suggested to allow both the MREG and PREG registers to be used.  If the DSP48 was instantiated in the design, it is suggested to set both the MREG and PREG attributes to 1 when performing multiply functions.
Related violations: <none>

DPOP-4#3 Warning
MREG Output pipelining  
DSP u_control_soc/u_rocket/chiptop0/system/tile_prci_domain/element_reset_domain_rockettile/core/div/_prod_T_40__10 multiplier stage u_control_soc/u_rocket/chiptop0/system/tile_prci_domain/element_reset_domain_rockettile/core/div/_prod_T_40__10/P[47:0] is not pipelined (MREG=0). Pipelining the multiplier function will improve performance and will save significant power so it is suggested whenever possible to fully pipeline this function.  If this multiplier was inferred, it is suggested to describe an additional register stage after this function.  If there is no registered adder/accumulator following the multiply function, two pipeline stages are suggested to allow both the MREG and PREG registers to be used.  If the DSP48 was instantiated in the design, it is suggested to set both the MREG and PREG attributes to 1 when performing multiply functions.
Related violations: <none>

DPOP-4#4 Warning
MREG Output pipelining  
DSP u_control_soc/u_rocket/chiptop0/system/tile_prci_domain/element_reset_domain_rockettile/core/div/_prod_T_40__11 multiplier stage u_control_soc/u_rocket/chiptop0/system/tile_prci_domain/element_reset_domain_rockettile/core/div/_prod_T_40__11/P[47:0] is not pipelined (MREG=0). Pipelining the multiplier function will improve performance and will save significant power so it is suggested whenever possible to fully pipeline this function.  If this multiplier was inferred, it is suggested to describe an additional register stage after this function.  If there is no registered adder/accumulator following the multiply function, two pipeline stages are suggested to allow both the MREG and PREG registers to be used.  If the DSP48 was instantiated in the design, it is suggested to set both the MREG and PREG attributes to 1 when performing multiply functions.
Related violations: <none>

DPOP-4#5 Warning
MREG Output pipelining  
DSP u_control_soc/u_rocket/chiptop0/system/tile_prci_domain/element_reset_domain_rockettile/core/div/_prod_T_40__3 multiplier stage u_control_soc/u_rocket/chiptop0/system/tile_prci_domain/element_reset_domain_rockettile/core/div/_prod_T_40__3/P[47:0] is not pipelined (MREG=0). Pipelining the multiplier function will improve performance and will save significant power so it is suggested whenever possible to fully pipeline this function.  If this multiplier was inferred, it is suggested to describe an additional register stage after this function.  If there is no registered adder/accumulator following the multiply function, two pipeline stages are suggested to allow both the MREG and PREG registers to be used.  If the DSP48 was instantiated in the design, it is suggested to set both the MREG and PREG attributes to 1 when performing multiply functions.
Related violations: <none>

DPOP-4#6 Warning
MREG Output pipelining  
DSP u_control_soc/u_rocket/chiptop0/system/tile_prci_domain/element_reset_domain_rockettile/core/div/_prod_T_40__5 multiplier stage u_control_soc/u_rocket/chiptop0/system/tile_prci_domain/element_reset_domain_rockettile/core/div/_prod_T_40__5/P[47:0] is not pipelined (MREG=0). Pipelining the multiplier function will improve performance and will save significant power so it is suggested whenever possible to fully pipeline this function.  If this multiplier was inferred, it is suggested to describe an additional register stage after this function.  If there is no registered adder/accumulator following the multiply function, two pipeline stages are suggested to allow both the MREG and PREG registers to be used.  If the DSP48 was instantiated in the design, it is suggested to set both the MREG and PREG attributes to 1 when performing multiply functions.
Related violations: <none>

DPOP-4#7 Warning
MREG Output pipelining  
DSP u_control_soc/u_rocket/chiptop0/system/tile_prci_domain/element_reset_domain_rockettile/core/div/_prod_T_40__7 multiplier stage u_control_soc/u_rocket/chiptop0/system/tile_prci_domain/element_reset_domain_rockettile/core/div/_prod_T_40__7/P[47:0] is not pipelined (MREG=0). Pipelining the multiplier function will improve performance and will save significant power so it is suggested whenever possible to fully pipeline this function.  If this multiplier was inferred, it is suggested to describe an additional register stage after this function.  If there is no registered adder/accumulator following the multiply function, two pipeline stages are suggested to allow both the MREG and PREG registers to be used.  If the DSP48 was instantiated in the design, it is suggested to set both the MREG and PREG attributes to 1 when performing multiply functions.
Related violations: <none>

DPOP-4#8 Warning
MREG Output pipelining  
DSP u_control_soc/u_rocket/chiptop0/system/tile_prci_domain/element_reset_domain_rockettile/core/div/_prod_T_40__8 multiplier stage u_control_soc/u_rocket/chiptop0/system/tile_prci_domain/element_reset_domain_rockettile/core/div/_prod_T_40__8/P[47:0] is not pipelined (MREG=0). Pipelining the multiplier function will improve performance and will save significant power so it is suggested whenever possible to fully pipeline this function.  If this multiplier was inferred, it is suggested to describe an additional register stage after this function.  If there is no registered adder/accumulator following the multiply function, two pipeline stages are suggested to allow both the MREG and PREG registers to be used.  If the DSP48 was instantiated in the design, it is suggested to set both the MREG and PREG attributes to 1 when performing multiply functions.
Related violations: <none>

DPOP-4#9 Warning
MREG Output pipelining  
DSP u_control_soc/u_rocket/chiptop0/system/tile_prci_domain/element_reset_domain_rockettile/fpuOpt/dfma/fma/mulAddRecFNToRaw_postMul_io_mulAddResult_pipe_b1__0 multiplier stage u_control_soc/u_rocket/chiptop0/system/tile_prci_domain/element_reset_domain_rockettile/fpuOpt/dfma/fma/mulAddRecFNToRaw_postMul_io_mulAddResult_pipe_b1__0/P[47:0] is not pipelined (MREG=0). Pipelining the multiplier function will improve performance and will save significant power so it is suggested whenever possible to fully pipeline this function.  If this multiplier was inferred, it is suggested to describe an additional register stage after this function.  If there is no registered adder/accumulator following the multiply function, two pipeline stages are suggested to allow both the MREG and PREG registers to be used.  If the DSP48 was instantiated in the design, it is suggested to set both the MREG and PREG attributes to 1 when performing multiply functions.
Related violations: <none>

DPOP-4#10 Warning
MREG Output pipelining  
DSP u_control_soc/u_rocket/chiptop0/system/tile_prci_domain/element_reset_domain_rockettile/fpuOpt/dfma/fma/mulAddRecFNToRaw_postMul_io_mulAddResult_pipe_b1__1 multiplier stage u_control_soc/u_rocket/chiptop0/system/tile_prci_domain/element_reset_domain_rockettile/fpuOpt/dfma/fma/mulAddRecFNToRaw_postMul_io_mulAddResult_pipe_b1__1/P[47:0] is not pipelined (MREG=0). Pipelining the multiplier function will improve performance and will save significant power so it is suggested whenever possible to fully pipeline this function.  If this multiplier was inferred, it is suggested to describe an additional register stage after this function.  If there is no registered adder/accumulator following the multiply function, two pipeline stages are suggested to allow both the MREG and PREG registers to be used.  If the DSP48 was instantiated in the design, it is suggested to set both the MREG and PREG attributes to 1 when performing multiply functions.
Related violations: <none>

DPOP-4#11 Warning
MREG Output pipelining  
DSP u_control_soc/u_rocket/chiptop0/system/tile_prci_domain/element_reset_domain_rockettile/fpuOpt/dfma/fma/mulAddRecFNToRaw_postMul_io_mulAddResult_pipe_b1__4 multiplier stage u_control_soc/u_rocket/chiptop0/system/tile_prci_domain/element_reset_domain_rockettile/fpuOpt/dfma/fma/mulAddRecFNToRaw_postMul_io_mulAddResult_pipe_b1__4/P[47:0] is not pipelined (MREG=0). Pipelining the multiplier function will improve performance and will save significant power so it is suggested whenever possible to fully pipeline this function.  If this multiplier was inferred, it is suggested to describe an additional register stage after this function.  If there is no registered adder/accumulator following the multiply function, two pipeline stages are suggested to allow both the MREG and PREG registers to be used.  If the DSP48 was instantiated in the design, it is suggested to set both the MREG and PREG attributes to 1 when performing multiply functions.
Related violations: <none>

DPOP-4#12 Warning
MREG Output pipelining  
DSP u_control_soc/u_rocket/chiptop0/system/tile_prci_domain/element_reset_domain_rockettile/fpuOpt/dfma/fma/mulAddRecFNToRaw_postMul_io_mulAddResult_pipe_b1__5 multiplier stage u_control_soc/u_rocket/chiptop0/system/tile_prci_domain/element_reset_domain_rockettile/fpuOpt/dfma/fma/mulAddRecFNToRaw_postMul_io_mulAddResult_pipe_b1__5/P[47:0] is not pipelined (MREG=0). Pipelining the multiplier function will improve performance and will save significant power so it is suggested whenever possible to fully pipeline this function.  If this multiplier was inferred, it is suggested to describe an additional register stage after this function.  If there is no registered adder/accumulator following the multiply function, two pipeline stages are suggested to allow both the MREG and PREG registers to be used.  If the DSP48 was instantiated in the design, it is suggested to set both the MREG and PREG attributes to 1 when performing multiply functions.
Related violations: <none>

DPOP-4#13 Warning
MREG Output pipelining  
DSP u_control_soc/u_rocket/chiptop0/system/tile_prci_domain/element_reset_domain_rockettile/fpuOpt/dfma/fma/mulAddRecFNToRaw_postMul_io_mulAddResult_pipe_b1__7 multiplier stage u_control_soc/u_rocket/chiptop0/system/tile_prci_domain/element_reset_domain_rockettile/fpuOpt/dfma/fma/mulAddRecFNToRaw_postMul_io_mulAddResult_pipe_b1__7/P[47:0] is not pipelined (MREG=0). Pipelining the multiplier function will improve performance and will save significant power so it is suggested whenever possible to fully pipeline this function.  If this multiplier was inferred, it is suggested to describe an additional register stage after this function.  If there is no registered adder/accumulator following the multiply function, two pipeline stages are suggested to allow both the MREG and PREG registers to be used.  If the DSP48 was instantiated in the design, it is suggested to set both the MREG and PREG attributes to 1 when performing multiply functions.
Related violations: <none>

DPOP-4#14 Warning
MREG Output pipelining  
DSP u_control_soc/u_rocket/chiptop0/system/tile_prci_domain/element_reset_domain_rockettile/fpuOpt/hfma/fma/mulAddRecFNToRaw_postMul_io_mulAddResult_pipe_b_reg multiplier stage u_control_soc/u_rocket/chiptop0/system/tile_prci_domain/element_reset_domain_rockettile/fpuOpt/hfma/fma/mulAddRecFNToRaw_postMul_io_mulAddResult_pipe_b_reg/P[47:0] is not pipelined (MREG=0). Pipelining the multiplier function will improve performance and will save significant power so it is suggested whenever possible to fully pipeline this function.  If this multiplier was inferred, it is suggested to describe an additional register stage after this function.  If there is no registered adder/accumulator following the multiply function, two pipeline stages are suggested to allow both the MREG and PREG registers to be used.  If the DSP48 was instantiated in the design, it is suggested to set both the MREG and PREG attributes to 1 when performing multiply functions.
Related violations: <none>

DPOP-4#15 Warning
MREG Output pipelining  
DSP u_control_soc/u_rocket/chiptop0/system/tile_prci_domain/element_reset_domain_rockettile/fpuOpt/sfma/fma/mulAddRecFNToRaw_postMul_io_mulAddResult_pipe_b1 multiplier stage u_control_soc/u_rocket/chiptop0/system/tile_prci_domain/element_reset_domain_rockettile/fpuOpt/sfma/fma/mulAddRecFNToRaw_postMul_io_mulAddResult_pipe_b1/P[47:0] is not pipelined (MREG=0). Pipelining the multiplier function will improve performance and will save significant power so it is suggested whenever possible to fully pipeline this function.  If this multiplier was inferred, it is suggested to describe an additional register stage after this function.  If there is no registered adder/accumulator following the multiply function, two pipeline stages are suggested to allow both the MREG and PREG registers to be used.  If the DSP48 was instantiated in the design, it is suggested to set both the MREG and PREG attributes to 1 when performing multiply functions.
Related violations: <none>

DPOP-4#16 Warning
MREG Output pipelining  
DSP u_control_soc/u_rocket/chiptop0/system/tile_prci_domain/element_reset_domain_rockettile/fpuOpt/sfma/fma/mulAddRecFNToRaw_postMul_io_mulAddResult_pipe_b1__0 multiplier stage u_control_soc/u_rocket/chiptop0/system/tile_prci_domain/element_reset_domain_rockettile/fpuOpt/sfma/fma/mulAddRecFNToRaw_postMul_io_mulAddResult_pipe_b1__0/P[47:0] is not pipelined (MREG=0). Pipelining the multiplier function will improve performance and will save significant power so it is suggested whenever possible to fully pipeline this function.  If this multiplier was inferred, it is suggested to describe an additional register stage after this function.  If there is no registered adder/accumulator following the multiply function, two pipeline stages are suggested to allow both the MREG and PREG registers to be used.  If the DSP48 was instantiated in the design, it is suggested to set both the MREG and PREG attributes to 1 when performing multiply functions.
Related violations: <none>

DPOP-4#17 Warning
MREG Output pipelining  
DSP u_control_soc/u_rocket/chiptop0/system/tile_prci_domain/element_reset_domain_rockettile/gemmini/ex_controller/_w_address_T_4 multiplier stage u_control_soc/u_rocket/chiptop0/system/tile_prci_domain/element_reset_domain_rockettile/gemmini/ex_controller/_w_address_T_4/P[47:0] is not pipelined (MREG=0). Pipelining the multiplier function will improve performance and will save significant power so it is suggested whenever possible to fully pipeline this function.  If this multiplier was inferred, it is suggested to describe an additional register stage after this function.  If there is no registered adder/accumulator following the multiply function, two pipeline stages are suggested to allow both the MREG and PREG registers to be used.  If the DSP48 was instantiated in the design, it is suggested to set both the MREG and PREG attributes to 1 when performing multiply functions.
Related violations: <none>

DPOP-4#18 Warning
MREG Output pipelining  
DSP u_control_soc/u_rocket/chiptop0/system/tile_prci_domain/element_reset_domain_rockettile/gemmini/load_controller/io_dma_req_bits_vaddr0 multiplier stage u_control_soc/u_rocket/chiptop0/system/tile_prci_domain/element_reset_domain_rockettile/gemmini/load_controller/io_dma_req_bits_vaddr0/P[47:0] is not pipelined (MREG=0). Pipelining the multiplier function will improve performance and will save significant power so it is suggested whenever possible to fully pipeline this function.  If this multiplier was inferred, it is suggested to describe an additional register stage after this function.  If there is no registered adder/accumulator following the multiply function, two pipeline stages are suggested to allow both the MREG and PREG registers to be used.  If the DSP48 was instantiated in the design, it is suggested to set both the MREG and PREG attributes to 1 when performing multiply functions.
Related violations: <none>

DPOP-4#19 Warning
MREG Output pipelining  
DSP u_control_soc/u_rocket/chiptop0/system/tile_prci_domain/element_reset_domain_rockettile/gemmini/load_controller/io_dma_req_bits_vaddr0__0 multiplier stage u_control_soc/u_rocket/chiptop0/system/tile_prci_domain/element_reset_domain_rockettile/gemmini/load_controller/io_dma_req_bits_vaddr0__0/P[47:0] is not pipelined (MREG=0). Pipelining the multiplier function will improve performance and will save significant power so it is suggested whenever possible to fully pipeline this function.  If this multiplier was inferred, it is suggested to describe an additional register stage after this function.  If there is no registered adder/accumulator following the multiply function, two pipeline stages are suggested to allow both the MREG and PREG registers to be used.  If the DSP48 was instantiated in the design, it is suggested to set both the MREG and PREG attributes to 1 when performing multiply functions.
Related violations: <none>

DPOP-4#20 Warning
MREG Output pipelining  
DSP u_control_soc/u_rocket/chiptop0/system/tile_prci_domain/element_reset_domain_rockettile/gemmini/mod/O640 multiplier stage u_control_soc/u_rocket/chiptop0/system/tile_prci_domain/element_reset_domain_rockettile/gemmini/mod/O640/P[47:0] is not pipelined (MREG=0). Pipelining the multiplier function will improve performance and will save significant power so it is suggested whenever possible to fully pipeline this function.  If this multiplier was inferred, it is suggested to describe an additional register stage after this function.  If there is no registered adder/accumulator following the multiply function, two pipeline stages are suggested to allow both the MREG and PREG registers to be used.  If the DSP48 was instantiated in the design, it is suggested to set both the MREG and PREG attributes to 1 when performing multiply functions.
Related violations: <none>

DPOP-4#21 Warning
MREG Output pipelining  
DSP u_control_soc/u_rocket/chiptop0/system/tile_prci_domain/element_reset_domain_rockettile/gemmini/mod/O710 multiplier stage u_control_soc/u_rocket/chiptop0/system/tile_prci_domain/element_reset_domain_rockettile/gemmini/mod/O710/P[47:0] is not pipelined (MREG=0). Pipelining the multiplier function will improve performance and will save significant power so it is suggested whenever possible to fully pipeline this function.  If this multiplier was inferred, it is suggested to describe an additional register stage after this function.  If there is no registered adder/accumulator following the multiply function, two pipeline stages are suggested to allow both the MREG and PREG registers to be used.  If the DSP48 was instantiated in the design, it is suggested to set both the MREG and PREG attributes to 1 when performing multiply functions.
Related violations: <none>

DPOP-4#22 Warning
MREG Output pipelining  
DSP u_control_soc/u_rocket/chiptop0/system/tile_prci_domain/element_reset_domain_rockettile/gemmini/mod/P0 multiplier stage u_control_soc/u_rocket/chiptop0/system/tile_prci_domain/element_reset_domain_rockettile/gemmini/mod/P0/P[47:0] is not pipelined (MREG=0). Pipelining the multiplier function will improve performance and will save significant power so it is suggested whenever possible to fully pipeline this function.  If this multiplier was inferred, it is suggested to describe an additional register stage after this function.  If there is no registered adder/accumulator following the multiply function, two pipeline stages are suggested to allow both the MREG and PREG registers to be used.  If the DSP48 was instantiated in the design, it is suggested to set both the MREG and PREG attributes to 1 when performing multiply functions.
Related violations: <none>

DPOP-4#23 Warning
MREG Output pipelining  
DSP u_control_soc/u_rocket/chiptop0/system/tile_prci_domain/element_reset_domain_rockettile/gemmini/mod/_ld_weights_io_req_bits_derived_params_result_weight_spad_stride_T_2 multiplier stage u_control_soc/u_rocket/chiptop0/system/tile_prci_domain/element_reset_domain_rockettile/gemmini/mod/_ld_weights_io_req_bits_derived_params_result_weight_spad_stride_T_2/P[47:0] is not pipelined (MREG=0). Pipelining the multiplier function will improve performance and will save significant power so it is suggested whenever possible to fully pipeline this function.  If this multiplier was inferred, it is suggested to describe an additional register stage after this function.  If there is no registered adder/accumulator following the multiply function, two pipeline stages are suggested to allow both the MREG and PREG registers to be used.  If the DSP48 was instantiated in the design, it is suggested to set both the MREG and PREG attributes to 1 when performing multiply functions.
Related violations: <none>

DPOP-4#24 Warning
MREG Output pipelining  
DSP u_control_soc/u_rocket/chiptop0/system/tile_prci_domain/element_reset_domain_rockettile/gemmini/mod/ex/_GEN_152 multiplier stage u_control_soc/u_rocket/chiptop0/system/tile_prci_domain/element_reset_domain_rockettile/gemmini/mod/ex/_GEN_152/P[47:0] is not pipelined (MREG=0). Pipelining the multiplier function will improve performance and will save significant power so it is suggested whenever possible to fully pipeline this function.  If this multiplier was inferred, it is suggested to describe an additional register stage after this function.  If there is no registered adder/accumulator following the multiply function, two pipeline stages are suggested to allow both the MREG and PREG registers to be used.  If the DSP48 was instantiated in the design, it is suggested to set both the MREG and PREG attributes to 1 when performing multiply functions.
Related violations: <none>

DPOP-4#25 Warning
MREG Output pipelining  
DSP u_control_soc/u_rocket/chiptop0/system/tile_prci_domain/element_reset_domain_rockettile/gemmini/mod/ex/_GEN_172 multiplier stage u_control_soc/u_rocket/chiptop0/system/tile_prci_domain/element_reset_domain_rockettile/gemmini/mod/ex/_GEN_172/P[47:0] is not pipelined (MREG=0). Pipelining the multiplier function will improve performance and will save significant power so it is suggested whenever possible to fully pipeline this function.  If this multiplier was inferred, it is suggested to describe an additional register stage after this function.  If there is no registered adder/accumulator following the multiply function, two pipeline stages are suggested to allow both the MREG and PREG registers to be used.  If the DSP48 was instantiated in the design, it is suggested to set both the MREG and PREG attributes to 1 when performing multiply functions.
Related violations: <none>

DPOP-4#26 Warning
MREG Output pipelining  
DSP u_control_soc/u_rocket/chiptop0/system/tile_prci_domain/element_reset_domain_rockettile/gemmini/mod/ex/_GEN_232 multiplier stage u_control_soc/u_rocket/chiptop0/system/tile_prci_domain/element_reset_domain_rockettile/gemmini/mod/ex/_GEN_232/P[47:0] is not pipelined (MREG=0). Pipelining the multiplier function will improve performance and will save significant power so it is suggested whenever possible to fully pipeline this function.  If this multiplier was inferred, it is suggested to describe an additional register stage after this function.  If there is no registered adder/accumulator following the multiply function, two pipeline stages are suggested to allow both the MREG and PREG registers to be used.  If the DSP48 was instantiated in the design, it is suggested to set both the MREG and PREG attributes to 1 when performing multiply functions.
Related violations: <none>

DPOP-4#27 Warning
MREG Output pipelining  
DSP u_control_soc/u_rocket/chiptop0/system/tile_prci_domain/element_reset_domain_rockettile/gemmini/mod/ex/_GEN_232__0 multiplier stage u_control_soc/u_rocket/chiptop0/system/tile_prci_domain/element_reset_domain_rockettile/gemmini/mod/ex/_GEN_232__0/P[47:0] is not pipelined (MREG=0). Pipelining the multiplier function will improve performance and will save significant power so it is suggested whenever possible to fully pipeline this function.  If this multiplier was inferred, it is suggested to describe an additional register stage after this function.  If there is no registered adder/accumulator following the multiply function, two pipeline stages are suggested to allow both the MREG and PREG registers to be used.  If the DSP48 was instantiated in the design, it is suggested to set both the MREG and PREG attributes to 1 when performing multiply functions.
Related violations: <none>

DPOP-4#28 Warning
MREG Output pipelining  
DSP u_control_soc/u_rocket/chiptop0/system/tile_prci_domain/element_reset_domain_rockettile/gemmini/mod/ex/_GEN_233 multiplier stage u_control_soc/u_rocket/chiptop0/system/tile_prci_domain/element_reset_domain_rockettile/gemmini/mod/ex/_GEN_233/P[47:0] is not pipelined (MREG=0). Pipelining the multiplier function will improve performance and will save significant power so it is suggested whenever possible to fully pipeline this function.  If this multiplier was inferred, it is suggested to describe an additional register stage after this function.  If there is no registered adder/accumulator following the multiply function, two pipeline stages are suggested to allow both the MREG and PREG registers to be used.  If the DSP48 was instantiated in the design, it is suggested to set both the MREG and PREG attributes to 1 when performing multiply functions.
Related violations: <none>

DPOP-4#29 Warning
MREG Output pipelining  
DSP u_control_soc/u_rocket/chiptop0/system/tile_prci_domain/element_reset_domain_rockettile/gemmini/mod/ex/_GEN_233__0 multiplier stage u_control_soc/u_rocket/chiptop0/system/tile_prci_domain/element_reset_domain_rockettile/gemmini/mod/ex/_GEN_233__0/P[47:0] is not pipelined (MREG=0). Pipelining the multiplier function will improve performance and will save significant power so it is suggested whenever possible to fully pipeline this function.  If this multiplier was inferred, it is suggested to describe an additional register stage after this function.  If there is no registered adder/accumulator following the multiply function, two pipeline stages are suggested to allow both the MREG and PREG registers to be used.  If the DSP48 was instantiated in the design, it is suggested to set both the MREG and PREG attributes to 1 when performing multiply functions.
Related violations: <none>

DPOP-4#30 Warning
MREG Output pipelining  
DSP u_control_soc/u_rocket/chiptop0/system/tile_prci_domain/element_reset_domain_rockettile/gemmini/mod/ex/_GEN_24 multiplier stage u_control_soc/u_rocket/chiptop0/system/tile_prci_domain/element_reset_domain_rockettile/gemmini/mod/ex/_GEN_24/P[47:0] is not pipelined (MREG=0). Pipelining the multiplier function will improve performance and will save significant power so it is suggested whenever possible to fully pipeline this function.  If this multiplier was inferred, it is suggested to describe an additional register stage after this function.  If there is no registered adder/accumulator following the multiply function, two pipeline stages are suggested to allow both the MREG and PREG registers to be used.  If the DSP48 was instantiated in the design, it is suggested to set both the MREG and PREG attributes to 1 when performing multiply functions.
Related violations: <none>

DPOP-4#31 Warning
MREG Output pipelining  
DSP u_control_soc/u_rocket/chiptop0/system/tile_prci_domain/element_reset_domain_rockettile/gemmini/mod/ex/_icol_T_1 multiplier stage u_control_soc/u_rocket/chiptop0/system/tile_prci_domain/element_reset_domain_rockettile/gemmini/mod/ex/_icol_T_1/P[47:0] is not pipelined (MREG=0). Pipelining the multiplier function will improve performance and will save significant power so it is suggested whenever possible to fully pipeline this function.  If this multiplier was inferred, it is suggested to describe an additional register stage after this function.  If there is no registered adder/accumulator following the multiply function, two pipeline stages are suggested to allow both the MREG and PREG registers to be used.  If the DSP48 was instantiated in the design, it is suggested to set both the MREG and PREG attributes to 1 when performing multiply functions.
Related violations: <none>

DPOP-4#32 Warning
MREG Output pipelining  
DSP u_control_soc/u_rocket/chiptop0/system/tile_prci_domain/element_reset_domain_rockettile/gemmini/mod/ex/_irow_T_1 multiplier stage u_control_soc/u_rocket/chiptop0/system/tile_prci_domain/element_reset_domain_rockettile/gemmini/mod/ex/_irow_T_1/P[47:0] is not pipelined (MREG=0). Pipelining the multiplier function will improve performance and will save significant power so it is suggested whenever possible to fully pipeline this function.  If this multiplier was inferred, it is suggested to describe an additional register stage after this function.  If there is no registered adder/accumulator following the multiply function, two pipeline stages are suggested to allow both the MREG and PREG registers to be used.  If the DSP48 was instantiated in the design, it is suggested to set both the MREG and PREG attributes to 1 when performing multiply functions.
Related violations: <none>

DPOP-4#33 Warning
MREG Output pipelining  
DSP u_control_soc/u_rocket/chiptop0/system/tile_prci_domain/element_reset_domain_rockettile/gemmini/mod/ex/io_in_bits_a_addr3 multiplier stage u_control_soc/u_rocket/chiptop0/system/tile_prci_domain/element_reset_domain_rockettile/gemmini/mod/ex/io_in_bits_a_addr3/P[47:0] is not pipelined (MREG=0). Pipelining the multiplier function will improve performance and will save significant power so it is suggested whenever possible to fully pipeline this function.  If this multiplier was inferred, it is suggested to describe an additional register stage after this function.  If there is no registered adder/accumulator following the multiply function, two pipeline stages are suggested to allow both the MREG and PREG registers to be used.  If the DSP48 was instantiated in the design, it is suggested to set both the MREG and PREG attributes to 1 when performing multiply functions.
Related violations: <none>

DPOP-4#34 Warning
MREG Output pipelining  
DSP u_control_soc/u_rocket/chiptop0/system/tile_prci_domain/element_reset_domain_rockettile/gemmini/mod/ex/io_in_bits_a_addr3__0 multiplier stage u_control_soc/u_rocket/chiptop0/system/tile_prci_domain/element_reset_domain_rockettile/gemmini/mod/ex/io_in_bits_a_addr3__0/P[47:0] is not pipelined (MREG=0). Pipelining the multiplier function will improve performance and will save significant power so it is suggested whenever possible to fully pipeline this function.  If this multiplier was inferred, it is suggested to describe an additional register stage after this function.  If there is no registered adder/accumulator following the multiply function, two pipeline stages are suggested to allow both the MREG and PREG registers to be used.  If the DSP48 was instantiated in the design, it is suggested to set both the MREG and PREG attributes to 1 when performing multiply functions.
Related violations: <none>

DPOP-4#35 Warning
MREG Output pipelining  
DSP u_control_soc/u_rocket/chiptop0/system/tile_prci_domain/element_reset_domain_rockettile/gemmini/mod/ex/io_in_bits_a_addr4 multiplier stage u_control_soc/u_rocket/chiptop0/system/tile_prci_domain/element_reset_domain_rockettile/gemmini/mod/ex/io_in_bits_a_addr4/P[47:0] is not pipelined (MREG=0). Pipelining the multiplier function will improve performance and will save significant power so it is suggested whenever possible to fully pipeline this function.  If this multiplier was inferred, it is suggested to describe an additional register stage after this function.  If there is no registered adder/accumulator following the multiply function, two pipeline stages are suggested to allow both the MREG and PREG registers to be used.  If the DSP48 was instantiated in the design, it is suggested to set both the MREG and PREG attributes to 1 when performing multiply functions.
Related violations: <none>

DPOP-4#36 Warning
MREG Output pipelining  
DSP u_control_soc/u_rocket/chiptop0/system/tile_prci_domain/element_reset_domain_rockettile/gemmini/mod/ex/io_in_bits_a_addr4__0 multiplier stage u_control_soc/u_rocket/chiptop0/system/tile_prci_domain/element_reset_domain_rockettile/gemmini/mod/ex/io_in_bits_a_addr4__0/P[47:0] is not pipelined (MREG=0). Pipelining the multiplier function will improve performance and will save significant power so it is suggested whenever possible to fully pipeline this function.  If this multiplier was inferred, it is suggested to describe an additional register stage after this function.  If there is no registered adder/accumulator following the multiply function, two pipeline stages are suggested to allow both the MREG and PREG registers to be used.  If the DSP48 was instantiated in the design, it is suggested to set both the MREG and PREG attributes to 1 when performing multiply functions.
Related violations: <none>

DPOP-4#37 Warning
MREG Output pipelining  
DSP u_control_soc/u_rocket/chiptop0/system/tile_prci_domain/element_reset_domain_rockettile/gemmini/mod/ex/io_in_bits_a_addr4__1 multiplier stage u_control_soc/u_rocket/chiptop0/system/tile_prci_domain/element_reset_domain_rockettile/gemmini/mod/ex/io_in_bits_a_addr4__1/P[47:0] is not pipelined (MREG=0). Pipelining the multiplier function will improve performance and will save significant power so it is suggested whenever possible to fully pipeline this function.  If this multiplier was inferred, it is suggested to describe an additional register stage after this function.  If there is no registered adder/accumulator following the multiply function, two pipeline stages are suggested to allow both the MREG and PREG registers to be used.  If the DSP48 was instantiated in the design, it is suggested to set both the MREG and PREG attributes to 1 when performing multiply functions.
Related violations: <none>

DPOP-4#38 Warning
MREG Output pipelining  
DSP u_control_soc/u_rocket/chiptop0/system/tile_prci_domain/element_reset_domain_rockettile/gemmini/mod/ex/io_in_bits_a_addr4__2 multiplier stage u_control_soc/u_rocket/chiptop0/system/tile_prci_domain/element_reset_domain_rockettile/gemmini/mod/ex/io_in_bits_a_addr4__2/P[47:0] is not pipelined (MREG=0). Pipelining the multiplier function will improve performance and will save significant power so it is suggested whenever possible to fully pipeline this function.  If this multiplier was inferred, it is suggested to describe an additional register stage after this function.  If there is no registered adder/accumulator following the multiply function, two pipeline stages are suggested to allow both the MREG and PREG registers to be used.  If the DSP48 was instantiated in the design, it is suggested to set both the MREG and PREG attributes to 1 when performing multiply functions.
Related violations: <none>

DPOP-4#39 Warning
MREG Output pipelining  
DSP u_control_soc/u_rocket/chiptop0/system/tile_prci_domain/element_reset_domain_rockettile/gemmini/mod/ex/io_in_bits_a_addr5 multiplier stage u_control_soc/u_rocket/chiptop0/system/tile_prci_domain/element_reset_domain_rockettile/gemmini/mod/ex/io_in_bits_a_addr5/P[47:0] is not pipelined (MREG=0). Pipelining the multiplier function will improve performance and will save significant power so it is suggested whenever possible to fully pipeline this function.  If this multiplier was inferred, it is suggested to describe an additional register stage after this function.  If there is no registered adder/accumulator following the multiply function, two pipeline stages are suggested to allow both the MREG and PREG registers to be used.  If the DSP48 was instantiated in the design, it is suggested to set both the MREG and PREG attributes to 1 when performing multiply functions.
Related violations: <none>

DPOP-4#40 Warning
MREG Output pipelining  
DSP u_control_soc/u_rocket/chiptop0/system/tile_prci_domain/element_reset_domain_rockettile/gemmini/mod/ex/io_in_bits_a_addr5__0 multiplier stage u_control_soc/u_rocket/chiptop0/system/tile_prci_domain/element_reset_domain_rockettile/gemmini/mod/ex/io_in_bits_a_addr5__0/P[47:0] is not pipelined (MREG=0). Pipelining the multiplier function will improve performance and will save significant power so it is suggested whenever possible to fully pipeline this function.  If this multiplier was inferred, it is suggested to describe an additional register stage after this function.  If there is no registered adder/accumulator following the multiply function, two pipeline stages are suggested to allow both the MREG and PREG registers to be used.  If the DSP48 was instantiated in the design, it is suggested to set both the MREG and PREG attributes to 1 when performing multiply functions.
Related violations: <none>

DPOP-4#41 Warning
MREG Output pipelining  
DSP u_control_soc/u_rocket/chiptop0/system/tile_prci_domain/element_reset_domain_rockettile/gemmini/mod/ex/io_in_bits_b_addr4 multiplier stage u_control_soc/u_rocket/chiptop0/system/tile_prci_domain/element_reset_domain_rockettile/gemmini/mod/ex/io_in_bits_b_addr4/P[47:0] is not pipelined (MREG=0). Pipelining the multiplier function will improve performance and will save significant power so it is suggested whenever possible to fully pipeline this function.  If this multiplier was inferred, it is suggested to describe an additional register stage after this function.  If there is no registered adder/accumulator following the multiply function, two pipeline stages are suggested to allow both the MREG and PREG registers to be used.  If the DSP48 was instantiated in the design, it is suggested to set both the MREG and PREG attributes to 1 when performing multiply functions.
Related violations: <none>

DPOP-4#42 Warning
MREG Output pipelining  
DSP u_control_soc/u_rocket/chiptop0/system/tile_prci_domain/element_reset_domain_rockettile/gemmini/mod/ex/io_in_bits_b_addr4__0 multiplier stage u_control_soc/u_rocket/chiptop0/system/tile_prci_domain/element_reset_domain_rockettile/gemmini/mod/ex/io_in_bits_b_addr4__0/P[47:0] is not pipelined (MREG=0). Pipelining the multiplier function will improve performance and will save significant power so it is suggested whenever possible to fully pipeline this function.  If this multiplier was inferred, it is suggested to describe an additional register stage after this function.  If there is no registered adder/accumulator following the multiply function, two pipeline stages are suggested to allow both the MREG and PREG registers to be used.  If the DSP48 was instantiated in the design, it is suggested to set both the MREG and PREG attributes to 1 when performing multiply functions.
Related violations: <none>

DPOP-4#43 Warning
MREG Output pipelining  
DSP u_control_soc/u_rocket/chiptop0/system/tile_prci_domain/element_reset_domain_rockettile/gemmini/mod/ex/io_in_bits_b_addr5 multiplier stage u_control_soc/u_rocket/chiptop0/system/tile_prci_domain/element_reset_domain_rockettile/gemmini/mod/ex/io_in_bits_b_addr5/P[47:0] is not pipelined (MREG=0). Pipelining the multiplier function will improve performance and will save significant power so it is suggested whenever possible to fully pipeline this function.  If this multiplier was inferred, it is suggested to describe an additional register stage after this function.  If there is no registered adder/accumulator following the multiply function, two pipeline stages are suggested to allow both the MREG and PREG registers to be used.  If the DSP48 was instantiated in the design, it is suggested to set both the MREG and PREG attributes to 1 when performing multiply functions.
Related violations: <none>

DPOP-4#44 Warning
MREG Output pipelining  
DSP u_control_soc/u_rocket/chiptop0/system/tile_prci_domain/element_reset_domain_rockettile/gemmini/mod/ex/io_in_bits_b_addr5__0 multiplier stage u_control_soc/u_rocket/chiptop0/system/tile_prci_domain/element_reset_domain_rockettile/gemmini/mod/ex/io_in_bits_b_addr5__0/P[47:0] is not pipelined (MREG=0). Pipelining the multiplier function will improve performance and will save significant power so it is suggested whenever possible to fully pipeline this function.  If this multiplier was inferred, it is suggested to describe an additional register stage after this function.  If there is no registered adder/accumulator following the multiply function, two pipeline stages are suggested to allow both the MREG and PREG registers to be used.  If the DSP48 was instantiated in the design, it is suggested to set both the MREG and PREG attributes to 1 when performing multiply functions.
Related violations: <none>

DPOP-4#45 Warning
MREG Output pipelining  
DSP u_control_soc/u_rocket/chiptop0/system/tile_prci_domain/element_reset_domain_rockettile/gemmini/mod/ex/io_in_bits_b_addr6 multiplier stage u_control_soc/u_rocket/chiptop0/system/tile_prci_domain/element_reset_domain_rockettile/gemmini/mod/ex/io_in_bits_b_addr6/P[47:0] is not pipelined (MREG=0). Pipelining the multiplier function will improve performance and will save significant power so it is suggested whenever possible to fully pipeline this function.  If this multiplier was inferred, it is suggested to describe an additional register stage after this function.  If there is no registered adder/accumulator following the multiply function, two pipeline stages are suggested to allow both the MREG and PREG registers to be used.  If the DSP48 was instantiated in the design, it is suggested to set both the MREG and PREG attributes to 1 when performing multiply functions.
Related violations: <none>

DPOP-4#46 Warning
MREG Output pipelining  
DSP u_control_soc/u_rocket/chiptop0/system/tile_prci_domain/element_reset_domain_rockettile/gemmini/mod/ex/io_in_bits_b_addr6__0 multiplier stage u_control_soc/u_rocket/chiptop0/system/tile_prci_domain/element_reset_domain_rockettile/gemmini/mod/ex/io_in_bits_b_addr6__0/P[47:0] is not pipelined (MREG=0). Pipelining the multiplier function will improve performance and will save significant power so it is suggested whenever possible to fully pipeline this function.  If this multiplier was inferred, it is suggested to describe an additional register stage after this function.  If there is no registered adder/accumulator following the multiply function, two pipeline stages are suggested to allow both the MREG and PREG registers to be used.  If the DSP48 was instantiated in the design, it is suggested to set both the MREG and PREG attributes to 1 when performing multiply functions.
Related violations: <none>

DPOP-4#47 Warning
MREG Output pipelining  
DSP u_control_soc/u_rocket/chiptop0/system/tile_prci_domain/element_reset_domain_rockettile/gemmini/mod/ex/io_in_bits_b_addr7 multiplier stage u_control_soc/u_rocket/chiptop0/system/tile_prci_domain/element_reset_domain_rockettile/gemmini/mod/ex/io_in_bits_b_addr7/P[47:0] is not pipelined (MREG=0). Pipelining the multiplier function will improve performance and will save significant power so it is suggested whenever possible to fully pipeline this function.  If this multiplier was inferred, it is suggested to describe an additional register stage after this function.  If there is no registered adder/accumulator following the multiply function, two pipeline stages are suggested to allow both the MREG and PREG registers to be used.  If the DSP48 was instantiated in the design, it is suggested to set both the MREG and PREG attributes to 1 when performing multiply functions.
Related violations: <none>

DPOP-4#48 Warning
MREG Output pipelining  
DSP u_control_soc/u_rocket/chiptop0/system/tile_prci_domain/element_reset_domain_rockettile/gemmini/mod/ex/io_in_bits_b_addr7__0 multiplier stage u_control_soc/u_rocket/chiptop0/system/tile_prci_domain/element_reset_domain_rockettile/gemmini/mod/ex/io_in_bits_b_addr7__0/P[47:0] is not pipelined (MREG=0). Pipelining the multiplier function will improve performance and will save significant power so it is suggested whenever possible to fully pipeline this function.  If this multiplier was inferred, it is suggested to describe an additional register stage after this function.  If there is no registered adder/accumulator following the multiply function, two pipeline stages are suggested to allow both the MREG and PREG registers to be used.  If the DSP48 was instantiated in the design, it is suggested to set both the MREG and PREG attributes to 1 when performing multiply functions.
Related violations: <none>

DPOP-4#49 Warning
MREG Output pipelining  
DSP u_control_soc/u_rocket/chiptop0/system/tile_prci_domain/element_reset_domain_rockettile/gemmini/mod/ex/io_in_bits_c_addr3 multiplier stage u_control_soc/u_rocket/chiptop0/system/tile_prci_domain/element_reset_domain_rockettile/gemmini/mod/ex/io_in_bits_c_addr3/P[47:0] is not pipelined (MREG=0). Pipelining the multiplier function will improve performance and will save significant power so it is suggested whenever possible to fully pipeline this function.  If this multiplier was inferred, it is suggested to describe an additional register stage after this function.  If there is no registered adder/accumulator following the multiply function, two pipeline stages are suggested to allow both the MREG and PREG registers to be used.  If the DSP48 was instantiated in the design, it is suggested to set both the MREG and PREG attributes to 1 when performing multiply functions.
Related violations: <none>

DPOP-4#50 Warning
MREG Output pipelining  
DSP u_control_soc/u_rocket/chiptop0/system/tile_prci_domain/element_reset_domain_rockettile/gemmini/mod/ex/io_in_bits_c_addr4 multiplier stage u_control_soc/u_rocket/chiptop0/system/tile_prci_domain/element_reset_domain_rockettile/gemmini/mod/ex/io_in_bits_c_addr4/P[47:0] is not pipelined (MREG=0). Pipelining the multiplier function will improve performance and will save significant power so it is suggested whenever possible to fully pipeline this function.  If this multiplier was inferred, it is suggested to describe an additional register stage after this function.  If there is no registered adder/accumulator following the multiply function, two pipeline stages are suggested to allow both the MREG and PREG registers to be used.  If the DSP48 was instantiated in the design, it is suggested to set both the MREG and PREG attributes to 1 when performing multiply functions.
Related violations: <none>

DPOP-4#51 Warning
MREG Output pipelining  
DSP u_control_soc/u_rocket/chiptop0/system/tile_prci_domain/element_reset_domain_rockettile/gemmini/mod/ex/io_in_bits_c_addr4__0 multiplier stage u_control_soc/u_rocket/chiptop0/system/tile_prci_domain/element_reset_domain_rockettile/gemmini/mod/ex/io_in_bits_c_addr4__0/P[47:0] is not pipelined (MREG=0). Pipelining the multiplier function will improve performance and will save significant power so it is suggested whenever possible to fully pipeline this function.  If this multiplier was inferred, it is suggested to describe an additional register stage after this function.  If there is no registered adder/accumulator following the multiply function, two pipeline stages are suggested to allow both the MREG and PREG registers to be used.  If the DSP48 was instantiated in the design, it is suggested to set both the MREG and PREG attributes to 1 when performing multiply functions.
Related violations: <none>

DPOP-4#52 Warning
MREG Output pipelining  
DSP u_control_soc/u_rocket/chiptop0/system/tile_prci_domain/element_reset_domain_rockettile/gemmini/mod/ex/io_in_bits_c_addr5 multiplier stage u_control_soc/u_rocket/chiptop0/system/tile_prci_domain/element_reset_domain_rockettile/gemmini/mod/ex/io_in_bits_c_addr5/P[47:0] is not pipelined (MREG=0). Pipelining the multiplier function will improve performance and will save significant power so it is suggested whenever possible to fully pipeline this function.  If this multiplier was inferred, it is suggested to describe an additional register stage after this function.  If there is no registered adder/accumulator following the multiply function, two pipeline stages are suggested to allow both the MREG and PREG registers to be used.  If the DSP48 was instantiated in the design, it is suggested to set both the MREG and PREG attributes to 1 when performing multiply functions.
Related violations: <none>

DPOP-4#53 Warning
MREG Output pipelining  
DSP u_control_soc/u_rocket/chiptop0/system/tile_prci_domain/element_reset_domain_rockettile/gemmini/mod/ex/io_in_bits_c_addr6 multiplier stage u_control_soc/u_rocket/chiptop0/system/tile_prci_domain/element_reset_domain_rockettile/gemmini/mod/ex/io_in_bits_c_addr6/P[47:0] is not pipelined (MREG=0). Pipelining the multiplier function will improve performance and will save significant power so it is suggested whenever possible to fully pipeline this function.  If this multiplier was inferred, it is suggested to describe an additional register stage after this function.  If there is no registered adder/accumulator following the multiply function, two pipeline stages are suggested to allow both the MREG and PREG registers to be used.  If the DSP48 was instantiated in the design, it is suggested to set both the MREG and PREG attributes to 1 when performing multiply functions.
Related violations: <none>

DPOP-4#54 Warning
MREG Output pipelining  
DSP u_control_soc/u_rocket/chiptop0/system/tile_prci_domain/element_reset_domain_rockettile/gemmini/mod/ex/io_in_bits_cmd_rs11 multiplier stage u_control_soc/u_rocket/chiptop0/system/tile_prci_domain/element_reset_domain_rockettile/gemmini/mod/ex/io_in_bits_cmd_rs11/P[47:0] is not pipelined (MREG=0). Pipelining the multiplier function will improve performance and will save significant power so it is suggested whenever possible to fully pipeline this function.  If this multiplier was inferred, it is suggested to describe an additional register stage after this function.  If there is no registered adder/accumulator following the multiply function, two pipeline stages are suggested to allow both the MREG and PREG registers to be used.  If the DSP48 was instantiated in the design, it is suggested to set both the MREG and PREG attributes to 1 when performing multiply functions.
Related violations: <none>

DPOP-4#55 Warning
MREG Output pipelining  
DSP u_control_soc/u_rocket/chiptop0/system/tile_prci_domain/element_reset_domain_rockettile/gemmini/mod/ex/io_in_bits_cmd_rs21 multiplier stage u_control_soc/u_rocket/chiptop0/system/tile_prci_domain/element_reset_domain_rockettile/gemmini/mod/ex/io_in_bits_cmd_rs21/P[47:0] is not pipelined (MREG=0). Pipelining the multiplier function will improve performance and will save significant power so it is suggested whenever possible to fully pipeline this function.  If this multiplier was inferred, it is suggested to describe an additional register stage after this function.  If there is no registered adder/accumulator following the multiply function, two pipeline stages are suggested to allow both the MREG and PREG registers to be used.  If the DSP48 was instantiated in the design, it is suggested to set both the MREG and PREG attributes to 1 when performing multiply functions.
Related violations: <none>

DPOP-4#56 Warning
MREG Output pipelining  
DSP u_control_soc/u_rocket/chiptop0/system/tile_prci_domain/element_reset_domain_rockettile/gemmini/mod/ex/p_0_out0 multiplier stage u_control_soc/u_rocket/chiptop0/system/tile_prci_domain/element_reset_domain_rockettile/gemmini/mod/ex/p_0_out0/P[47:0] is not pipelined (MREG=0). Pipelining the multiplier function will improve performance and will save significant power so it is suggested whenever possible to fully pipeline this function.  If this multiplier was inferred, it is suggested to describe an additional register stage after this function.  If there is no registered adder/accumulator following the multiply function, two pipeline stages are suggested to allow both the MREG and PREG registers to be used.  If the DSP48 was instantiated in the design, it is suggested to set both the MREG and PREG attributes to 1 when performing multiply functions.
Related violations: <none>

DPOP-4#57 Warning
MREG Output pipelining  
DSP u_control_soc/u_rocket/chiptop0/system/tile_prci_domain/element_reset_domain_rockettile/gemmini/mod/ex_io_req_bits_derived_params_icols_without_dilation0 multiplier stage u_control_soc/u_rocket/chiptop0/system/tile_prci_domain/element_reset_domain_rockettile/gemmini/mod/ex_io_req_bits_derived_params_icols_without_dilation0/P[47:0] is not pipelined (MREG=0). Pipelining the multiplier function will improve performance and will save significant power so it is suggested whenever possible to fully pipeline this function.  If this multiplier was inferred, it is suggested to describe an additional register stage after this function.  If there is no registered adder/accumulator following the multiply function, two pipeline stages are suggested to allow both the MREG and PREG registers to be used.  If the DSP48 was instantiated in the design, it is suggested to set both the MREG and PREG attributes to 1 when performing multiply functions.
Related violations: <none>

DPOP-4#58 Warning
MREG Output pipelining  
DSP u_control_soc/u_rocket/chiptop0/system/tile_prci_domain/element_reset_domain_rockettile/gemmini/mod/ex_io_req_bits_derived_params_icols_without_dilation1 multiplier stage u_control_soc/u_rocket/chiptop0/system/tile_prci_domain/element_reset_domain_rockettile/gemmini/mod/ex_io_req_bits_derived_params_icols_without_dilation1/P[47:0] is not pipelined (MREG=0). Pipelining the multiplier function will improve performance and will save significant power so it is suggested whenever possible to fully pipeline this function.  If this multiplier was inferred, it is suggested to describe an additional register stage after this function.  If there is no registered adder/accumulator following the multiply function, two pipeline stages are suggested to allow both the MREG and PREG registers to be used.  If the DSP48 was instantiated in the design, it is suggested to set both the MREG and PREG attributes to 1 when performing multiply functions.
Related violations: <none>

DPOP-4#59 Warning
MREG Output pipelining  
DSP u_control_soc/u_rocket/chiptop0/system/tile_prci_domain/element_reset_domain_rockettile/gemmini/mod/ex_io_req_bits_derived_params_irows_without_dilation0 multiplier stage u_control_soc/u_rocket/chiptop0/system/tile_prci_domain/element_reset_domain_rockettile/gemmini/mod/ex_io_req_bits_derived_params_irows_without_dilation0/P[47:0] is not pipelined (MREG=0). Pipelining the multiplier function will improve performance and will save significant power so it is suggested whenever possible to fully pipeline this function.  If this multiplier was inferred, it is suggested to describe an additional register stage after this function.  If there is no registered adder/accumulator following the multiply function, two pipeline stages are suggested to allow both the MREG and PREG registers to be used.  If the DSP48 was instantiated in the design, it is suggested to set both the MREG and PREG attributes to 1 when performing multiply functions.
Related violations: <none>

DPOP-4#60 Warning
MREG Output pipelining  
DSP u_control_soc/u_rocket/chiptop0/system/tile_prci_domain/element_reset_domain_rockettile/gemmini/mod/ex_io_req_bits_derived_params_irows_without_dilation1 multiplier stage u_control_soc/u_rocket/chiptop0/system/tile_prci_domain/element_reset_domain_rockettile/gemmini/mod/ex_io_req_bits_derived_params_irows_without_dilation1/P[47:0] is not pipelined (MREG=0). Pipelining the multiplier function will improve performance and will save significant power so it is suggested whenever possible to fully pipeline this function.  If this multiplier was inferred, it is suggested to describe an additional register stage after this function.  If there is no registered adder/accumulator following the multiply function, two pipeline stages are suggested to allow both the MREG and PREG registers to be used.  If the DSP48 was instantiated in the design, it is suggested to set both the MREG and PREG attributes to 1 when performing multiply functions.
Related violations: <none>

DPOP-4#61 Warning
MREG Output pipelining  
DSP u_control_soc/u_rocket/chiptop0/system/tile_prci_domain/element_reset_domain_rockettile/gemmini/mod/io_req_bits_derived_params_bias_spad_stride0 multiplier stage u_control_soc/u_rocket/chiptop0/system/tile_prci_domain/element_reset_domain_rockettile/gemmini/mod/io_req_bits_derived_params_bias_spad_stride0/P[47:0] is not pipelined (MREG=0). Pipelining the multiplier function will improve performance and will save significant power so it is suggested whenever possible to fully pipeline this function.  If this multiplier was inferred, it is suggested to describe an additional register stage after this function.  If there is no registered adder/accumulator following the multiply function, two pipeline stages are suggested to allow both the MREG and PREG registers to be used.  If the DSP48 was instantiated in the design, it is suggested to set both the MREG and PREG attributes to 1 when performing multiply functions.
Related violations: <none>

DPOP-4#62 Warning
MREG Output pipelining  
DSP u_control_soc/u_rocket/chiptop0/system/tile_prci_domain/element_reset_domain_rockettile/gemmini/mod/io_req_bits_derived_params_bias_spad_stride1 multiplier stage u_control_soc/u_rocket/chiptop0/system/tile_prci_domain/element_reset_domain_rockettile/gemmini/mod/io_req_bits_derived_params_bias_spad_stride1/P[47:0] is not pipelined (MREG=0). Pipelining the multiplier function will improve performance and will save significant power so it is suggested whenever possible to fully pipeline this function.  If this multiplier was inferred, it is suggested to describe an additional register stage after this function.  If there is no registered adder/accumulator following the multiply function, two pipeline stages are suggested to allow both the MREG and PREG registers to be used.  If the DSP48 was instantiated in the design, it is suggested to set both the MREG and PREG attributes to 1 when performing multiply functions.
Related violations: <none>

DPOP-4#63 Warning
MREG Output pipelining  
DSP u_control_soc/u_rocket/chiptop0/system/tile_prci_domain/element_reset_domain_rockettile/gemmini/mod/ld_bias/io_in_bits_spad_addr3 multiplier stage u_control_soc/u_rocket/chiptop0/system/tile_prci_domain/element_reset_domain_rockettile/gemmini/mod/ld_bias/io_in_bits_spad_addr3/P[47:0] is not pipelined (MREG=0). Pipelining the multiplier function will improve performance and will save significant power so it is suggested whenever possible to fully pipeline this function.  If this multiplier was inferred, it is suggested to describe an additional register stage after this function.  If there is no registered adder/accumulator following the multiply function, two pipeline stages are suggested to allow both the MREG and PREG registers to be used.  If the DSP48 was instantiated in the design, it is suggested to set both the MREG and PREG attributes to 1 when performing multiply functions.
Related violations: <none>

DPOP-4#64 Warning
MREG Output pipelining  
DSP u_control_soc/u_rocket/chiptop0/system/tile_prci_domain/element_reset_domain_rockettile/gemmini/mod/ld_bias/io_in_bits_spad_addr4 multiplier stage u_control_soc/u_rocket/chiptop0/system/tile_prci_domain/element_reset_domain_rockettile/gemmini/mod/ld_bias/io_in_bits_spad_addr4/P[47:0] is not pipelined (MREG=0). Pipelining the multiplier function will improve performance and will save significant power so it is suggested whenever possible to fully pipeline this function.  If this multiplier was inferred, it is suggested to describe an additional register stage after this function.  If there is no registered adder/accumulator following the multiply function, two pipeline stages are suggested to allow both the MREG and PREG registers to be used.  If the DSP48 was instantiated in the design, it is suggested to set both the MREG and PREG attributes to 1 when performing multiply functions.
Related violations: <none>

DPOP-4#65 Warning
MREG Output pipelining  
DSP u_control_soc/u_rocket/chiptop0/system/tile_prci_domain/element_reset_domain_rockettile/gemmini/mod/ld_bias/io_in_bits_spad_addr4__0 multiplier stage u_control_soc/u_rocket/chiptop0/system/tile_prci_domain/element_reset_domain_rockettile/gemmini/mod/ld_bias/io_in_bits_spad_addr4__0/P[47:0] is not pipelined (MREG=0). Pipelining the multiplier function will improve performance and will save significant power so it is suggested whenever possible to fully pipeline this function.  If this multiplier was inferred, it is suggested to describe an additional register stage after this function.  If there is no registered adder/accumulator following the multiply function, two pipeline stages are suggested to allow both the MREG and PREG registers to be used.  If the DSP48 was instantiated in the design, it is suggested to set both the MREG and PREG attributes to 1 when performing multiply functions.
Related violations: <none>

DPOP-4#66 Warning
MREG Output pipelining  
DSP u_control_soc/u_rocket/chiptop0/system/tile_prci_domain/element_reset_domain_rockettile/gemmini/mod/ld_bias/io_in_bits_spad_addr5 multiplier stage u_control_soc/u_rocket/chiptop0/system/tile_prci_domain/element_reset_domain_rockettile/gemmini/mod/ld_bias/io_in_bits_spad_addr5/P[47:0] is not pipelined (MREG=0). Pipelining the multiplier function will improve performance and will save significant power so it is suggested whenever possible to fully pipeline this function.  If this multiplier was inferred, it is suggested to describe an additional register stage after this function.  If there is no registered adder/accumulator following the multiply function, two pipeline stages are suggested to allow both the MREG and PREG registers to be used.  If the DSP48 was instantiated in the design, it is suggested to set both the MREG and PREG attributes to 1 when performing multiply functions.
Related violations: <none>

DPOP-4#67 Warning
MREG Output pipelining  
DSP u_control_soc/u_rocket/chiptop0/system/tile_prci_domain/element_reset_domain_rockettile/gemmini/mod/ld_bias/io_in_bits_spad_addr6 multiplier stage u_control_soc/u_rocket/chiptop0/system/tile_prci_domain/element_reset_domain_rockettile/gemmini/mod/ld_bias/io_in_bits_spad_addr6/P[47:0] is not pipelined (MREG=0). Pipelining the multiplier function will improve performance and will save significant power so it is suggested whenever possible to fully pipeline this function.  If this multiplier was inferred, it is suggested to describe an additional register stage after this function.  If there is no registered adder/accumulator following the multiply function, two pipeline stages are suggested to allow both the MREG and PREG registers to be used.  If the DSP48 was instantiated in the design, it is suggested to set both the MREG and PREG attributes to 1 when performing multiply functions.
Related violations: <none>

DPOP-4#68 Warning
MREG Output pipelining  
DSP u_control_soc/u_rocket/chiptop0/system/tile_prci_domain/element_reset_domain_rockettile/gemmini/mod/ld_input/_spad_addr_T_14 multiplier stage u_control_soc/u_rocket/chiptop0/system/tile_prci_domain/element_reset_domain_rockettile/gemmini/mod/ld_input/_spad_addr_T_14/P[47:0] is not pipelined (MREG=0). Pipelining the multiplier function will improve performance and will save significant power so it is suggested whenever possible to fully pipeline this function.  If this multiplier was inferred, it is suggested to describe an additional register stage after this function.  If there is no registered adder/accumulator following the multiply function, two pipeline stages are suggested to allow both the MREG and PREG registers to be used.  If the DSP48 was instantiated in the design, it is suggested to set both the MREG and PREG attributes to 1 when performing multiply functions.
Related violations: <none>

DPOP-4#69 Warning
MREG Output pipelining  
DSP u_control_soc/u_rocket/chiptop0/system/tile_prci_domain/element_reset_domain_rockettile/gemmini/mod/ld_input/_spad_addr_T_21 multiplier stage u_control_soc/u_rocket/chiptop0/system/tile_prci_domain/element_reset_domain_rockettile/gemmini/mod/ld_input/_spad_addr_T_21/P[47:0] is not pipelined (MREG=0). Pipelining the multiplier function will improve performance and will save significant power so it is suggested whenever possible to fully pipeline this function.  If this multiplier was inferred, it is suggested to describe an additional register stage after this function.  If there is no registered adder/accumulator following the multiply function, two pipeline stages are suggested to allow both the MREG and PREG registers to be used.  If the DSP48 was instantiated in the design, it is suggested to set both the MREG and PREG attributes to 1 when performing multiply functions.
Related violations: <none>

DPOP-4#70 Warning
MREG Output pipelining  
DSP u_control_soc/u_rocket/chiptop0/system/tile_prci_domain/element_reset_domain_rockettile/gemmini/mod/ld_input/_spad_addr_T_3 multiplier stage u_control_soc/u_rocket/chiptop0/system/tile_prci_domain/element_reset_domain_rockettile/gemmini/mod/ld_input/_spad_addr_T_3/P[47:0] is not pipelined (MREG=0). Pipelining the multiplier function will improve performance and will save significant power so it is suggested whenever possible to fully pipeline this function.  If this multiplier was inferred, it is suggested to describe an additional register stage after this function.  If there is no registered adder/accumulator following the multiply function, two pipeline stages are suggested to allow both the MREG and PREG registers to be used.  If the DSP48 was instantiated in the design, it is suggested to set both the MREG and PREG attributes to 1 when performing multiply functions.
Related violations: <none>

DPOP-4#71 Warning
MREG Output pipelining  
DSP u_control_soc/u_rocket/chiptop0/system/tile_prci_domain/element_reset_domain_rockettile/gemmini/mod/ld_input/_spad_addr_T_30 multiplier stage u_control_soc/u_rocket/chiptop0/system/tile_prci_domain/element_reset_domain_rockettile/gemmini/mod/ld_input/_spad_addr_T_30/P[47:0] is not pipelined (MREG=0). Pipelining the multiplier function will improve performance and will save significant power so it is suggested whenever possible to fully pipeline this function.  If this multiplier was inferred, it is suggested to describe an additional register stage after this function.  If there is no registered adder/accumulator following the multiply function, two pipeline stages are suggested to allow both the MREG and PREG registers to be used.  If the DSP48 was instantiated in the design, it is suggested to set both the MREG and PREG attributes to 1 when performing multiply functions.
Related violations: <none>

DPOP-4#72 Warning
MREG Output pipelining  
DSP u_control_soc/u_rocket/chiptop0/system/tile_prci_domain/element_reset_domain_rockettile/gemmini/mod/ld_input/_spad_addr_T_36 multiplier stage u_control_soc/u_rocket/chiptop0/system/tile_prci_domain/element_reset_domain_rockettile/gemmini/mod/ld_input/_spad_addr_T_36/P[47:0] is not pipelined (MREG=0). Pipelining the multiplier function will improve performance and will save significant power so it is suggested whenever possible to fully pipeline this function.  If this multiplier was inferred, it is suggested to describe an additional register stage after this function.  If there is no registered adder/accumulator following the multiply function, two pipeline stages are suggested to allow both the MREG and PREG registers to be used.  If the DSP48 was instantiated in the design, it is suggested to set both the MREG and PREG attributes to 1 when performing multiply functions.
Related violations: <none>

DPOP-4#73 Warning
MREG Output pipelining  
DSP u_control_soc/u_rocket/chiptop0/system/tile_prci_domain/element_reset_domain_rockettile/gemmini/mod/ld_input/_spad_addr_T_41 multiplier stage u_control_soc/u_rocket/chiptop0/system/tile_prci_domain/element_reset_domain_rockettile/gemmini/mod/ld_input/_spad_addr_T_41/P[47:0] is not pipelined (MREG=0). Pipelining the multiplier function will improve performance and will save significant power so it is suggested whenever possible to fully pipeline this function.  If this multiplier was inferred, it is suggested to describe an additional register stage after this function.  If there is no registered adder/accumulator following the multiply function, two pipeline stages are suggested to allow both the MREG and PREG registers to be used.  If the DSP48 was instantiated in the design, it is suggested to set both the MREG and PREG attributes to 1 when performing multiply functions.
Related violations: <none>

DPOP-4#74 Warning
MREG Output pipelining  
DSP u_control_soc/u_rocket/chiptop0/system/tile_prci_domain/element_reset_domain_rockettile/gemmini/mod/ld_input/_spad_addr_T_9 multiplier stage u_control_soc/u_rocket/chiptop0/system/tile_prci_domain/element_reset_domain_rockettile/gemmini/mod/ld_input/_spad_addr_T_9/P[47:0] is not pipelined (MREG=0). Pipelining the multiplier function will improve performance and will save significant power so it is suggested whenever possible to fully pipeline this function.  If this multiplier was inferred, it is suggested to describe an additional register stage after this function.  If there is no registered adder/accumulator following the multiply function, two pipeline stages are suggested to allow both the MREG and PREG registers to be used.  If the DSP48 was instantiated in the design, it is suggested to set both the MREG and PREG attributes to 1 when performing multiply functions.
Related violations: <none>

DPOP-4#75 Warning
MREG Output pipelining  
DSP u_control_soc/u_rocket/chiptop0/system/tile_prci_domain/element_reset_domain_rockettile/gemmini/mod/ld_input/io_in_bits_dram_addr7 multiplier stage u_control_soc/u_rocket/chiptop0/system/tile_prci_domain/element_reset_domain_rockettile/gemmini/mod/ld_input/io_in_bits_dram_addr7/P[47:0] is not pipelined (MREG=0). Pipelining the multiplier function will improve performance and will save significant power so it is suggested whenever possible to fully pipeline this function.  If this multiplier was inferred, it is suggested to describe an additional register stage after this function.  If there is no registered adder/accumulator following the multiply function, two pipeline stages are suggested to allow both the MREG and PREG registers to be used.  If the DSP48 was instantiated in the design, it is suggested to set both the MREG and PREG attributes to 1 when performing multiply functions.
Related violations: <none>

DPOP-4#76 Warning
MREG Output pipelining  
DSP u_control_soc/u_rocket/chiptop0/system/tile_prci_domain/element_reset_domain_rockettile/gemmini/mod/ld_input/io_in_bits_dram_addr7__0 multiplier stage u_control_soc/u_rocket/chiptop0/system/tile_prci_domain/element_reset_domain_rockettile/gemmini/mod/ld_input/io_in_bits_dram_addr7__0/P[47:0] is not pipelined (MREG=0). Pipelining the multiplier function will improve performance and will save significant power so it is suggested whenever possible to fully pipeline this function.  If this multiplier was inferred, it is suggested to describe an additional register stage after this function.  If there is no registered adder/accumulator following the multiply function, two pipeline stages are suggested to allow both the MREG and PREG registers to be used.  If the DSP48 was instantiated in the design, it is suggested to set both the MREG and PREG attributes to 1 when performing multiply functions.
Related violations: <none>

DPOP-4#77 Warning
MREG Output pipelining  
DSP u_control_soc/u_rocket/chiptop0/system/tile_prci_domain/element_reset_domain_rockettile/gemmini/mod/ld_input/p_0_in multiplier stage u_control_soc/u_rocket/chiptop0/system/tile_prci_domain/element_reset_domain_rockettile/gemmini/mod/ld_input/p_0_in/P[47:0] is not pipelined (MREG=0). Pipelining the multiplier function will improve performance and will save significant power so it is suggested whenever possible to fully pipeline this function.  If this multiplier was inferred, it is suggested to describe an additional register stage after this function.  If there is no registered adder/accumulator following the multiply function, two pipeline stages are suggested to allow both the MREG and PREG registers to be used.  If the DSP48 was instantiated in the design, it is suggested to set both the MREG and PREG attributes to 1 when performing multiply functions.
Related violations: <none>

DPOP-4#78 Warning
MREG Output pipelining  
DSP u_control_soc/u_rocket/chiptop0/system/tile_prci_domain/element_reset_domain_rockettile/gemmini/mod/ld_input/p_0_in__0 multiplier stage u_control_soc/u_rocket/chiptop0/system/tile_prci_domain/element_reset_domain_rockettile/gemmini/mod/ld_input/p_0_in__0/P[47:0] is not pipelined (MREG=0). Pipelining the multiplier function will improve performance and will save significant power so it is suggested whenever possible to fully pipeline this function.  If this multiplier was inferred, it is suggested to describe an additional register stage after this function.  If there is no registered adder/accumulator following the multiply function, two pipeline stages are suggested to allow both the MREG and PREG registers to be used.  If the DSP48 was instantiated in the design, it is suggested to set both the MREG and PREG attributes to 1 when performing multiply functions.
Related violations: <none>

DPOP-4#79 Warning
MREG Output pipelining  
DSP u_control_soc/u_rocket/chiptop0/system/tile_prci_domain/element_reset_domain_rockettile/gemmini/mod/ld_input/p_2_in multiplier stage u_control_soc/u_rocket/chiptop0/system/tile_prci_domain/element_reset_domain_rockettile/gemmini/mod/ld_input/p_2_in/P[47:0] is not pipelined (MREG=0). Pipelining the multiplier function will improve performance and will save significant power so it is suggested whenever possible to fully pipeline this function.  If this multiplier was inferred, it is suggested to describe an additional register stage after this function.  If there is no registered adder/accumulator following the multiply function, two pipeline stages are suggested to allow both the MREG and PREG registers to be used.  If the DSP48 was instantiated in the design, it is suggested to set both the MREG and PREG attributes to 1 when performing multiply functions.
Related violations: <none>

DPOP-4#80 Warning
MREG Output pipelining  
DSP u_control_soc/u_rocket/chiptop0/system/tile_prci_domain/element_reset_domain_rockettile/gemmini/mod/ld_input/p_2_in__0 multiplier stage u_control_soc/u_rocket/chiptop0/system/tile_prci_domain/element_reset_domain_rockettile/gemmini/mod/ld_input/p_2_in__0/P[47:0] is not pipelined (MREG=0). Pipelining the multiplier function will improve performance and will save significant power so it is suggested whenever possible to fully pipeline this function.  If this multiplier was inferred, it is suggested to describe an additional register stage after this function.  If there is no registered adder/accumulator following the multiply function, two pipeline stages are suggested to allow both the MREG and PREG registers to be used.  If the DSP48 was instantiated in the design, it is suggested to set both the MREG and PREG attributes to 1 when performing multiply functions.
Related violations: <none>

DPOP-4#81 Warning
MREG Output pipelining  
DSP u_control_soc/u_rocket/chiptop0/system/tile_prci_domain/element_reset_domain_rockettile/gemmini/mod/ld_input/p_2_out multiplier stage u_control_soc/u_rocket/chiptop0/system/tile_prci_domain/element_reset_domain_rockettile/gemmini/mod/ld_input/p_2_out/P[47:0] is not pipelined (MREG=0). Pipelining the multiplier function will improve performance and will save significant power so it is suggested whenever possible to fully pipeline this function.  If this multiplier was inferred, it is suggested to describe an additional register stage after this function.  If there is no registered adder/accumulator following the multiply function, two pipeline stages are suggested to allow both the MREG and PREG registers to be used.  If the DSP48 was instantiated in the design, it is suggested to set both the MREG and PREG attributes to 1 when performing multiply functions.
Related violations: <none>

DPOP-4#82 Warning
MREG Output pipelining  
DSP u_control_soc/u_rocket/chiptop0/system/tile_prci_domain/element_reset_domain_rockettile/gemmini/mod/ld_input/p_2_out__0 multiplier stage u_control_soc/u_rocket/chiptop0/system/tile_prci_domain/element_reset_domain_rockettile/gemmini/mod/ld_input/p_2_out__0/P[47:0] is not pipelined (MREG=0). Pipelining the multiplier function will improve performance and will save significant power so it is suggested whenever possible to fully pipeline this function.  If this multiplier was inferred, it is suggested to describe an additional register stage after this function.  If there is no registered adder/accumulator following the multiply function, two pipeline stages are suggested to allow both the MREG and PREG registers to be used.  If the DSP48 was instantiated in the design, it is suggested to set both the MREG and PREG attributes to 1 when performing multiply functions.
Related violations: <none>

DPOP-4#83 Warning
MREG Output pipelining  
DSP u_control_soc/u_rocket/chiptop0/system/tile_prci_domain/element_reset_domain_rockettile/gemmini/mod/ld_input_io_req_bits_derived_params_icols_without_dilation0 multiplier stage u_control_soc/u_rocket/chiptop0/system/tile_prci_domain/element_reset_domain_rockettile/gemmini/mod/ld_input_io_req_bits_derived_params_icols_without_dilation0/P[47:0] is not pipelined (MREG=0). Pipelining the multiplier function will improve performance and will save significant power so it is suggested whenever possible to fully pipeline this function.  If this multiplier was inferred, it is suggested to describe an additional register stage after this function.  If there is no registered adder/accumulator following the multiply function, two pipeline stages are suggested to allow both the MREG and PREG registers to be used.  If the DSP48 was instantiated in the design, it is suggested to set both the MREG and PREG attributes to 1 when performing multiply functions.
Related violations: <none>

DPOP-4#84 Warning
MREG Output pipelining  
DSP u_control_soc/u_rocket/chiptop0/system/tile_prci_domain/element_reset_domain_rockettile/gemmini/mod/ld_input_io_req_bits_derived_params_icols_without_dilation1 multiplier stage u_control_soc/u_rocket/chiptop0/system/tile_prci_domain/element_reset_domain_rockettile/gemmini/mod/ld_input_io_req_bits_derived_params_icols_without_dilation1/P[47:0] is not pipelined (MREG=0). Pipelining the multiplier function will improve performance and will save significant power so it is suggested whenever possible to fully pipeline this function.  If this multiplier was inferred, it is suggested to describe an additional register stage after this function.  If there is no registered adder/accumulator following the multiply function, two pipeline stages are suggested to allow both the MREG and PREG registers to be used.  If the DSP48 was instantiated in the design, it is suggested to set both the MREG and PREG attributes to 1 when performing multiply functions.
Related violations: <none>

DPOP-4#85 Warning
MREG Output pipelining  
DSP u_control_soc/u_rocket/chiptop0/system/tile_prci_domain/element_reset_domain_rockettile/gemmini/mod/ld_input_io_req_bits_derived_params_irows_without_dilation0 multiplier stage u_control_soc/u_rocket/chiptop0/system/tile_prci_domain/element_reset_domain_rockettile/gemmini/mod/ld_input_io_req_bits_derived_params_irows_without_dilation0/P[47:0] is not pipelined (MREG=0). Pipelining the multiplier function will improve performance and will save significant power so it is suggested whenever possible to fully pipeline this function.  If this multiplier was inferred, it is suggested to describe an additional register stage after this function.  If there is no registered adder/accumulator following the multiply function, two pipeline stages are suggested to allow both the MREG and PREG registers to be used.  If the DSP48 was instantiated in the design, it is suggested to set both the MREG and PREG attributes to 1 when performing multiply functions.
Related violations: <none>

DPOP-4#86 Warning
MREG Output pipelining  
DSP u_control_soc/u_rocket/chiptop0/system/tile_prci_domain/element_reset_domain_rockettile/gemmini/mod/ld_input_io_req_bits_derived_params_irows_without_dilation1 multiplier stage u_control_soc/u_rocket/chiptop0/system/tile_prci_domain/element_reset_domain_rockettile/gemmini/mod/ld_input_io_req_bits_derived_params_irows_without_dilation1/P[47:0] is not pipelined (MREG=0). Pipelining the multiplier function will improve performance and will save significant power so it is suggested whenever possible to fully pipeline this function.  If this multiplier was inferred, it is suggested to describe an additional register stage after this function.  If there is no registered adder/accumulator following the multiply function, two pipeline stages are suggested to allow both the MREG and PREG registers to be used.  If the DSP48 was instantiated in the design, it is suggested to set both the MREG and PREG attributes to 1 when performing multiply functions.
Related violations: <none>

DPOP-4#87 Warning
MREG Output pipelining  
DSP u_control_soc/u_rocket/chiptop0/system/tile_prci_domain/element_reset_domain_rockettile/gemmini/mod/ld_weights/_GEN_12 multiplier stage u_control_soc/u_rocket/chiptop0/system/tile_prci_domain/element_reset_domain_rockettile/gemmini/mod/ld_weights/_GEN_12/P[47:0] is not pipelined (MREG=0). Pipelining the multiplier function will improve performance and will save significant power so it is suggested whenever possible to fully pipeline this function.  If this multiplier was inferred, it is suggested to describe an additional register stage after this function.  If there is no registered adder/accumulator following the multiply function, two pipeline stages are suggested to allow both the MREG and PREG registers to be used.  If the DSP48 was instantiated in the design, it is suggested to set both the MREG and PREG attributes to 1 when performing multiply functions.
Related violations: <none>

DPOP-4#88 Warning
MREG Output pipelining  
DSP u_control_soc/u_rocket/chiptop0/system/tile_prci_domain/element_reset_domain_rockettile/gemmini/mod/ld_weights/_addr_start_T2 multiplier stage u_control_soc/u_rocket/chiptop0/system/tile_prci_domain/element_reset_domain_rockettile/gemmini/mod/ld_weights/_addr_start_T2/P[47:0] is not pipelined (MREG=0). Pipelining the multiplier function will improve performance and will save significant power so it is suggested whenever possible to fully pipeline this function.  If this multiplier was inferred, it is suggested to describe an additional register stage after this function.  If there is no registered adder/accumulator following the multiply function, two pipeline stages are suggested to allow both the MREG and PREG registers to be used.  If the DSP48 was instantiated in the design, it is suggested to set both the MREG and PREG attributes to 1 when performing multiply functions.
Related violations: <none>

DPOP-4#89 Warning
MREG Output pipelining  
DSP u_control_soc/u_rocket/chiptop0/system/tile_prci_domain/element_reset_domain_rockettile/gemmini/mod/ld_weights/_addr_start_T2__0 multiplier stage u_control_soc/u_rocket/chiptop0/system/tile_prci_domain/element_reset_domain_rockettile/gemmini/mod/ld_weights/_addr_start_T2__0/P[47:0] is not pipelined (MREG=0). Pipelining the multiplier function will improve performance and will save significant power so it is suggested whenever possible to fully pipeline this function.  If this multiplier was inferred, it is suggested to describe an additional register stage after this function.  If there is no registered adder/accumulator following the multiply function, two pipeline stages are suggested to allow both the MREG and PREG registers to be used.  If the DSP48 was instantiated in the design, it is suggested to set both the MREG and PREG attributes to 1 when performing multiply functions.
Related violations: <none>

DPOP-4#90 Warning
MREG Output pipelining  
DSP u_control_soc/u_rocket/chiptop0/system/tile_prci_domain/element_reset_domain_rockettile/gemmini/mod/ld_weights/_addr_start_T3 multiplier stage u_control_soc/u_rocket/chiptop0/system/tile_prci_domain/element_reset_domain_rockettile/gemmini/mod/ld_weights/_addr_start_T3/P[47:0] is not pipelined (MREG=0). Pipelining the multiplier function will improve performance and will save significant power so it is suggested whenever possible to fully pipeline this function.  If this multiplier was inferred, it is suggested to describe an additional register stage after this function.  If there is no registered adder/accumulator following the multiply function, two pipeline stages are suggested to allow both the MREG and PREG registers to be used.  If the DSP48 was instantiated in the design, it is suggested to set both the MREG and PREG attributes to 1 when performing multiply functions.
Related violations: <none>

DPOP-4#91 Warning
MREG Output pipelining  
DSP u_control_soc/u_rocket/chiptop0/system/tile_prci_domain/element_reset_domain_rockettile/gemmini/mod/ld_weights/_addr_start_T3__0 multiplier stage u_control_soc/u_rocket/chiptop0/system/tile_prci_domain/element_reset_domain_rockettile/gemmini/mod/ld_weights/_addr_start_T3__0/P[47:0] is not pipelined (MREG=0). Pipelining the multiplier function will improve performance and will save significant power so it is suggested whenever possible to fully pipeline this function.  If this multiplier was inferred, it is suggested to describe an additional register stage after this function.  If there is no registered adder/accumulator following the multiply function, two pipeline stages are suggested to allow both the MREG and PREG registers to be used.  If the DSP48 was instantiated in the design, it is suggested to set both the MREG and PREG attributes to 1 when performing multiply functions.
Related violations: <none>

DPOP-4#92 Warning
MREG Output pipelining  
DSP u_control_soc/u_rocket/chiptop0/system/tile_prci_domain/element_reset_domain_rockettile/gemmini/mod/ld_weights/_dram_offset_T_19 multiplier stage u_control_soc/u_rocket/chiptop0/system/tile_prci_domain/element_reset_domain_rockettile/gemmini/mod/ld_weights/_dram_offset_T_19/P[47:0] is not pipelined (MREG=0). Pipelining the multiplier function will improve performance and will save significant power so it is suggested whenever possible to fully pipeline this function.  If this multiplier was inferred, it is suggested to describe an additional register stage after this function.  If there is no registered adder/accumulator following the multiply function, two pipeline stages are suggested to allow both the MREG and PREG registers to be used.  If the DSP48 was instantiated in the design, it is suggested to set both the MREG and PREG attributes to 1 when performing multiply functions.
Related violations: <none>

DPOP-4#93 Warning
MREG Output pipelining  
DSP u_control_soc/u_rocket/chiptop0/system/tile_prci_domain/element_reset_domain_rockettile/gemmini/mod/ld_weights/io_in_bits_cmd_rs23 multiplier stage u_control_soc/u_rocket/chiptop0/system/tile_prci_domain/element_reset_domain_rockettile/gemmini/mod/ld_weights/io_in_bits_cmd_rs23/P[47:0] is not pipelined (MREG=0). Pipelining the multiplier function will improve performance and will save significant power so it is suggested whenever possible to fully pipeline this function.  If this multiplier was inferred, it is suggested to describe an additional register stage after this function.  If there is no registered adder/accumulator following the multiply function, two pipeline stages are suggested to allow both the MREG and PREG registers to be used.  If the DSP48 was instantiated in the design, it is suggested to set both the MREG and PREG attributes to 1 when performing multiply functions.
Related violations: <none>

DPOP-4#94 Warning
MREG Output pipelining  
DSP u_control_soc/u_rocket/chiptop0/system/tile_prci_domain/element_reset_domain_rockettile/gemmini/mod/ld_weights/io_in_bits_cmd_rs23__0 multiplier stage u_control_soc/u_rocket/chiptop0/system/tile_prci_domain/element_reset_domain_rockettile/gemmini/mod/ld_weights/io_in_bits_cmd_rs23__0/P[47:0] is not pipelined (MREG=0). Pipelining the multiplier function will improve performance and will save significant power so it is suggested whenever possible to fully pipeline this function.  If this multiplier was inferred, it is suggested to describe an additional register stage after this function.  If there is no registered adder/accumulator following the multiply function, two pipeline stages are suggested to allow both the MREG and PREG registers to be used.  If the DSP48 was instantiated in the design, it is suggested to set both the MREG and PREG attributes to 1 when performing multiply functions.
Related violations: <none>

DPOP-4#95 Warning
MREG Output pipelining  
DSP u_control_soc/u_rocket/chiptop0/system/tile_prci_domain/element_reset_domain_rockettile/gemmini/mod/ld_weights/io_in_bits_cmd_rs24 multiplier stage u_control_soc/u_rocket/chiptop0/system/tile_prci_domain/element_reset_domain_rockettile/gemmini/mod/ld_weights/io_in_bits_cmd_rs24/P[47:0] is not pipelined (MREG=0). Pipelining the multiplier function will improve performance and will save significant power so it is suggested whenever possible to fully pipeline this function.  If this multiplier was inferred, it is suggested to describe an additional register stage after this function.  If there is no registered adder/accumulator following the multiply function, two pipeline stages are suggested to allow both the MREG and PREG registers to be used.  If the DSP48 was instantiated in the design, it is suggested to set both the MREG and PREG attributes to 1 when performing multiply functions.
Related violations: <none>

DPOP-4#96 Warning
MREG Output pipelining  
DSP u_control_soc/u_rocket/chiptop0/system/tile_prci_domain/element_reset_domain_rockettile/gemmini/mod/ld_weights/io_in_bits_spad_addr4 multiplier stage u_control_soc/u_rocket/chiptop0/system/tile_prci_domain/element_reset_domain_rockettile/gemmini/mod/ld_weights/io_in_bits_spad_addr4/P[47:0] is not pipelined (MREG=0). Pipelining the multiplier function will improve performance and will save significant power so it is suggested whenever possible to fully pipeline this function.  If this multiplier was inferred, it is suggested to describe an additional register stage after this function.  If there is no registered adder/accumulator following the multiply function, two pipeline stages are suggested to allow both the MREG and PREG registers to be used.  If the DSP48 was instantiated in the design, it is suggested to set both the MREG and PREG attributes to 1 when performing multiply functions.
Related violations: <none>

DPOP-4#97 Warning
MREG Output pipelining  
DSP u_control_soc/u_rocket/chiptop0/system/tile_prci_domain/element_reset_domain_rockettile/gemmini/mod/ld_weights/io_in_bits_spad_addr4__0 multiplier stage u_control_soc/u_rocket/chiptop0/system/tile_prci_domain/element_reset_domain_rockettile/gemmini/mod/ld_weights/io_in_bits_spad_addr4__0/P[47:0] is not pipelined (MREG=0). Pipelining the multiplier function will improve performance and will save significant power so it is suggested whenever possible to fully pipeline this function.  If this multiplier was inferred, it is suggested to describe an additional register stage after this function.  If there is no registered adder/accumulator following the multiply function, two pipeline stages are suggested to allow both the MREG and PREG registers to be used.  If the DSP48 was instantiated in the design, it is suggested to set both the MREG and PREG attributes to 1 when performing multiply functions.
Related violations: <none>

DPOP-4#98 Warning
MREG Output pipelining  
DSP u_control_soc/u_rocket/chiptop0/system/tile_prci_domain/element_reset_domain_rockettile/gemmini/mod/ld_weights/io_in_bits_spad_addr6 multiplier stage u_control_soc/u_rocket/chiptop0/system/tile_prci_domain/element_reset_domain_rockettile/gemmini/mod/ld_weights/io_in_bits_spad_addr6/P[47:0] is not pipelined (MREG=0). Pipelining the multiplier function will improve performance and will save significant power so it is suggested whenever possible to fully pipeline this function.  If this multiplier was inferred, it is suggested to describe an additional register stage after this function.  If there is no registered adder/accumulator following the multiply function, two pipeline stages are suggested to allow both the MREG and PREG registers to be used.  If the DSP48 was instantiated in the design, it is suggested to set both the MREG and PREG attributes to 1 when performing multiply functions.
Related violations: <none>

DPOP-4#99 Warning
MREG Output pipelining  
DSP u_control_soc/u_rocket/chiptop0/system/tile_prci_domain/element_reset_domain_rockettile/gemmini/mod/ld_weights/io_in_bits_spad_addr6__0 multiplier stage u_control_soc/u_rocket/chiptop0/system/tile_prci_domain/element_reset_domain_rockettile/gemmini/mod/ld_weights/io_in_bits_spad_addr6__0/P[47:0] is not pipelined (MREG=0). Pipelining the multiplier function will improve performance and will save significant power so it is suggested whenever possible to fully pipeline this function.  If this multiplier was inferred, it is suggested to describe an additional register stage after this function.  If there is no registered adder/accumulator following the multiply function, two pipeline stages are suggested to allow both the MREG and PREG registers to be used.  If the DSP48 was instantiated in the design, it is suggested to set both the MREG and PREG attributes to 1 when performing multiply functions.
Related violations: <none>

DPOP-4#100 Warning
MREG Output pipelining  
DSP u_control_soc/u_rocket/chiptop0/system/tile_prci_domain/element_reset_domain_rockettile/gemmini/mod/ld_weights/io_in_bits_spad_addr7 multiplier stage u_control_soc/u_rocket/chiptop0/system/tile_prci_domain/element_reset_domain_rockettile/gemmini/mod/ld_weights/io_in_bits_spad_addr7/P[47:0] is not pipelined (MREG=0). Pipelining the multiplier function will improve performance and will save significant power so it is suggested whenever possible to fully pipeline this function.  If this multiplier was inferred, it is suggested to describe an additional register stage after this function.  If there is no registered adder/accumulator following the multiply function, two pipeline stages are suggested to allow both the MREG and PREG registers to be used.  If the DSP48 was instantiated in the design, it is suggested to set both the MREG and PREG attributes to 1 when performing multiply functions.
Related violations: <none>

DPOP-4#101 Warning
MREG Output pipelining  
DSP u_control_soc/u_rocket/chiptop0/system/tile_prci_domain/element_reset_domain_rockettile/gemmini/mod/ld_weights/io_in_bits_spad_addr7__0 multiplier stage u_control_soc/u_rocket/chiptop0/system/tile_prci_domain/element_reset_domain_rockettile/gemmini/mod/ld_weights/io_in_bits_spad_addr7__0/P[47:0] is not pipelined (MREG=0). Pipelining the multiplier function will improve performance and will save significant power so it is suggested whenever possible to fully pipeline this function.  If this multiplier was inferred, it is suggested to describe an additional register stage after this function.  If there is no registered adder/accumulator following the multiply function, two pipeline stages are suggested to allow both the MREG and PREG registers to be used.  If the DSP48 was instantiated in the design, it is suggested to set both the MREG and PREG attributes to 1 when performing multiply functions.
Related violations: <none>

DPOP-4#102 Warning
MREG Output pipelining  
DSP u_control_soc/u_rocket/chiptop0/system/tile_prci_domain/element_reset_domain_rockettile/gemmini/mod/ld_weights/p_0_out0 multiplier stage u_control_soc/u_rocket/chiptop0/system/tile_prci_domain/element_reset_domain_rockettile/gemmini/mod/ld_weights/p_0_out0/P[47:0] is not pipelined (MREG=0). Pipelining the multiplier function will improve performance and will save significant power so it is suggested whenever possible to fully pipeline this function.  If this multiplier was inferred, it is suggested to describe an additional register stage after this function.  If there is no registered adder/accumulator following the multiply function, two pipeline stages are suggested to allow both the MREG and PREG registers to be used.  If the DSP48 was instantiated in the design, it is suggested to set both the MREG and PREG attributes to 1 when performing multiply functions.
Related violations: <none>

DPOP-4#103 Warning
MREG Output pipelining  
DSP u_control_soc/u_rocket/chiptop0/system/tile_prci_domain/element_reset_domain_rockettile/gemmini/mod/ld_weights/p_2_out multiplier stage u_control_soc/u_rocket/chiptop0/system/tile_prci_domain/element_reset_domain_rockettile/gemmini/mod/ld_weights/p_2_out/P[47:0] is not pipelined (MREG=0). Pipelining the multiplier function will improve performance and will save significant power so it is suggested whenever possible to fully pipeline this function.  If this multiplier was inferred, it is suggested to describe an additional register stage after this function.  If there is no registered adder/accumulator following the multiply function, two pipeline stages are suggested to allow both the MREG and PREG registers to be used.  If the DSP48 was instantiated in the design, it is suggested to set both the MREG and PREG attributes to 1 when performing multiply functions.
Related violations: <none>

DPOP-4#104 Warning
MREG Output pipelining  
DSP u_control_soc/u_rocket/chiptop0/system/tile_prci_domain/element_reset_domain_rockettile/gemmini/mod/ld_weights/p_2_out__0 multiplier stage u_control_soc/u_rocket/chiptop0/system/tile_prci_domain/element_reset_domain_rockettile/gemmini/mod/ld_weights/p_2_out__0/P[47:0] is not pipelined (MREG=0). Pipelining the multiplier function will improve performance and will save significant power so it is suggested whenever possible to fully pipeline this function.  If this multiplier was inferred, it is suggested to describe an additional register stage after this function.  If there is no registered adder/accumulator following the multiply function, two pipeline stages are suggested to allow both the MREG and PREG registers to be used.  If the DSP48 was instantiated in the design, it is suggested to set both the MREG and PREG attributes to 1 when performing multiply functions.
Related violations: <none>

DPOP-4#105 Warning
MREG Output pipelining  
DSP u_control_soc/u_rocket/chiptop0/system/tile_prci_domain/element_reset_domain_rockettile/gemmini/mod/ld_weights/p_2_out__1 multiplier stage u_control_soc/u_rocket/chiptop0/system/tile_prci_domain/element_reset_domain_rockettile/gemmini/mod/ld_weights/p_2_out__1/P[47:0] is not pipelined (MREG=0). Pipelining the multiplier function will improve performance and will save significant power so it is suggested whenever possible to fully pipeline this function.  If this multiplier was inferred, it is suggested to describe an additional register stage after this function.  If there is no registered adder/accumulator following the multiply function, two pipeline stages are suggested to allow both the MREG and PREG registers to be used.  If the DSP48 was instantiated in the design, it is suggested to set both the MREG and PREG attributes to 1 when performing multiply functions.
Related violations: <none>

DPOP-4#106 Warning
MREG Output pipelining  
DSP u_control_soc/u_rocket/chiptop0/system/tile_prci_domain/element_reset_domain_rockettile/gemmini/mod/ld_weights/p_2_out__2 multiplier stage u_control_soc/u_rocket/chiptop0/system/tile_prci_domain/element_reset_domain_rockettile/gemmini/mod/ld_weights/p_2_out__2/P[47:0] is not pipelined (MREG=0). Pipelining the multiplier function will improve performance and will save significant power so it is suggested whenever possible to fully pipeline this function.  If this multiplier was inferred, it is suggested to describe an additional register stage after this function.  If there is no registered adder/accumulator following the multiply function, two pipeline stages are suggested to allow both the MREG and PREG registers to be used.  If the DSP48 was instantiated in the design, it is suggested to set both the MREG and PREG attributes to 1 when performing multiply functions.
Related violations: <none>

DPOP-4#107 Warning
MREG Output pipelining  
DSP u_control_soc/u_rocket/chiptop0/system/tile_prci_domain/element_reset_domain_rockettile/gemmini/mod/ld_weights/p_2_out__3 multiplier stage u_control_soc/u_rocket/chiptop0/system/tile_prci_domain/element_reset_domain_rockettile/gemmini/mod/ld_weights/p_2_out__3/P[47:0] is not pipelined (MREG=0). Pipelining the multiplier function will improve performance and will save significant power so it is suggested whenever possible to fully pipeline this function.  If this multiplier was inferred, it is suggested to describe an additional register stage after this function.  If there is no registered adder/accumulator following the multiply function, two pipeline stages are suggested to allow both the MREG and PREG registers to be used.  If the DSP48 was instantiated in the design, it is suggested to set both the MREG and PREG attributes to 1 when performing multiply functions.
Related violations: <none>

DPOP-4#108 Warning
MREG Output pipelining  
DSP u_control_soc/u_rocket/chiptop0/system/tile_prci_domain/element_reset_domain_rockettile/gemmini/mod/ld_weights/p_2_out__4 multiplier stage u_control_soc/u_rocket/chiptop0/system/tile_prci_domain/element_reset_domain_rockettile/gemmini/mod/ld_weights/p_2_out__4/P[47:0] is not pipelined (MREG=0). Pipelining the multiplier function will improve performance and will save significant power so it is suggested whenever possible to fully pipeline this function.  If this multiplier was inferred, it is suggested to describe an additional register stage after this function.  If there is no registered adder/accumulator following the multiply function, two pipeline stages are suggested to allow both the MREG and PREG registers to be used.  If the DSP48 was instantiated in the design, it is suggested to set both the MREG and PREG attributes to 1 when performing multiply functions.
Related violations: <none>

DPOP-4#109 Warning
MREG Output pipelining  
DSP u_control_soc/u_rocket/chiptop0/system/tile_prci_domain/element_reset_domain_rockettile/gemmini/mod/ld_weights/p_2_out__6 multiplier stage u_control_soc/u_rocket/chiptop0/system/tile_prci_domain/element_reset_domain_rockettile/gemmini/mod/ld_weights/p_2_out__6/P[47:0] is not pipelined (MREG=0). Pipelining the multiplier function will improve performance and will save significant power so it is suggested whenever possible to fully pipeline this function.  If this multiplier was inferred, it is suggested to describe an additional register stage after this function.  If there is no registered adder/accumulator following the multiply function, two pipeline stages are suggested to allow both the MREG and PREG registers to be used.  If the DSP48 was instantiated in the design, it is suggested to set both the MREG and PREG attributes to 1 when performing multiply functions.
Related violations: <none>

DPOP-4#110 Warning
MREG Output pipelining  
DSP u_control_soc/u_rocket/chiptop0/system/tile_prci_domain/element_reset_domain_rockettile/gemmini/mod/p_0_out multiplier stage u_control_soc/u_rocket/chiptop0/system/tile_prci_domain/element_reset_domain_rockettile/gemmini/mod/p_0_out/P[47:0] is not pipelined (MREG=0). Pipelining the multiplier function will improve performance and will save significant power so it is suggested whenever possible to fully pipeline this function.  If this multiplier was inferred, it is suggested to describe an additional register stage after this function.  If there is no registered adder/accumulator following the multiply function, two pipeline stages are suggested to allow both the MREG and PREG registers to be used.  If the DSP48 was instantiated in the design, it is suggested to set both the MREG and PREG attributes to 1 when performing multiply functions.
Related violations: <none>

DPOP-4#111 Warning
MREG Output pipelining  
DSP u_control_soc/u_rocket/chiptop0/system/tile_prci_domain/element_reset_domain_rockettile/gemmini/mod/p_0_out__0 multiplier stage u_control_soc/u_rocket/chiptop0/system/tile_prci_domain/element_reset_domain_rockettile/gemmini/mod/p_0_out__0/P[47:0] is not pipelined (MREG=0). Pipelining the multiplier function will improve performance and will save significant power so it is suggested whenever possible to fully pipeline this function.  If this multiplier was inferred, it is suggested to describe an additional register stage after this function.  If there is no registered adder/accumulator following the multiply function, two pipeline stages are suggested to allow both the MREG and PREG registers to be used.  If the DSP48 was instantiated in the design, it is suggested to set both the MREG and PREG attributes to 1 when performing multiply functions.
Related violations: <none>

DPOP-4#112 Warning
MREG Output pipelining  
DSP u_control_soc/u_rocket/chiptop0/system/tile_prci_domain/element_reset_domain_rockettile/gemmini/mod/st/_GEN_10 multiplier stage u_control_soc/u_rocket/chiptop0/system/tile_prci_domain/element_reset_domain_rockettile/gemmini/mod/st/_GEN_10/P[47:0] is not pipelined (MREG=0). Pipelining the multiplier function will improve performance and will save significant power so it is suggested whenever possible to fully pipeline this function.  If this multiplier was inferred, it is suggested to describe an additional register stage after this function.  If there is no registered adder/accumulator following the multiply function, two pipeline stages are suggested to allow both the MREG and PREG registers to be used.  If the DSP48 was instantiated in the design, it is suggested to set both the MREG and PREG attributes to 1 when performing multiply functions.
Related violations: <none>

DPOP-4#113 Warning
MREG Output pipelining  
DSP u_control_soc/u_rocket/chiptop0/system/tile_prci_domain/element_reset_domain_rockettile/gemmini/mod/st/_dram_offset_T_10 multiplier stage u_control_soc/u_rocket/chiptop0/system/tile_prci_domain/element_reset_domain_rockettile/gemmini/mod/st/_dram_offset_T_10/P[47:0] is not pipelined (MREG=0). Pipelining the multiplier function will improve performance and will save significant power so it is suggested whenever possible to fully pipeline this function.  If this multiplier was inferred, it is suggested to describe an additional register stage after this function.  If there is no registered adder/accumulator following the multiply function, two pipeline stages are suggested to allow both the MREG and PREG registers to be used.  If the DSP48 was instantiated in the design, it is suggested to set both the MREG and PREG attributes to 1 when performing multiply functions.
Related violations: <none>

DPOP-4#114 Warning
MREG Output pipelining  
DSP u_control_soc/u_rocket/chiptop0/system/tile_prci_domain/element_reset_domain_rockettile/gemmini/mod/st/io_in_bits_pool_dram_addr2 multiplier stage u_control_soc/u_rocket/chiptop0/system/tile_prci_domain/element_reset_domain_rockettile/gemmini/mod/st/io_in_bits_pool_dram_addr2/P[47:0] is not pipelined (MREG=0). Pipelining the multiplier function will improve performance and will save significant power so it is suggested whenever possible to fully pipeline this function.  If this multiplier was inferred, it is suggested to describe an additional register stage after this function.  If there is no registered adder/accumulator following the multiply function, two pipeline stages are suggested to allow both the MREG and PREG registers to be used.  If the DSP48 was instantiated in the design, it is suggested to set both the MREG and PREG attributes to 1 when performing multiply functions.
Related violations: <none>

DPOP-4#115 Warning
MREG Output pipelining  
DSP u_control_soc/u_rocket/chiptop0/system/tile_prci_domain/element_reset_domain_rockettile/gemmini/mod/st/io_in_bits_pool_dram_addr2__0 multiplier stage u_control_soc/u_rocket/chiptop0/system/tile_prci_domain/element_reset_domain_rockettile/gemmini/mod/st/io_in_bits_pool_dram_addr2__0/P[47:0] is not pipelined (MREG=0). Pipelining the multiplier function will improve performance and will save significant power so it is suggested whenever possible to fully pipeline this function.  If this multiplier was inferred, it is suggested to describe an additional register stage after this function.  If there is no registered adder/accumulator following the multiply function, two pipeline stages are suggested to allow both the MREG and PREG registers to be used.  If the DSP48 was instantiated in the design, it is suggested to set both the MREG and PREG attributes to 1 when performing multiply functions.
Related violations: <none>

DPOP-4#116 Warning
MREG Output pipelining  
DSP u_control_soc/u_rocket/chiptop0/system/tile_prci_domain/element_reset_domain_rockettile/gemmini/mod/st/io_in_bits_pool_dram_addr2__1 multiplier stage u_control_soc/u_rocket/chiptop0/system/tile_prci_domain/element_reset_domain_rockettile/gemmini/mod/st/io_in_bits_pool_dram_addr2__1/P[47:0] is not pipelined (MREG=0). Pipelining the multiplier function will improve performance and will save significant power so it is suggested whenever possible to fully pipeline this function.  If this multiplier was inferred, it is suggested to describe an additional register stage after this function.  If there is no registered adder/accumulator following the multiply function, two pipeline stages are suggested to allow both the MREG and PREG registers to be used.  If the DSP48 was instantiated in the design, it is suggested to set both the MREG and PREG attributes to 1 when performing multiply functions.
Related violations: <none>

DPOP-4#117 Warning
MREG Output pipelining  
DSP u_control_soc/u_rocket/chiptop0/system/tile_prci_domain/element_reset_domain_rockettile/gemmini/mod/st/io_in_bits_pool_dram_addr3 multiplier stage u_control_soc/u_rocket/chiptop0/system/tile_prci_domain/element_reset_domain_rockettile/gemmini/mod/st/io_in_bits_pool_dram_addr3/P[47:0] is not pipelined (MREG=0). Pipelining the multiplier function will improve performance and will save significant power so it is suggested whenever possible to fully pipeline this function.  If this multiplier was inferred, it is suggested to describe an additional register stage after this function.  If there is no registered adder/accumulator following the multiply function, two pipeline stages are suggested to allow both the MREG and PREG registers to be used.  If the DSP48 was instantiated in the design, it is suggested to set both the MREG and PREG attributes to 1 when performing multiply functions.
Related violations: <none>

DPOP-4#118 Warning
MREG Output pipelining  
DSP u_control_soc/u_rocket/chiptop0/system/tile_prci_domain/element_reset_domain_rockettile/gemmini/mod/st/io_in_bits_pool_dram_addr3__0 multiplier stage u_control_soc/u_rocket/chiptop0/system/tile_prci_domain/element_reset_domain_rockettile/gemmini/mod/st/io_in_bits_pool_dram_addr3__0/P[47:0] is not pipelined (MREG=0). Pipelining the multiplier function will improve performance and will save significant power so it is suggested whenever possible to fully pipeline this function.  If this multiplier was inferred, it is suggested to describe an additional register stage after this function.  If there is no registered adder/accumulator following the multiply function, two pipeline stages are suggested to allow both the MREG and PREG registers to be used.  If the DSP48 was instantiated in the design, it is suggested to set both the MREG and PREG attributes to 1 when performing multiply functions.
Related violations: <none>

DPOP-4#119 Warning
MREG Output pipelining  
DSP u_control_soc/u_rocket/chiptop0/system/tile_prci_domain/element_reset_domain_rockettile/gemmini/mod/st/io_in_bits_pool_dram_addr4 multiplier stage u_control_soc/u_rocket/chiptop0/system/tile_prci_domain/element_reset_domain_rockettile/gemmini/mod/st/io_in_bits_pool_dram_addr4/P[47:0] is not pipelined (MREG=0). Pipelining the multiplier function will improve performance and will save significant power so it is suggested whenever possible to fully pipeline this function.  If this multiplier was inferred, it is suggested to describe an additional register stage after this function.  If there is no registered adder/accumulator following the multiply function, two pipeline stages are suggested to allow both the MREG and PREG registers to be used.  If the DSP48 was instantiated in the design, it is suggested to set both the MREG and PREG attributes to 1 when performing multiply functions.
Related violations: <none>

DPOP-4#120 Warning
MREG Output pipelining  
DSP u_control_soc/u_rocket/chiptop0/system/tile_prci_domain/element_reset_domain_rockettile/gemmini/mod/st/io_in_bits_spad_addr3 multiplier stage u_control_soc/u_rocket/chiptop0/system/tile_prci_domain/element_reset_domain_rockettile/gemmini/mod/st/io_in_bits_spad_addr3/P[47:0] is not pipelined (MREG=0). Pipelining the multiplier function will improve performance and will save significant power so it is suggested whenever possible to fully pipeline this function.  If this multiplier was inferred, it is suggested to describe an additional register stage after this function.  If there is no registered adder/accumulator following the multiply function, two pipeline stages are suggested to allow both the MREG and PREG registers to be used.  If the DSP48 was instantiated in the design, it is suggested to set both the MREG and PREG attributes to 1 when performing multiply functions.
Related violations: <none>

DPOP-4#121 Warning
MREG Output pipelining  
DSP u_control_soc/u_rocket/chiptop0/system/tile_prci_domain/element_reset_domain_rockettile/gemmini/mod/st/io_in_bits_spad_addr4 multiplier stage u_control_soc/u_rocket/chiptop0/system/tile_prci_domain/element_reset_domain_rockettile/gemmini/mod/st/io_in_bits_spad_addr4/P[47:0] is not pipelined (MREG=0). Pipelining the multiplier function will improve performance and will save significant power so it is suggested whenever possible to fully pipeline this function.  If this multiplier was inferred, it is suggested to describe an additional register stage after this function.  If there is no registered adder/accumulator following the multiply function, two pipeline stages are suggested to allow both the MREG and PREG registers to be used.  If the DSP48 was instantiated in the design, it is suggested to set both the MREG and PREG attributes to 1 when performing multiply functions.
Related violations: <none>

DPOP-4#122 Warning
MREG Output pipelining  
DSP u_control_soc/u_rocket/chiptop0/system/tile_prci_domain/element_reset_domain_rockettile/gemmini/mod/st/io_in_bits_spad_addr5 multiplier stage u_control_soc/u_rocket/chiptop0/system/tile_prci_domain/element_reset_domain_rockettile/gemmini/mod/st/io_in_bits_spad_addr5/P[47:0] is not pipelined (MREG=0). Pipelining the multiplier function will improve performance and will save significant power so it is suggested whenever possible to fully pipeline this function.  If this multiplier was inferred, it is suggested to describe an additional register stage after this function.  If there is no registered adder/accumulator following the multiply function, two pipeline stages are suggested to allow both the MREG and PREG registers to be used.  If the DSP48 was instantiated in the design, it is suggested to set both the MREG and PREG attributes to 1 when performing multiply functions.
Related violations: <none>

DPOP-4#123 Warning
MREG Output pipelining  
DSP u_control_soc/u_rocket/chiptop0/system/tile_prci_domain/element_reset_domain_rockettile/gemmini/mod/st/io_in_bits_spad_addr6 multiplier stage u_control_soc/u_rocket/chiptop0/system/tile_prci_domain/element_reset_domain_rockettile/gemmini/mod/st/io_in_bits_spad_addr6/P[47:0] is not pipelined (MREG=0). Pipelining the multiplier function will improve performance and will save significant power so it is suggested whenever possible to fully pipeline this function.  If this multiplier was inferred, it is suggested to describe an additional register stage after this function.  If there is no registered adder/accumulator following the multiply function, two pipeline stages are suggested to allow both the MREG and PREG registers to be used.  If the DSP48 was instantiated in the design, it is suggested to set both the MREG and PREG attributes to 1 when performing multiply functions.
Related violations: <none>

DPOP-4#124 Warning
MREG Output pipelining  
DSP u_control_soc/u_rocket/chiptop0/system/tile_prci_domain/element_reset_domain_rockettile/gemmini/mod/st/p_2_out multiplier stage u_control_soc/u_rocket/chiptop0/system/tile_prci_domain/element_reset_domain_rockettile/gemmini/mod/st/p_2_out/P[47:0] is not pipelined (MREG=0). Pipelining the multiplier function will improve performance and will save significant power so it is suggested whenever possible to fully pipeline this function.  If this multiplier was inferred, it is suggested to describe an additional register stage after this function.  If there is no registered adder/accumulator following the multiply function, two pipeline stages are suggested to allow both the MREG and PREG registers to be used.  If the DSP48 was instantiated in the design, it is suggested to set both the MREG and PREG attributes to 1 when performing multiply functions.
Related violations: <none>

DPOP-4#125 Warning
MREG Output pipelining  
DSP u_control_soc/u_rocket/chiptop0/system/tile_prci_domain/element_reset_domain_rockettile/gemmini/mod/st/p_2_out__0 multiplier stage u_control_soc/u_rocket/chiptop0/system/tile_prci_domain/element_reset_domain_rockettile/gemmini/mod/st/p_2_out__0/P[47:0] is not pipelined (MREG=0). Pipelining the multiplier function will improve performance and will save significant power so it is suggested whenever possible to fully pipeline this function.  If this multiplier was inferred, it is suggested to describe an additional register stage after this function.  If there is no registered adder/accumulator following the multiply function, two pipeline stages are suggested to allow both the MREG and PREG registers to be used.  If the DSP48 was instantiated in the design, it is suggested to set both the MREG and PREG attributes to 1 when performing multiply functions.
Related violations: <none>

DPOP-4#126 Warning
MREG Output pipelining  
DSP u_control_soc/u_rocket/chiptop0/system/tile_prci_domain/element_reset_domain_rockettile/gemmini/mod/st/p_2_out__1 multiplier stage u_control_soc/u_rocket/chiptop0/system/tile_prci_domain/element_reset_domain_rockettile/gemmini/mod/st/p_2_out__1/P[47:0] is not pipelined (MREG=0). Pipelining the multiplier function will improve performance and will save significant power so it is suggested whenever possible to fully pipeline this function.  If this multiplier was inferred, it is suggested to describe an additional register stage after this function.  If there is no registered adder/accumulator following the multiply function, two pipeline stages are suggested to allow both the MREG and PREG registers to be used.  If the DSP48 was instantiated in the design, it is suggested to set both the MREG and PREG attributes to 1 when performing multiply functions.
Related violations: <none>

DPOP-4#127 Warning
MREG Output pipelining  
DSP u_control_soc/u_rocket/chiptop0/system/tile_prci_domain/element_reset_domain_rockettile/gemmini/mod/st/p_2_out__2 multiplier stage u_control_soc/u_rocket/chiptop0/system/tile_prci_domain/element_reset_domain_rockettile/gemmini/mod/st/p_2_out__2/P[47:0] is not pipelined (MREG=0). Pipelining the multiplier function will improve performance and will save significant power so it is suggested whenever possible to fully pipeline this function.  If this multiplier was inferred, it is suggested to describe an additional register stage after this function.  If there is no registered adder/accumulator following the multiply function, two pipeline stages are suggested to allow both the MREG and PREG registers to be used.  If the DSP48 was instantiated in the design, it is suggested to set both the MREG and PREG attributes to 1 when performing multiply functions.
Related violations: <none>

DPOP-4#128 Warning
MREG Output pipelining  
DSP u_control_soc/u_rocket/chiptop0/system/tile_prci_domain/element_reset_domain_rockettile/gemmini/mod_1/ex/_a_addr_T_40 multiplier stage u_control_soc/u_rocket/chiptop0/system/tile_prci_domain/element_reset_domain_rockettile/gemmini/mod_1/ex/_a_addr_T_40/P[47:0] is not pipelined (MREG=0). Pipelining the multiplier function will improve performance and will save significant power so it is suggested whenever possible to fully pipeline this function.  If this multiplier was inferred, it is suggested to describe an additional register stage after this function.  If there is no registered adder/accumulator following the multiply function, two pipeline stages are suggested to allow both the MREG and PREG registers to be used.  If the DSP48 was instantiated in the design, it is suggested to set both the MREG and PREG attributes to 1 when performing multiply functions.
Related violations: <none>

DPOP-4#129 Warning
MREG Output pipelining  
DSP u_control_soc/u_rocket/chiptop0/system/tile_prci_domain/element_reset_domain_rockettile/gemmini/mod_1/ex/_b_addr_T_40 multiplier stage u_control_soc/u_rocket/chiptop0/system/tile_prci_domain/element_reset_domain_rockettile/gemmini/mod_1/ex/_b_addr_T_40/P[47:0] is not pipelined (MREG=0). Pipelining the multiplier function will improve performance and will save significant power so it is suggested whenever possible to fully pipeline this function.  If this multiplier was inferred, it is suggested to describe an additional register stage after this function.  If there is no registered adder/accumulator following the multiply function, two pipeline stages are suggested to allow both the MREG and PREG registers to be used.  If the DSP48 was instantiated in the design, it is suggested to set both the MREG and PREG attributes to 1 when performing multiply functions.
Related violations: <none>

DPOP-4#130 Warning
MREG Output pipelining  
DSP u_control_soc/u_rocket/chiptop0/system/tile_prci_domain/element_reset_domain_rockettile/gemmini/mod_1/ex/_b_addr_T_41 multiplier stage u_control_soc/u_rocket/chiptop0/system/tile_prci_domain/element_reset_domain_rockettile/gemmini/mod_1/ex/_b_addr_T_41/P[47:0] is not pipelined (MREG=0). Pipelining the multiplier function will improve performance and will save significant power so it is suggested whenever possible to fully pipeline this function.  If this multiplier was inferred, it is suggested to describe an additional register stage after this function.  If there is no registered adder/accumulator following the multiply function, two pipeline stages are suggested to allow both the MREG and PREG registers to be used.  If the DSP48 was instantiated in the design, it is suggested to set both the MREG and PREG attributes to 1 when performing multiply functions.
Related violations: <none>

DPOP-4#131 Warning
MREG Output pipelining  
DSP u_control_soc/u_rocket/chiptop0/system/tile_prci_domain/element_reset_domain_rockettile/gemmini/mod_1/ex/_c_addr_T_40 multiplier stage u_control_soc/u_rocket/chiptop0/system/tile_prci_domain/element_reset_domain_rockettile/gemmini/mod_1/ex/_c_addr_T_40/P[47:0] is not pipelined (MREG=0). Pipelining the multiplier function will improve performance and will save significant power so it is suggested whenever possible to fully pipeline this function.  If this multiplier was inferred, it is suggested to describe an additional register stage after this function.  If there is no registered adder/accumulator following the multiply function, two pipeline stages are suggested to allow both the MREG and PREG registers to be used.  If the DSP48 was instantiated in the design, it is suggested to set both the MREG and PREG attributes to 1 when performing multiply functions.
Related violations: <none>

DPOP-4#132 Warning
MREG Output pipelining  
DSP u_control_soc/u_rocket/chiptop0/system/tile_prci_domain/element_reset_domain_rockettile/gemmini/mod_1/ldA/_sp_addr_T_40 multiplier stage u_control_soc/u_rocket/chiptop0/system/tile_prci_domain/element_reset_domain_rockettile/gemmini/mod_1/ldA/_sp_addr_T_40/P[47:0] is not pipelined (MREG=0). Pipelining the multiplier function will improve performance and will save significant power so it is suggested whenever possible to fully pipeline this function.  If this multiplier was inferred, it is suggested to describe an additional register stage after this function.  If there is no registered adder/accumulator following the multiply function, two pipeline stages are suggested to allow both the MREG and PREG registers to be used.  If the DSP48 was instantiated in the design, it is suggested to set both the MREG and PREG attributes to 1 when performing multiply functions.
Related violations: <none>

DPOP-4#133 Warning
MREG Output pipelining  
DSP u_control_soc/u_rocket/chiptop0/system/tile_prci_domain/element_reset_domain_rockettile/gemmini/mod_1/ldA/io_cmd_bits_rs11 multiplier stage u_control_soc/u_rocket/chiptop0/system/tile_prci_domain/element_reset_domain_rockettile/gemmini/mod_1/ldA/io_cmd_bits_rs11/P[47:0] is not pipelined (MREG=0). Pipelining the multiplier function will improve performance and will save significant power so it is suggested whenever possible to fully pipeline this function.  If this multiplier was inferred, it is suggested to describe an additional register stage after this function.  If there is no registered adder/accumulator following the multiply function, two pipeline stages are suggested to allow both the MREG and PREG registers to be used.  If the DSP48 was instantiated in the design, it is suggested to set both the MREG and PREG attributes to 1 when performing multiply functions.
Related violations: <none>

DPOP-4#134 Warning
MREG Output pipelining  
DSP u_control_soc/u_rocket/chiptop0/system/tile_prci_domain/element_reset_domain_rockettile/gemmini/mod_1/ldB/_sp_addr_T_40 multiplier stage u_control_soc/u_rocket/chiptop0/system/tile_prci_domain/element_reset_domain_rockettile/gemmini/mod_1/ldB/_sp_addr_T_40/P[47:0] is not pipelined (MREG=0). Pipelining the multiplier function will improve performance and will save significant power so it is suggested whenever possible to fully pipeline this function.  If this multiplier was inferred, it is suggested to describe an additional register stage after this function.  If there is no registered adder/accumulator following the multiply function, two pipeline stages are suggested to allow both the MREG and PREG registers to be used.  If the DSP48 was instantiated in the design, it is suggested to set both the MREG and PREG attributes to 1 when performing multiply functions.
Related violations: <none>

DPOP-4#135 Warning
MREG Output pipelining  
DSP u_control_soc/u_rocket/chiptop0/system/tile_prci_domain/element_reset_domain_rockettile/gemmini/mod_1/ldB/_sp_addr_T_42 multiplier stage u_control_soc/u_rocket/chiptop0/system/tile_prci_domain/element_reset_domain_rockettile/gemmini/mod_1/ldB/_sp_addr_T_42/P[47:0] is not pipelined (MREG=0). Pipelining the multiplier function will improve performance and will save significant power so it is suggested whenever possible to fully pipeline this function.  If this multiplier was inferred, it is suggested to describe an additional register stage after this function.  If there is no registered adder/accumulator following the multiply function, two pipeline stages are suggested to allow both the MREG and PREG registers to be used.  If the DSP48 was instantiated in the design, it is suggested to set both the MREG and PREG attributes to 1 when performing multiply functions.
Related violations: <none>

DPOP-4#136 Warning
MREG Output pipelining  
DSP u_control_soc/u_rocket/chiptop0/system/tile_prci_domain/element_reset_domain_rockettile/gemmini/mod_1/ldB/io_cmd_bits_rs11 multiplier stage u_control_soc/u_rocket/chiptop0/system/tile_prci_domain/element_reset_domain_rockettile/gemmini/mod_1/ldB/io_cmd_bits_rs11/P[47:0] is not pipelined (MREG=0). Pipelining the multiplier function will improve performance and will save significant power so it is suggested whenever possible to fully pipeline this function.  If this multiplier was inferred, it is suggested to describe an additional register stage after this function.  If there is no registered adder/accumulator following the multiply function, two pipeline stages are suggested to allow both the MREG and PREG registers to be used.  If the DSP48 was instantiated in the design, it is suggested to set both the MREG and PREG attributes to 1 when performing multiply functions.
Related violations: <none>

DPOP-4#137 Warning
MREG Output pipelining  
DSP u_control_soc/u_rocket/chiptop0/system/tile_prci_domain/element_reset_domain_rockettile/gemmini/mod_1/ldD/_dram_offset_T_5 multiplier stage u_control_soc/u_rocket/chiptop0/system/tile_prci_domain/element_reset_domain_rockettile/gemmini/mod_1/ldD/_dram_offset_T_5/P[47:0] is not pipelined (MREG=0). Pipelining the multiplier function will improve performance and will save significant power so it is suggested whenever possible to fully pipeline this function.  If this multiplier was inferred, it is suggested to describe an additional register stage after this function.  If there is no registered adder/accumulator following the multiply function, two pipeline stages are suggested to allow both the MREG and PREG registers to be used.  If the DSP48 was instantiated in the design, it is suggested to set both the MREG and PREG attributes to 1 when performing multiply functions.
Related violations: <none>

DPOP-4#138 Warning
MREG Output pipelining  
DSP u_control_soc/u_rocket/chiptop0/system/tile_prci_domain/element_reset_domain_rockettile/gemmini/mod_1/ldD/_sp_addr_T_40 multiplier stage u_control_soc/u_rocket/chiptop0/system/tile_prci_domain/element_reset_domain_rockettile/gemmini/mod_1/ldD/_sp_addr_T_40/P[47:0] is not pipelined (MREG=0). Pipelining the multiplier function will improve performance and will save significant power so it is suggested whenever possible to fully pipeline this function.  If this multiplier was inferred, it is suggested to describe an additional register stage after this function.  If there is no registered adder/accumulator following the multiply function, two pipeline stages are suggested to allow both the MREG and PREG registers to be used.  If the DSP48 was instantiated in the design, it is suggested to set both the MREG and PREG attributes to 1 when performing multiply functions.
Related violations: <none>

DPOP-4#139 Warning
MREG Output pipelining  
DSP u_control_soc/u_rocket/chiptop0/system/tile_prci_domain/element_reset_domain_rockettile/gemmini/mod_1/stC/_ln_dram_offset_T multiplier stage u_control_soc/u_rocket/chiptop0/system/tile_prci_domain/element_reset_domain_rockettile/gemmini/mod_1/stC/_ln_dram_offset_T/P[47:0] is not pipelined (MREG=0). Pipelining the multiplier function will improve performance and will save significant power so it is suggested whenever possible to fully pipeline this function.  If this multiplier was inferred, it is suggested to describe an additional register stage after this function.  If there is no registered adder/accumulator following the multiply function, two pipeline stages are suggested to allow both the MREG and PREG registers to be used.  If the DSP48 was instantiated in the design, it is suggested to set both the MREG and PREG attributes to 1 when performing multiply functions.
Related violations: <none>

DPOP-4#140 Warning
MREG Output pipelining  
DSP u_control_soc/u_rocket/chiptop0/system/tile_prci_domain/element_reset_domain_rockettile/gemmini/mod_1/stC/_sp_addr_T_40 multiplier stage u_control_soc/u_rocket/chiptop0/system/tile_prci_domain/element_reset_domain_rockettile/gemmini/mod_1/stC/_sp_addr_T_40/P[47:0] is not pipelined (MREG=0). Pipelining the multiplier function will improve performance and will save significant power so it is suggested whenever possible to fully pipeline this function.  If this multiplier was inferred, it is suggested to describe an additional register stage after this function.  If there is no registered adder/accumulator following the multiply function, two pipeline stages are suggested to allow both the MREG and PREG registers to be used.  If the DSP48 was instantiated in the design, it is suggested to set both the MREG and PREG attributes to 1 when performing multiply functions.
Related violations: <none>

DPOP-4#141 Warning
MREG Output pipelining  
DSP u_control_soc/u_rocket/chiptop0/system/tile_prci_domain/element_reset_domain_rockettile/gemmini/mod_1/stC/io_cmd_bits_rs13 multiplier stage u_control_soc/u_rocket/chiptop0/system/tile_prci_domain/element_reset_domain_rockettile/gemmini/mod_1/stC/io_cmd_bits_rs13/P[47:0] is not pipelined (MREG=0). Pipelining the multiplier function will improve performance and will save significant power so it is suggested whenever possible to fully pipeline this function.  If this multiplier was inferred, it is suggested to describe an additional register stage after this function.  If there is no registered adder/accumulator following the multiply function, two pipeline stages are suggested to allow both the MREG and PREG registers to be used.  If the DSP48 was instantiated in the design, it is suggested to set both the MREG and PREG attributes to 1 when performing multiply functions.
Related violations: <none>

DPOP-4#142 Warning
MREG Output pipelining  
DSP u_control_soc/u_rocket/chiptop0/system/tile_prci_domain/element_reset_domain_rockettile/gemmini/mod_1/stC/io_cmd_bits_rs13__0 multiplier stage u_control_soc/u_rocket/chiptop0/system/tile_prci_domain/element_reset_domain_rockettile/gemmini/mod_1/stC/io_cmd_bits_rs13__0/P[47:0] is not pipelined (MREG=0). Pipelining the multiplier function will improve performance and will save significant power so it is suggested whenever possible to fully pipeline this function.  If this multiplier was inferred, it is suggested to describe an additional register stage after this function.  If there is no registered adder/accumulator following the multiply function, two pipeline stages are suggested to allow both the MREG and PREG registers to be used.  If the DSP48 was instantiated in the design, it is suggested to set both the MREG and PREG attributes to 1 when performing multiply functions.
Related violations: <none>

DPOP-4#143 Warning
MREG Output pipelining  
DSP u_control_soc/u_rocket/chiptop0/system/tile_prci_domain/element_reset_domain_rockettile/gemmini/mod_1/stC/io_cmd_bits_rs23 multiplier stage u_control_soc/u_rocket/chiptop0/system/tile_prci_domain/element_reset_domain_rockettile/gemmini/mod_1/stC/io_cmd_bits_rs23/P[47:0] is not pipelined (MREG=0). Pipelining the multiplier function will improve performance and will save significant power so it is suggested whenever possible to fully pipeline this function.  If this multiplier was inferred, it is suggested to describe an additional register stage after this function.  If there is no registered adder/accumulator following the multiply function, two pipeline stages are suggested to allow both the MREG and PREG registers to be used.  If the DSP48 was instantiated in the design, it is suggested to set both the MREG and PREG attributes to 1 when performing multiply functions.
Related violations: <none>

DPOP-4#144 Warning
MREG Output pipelining  
DSP u_control_soc/u_rocket/chiptop0/system/tile_prci_domain/element_reset_domain_rockettile/gemmini/mod_1/stC_spad/_dst_addr_T0 multiplier stage u_control_soc/u_rocket/chiptop0/system/tile_prci_domain/element_reset_domain_rockettile/gemmini/mod_1/stC_spad/_dst_addr_T0/P[47:0] is not pipelined (MREG=0). Pipelining the multiplier function will improve performance and will save significant power so it is suggested whenever possible to fully pipeline this function.  If this multiplier was inferred, it is suggested to describe an additional register stage after this function.  If there is no registered adder/accumulator following the multiply function, two pipeline stages are suggested to allow both the MREG and PREG registers to be used.  If the DSP48 was instantiated in the design, it is suggested to set both the MREG and PREG attributes to 1 when performing multiply functions.
Related violations: <none>

DPOP-4#145 Warning
MREG Output pipelining  
DSP u_control_soc/u_rocket/chiptop0/system/tile_prci_domain/element_reset_domain_rockettile/gemmini/reservation_station/dst_bits_wraps_around_sum multiplier stage u_control_soc/u_rocket/chiptop0/system/tile_prci_domain/element_reset_domain_rockettile/gemmini/reservation_station/dst_bits_wraps_around_sum/P[47:0] is not pipelined (MREG=0). Pipelining the multiplier function will improve performance and will save significant power so it is suggested whenever possible to fully pipeline this function.  If this multiplier was inferred, it is suggested to describe an additional register stage after this function.  If there is no registered adder/accumulator following the multiply function, two pipeline stages are suggested to allow both the MREG and PREG registers to be used.  If the DSP48 was instantiated in the design, it is suggested to set both the MREG and PREG attributes to 1 when performing multiply functions.
Related violations: <none>

DPOP-4#146 Warning
MREG Output pipelining  
DSP u_control_soc/u_rocket/chiptop0/system/tile_prci_domain/element_reset_domain_rockettile/gemmini/reservation_station/op1_bits_wraps_around_sum_1 multiplier stage u_control_soc/u_rocket/chiptop0/system/tile_prci_domain/element_reset_domain_rockettile/gemmini/reservation_station/op1_bits_wraps_around_sum_1/P[47:0] is not pipelined (MREG=0). Pipelining the multiplier function will improve performance and will save significant power so it is suggested whenever possible to fully pipeline this function.  If this multiplier was inferred, it is suggested to describe an additional register stage after this function.  If there is no registered adder/accumulator following the multiply function, two pipeline stages are suggested to allow both the MREG and PREG registers to be used.  If the DSP48 was instantiated in the design, it is suggested to set both the MREG and PREG attributes to 1 when performing multiply functions.
Related violations: <none>

DPOP-4#147 Warning
MREG Output pipelining  
DSP u_control_soc/u_rocket/chiptop0/system/tile_prci_domain/element_reset_domain_rockettile/gemmini/spad/acc_scale_unit/activated_data_e_scaled_muladder/io_mulAddResult1 multiplier stage u_control_soc/u_rocket/chiptop0/system/tile_prci_domain/element_reset_domain_rockettile/gemmini/spad/acc_scale_unit/activated_data_e_scaled_muladder/io_mulAddResult1/P[47:0] is not pipelined (MREG=0). Pipelining the multiplier function will improve performance and will save significant power so it is suggested whenever possible to fully pipeline this function.  If this multiplier was inferred, it is suggested to describe an additional register stage after this function.  If there is no registered adder/accumulator following the multiply function, two pipeline stages are suggested to allow both the MREG and PREG registers to be used.  If the DSP48 was instantiated in the design, it is suggested to set both the MREG and PREG attributes to 1 when performing multiply functions.
Related violations: <none>

DPOP-4#148 Warning
MREG Output pipelining  
DSP u_control_soc/u_rocket/chiptop0/system/tile_prci_domain/element_reset_domain_rockettile/gemmini/spad/acc_scale_unit/activated_data_e_scaled_muladder/io_mulAddResult1__0 multiplier stage u_control_soc/u_rocket/chiptop0/system/tile_prci_domain/element_reset_domain_rockettile/gemmini/spad/acc_scale_unit/activated_data_e_scaled_muladder/io_mulAddResult1__0/P[47:0] is not pipelined (MREG=0). Pipelining the multiplier function will improve performance and will save significant power so it is suggested whenever possible to fully pipeline this function.  If this multiplier was inferred, it is suggested to describe an additional register stage after this function.  If there is no registered adder/accumulator following the multiply function, two pipeline stages are suggested to allow both the MREG and PREG registers to be used.  If the DSP48 was instantiated in the design, it is suggested to set both the MREG and PREG attributes to 1 when performing multiply functions.
Related violations: <none>

DPOP-4#149 Warning
MREG Output pipelining  
DSP u_control_soc/u_rocket/chiptop0/system/tile_prci_domain/element_reset_domain_rockettile/gemmini/spad/acc_scale_unit/activated_data_e_scaled_muladder_1/io_mulAddResult1 multiplier stage u_control_soc/u_rocket/chiptop0/system/tile_prci_domain/element_reset_domain_rockettile/gemmini/spad/acc_scale_unit/activated_data_e_scaled_muladder_1/io_mulAddResult1/P[47:0] is not pipelined (MREG=0). Pipelining the multiplier function will improve performance and will save significant power so it is suggested whenever possible to fully pipeline this function.  If this multiplier was inferred, it is suggested to describe an additional register stage after this function.  If there is no registered adder/accumulator following the multiply function, two pipeline stages are suggested to allow both the MREG and PREG registers to be used.  If the DSP48 was instantiated in the design, it is suggested to set both the MREG and PREG attributes to 1 when performing multiply functions.
Related violations: <none>

DPOP-4#150 Warning
MREG Output pipelining  
DSP u_control_soc/u_rocket/chiptop0/system/tile_prci_domain/element_reset_domain_rockettile/gemmini/spad/acc_scale_unit/activated_data_e_scaled_muladder_1/io_mulAddResult1__0 multiplier stage u_control_soc/u_rocket/chiptop0/system/tile_prci_domain/element_reset_domain_rockettile/gemmini/spad/acc_scale_unit/activated_data_e_scaled_muladder_1/io_mulAddResult1__0/P[47:0] is not pipelined (MREG=0). Pipelining the multiplier function will improve performance and will save significant power so it is suggested whenever possible to fully pipeline this function.  If this multiplier was inferred, it is suggested to describe an additional register stage after this function.  If there is no registered adder/accumulator following the multiply function, two pipeline stages are suggested to allow both the MREG and PREG registers to be used.  If the DSP48 was instantiated in the design, it is suggested to set both the MREG and PREG attributes to 1 when performing multiply functions.
Related violations: <none>

DPOP-4#151 Warning
MREG Output pipelining  
DSP u_control_soc/u_rocket/chiptop0/system/tile_prci_domain/element_reset_domain_rockettile/gemmini/spad/acc_scale_unit/activated_data_e_scaled_muladder_10/io_mulAddResult1 multiplier stage u_control_soc/u_rocket/chiptop0/system/tile_prci_domain/element_reset_domain_rockettile/gemmini/spad/acc_scale_unit/activated_data_e_scaled_muladder_10/io_mulAddResult1/P[47:0] is not pipelined (MREG=0). Pipelining the multiplier function will improve performance and will save significant power so it is suggested whenever possible to fully pipeline this function.  If this multiplier was inferred, it is suggested to describe an additional register stage after this function.  If there is no registered adder/accumulator following the multiply function, two pipeline stages are suggested to allow both the MREG and PREG registers to be used.  If the DSP48 was instantiated in the design, it is suggested to set both the MREG and PREG attributes to 1 when performing multiply functions.
Related violations: <none>

DPOP-4#152 Warning
MREG Output pipelining  
DSP u_control_soc/u_rocket/chiptop0/system/tile_prci_domain/element_reset_domain_rockettile/gemmini/spad/acc_scale_unit/activated_data_e_scaled_muladder_10/io_mulAddResult1__0 multiplier stage u_control_soc/u_rocket/chiptop0/system/tile_prci_domain/element_reset_domain_rockettile/gemmini/spad/acc_scale_unit/activated_data_e_scaled_muladder_10/io_mulAddResult1__0/P[47:0] is not pipelined (MREG=0). Pipelining the multiplier function will improve performance and will save significant power so it is suggested whenever possible to fully pipeline this function.  If this multiplier was inferred, it is suggested to describe an additional register stage after this function.  If there is no registered adder/accumulator following the multiply function, two pipeline stages are suggested to allow both the MREG and PREG registers to be used.  If the DSP48 was instantiated in the design, it is suggested to set both the MREG and PREG attributes to 1 when performing multiply functions.
Related violations: <none>

DPOP-4#153 Warning
MREG Output pipelining  
DSP u_control_soc/u_rocket/chiptop0/system/tile_prci_domain/element_reset_domain_rockettile/gemmini/spad/acc_scale_unit/activated_data_e_scaled_muladder_11/io_mulAddResult1 multiplier stage u_control_soc/u_rocket/chiptop0/system/tile_prci_domain/element_reset_domain_rockettile/gemmini/spad/acc_scale_unit/activated_data_e_scaled_muladder_11/io_mulAddResult1/P[47:0] is not pipelined (MREG=0). Pipelining the multiplier function will improve performance and will save significant power so it is suggested whenever possible to fully pipeline this function.  If this multiplier was inferred, it is suggested to describe an additional register stage after this function.  If there is no registered adder/accumulator following the multiply function, two pipeline stages are suggested to allow both the MREG and PREG registers to be used.  If the DSP48 was instantiated in the design, it is suggested to set both the MREG and PREG attributes to 1 when performing multiply functions.
Related violations: <none>

DPOP-4#154 Warning
MREG Output pipelining  
DSP u_control_soc/u_rocket/chiptop0/system/tile_prci_domain/element_reset_domain_rockettile/gemmini/spad/acc_scale_unit/activated_data_e_scaled_muladder_11/io_mulAddResult1__0 multiplier stage u_control_soc/u_rocket/chiptop0/system/tile_prci_domain/element_reset_domain_rockettile/gemmini/spad/acc_scale_unit/activated_data_e_scaled_muladder_11/io_mulAddResult1__0/P[47:0] is not pipelined (MREG=0). Pipelining the multiplier function will improve performance and will save significant power so it is suggested whenever possible to fully pipeline this function.  If this multiplier was inferred, it is suggested to describe an additional register stage after this function.  If there is no registered adder/accumulator following the multiply function, two pipeline stages are suggested to allow both the MREG and PREG registers to be used.  If the DSP48 was instantiated in the design, it is suggested to set both the MREG and PREG attributes to 1 when performing multiply functions.
Related violations: <none>

DPOP-4#155 Warning
MREG Output pipelining  
DSP u_control_soc/u_rocket/chiptop0/system/tile_prci_domain/element_reset_domain_rockettile/gemmini/spad/acc_scale_unit/activated_data_e_scaled_muladder_12/io_mulAddResult1 multiplier stage u_control_soc/u_rocket/chiptop0/system/tile_prci_domain/element_reset_domain_rockettile/gemmini/spad/acc_scale_unit/activated_data_e_scaled_muladder_12/io_mulAddResult1/P[47:0] is not pipelined (MREG=0). Pipelining the multiplier function will improve performance and will save significant power so it is suggested whenever possible to fully pipeline this function.  If this multiplier was inferred, it is suggested to describe an additional register stage after this function.  If there is no registered adder/accumulator following the multiply function, two pipeline stages are suggested to allow both the MREG and PREG registers to be used.  If the DSP48 was instantiated in the design, it is suggested to set both the MREG and PREG attributes to 1 when performing multiply functions.
Related violations: <none>

DPOP-4#156 Warning
MREG Output pipelining  
DSP u_control_soc/u_rocket/chiptop0/system/tile_prci_domain/element_reset_domain_rockettile/gemmini/spad/acc_scale_unit/activated_data_e_scaled_muladder_12/io_mulAddResult1__0 multiplier stage u_control_soc/u_rocket/chiptop0/system/tile_prci_domain/element_reset_domain_rockettile/gemmini/spad/acc_scale_unit/activated_data_e_scaled_muladder_12/io_mulAddResult1__0/P[47:0] is not pipelined (MREG=0). Pipelining the multiplier function will improve performance and will save significant power so it is suggested whenever possible to fully pipeline this function.  If this multiplier was inferred, it is suggested to describe an additional register stage after this function.  If there is no registered adder/accumulator following the multiply function, two pipeline stages are suggested to allow both the MREG and PREG registers to be used.  If the DSP48 was instantiated in the design, it is suggested to set both the MREG and PREG attributes to 1 when performing multiply functions.
Related violations: <none>

DPOP-4#157 Warning
MREG Output pipelining  
DSP u_control_soc/u_rocket/chiptop0/system/tile_prci_domain/element_reset_domain_rockettile/gemmini/spad/acc_scale_unit/activated_data_e_scaled_muladder_13/io_mulAddResult1 multiplier stage u_control_soc/u_rocket/chiptop0/system/tile_prci_domain/element_reset_domain_rockettile/gemmini/spad/acc_scale_unit/activated_data_e_scaled_muladder_13/io_mulAddResult1/P[47:0] is not pipelined (MREG=0). Pipelining the multiplier function will improve performance and will save significant power so it is suggested whenever possible to fully pipeline this function.  If this multiplier was inferred, it is suggested to describe an additional register stage after this function.  If there is no registered adder/accumulator following the multiply function, two pipeline stages are suggested to allow both the MREG and PREG registers to be used.  If the DSP48 was instantiated in the design, it is suggested to set both the MREG and PREG attributes to 1 when performing multiply functions.
Related violations: <none>

DPOP-4#158 Warning
MREG Output pipelining  
DSP u_control_soc/u_rocket/chiptop0/system/tile_prci_domain/element_reset_domain_rockettile/gemmini/spad/acc_scale_unit/activated_data_e_scaled_muladder_13/io_mulAddResult1__0 multiplier stage u_control_soc/u_rocket/chiptop0/system/tile_prci_domain/element_reset_domain_rockettile/gemmini/spad/acc_scale_unit/activated_data_e_scaled_muladder_13/io_mulAddResult1__0/P[47:0] is not pipelined (MREG=0). Pipelining the multiplier function will improve performance and will save significant power so it is suggested whenever possible to fully pipeline this function.  If this multiplier was inferred, it is suggested to describe an additional register stage after this function.  If there is no registered adder/accumulator following the multiply function, two pipeline stages are suggested to allow both the MREG and PREG registers to be used.  If the DSP48 was instantiated in the design, it is suggested to set both the MREG and PREG attributes to 1 when performing multiply functions.
Related violations: <none>

DPOP-4#159 Warning
MREG Output pipelining  
DSP u_control_soc/u_rocket/chiptop0/system/tile_prci_domain/element_reset_domain_rockettile/gemmini/spad/acc_scale_unit/activated_data_e_scaled_muladder_14/io_mulAddResult1 multiplier stage u_control_soc/u_rocket/chiptop0/system/tile_prci_domain/element_reset_domain_rockettile/gemmini/spad/acc_scale_unit/activated_data_e_scaled_muladder_14/io_mulAddResult1/P[47:0] is not pipelined (MREG=0). Pipelining the multiplier function will improve performance and will save significant power so it is suggested whenever possible to fully pipeline this function.  If this multiplier was inferred, it is suggested to describe an additional register stage after this function.  If there is no registered adder/accumulator following the multiply function, two pipeline stages are suggested to allow both the MREG and PREG registers to be used.  If the DSP48 was instantiated in the design, it is suggested to set both the MREG and PREG attributes to 1 when performing multiply functions.
Related violations: <none>

DPOP-4#160 Warning
MREG Output pipelining  
DSP u_control_soc/u_rocket/chiptop0/system/tile_prci_domain/element_reset_domain_rockettile/gemmini/spad/acc_scale_unit/activated_data_e_scaled_muladder_14/io_mulAddResult1__0 multiplier stage u_control_soc/u_rocket/chiptop0/system/tile_prci_domain/element_reset_domain_rockettile/gemmini/spad/acc_scale_unit/activated_data_e_scaled_muladder_14/io_mulAddResult1__0/P[47:0] is not pipelined (MREG=0). Pipelining the multiplier function will improve performance and will save significant power so it is suggested whenever possible to fully pipeline this function.  If this multiplier was inferred, it is suggested to describe an additional register stage after this function.  If there is no registered adder/accumulator following the multiply function, two pipeline stages are suggested to allow both the MREG and PREG registers to be used.  If the DSP48 was instantiated in the design, it is suggested to set both the MREG and PREG attributes to 1 when performing multiply functions.
Related violations: <none>

DPOP-4#161 Warning
MREG Output pipelining  
DSP u_control_soc/u_rocket/chiptop0/system/tile_prci_domain/element_reset_domain_rockettile/gemmini/spad/acc_scale_unit/activated_data_e_scaled_muladder_15/io_mulAddResult1 multiplier stage u_control_soc/u_rocket/chiptop0/system/tile_prci_domain/element_reset_domain_rockettile/gemmini/spad/acc_scale_unit/activated_data_e_scaled_muladder_15/io_mulAddResult1/P[47:0] is not pipelined (MREG=0). Pipelining the multiplier function will improve performance and will save significant power so it is suggested whenever possible to fully pipeline this function.  If this multiplier was inferred, it is suggested to describe an additional register stage after this function.  If there is no registered adder/accumulator following the multiply function, two pipeline stages are suggested to allow both the MREG and PREG registers to be used.  If the DSP48 was instantiated in the design, it is suggested to set both the MREG and PREG attributes to 1 when performing multiply functions.
Related violations: <none>

DPOP-4#162 Warning
MREG Output pipelining  
DSP u_control_soc/u_rocket/chiptop0/system/tile_prci_domain/element_reset_domain_rockettile/gemmini/spad/acc_scale_unit/activated_data_e_scaled_muladder_15/io_mulAddResult1__0 multiplier stage u_control_soc/u_rocket/chiptop0/system/tile_prci_domain/element_reset_domain_rockettile/gemmini/spad/acc_scale_unit/activated_data_e_scaled_muladder_15/io_mulAddResult1__0/P[47:0] is not pipelined (MREG=0). Pipelining the multiplier function will improve performance and will save significant power so it is suggested whenever possible to fully pipeline this function.  If this multiplier was inferred, it is suggested to describe an additional register stage after this function.  If there is no registered adder/accumulator following the multiply function, two pipeline stages are suggested to allow both the MREG and PREG registers to be used.  If the DSP48 was instantiated in the design, it is suggested to set both the MREG and PREG attributes to 1 when performing multiply functions.
Related violations: <none>

DPOP-4#163 Warning
MREG Output pipelining  
DSP u_control_soc/u_rocket/chiptop0/system/tile_prci_domain/element_reset_domain_rockettile/gemmini/spad/acc_scale_unit/activated_data_e_scaled_muladder_16/io_mulAddResult1 multiplier stage u_control_soc/u_rocket/chiptop0/system/tile_prci_domain/element_reset_domain_rockettile/gemmini/spad/acc_scale_unit/activated_data_e_scaled_muladder_16/io_mulAddResult1/P[47:0] is not pipelined (MREG=0). Pipelining the multiplier function will improve performance and will save significant power so it is suggested whenever possible to fully pipeline this function.  If this multiplier was inferred, it is suggested to describe an additional register stage after this function.  If there is no registered adder/accumulator following the multiply function, two pipeline stages are suggested to allow both the MREG and PREG registers to be used.  If the DSP48 was instantiated in the design, it is suggested to set both the MREG and PREG attributes to 1 when performing multiply functions.
Related violations: <none>

DPOP-4#164 Warning
MREG Output pipelining  
DSP u_control_soc/u_rocket/chiptop0/system/tile_prci_domain/element_reset_domain_rockettile/gemmini/spad/acc_scale_unit/activated_data_e_scaled_muladder_16/io_mulAddResult1__0 multiplier stage u_control_soc/u_rocket/chiptop0/system/tile_prci_domain/element_reset_domain_rockettile/gemmini/spad/acc_scale_unit/activated_data_e_scaled_muladder_16/io_mulAddResult1__0/P[47:0] is not pipelined (MREG=0). Pipelining the multiplier function will improve performance and will save significant power so it is suggested whenever possible to fully pipeline this function.  If this multiplier was inferred, it is suggested to describe an additional register stage after this function.  If there is no registered adder/accumulator following the multiply function, two pipeline stages are suggested to allow both the MREG and PREG registers to be used.  If the DSP48 was instantiated in the design, it is suggested to set both the MREG and PREG attributes to 1 when performing multiply functions.
Related violations: <none>

DPOP-4#165 Warning
MREG Output pipelining  
DSP u_control_soc/u_rocket/chiptop0/system/tile_prci_domain/element_reset_domain_rockettile/gemmini/spad/acc_scale_unit/activated_data_e_scaled_muladder_17/io_mulAddResult1 multiplier stage u_control_soc/u_rocket/chiptop0/system/tile_prci_domain/element_reset_domain_rockettile/gemmini/spad/acc_scale_unit/activated_data_e_scaled_muladder_17/io_mulAddResult1/P[47:0] is not pipelined (MREG=0). Pipelining the multiplier function will improve performance and will save significant power so it is suggested whenever possible to fully pipeline this function.  If this multiplier was inferred, it is suggested to describe an additional register stage after this function.  If there is no registered adder/accumulator following the multiply function, two pipeline stages are suggested to allow both the MREG and PREG registers to be used.  If the DSP48 was instantiated in the design, it is suggested to set both the MREG and PREG attributes to 1 when performing multiply functions.
Related violations: <none>

DPOP-4#166 Warning
MREG Output pipelining  
DSP u_control_soc/u_rocket/chiptop0/system/tile_prci_domain/element_reset_domain_rockettile/gemmini/spad/acc_scale_unit/activated_data_e_scaled_muladder_17/io_mulAddResult1__0 multiplier stage u_control_soc/u_rocket/chiptop0/system/tile_prci_domain/element_reset_domain_rockettile/gemmini/spad/acc_scale_unit/activated_data_e_scaled_muladder_17/io_mulAddResult1__0/P[47:0] is not pipelined (MREG=0). Pipelining the multiplier function will improve performance and will save significant power so it is suggested whenever possible to fully pipeline this function.  If this multiplier was inferred, it is suggested to describe an additional register stage after this function.  If there is no registered adder/accumulator following the multiply function, two pipeline stages are suggested to allow both the MREG and PREG registers to be used.  If the DSP48 was instantiated in the design, it is suggested to set both the MREG and PREG attributes to 1 when performing multiply functions.
Related violations: <none>

DPOP-4#167 Warning
MREG Output pipelining  
DSP u_control_soc/u_rocket/chiptop0/system/tile_prci_domain/element_reset_domain_rockettile/gemmini/spad/acc_scale_unit/activated_data_e_scaled_muladder_18/io_mulAddResult1 multiplier stage u_control_soc/u_rocket/chiptop0/system/tile_prci_domain/element_reset_domain_rockettile/gemmini/spad/acc_scale_unit/activated_data_e_scaled_muladder_18/io_mulAddResult1/P[47:0] is not pipelined (MREG=0). Pipelining the multiplier function will improve performance and will save significant power so it is suggested whenever possible to fully pipeline this function.  If this multiplier was inferred, it is suggested to describe an additional register stage after this function.  If there is no registered adder/accumulator following the multiply function, two pipeline stages are suggested to allow both the MREG and PREG registers to be used.  If the DSP48 was instantiated in the design, it is suggested to set both the MREG and PREG attributes to 1 when performing multiply functions.
Related violations: <none>

DPOP-4#168 Warning
MREG Output pipelining  
DSP u_control_soc/u_rocket/chiptop0/system/tile_prci_domain/element_reset_domain_rockettile/gemmini/spad/acc_scale_unit/activated_data_e_scaled_muladder_18/io_mulAddResult1__0 multiplier stage u_control_soc/u_rocket/chiptop0/system/tile_prci_domain/element_reset_domain_rockettile/gemmini/spad/acc_scale_unit/activated_data_e_scaled_muladder_18/io_mulAddResult1__0/P[47:0] is not pipelined (MREG=0). Pipelining the multiplier function will improve performance and will save significant power so it is suggested whenever possible to fully pipeline this function.  If this multiplier was inferred, it is suggested to describe an additional register stage after this function.  If there is no registered adder/accumulator following the multiply function, two pipeline stages are suggested to allow both the MREG and PREG registers to be used.  If the DSP48 was instantiated in the design, it is suggested to set both the MREG and PREG attributes to 1 when performing multiply functions.
Related violations: <none>

DPOP-4#169 Warning
MREG Output pipelining  
DSP u_control_soc/u_rocket/chiptop0/system/tile_prci_domain/element_reset_domain_rockettile/gemmini/spad/acc_scale_unit/activated_data_e_scaled_muladder_19/io_mulAddResult1 multiplier stage u_control_soc/u_rocket/chiptop0/system/tile_prci_domain/element_reset_domain_rockettile/gemmini/spad/acc_scale_unit/activated_data_e_scaled_muladder_19/io_mulAddResult1/P[47:0] is not pipelined (MREG=0). Pipelining the multiplier function will improve performance and will save significant power so it is suggested whenever possible to fully pipeline this function.  If this multiplier was inferred, it is suggested to describe an additional register stage after this function.  If there is no registered adder/accumulator following the multiply function, two pipeline stages are suggested to allow both the MREG and PREG registers to be used.  If the DSP48 was instantiated in the design, it is suggested to set both the MREG and PREG attributes to 1 when performing multiply functions.
Related violations: <none>

DPOP-4#170 Warning
MREG Output pipelining  
DSP u_control_soc/u_rocket/chiptop0/system/tile_prci_domain/element_reset_domain_rockettile/gemmini/spad/acc_scale_unit/activated_data_e_scaled_muladder_19/io_mulAddResult1__0 multiplier stage u_control_soc/u_rocket/chiptop0/system/tile_prci_domain/element_reset_domain_rockettile/gemmini/spad/acc_scale_unit/activated_data_e_scaled_muladder_19/io_mulAddResult1__0/P[47:0] is not pipelined (MREG=0). Pipelining the multiplier function will improve performance and will save significant power so it is suggested whenever possible to fully pipeline this function.  If this multiplier was inferred, it is suggested to describe an additional register stage after this function.  If there is no registered adder/accumulator following the multiply function, two pipeline stages are suggested to allow both the MREG and PREG registers to be used.  If the DSP48 was instantiated in the design, it is suggested to set both the MREG and PREG attributes to 1 when performing multiply functions.
Related violations: <none>

DPOP-4#171 Warning
MREG Output pipelining  
DSP u_control_soc/u_rocket/chiptop0/system/tile_prci_domain/element_reset_domain_rockettile/gemmini/spad/acc_scale_unit/activated_data_e_scaled_muladder_2/io_mulAddResult1 multiplier stage u_control_soc/u_rocket/chiptop0/system/tile_prci_domain/element_reset_domain_rockettile/gemmini/spad/acc_scale_unit/activated_data_e_scaled_muladder_2/io_mulAddResult1/P[47:0] is not pipelined (MREG=0). Pipelining the multiplier function will improve performance and will save significant power so it is suggested whenever possible to fully pipeline this function.  If this multiplier was inferred, it is suggested to describe an additional register stage after this function.  If there is no registered adder/accumulator following the multiply function, two pipeline stages are suggested to allow both the MREG and PREG registers to be used.  If the DSP48 was instantiated in the design, it is suggested to set both the MREG and PREG attributes to 1 when performing multiply functions.
Related violations: <none>

DPOP-4#172 Warning
MREG Output pipelining  
DSP u_control_soc/u_rocket/chiptop0/system/tile_prci_domain/element_reset_domain_rockettile/gemmini/spad/acc_scale_unit/activated_data_e_scaled_muladder_2/io_mulAddResult1__0 multiplier stage u_control_soc/u_rocket/chiptop0/system/tile_prci_domain/element_reset_domain_rockettile/gemmini/spad/acc_scale_unit/activated_data_e_scaled_muladder_2/io_mulAddResult1__0/P[47:0] is not pipelined (MREG=0). Pipelining the multiplier function will improve performance and will save significant power so it is suggested whenever possible to fully pipeline this function.  If this multiplier was inferred, it is suggested to describe an additional register stage after this function.  If there is no registered adder/accumulator following the multiply function, two pipeline stages are suggested to allow both the MREG and PREG registers to be used.  If the DSP48 was instantiated in the design, it is suggested to set both the MREG and PREG attributes to 1 when performing multiply functions.
Related violations: <none>

DPOP-4#173 Warning
MREG Output pipelining  
DSP u_control_soc/u_rocket/chiptop0/system/tile_prci_domain/element_reset_domain_rockettile/gemmini/spad/acc_scale_unit/activated_data_e_scaled_muladder_20/io_mulAddResult1 multiplier stage u_control_soc/u_rocket/chiptop0/system/tile_prci_domain/element_reset_domain_rockettile/gemmini/spad/acc_scale_unit/activated_data_e_scaled_muladder_20/io_mulAddResult1/P[47:0] is not pipelined (MREG=0). Pipelining the multiplier function will improve performance and will save significant power so it is suggested whenever possible to fully pipeline this function.  If this multiplier was inferred, it is suggested to describe an additional register stage after this function.  If there is no registered adder/accumulator following the multiply function, two pipeline stages are suggested to allow both the MREG and PREG registers to be used.  If the DSP48 was instantiated in the design, it is suggested to set both the MREG and PREG attributes to 1 when performing multiply functions.
Related violations: <none>

DPOP-4#174 Warning
MREG Output pipelining  
DSP u_control_soc/u_rocket/chiptop0/system/tile_prci_domain/element_reset_domain_rockettile/gemmini/spad/acc_scale_unit/activated_data_e_scaled_muladder_20/io_mulAddResult1__0 multiplier stage u_control_soc/u_rocket/chiptop0/system/tile_prci_domain/element_reset_domain_rockettile/gemmini/spad/acc_scale_unit/activated_data_e_scaled_muladder_20/io_mulAddResult1__0/P[47:0] is not pipelined (MREG=0). Pipelining the multiplier function will improve performance and will save significant power so it is suggested whenever possible to fully pipeline this function.  If this multiplier was inferred, it is suggested to describe an additional register stage after this function.  If there is no registered adder/accumulator following the multiply function, two pipeline stages are suggested to allow both the MREG and PREG registers to be used.  If the DSP48 was instantiated in the design, it is suggested to set both the MREG and PREG attributes to 1 when performing multiply functions.
Related violations: <none>

DPOP-4#175 Warning
MREG Output pipelining  
DSP u_control_soc/u_rocket/chiptop0/system/tile_prci_domain/element_reset_domain_rockettile/gemmini/spad/acc_scale_unit/activated_data_e_scaled_muladder_21/io_mulAddResult1 multiplier stage u_control_soc/u_rocket/chiptop0/system/tile_prci_domain/element_reset_domain_rockettile/gemmini/spad/acc_scale_unit/activated_data_e_scaled_muladder_21/io_mulAddResult1/P[47:0] is not pipelined (MREG=0). Pipelining the multiplier function will improve performance and will save significant power so it is suggested whenever possible to fully pipeline this function.  If this multiplier was inferred, it is suggested to describe an additional register stage after this function.  If there is no registered adder/accumulator following the multiply function, two pipeline stages are suggested to allow both the MREG and PREG registers to be used.  If the DSP48 was instantiated in the design, it is suggested to set both the MREG and PREG attributes to 1 when performing multiply functions.
Related violations: <none>

DPOP-4#176 Warning
MREG Output pipelining  
DSP u_control_soc/u_rocket/chiptop0/system/tile_prci_domain/element_reset_domain_rockettile/gemmini/spad/acc_scale_unit/activated_data_e_scaled_muladder_21/io_mulAddResult1__0 multiplier stage u_control_soc/u_rocket/chiptop0/system/tile_prci_domain/element_reset_domain_rockettile/gemmini/spad/acc_scale_unit/activated_data_e_scaled_muladder_21/io_mulAddResult1__0/P[47:0] is not pipelined (MREG=0). Pipelining the multiplier function will improve performance and will save significant power so it is suggested whenever possible to fully pipeline this function.  If this multiplier was inferred, it is suggested to describe an additional register stage after this function.  If there is no registered adder/accumulator following the multiply function, two pipeline stages are suggested to allow both the MREG and PREG registers to be used.  If the DSP48 was instantiated in the design, it is suggested to set both the MREG and PREG attributes to 1 when performing multiply functions.
Related violations: <none>

DPOP-4#177 Warning
MREG Output pipelining  
DSP u_control_soc/u_rocket/chiptop0/system/tile_prci_domain/element_reset_domain_rockettile/gemmini/spad/acc_scale_unit/activated_data_e_scaled_muladder_22/io_mulAddResult1 multiplier stage u_control_soc/u_rocket/chiptop0/system/tile_prci_domain/element_reset_domain_rockettile/gemmini/spad/acc_scale_unit/activated_data_e_scaled_muladder_22/io_mulAddResult1/P[47:0] is not pipelined (MREG=0). Pipelining the multiplier function will improve performance and will save significant power so it is suggested whenever possible to fully pipeline this function.  If this multiplier was inferred, it is suggested to describe an additional register stage after this function.  If there is no registered adder/accumulator following the multiply function, two pipeline stages are suggested to allow both the MREG and PREG registers to be used.  If the DSP48 was instantiated in the design, it is suggested to set both the MREG and PREG attributes to 1 when performing multiply functions.
Related violations: <none>

DPOP-4#178 Warning
MREG Output pipelining  
DSP u_control_soc/u_rocket/chiptop0/system/tile_prci_domain/element_reset_domain_rockettile/gemmini/spad/acc_scale_unit/activated_data_e_scaled_muladder_22/io_mulAddResult1__0 multiplier stage u_control_soc/u_rocket/chiptop0/system/tile_prci_domain/element_reset_domain_rockettile/gemmini/spad/acc_scale_unit/activated_data_e_scaled_muladder_22/io_mulAddResult1__0/P[47:0] is not pipelined (MREG=0). Pipelining the multiplier function will improve performance and will save significant power so it is suggested whenever possible to fully pipeline this function.  If this multiplier was inferred, it is suggested to describe an additional register stage after this function.  If there is no registered adder/accumulator following the multiply function, two pipeline stages are suggested to allow both the MREG and PREG registers to be used.  If the DSP48 was instantiated in the design, it is suggested to set both the MREG and PREG attributes to 1 when performing multiply functions.
Related violations: <none>

DPOP-4#179 Warning
MREG Output pipelining  
DSP u_control_soc/u_rocket/chiptop0/system/tile_prci_domain/element_reset_domain_rockettile/gemmini/spad/acc_scale_unit/activated_data_e_scaled_muladder_23/io_mulAddResult1 multiplier stage u_control_soc/u_rocket/chiptop0/system/tile_prci_domain/element_reset_domain_rockettile/gemmini/spad/acc_scale_unit/activated_data_e_scaled_muladder_23/io_mulAddResult1/P[47:0] is not pipelined (MREG=0). Pipelining the multiplier function will improve performance and will save significant power so it is suggested whenever possible to fully pipeline this function.  If this multiplier was inferred, it is suggested to describe an additional register stage after this function.  If there is no registered adder/accumulator following the multiply function, two pipeline stages are suggested to allow both the MREG and PREG registers to be used.  If the DSP48 was instantiated in the design, it is suggested to set both the MREG and PREG attributes to 1 when performing multiply functions.
Related violations: <none>

DPOP-4#180 Warning
MREG Output pipelining  
DSP u_control_soc/u_rocket/chiptop0/system/tile_prci_domain/element_reset_domain_rockettile/gemmini/spad/acc_scale_unit/activated_data_e_scaled_muladder_23/io_mulAddResult1__0 multiplier stage u_control_soc/u_rocket/chiptop0/system/tile_prci_domain/element_reset_domain_rockettile/gemmini/spad/acc_scale_unit/activated_data_e_scaled_muladder_23/io_mulAddResult1__0/P[47:0] is not pipelined (MREG=0). Pipelining the multiplier function will improve performance and will save significant power so it is suggested whenever possible to fully pipeline this function.  If this multiplier was inferred, it is suggested to describe an additional register stage after this function.  If there is no registered adder/accumulator following the multiply function, two pipeline stages are suggested to allow both the MREG and PREG registers to be used.  If the DSP48 was instantiated in the design, it is suggested to set both the MREG and PREG attributes to 1 when performing multiply functions.
Related violations: <none>

DPOP-4#181 Warning
MREG Output pipelining  
DSP u_control_soc/u_rocket/chiptop0/system/tile_prci_domain/element_reset_domain_rockettile/gemmini/spad/acc_scale_unit/activated_data_e_scaled_muladder_24/io_mulAddResult1 multiplier stage u_control_soc/u_rocket/chiptop0/system/tile_prci_domain/element_reset_domain_rockettile/gemmini/spad/acc_scale_unit/activated_data_e_scaled_muladder_24/io_mulAddResult1/P[47:0] is not pipelined (MREG=0). Pipelining the multiplier function will improve performance and will save significant power so it is suggested whenever possible to fully pipeline this function.  If this multiplier was inferred, it is suggested to describe an additional register stage after this function.  If there is no registered adder/accumulator following the multiply function, two pipeline stages are suggested to allow both the MREG and PREG registers to be used.  If the DSP48 was instantiated in the design, it is suggested to set both the MREG and PREG attributes to 1 when performing multiply functions.
Related violations: <none>

DPOP-4#182 Warning
MREG Output pipelining  
DSP u_control_soc/u_rocket/chiptop0/system/tile_prci_domain/element_reset_domain_rockettile/gemmini/spad/acc_scale_unit/activated_data_e_scaled_muladder_24/io_mulAddResult1__0 multiplier stage u_control_soc/u_rocket/chiptop0/system/tile_prci_domain/element_reset_domain_rockettile/gemmini/spad/acc_scale_unit/activated_data_e_scaled_muladder_24/io_mulAddResult1__0/P[47:0] is not pipelined (MREG=0). Pipelining the multiplier function will improve performance and will save significant power so it is suggested whenever possible to fully pipeline this function.  If this multiplier was inferred, it is suggested to describe an additional register stage after this function.  If there is no registered adder/accumulator following the multiply function, two pipeline stages are suggested to allow both the MREG and PREG registers to be used.  If the DSP48 was instantiated in the design, it is suggested to set both the MREG and PREG attributes to 1 when performing multiply functions.
Related violations: <none>

DPOP-4#183 Warning
MREG Output pipelining  
DSP u_control_soc/u_rocket/chiptop0/system/tile_prci_domain/element_reset_domain_rockettile/gemmini/spad/acc_scale_unit/activated_data_e_scaled_muladder_25/io_mulAddResult1 multiplier stage u_control_soc/u_rocket/chiptop0/system/tile_prci_domain/element_reset_domain_rockettile/gemmini/spad/acc_scale_unit/activated_data_e_scaled_muladder_25/io_mulAddResult1/P[47:0] is not pipelined (MREG=0). Pipelining the multiplier function will improve performance and will save significant power so it is suggested whenever possible to fully pipeline this function.  If this multiplier was inferred, it is suggested to describe an additional register stage after this function.  If there is no registered adder/accumulator following the multiply function, two pipeline stages are suggested to allow both the MREG and PREG registers to be used.  If the DSP48 was instantiated in the design, it is suggested to set both the MREG and PREG attributes to 1 when performing multiply functions.
Related violations: <none>

DPOP-4#184 Warning
MREG Output pipelining  
DSP u_control_soc/u_rocket/chiptop0/system/tile_prci_domain/element_reset_domain_rockettile/gemmini/spad/acc_scale_unit/activated_data_e_scaled_muladder_25/io_mulAddResult1__0 multiplier stage u_control_soc/u_rocket/chiptop0/system/tile_prci_domain/element_reset_domain_rockettile/gemmini/spad/acc_scale_unit/activated_data_e_scaled_muladder_25/io_mulAddResult1__0/P[47:0] is not pipelined (MREG=0). Pipelining the multiplier function will improve performance and will save significant power so it is suggested whenever possible to fully pipeline this function.  If this multiplier was inferred, it is suggested to describe an additional register stage after this function.  If there is no registered adder/accumulator following the multiply function, two pipeline stages are suggested to allow both the MREG and PREG registers to be used.  If the DSP48 was instantiated in the design, it is suggested to set both the MREG and PREG attributes to 1 when performing multiply functions.
Related violations: <none>

DPOP-4#185 Warning
MREG Output pipelining  
DSP u_control_soc/u_rocket/chiptop0/system/tile_prci_domain/element_reset_domain_rockettile/gemmini/spad/acc_scale_unit/activated_data_e_scaled_muladder_26/io_mulAddResult1 multiplier stage u_control_soc/u_rocket/chiptop0/system/tile_prci_domain/element_reset_domain_rockettile/gemmini/spad/acc_scale_unit/activated_data_e_scaled_muladder_26/io_mulAddResult1/P[47:0] is not pipelined (MREG=0). Pipelining the multiplier function will improve performance and will save significant power so it is suggested whenever possible to fully pipeline this function.  If this multiplier was inferred, it is suggested to describe an additional register stage after this function.  If there is no registered adder/accumulator following the multiply function, two pipeline stages are suggested to allow both the MREG and PREG registers to be used.  If the DSP48 was instantiated in the design, it is suggested to set both the MREG and PREG attributes to 1 when performing multiply functions.
Related violations: <none>

DPOP-4#186 Warning
MREG Output pipelining  
DSP u_control_soc/u_rocket/chiptop0/system/tile_prci_domain/element_reset_domain_rockettile/gemmini/spad/acc_scale_unit/activated_data_e_scaled_muladder_26/io_mulAddResult1__0 multiplier stage u_control_soc/u_rocket/chiptop0/system/tile_prci_domain/element_reset_domain_rockettile/gemmini/spad/acc_scale_unit/activated_data_e_scaled_muladder_26/io_mulAddResult1__0/P[47:0] is not pipelined (MREG=0). Pipelining the multiplier function will improve performance and will save significant power so it is suggested whenever possible to fully pipeline this function.  If this multiplier was inferred, it is suggested to describe an additional register stage after this function.  If there is no registered adder/accumulator following the multiply function, two pipeline stages are suggested to allow both the MREG and PREG registers to be used.  If the DSP48 was instantiated in the design, it is suggested to set both the MREG and PREG attributes to 1 when performing multiply functions.
Related violations: <none>

DPOP-4#187 Warning
MREG Output pipelining  
DSP u_control_soc/u_rocket/chiptop0/system/tile_prci_domain/element_reset_domain_rockettile/gemmini/spad/acc_scale_unit/activated_data_e_scaled_muladder_27/io_mulAddResult1 multiplier stage u_control_soc/u_rocket/chiptop0/system/tile_prci_domain/element_reset_domain_rockettile/gemmini/spad/acc_scale_unit/activated_data_e_scaled_muladder_27/io_mulAddResult1/P[47:0] is not pipelined (MREG=0). Pipelining the multiplier function will improve performance and will save significant power so it is suggested whenever possible to fully pipeline this function.  If this multiplier was inferred, it is suggested to describe an additional register stage after this function.  If there is no registered adder/accumulator following the multiply function, two pipeline stages are suggested to allow both the MREG and PREG registers to be used.  If the DSP48 was instantiated in the design, it is suggested to set both the MREG and PREG attributes to 1 when performing multiply functions.
Related violations: <none>

DPOP-4#188 Warning
MREG Output pipelining  
DSP u_control_soc/u_rocket/chiptop0/system/tile_prci_domain/element_reset_domain_rockettile/gemmini/spad/acc_scale_unit/activated_data_e_scaled_muladder_27/io_mulAddResult1__0 multiplier stage u_control_soc/u_rocket/chiptop0/system/tile_prci_domain/element_reset_domain_rockettile/gemmini/spad/acc_scale_unit/activated_data_e_scaled_muladder_27/io_mulAddResult1__0/P[47:0] is not pipelined (MREG=0). Pipelining the multiplier function will improve performance and will save significant power so it is suggested whenever possible to fully pipeline this function.  If this multiplier was inferred, it is suggested to describe an additional register stage after this function.  If there is no registered adder/accumulator following the multiply function, two pipeline stages are suggested to allow both the MREG and PREG registers to be used.  If the DSP48 was instantiated in the design, it is suggested to set both the MREG and PREG attributes to 1 when performing multiply functions.
Related violations: <none>

DPOP-4#189 Warning
MREG Output pipelining  
DSP u_control_soc/u_rocket/chiptop0/system/tile_prci_domain/element_reset_domain_rockettile/gemmini/spad/acc_scale_unit/activated_data_e_scaled_muladder_28/io_mulAddResult1 multiplier stage u_control_soc/u_rocket/chiptop0/system/tile_prci_domain/element_reset_domain_rockettile/gemmini/spad/acc_scale_unit/activated_data_e_scaled_muladder_28/io_mulAddResult1/P[47:0] is not pipelined (MREG=0). Pipelining the multiplier function will improve performance and will save significant power so it is suggested whenever possible to fully pipeline this function.  If this multiplier was inferred, it is suggested to describe an additional register stage after this function.  If there is no registered adder/accumulator following the multiply function, two pipeline stages are suggested to allow both the MREG and PREG registers to be used.  If the DSP48 was instantiated in the design, it is suggested to set both the MREG and PREG attributes to 1 when performing multiply functions.
Related violations: <none>

DPOP-4#190 Warning
MREG Output pipelining  
DSP u_control_soc/u_rocket/chiptop0/system/tile_prci_domain/element_reset_domain_rockettile/gemmini/spad/acc_scale_unit/activated_data_e_scaled_muladder_28/io_mulAddResult1__0 multiplier stage u_control_soc/u_rocket/chiptop0/system/tile_prci_domain/element_reset_domain_rockettile/gemmini/spad/acc_scale_unit/activated_data_e_scaled_muladder_28/io_mulAddResult1__0/P[47:0] is not pipelined (MREG=0). Pipelining the multiplier function will improve performance and will save significant power so it is suggested whenever possible to fully pipeline this function.  If this multiplier was inferred, it is suggested to describe an additional register stage after this function.  If there is no registered adder/accumulator following the multiply function, two pipeline stages are suggested to allow both the MREG and PREG registers to be used.  If the DSP48 was instantiated in the design, it is suggested to set both the MREG and PREG attributes to 1 when performing multiply functions.
Related violations: <none>

DPOP-4#191 Warning
MREG Output pipelining  
DSP u_control_soc/u_rocket/chiptop0/system/tile_prci_domain/element_reset_domain_rockettile/gemmini/spad/acc_scale_unit/activated_data_e_scaled_muladder_29/io_mulAddResult1 multiplier stage u_control_soc/u_rocket/chiptop0/system/tile_prci_domain/element_reset_domain_rockettile/gemmini/spad/acc_scale_unit/activated_data_e_scaled_muladder_29/io_mulAddResult1/P[47:0] is not pipelined (MREG=0). Pipelining the multiplier function will improve performance and will save significant power so it is suggested whenever possible to fully pipeline this function.  If this multiplier was inferred, it is suggested to describe an additional register stage after this function.  If there is no registered adder/accumulator following the multiply function, two pipeline stages are suggested to allow both the MREG and PREG registers to be used.  If the DSP48 was instantiated in the design, it is suggested to set both the MREG and PREG attributes to 1 when performing multiply functions.
Related violations: <none>

DPOP-4#192 Warning
MREG Output pipelining  
DSP u_control_soc/u_rocket/chiptop0/system/tile_prci_domain/element_reset_domain_rockettile/gemmini/spad/acc_scale_unit/activated_data_e_scaled_muladder_29/io_mulAddResult1__0 multiplier stage u_control_soc/u_rocket/chiptop0/system/tile_prci_domain/element_reset_domain_rockettile/gemmini/spad/acc_scale_unit/activated_data_e_scaled_muladder_29/io_mulAddResult1__0/P[47:0] is not pipelined (MREG=0). Pipelining the multiplier function will improve performance and will save significant power so it is suggested whenever possible to fully pipeline this function.  If this multiplier was inferred, it is suggested to describe an additional register stage after this function.  If there is no registered adder/accumulator following the multiply function, two pipeline stages are suggested to allow both the MREG and PREG registers to be used.  If the DSP48 was instantiated in the design, it is suggested to set both the MREG and PREG attributes to 1 when performing multiply functions.
Related violations: <none>

DPOP-4#193 Warning
MREG Output pipelining  
DSP u_control_soc/u_rocket/chiptop0/system/tile_prci_domain/element_reset_domain_rockettile/gemmini/spad/acc_scale_unit/activated_data_e_scaled_muladder_3/io_mulAddResult1 multiplier stage u_control_soc/u_rocket/chiptop0/system/tile_prci_domain/element_reset_domain_rockettile/gemmini/spad/acc_scale_unit/activated_data_e_scaled_muladder_3/io_mulAddResult1/P[47:0] is not pipelined (MREG=0). Pipelining the multiplier function will improve performance and will save significant power so it is suggested whenever possible to fully pipeline this function.  If this multiplier was inferred, it is suggested to describe an additional register stage after this function.  If there is no registered adder/accumulator following the multiply function, two pipeline stages are suggested to allow both the MREG and PREG registers to be used.  If the DSP48 was instantiated in the design, it is suggested to set both the MREG and PREG attributes to 1 when performing multiply functions.
Related violations: <none>

DPOP-4#194 Warning
MREG Output pipelining  
DSP u_control_soc/u_rocket/chiptop0/system/tile_prci_domain/element_reset_domain_rockettile/gemmini/spad/acc_scale_unit/activated_data_e_scaled_muladder_3/io_mulAddResult1__0 multiplier stage u_control_soc/u_rocket/chiptop0/system/tile_prci_domain/element_reset_domain_rockettile/gemmini/spad/acc_scale_unit/activated_data_e_scaled_muladder_3/io_mulAddResult1__0/P[47:0] is not pipelined (MREG=0). Pipelining the multiplier function will improve performance and will save significant power so it is suggested whenever possible to fully pipeline this function.  If this multiplier was inferred, it is suggested to describe an additional register stage after this function.  If there is no registered adder/accumulator following the multiply function, two pipeline stages are suggested to allow both the MREG and PREG registers to be used.  If the DSP48 was instantiated in the design, it is suggested to set both the MREG and PREG attributes to 1 when performing multiply functions.
Related violations: <none>

DPOP-4#195 Warning
MREG Output pipelining  
DSP u_control_soc/u_rocket/chiptop0/system/tile_prci_domain/element_reset_domain_rockettile/gemmini/spad/acc_scale_unit/activated_data_e_scaled_muladder_30/io_mulAddResult1 multiplier stage u_control_soc/u_rocket/chiptop0/system/tile_prci_domain/element_reset_domain_rockettile/gemmini/spad/acc_scale_unit/activated_data_e_scaled_muladder_30/io_mulAddResult1/P[47:0] is not pipelined (MREG=0). Pipelining the multiplier function will improve performance and will save significant power so it is suggested whenever possible to fully pipeline this function.  If this multiplier was inferred, it is suggested to describe an additional register stage after this function.  If there is no registered adder/accumulator following the multiply function, two pipeline stages are suggested to allow both the MREG and PREG registers to be used.  If the DSP48 was instantiated in the design, it is suggested to set both the MREG and PREG attributes to 1 when performing multiply functions.
Related violations: <none>

DPOP-4#196 Warning
MREG Output pipelining  
DSP u_control_soc/u_rocket/chiptop0/system/tile_prci_domain/element_reset_domain_rockettile/gemmini/spad/acc_scale_unit/activated_data_e_scaled_muladder_30/io_mulAddResult1__0 multiplier stage u_control_soc/u_rocket/chiptop0/system/tile_prci_domain/element_reset_domain_rockettile/gemmini/spad/acc_scale_unit/activated_data_e_scaled_muladder_30/io_mulAddResult1__0/P[47:0] is not pipelined (MREG=0). Pipelining the multiplier function will improve performance and will save significant power so it is suggested whenever possible to fully pipeline this function.  If this multiplier was inferred, it is suggested to describe an additional register stage after this function.  If there is no registered adder/accumulator following the multiply function, two pipeline stages are suggested to allow both the MREG and PREG registers to be used.  If the DSP48 was instantiated in the design, it is suggested to set both the MREG and PREG attributes to 1 when performing multiply functions.
Related violations: <none>

DPOP-4#197 Warning
MREG Output pipelining  
DSP u_control_soc/u_rocket/chiptop0/system/tile_prci_domain/element_reset_domain_rockettile/gemmini/spad/acc_scale_unit/activated_data_e_scaled_muladder_31/io_mulAddResult1 multiplier stage u_control_soc/u_rocket/chiptop0/system/tile_prci_domain/element_reset_domain_rockettile/gemmini/spad/acc_scale_unit/activated_data_e_scaled_muladder_31/io_mulAddResult1/P[47:0] is not pipelined (MREG=0). Pipelining the multiplier function will improve performance and will save significant power so it is suggested whenever possible to fully pipeline this function.  If this multiplier was inferred, it is suggested to describe an additional register stage after this function.  If there is no registered adder/accumulator following the multiply function, two pipeline stages are suggested to allow both the MREG and PREG registers to be used.  If the DSP48 was instantiated in the design, it is suggested to set both the MREG and PREG attributes to 1 when performing multiply functions.
Related violations: <none>

DPOP-4#198 Warning
MREG Output pipelining  
DSP u_control_soc/u_rocket/chiptop0/system/tile_prci_domain/element_reset_domain_rockettile/gemmini/spad/acc_scale_unit/activated_data_e_scaled_muladder_31/io_mulAddResult1__0 multiplier stage u_control_soc/u_rocket/chiptop0/system/tile_prci_domain/element_reset_domain_rockettile/gemmini/spad/acc_scale_unit/activated_data_e_scaled_muladder_31/io_mulAddResult1__0/P[47:0] is not pipelined (MREG=0). Pipelining the multiplier function will improve performance and will save significant power so it is suggested whenever possible to fully pipeline this function.  If this multiplier was inferred, it is suggested to describe an additional register stage after this function.  If there is no registered adder/accumulator following the multiply function, two pipeline stages are suggested to allow both the MREG and PREG registers to be used.  If the DSP48 was instantiated in the design, it is suggested to set both the MREG and PREG attributes to 1 when performing multiply functions.
Related violations: <none>

DPOP-4#199 Warning
MREG Output pipelining  
DSP u_control_soc/u_rocket/chiptop0/system/tile_prci_domain/element_reset_domain_rockettile/gemmini/spad/acc_scale_unit/activated_data_e_scaled_muladder_4/io_mulAddResult1 multiplier stage u_control_soc/u_rocket/chiptop0/system/tile_prci_domain/element_reset_domain_rockettile/gemmini/spad/acc_scale_unit/activated_data_e_scaled_muladder_4/io_mulAddResult1/P[47:0] is not pipelined (MREG=0). Pipelining the multiplier function will improve performance and will save significant power so it is suggested whenever possible to fully pipeline this function.  If this multiplier was inferred, it is suggested to describe an additional register stage after this function.  If there is no registered adder/accumulator following the multiply function, two pipeline stages are suggested to allow both the MREG and PREG registers to be used.  If the DSP48 was instantiated in the design, it is suggested to set both the MREG and PREG attributes to 1 when performing multiply functions.
Related violations: <none>

DPOP-4#200 Warning
MREG Output pipelining  
DSP u_control_soc/u_rocket/chiptop0/system/tile_prci_domain/element_reset_domain_rockettile/gemmini/spad/acc_scale_unit/activated_data_e_scaled_muladder_4/io_mulAddResult1__0 multiplier stage u_control_soc/u_rocket/chiptop0/system/tile_prci_domain/element_reset_domain_rockettile/gemmini/spad/acc_scale_unit/activated_data_e_scaled_muladder_4/io_mulAddResult1__0/P[47:0] is not pipelined (MREG=0). Pipelining the multiplier function will improve performance and will save significant power so it is suggested whenever possible to fully pipeline this function.  If this multiplier was inferred, it is suggested to describe an additional register stage after this function.  If there is no registered adder/accumulator following the multiply function, two pipeline stages are suggested to allow both the MREG and PREG registers to be used.  If the DSP48 was instantiated in the design, it is suggested to set both the MREG and PREG attributes to 1 when performing multiply functions.
Related violations: <none>

DPOP-4#201 Warning
MREG Output pipelining  
DSP u_control_soc/u_rocket/chiptop0/system/tile_prci_domain/element_reset_domain_rockettile/gemmini/spad/acc_scale_unit/activated_data_e_scaled_muladder_5/io_mulAddResult1 multiplier stage u_control_soc/u_rocket/chiptop0/system/tile_prci_domain/element_reset_domain_rockettile/gemmini/spad/acc_scale_unit/activated_data_e_scaled_muladder_5/io_mulAddResult1/P[47:0] is not pipelined (MREG=0). Pipelining the multiplier function will improve performance and will save significant power so it is suggested whenever possible to fully pipeline this function.  If this multiplier was inferred, it is suggested to describe an additional register stage after this function.  If there is no registered adder/accumulator following the multiply function, two pipeline stages are suggested to allow both the MREG and PREG registers to be used.  If the DSP48 was instantiated in the design, it is suggested to set both the MREG and PREG attributes to 1 when performing multiply functions.
Related violations: <none>

DPOP-4#202 Warning
MREG Output pipelining  
DSP u_control_soc/u_rocket/chiptop0/system/tile_prci_domain/element_reset_domain_rockettile/gemmini/spad/acc_scale_unit/activated_data_e_scaled_muladder_5/io_mulAddResult1__0 multiplier stage u_control_soc/u_rocket/chiptop0/system/tile_prci_domain/element_reset_domain_rockettile/gemmini/spad/acc_scale_unit/activated_data_e_scaled_muladder_5/io_mulAddResult1__0/P[47:0] is not pipelined (MREG=0). Pipelining the multiplier function will improve performance and will save significant power so it is suggested whenever possible to fully pipeline this function.  If this multiplier was inferred, it is suggested to describe an additional register stage after this function.  If there is no registered adder/accumulator following the multiply function, two pipeline stages are suggested to allow both the MREG and PREG registers to be used.  If the DSP48 was instantiated in the design, it is suggested to set both the MREG and PREG attributes to 1 when performing multiply functions.
Related violations: <none>

DPOP-4#203 Warning
MREG Output pipelining  
DSP u_control_soc/u_rocket/chiptop0/system/tile_prci_domain/element_reset_domain_rockettile/gemmini/spad/acc_scale_unit/activated_data_e_scaled_muladder_6/io_mulAddResult1 multiplier stage u_control_soc/u_rocket/chiptop0/system/tile_prci_domain/element_reset_domain_rockettile/gemmini/spad/acc_scale_unit/activated_data_e_scaled_muladder_6/io_mulAddResult1/P[47:0] is not pipelined (MREG=0). Pipelining the multiplier function will improve performance and will save significant power so it is suggested whenever possible to fully pipeline this function.  If this multiplier was inferred, it is suggested to describe an additional register stage after this function.  If there is no registered adder/accumulator following the multiply function, two pipeline stages are suggested to allow both the MREG and PREG registers to be used.  If the DSP48 was instantiated in the design, it is suggested to set both the MREG and PREG attributes to 1 when performing multiply functions.
Related violations: <none>

DPOP-4#204 Warning
MREG Output pipelining  
DSP u_control_soc/u_rocket/chiptop0/system/tile_prci_domain/element_reset_domain_rockettile/gemmini/spad/acc_scale_unit/activated_data_e_scaled_muladder_6/io_mulAddResult1__0 multiplier stage u_control_soc/u_rocket/chiptop0/system/tile_prci_domain/element_reset_domain_rockettile/gemmini/spad/acc_scale_unit/activated_data_e_scaled_muladder_6/io_mulAddResult1__0/P[47:0] is not pipelined (MREG=0). Pipelining the multiplier function will improve performance and will save significant power so it is suggested whenever possible to fully pipeline this function.  If this multiplier was inferred, it is suggested to describe an additional register stage after this function.  If there is no registered adder/accumulator following the multiply function, two pipeline stages are suggested to allow both the MREG and PREG registers to be used.  If the DSP48 was instantiated in the design, it is suggested to set both the MREG and PREG attributes to 1 when performing multiply functions.
Related violations: <none>

DPOP-4#205 Warning
MREG Output pipelining  
DSP u_control_soc/u_rocket/chiptop0/system/tile_prci_domain/element_reset_domain_rockettile/gemmini/spad/acc_scale_unit/activated_data_e_scaled_muladder_7/io_mulAddResult1 multiplier stage u_control_soc/u_rocket/chiptop0/system/tile_prci_domain/element_reset_domain_rockettile/gemmini/spad/acc_scale_unit/activated_data_e_scaled_muladder_7/io_mulAddResult1/P[47:0] is not pipelined (MREG=0). Pipelining the multiplier function will improve performance and will save significant power so it is suggested whenever possible to fully pipeline this function.  If this multiplier was inferred, it is suggested to describe an additional register stage after this function.  If there is no registered adder/accumulator following the multiply function, two pipeline stages are suggested to allow both the MREG and PREG registers to be used.  If the DSP48 was instantiated in the design, it is suggested to set both the MREG and PREG attributes to 1 when performing multiply functions.
Related violations: <none>

DPOP-4#206 Warning
MREG Output pipelining  
DSP u_control_soc/u_rocket/chiptop0/system/tile_prci_domain/element_reset_domain_rockettile/gemmini/spad/acc_scale_unit/activated_data_e_scaled_muladder_7/io_mulAddResult1__0 multiplier stage u_control_soc/u_rocket/chiptop0/system/tile_prci_domain/element_reset_domain_rockettile/gemmini/spad/acc_scale_unit/activated_data_e_scaled_muladder_7/io_mulAddResult1__0/P[47:0] is not pipelined (MREG=0). Pipelining the multiplier function will improve performance and will save significant power so it is suggested whenever possible to fully pipeline this function.  If this multiplier was inferred, it is suggested to describe an additional register stage after this function.  If there is no registered adder/accumulator following the multiply function, two pipeline stages are suggested to allow both the MREG and PREG registers to be used.  If the DSP48 was instantiated in the design, it is suggested to set both the MREG and PREG attributes to 1 when performing multiply functions.
Related violations: <none>

DPOP-4#207 Warning
MREG Output pipelining  
DSP u_control_soc/u_rocket/chiptop0/system/tile_prci_domain/element_reset_domain_rockettile/gemmini/spad/acc_scale_unit/activated_data_e_scaled_muladder_8/io_mulAddResult1 multiplier stage u_control_soc/u_rocket/chiptop0/system/tile_prci_domain/element_reset_domain_rockettile/gemmini/spad/acc_scale_unit/activated_data_e_scaled_muladder_8/io_mulAddResult1/P[47:0] is not pipelined (MREG=0). Pipelining the multiplier function will improve performance and will save significant power so it is suggested whenever possible to fully pipeline this function.  If this multiplier was inferred, it is suggested to describe an additional register stage after this function.  If there is no registered adder/accumulator following the multiply function, two pipeline stages are suggested to allow both the MREG and PREG registers to be used.  If the DSP48 was instantiated in the design, it is suggested to set both the MREG and PREG attributes to 1 when performing multiply functions.
Related violations: <none>

DPOP-4#208 Warning
MREG Output pipelining  
DSP u_control_soc/u_rocket/chiptop0/system/tile_prci_domain/element_reset_domain_rockettile/gemmini/spad/acc_scale_unit/activated_data_e_scaled_muladder_8/io_mulAddResult1__0 multiplier stage u_control_soc/u_rocket/chiptop0/system/tile_prci_domain/element_reset_domain_rockettile/gemmini/spad/acc_scale_unit/activated_data_e_scaled_muladder_8/io_mulAddResult1__0/P[47:0] is not pipelined (MREG=0). Pipelining the multiplier function will improve performance and will save significant power so it is suggested whenever possible to fully pipeline this function.  If this multiplier was inferred, it is suggested to describe an additional register stage after this function.  If there is no registered adder/accumulator following the multiply function, two pipeline stages are suggested to allow both the MREG and PREG registers to be used.  If the DSP48 was instantiated in the design, it is suggested to set both the MREG and PREG attributes to 1 when performing multiply functions.
Related violations: <none>

DPOP-4#209 Warning
MREG Output pipelining  
DSP u_control_soc/u_rocket/chiptop0/system/tile_prci_domain/element_reset_domain_rockettile/gemmini/spad/acc_scale_unit/activated_data_e_scaled_muladder_9/io_mulAddResult1 multiplier stage u_control_soc/u_rocket/chiptop0/system/tile_prci_domain/element_reset_domain_rockettile/gemmini/spad/acc_scale_unit/activated_data_e_scaled_muladder_9/io_mulAddResult1/P[47:0] is not pipelined (MREG=0). Pipelining the multiplier function will improve performance and will save significant power so it is suggested whenever possible to fully pipeline this function.  If this multiplier was inferred, it is suggested to describe an additional register stage after this function.  If there is no registered adder/accumulator following the multiply function, two pipeline stages are suggested to allow both the MREG and PREG registers to be used.  If the DSP48 was instantiated in the design, it is suggested to set both the MREG and PREG attributes to 1 when performing multiply functions.
Related violations: <none>

DPOP-4#210 Warning
MREG Output pipelining  
DSP u_control_soc/u_rocket/chiptop0/system/tile_prci_domain/element_reset_domain_rockettile/gemmini/spad/acc_scale_unit/activated_data_e_scaled_muladder_9/io_mulAddResult1__0 multiplier stage u_control_soc/u_rocket/chiptop0/system/tile_prci_domain/element_reset_domain_rockettile/gemmini/spad/acc_scale_unit/activated_data_e_scaled_muladder_9/io_mulAddResult1__0/P[47:0] is not pipelined (MREG=0). Pipelining the multiplier function will improve performance and will save significant power so it is suggested whenever possible to fully pipeline this function.  If this multiplier was inferred, it is suggested to describe an additional register stage after this function.  If there is no registered adder/accumulator following the multiply function, two pipeline stages are suggested to allow both the MREG and PREG registers to be used.  If the DSP48 was instantiated in the design, it is suggested to set both the MREG and PREG attributes to 1 when performing multiply functions.
Related violations: <none>

DPOP-4#211 Warning
MREG Output pipelining  
DSP u_control_soc/u_rocket/chiptop0/system/tile_prci_domain/element_reset_domain_rockettile/gemmini/spad/reader/beatPacker/io_out_bits_addr__0 multiplier stage u_control_soc/u_rocket/chiptop0/system/tile_prci_domain/element_reset_domain_rockettile/gemmini/spad/reader/beatPacker/io_out_bits_addr__0/P[47:0] is not pipelined (MREG=0). Pipelining the multiplier function will improve performance and will save significant power so it is suggested whenever possible to fully pipeline this function.  If this multiplier was inferred, it is suggested to describe an additional register stage after this function.  If there is no registered adder/accumulator following the multiply function, two pipeline stages are suggested to allow both the MREG and PREG registers to be used.  If the DSP48 was instantiated in the design, it is suggested to set both the MREG and PREG attributes to 1 when performing multiply functions.
Related violations: <none>

DPOP-4#212 Warning
MREG Output pipelining  
DSP u_control_soc/u_rocket/chiptop0/system/tile_prci_domain/element_reset_domain_rockettile/gemmini/spad/vsm/pipe/out_bits_data_muladder/io_mulAddResult1 multiplier stage u_control_soc/u_rocket/chiptop0/system/tile_prci_domain/element_reset_domain_rockettile/gemmini/spad/vsm/pipe/out_bits_data_muladder/io_mulAddResult1/P[47:0] is not pipelined (MREG=0). Pipelining the multiplier function will improve performance and will save significant power so it is suggested whenever possible to fully pipeline this function.  If this multiplier was inferred, it is suggested to describe an additional register stage after this function.  If there is no registered adder/accumulator following the multiply function, two pipeline stages are suggested to allow both the MREG and PREG registers to be used.  If the DSP48 was instantiated in the design, it is suggested to set both the MREG and PREG attributes to 1 when performing multiply functions.
Related violations: <none>

DPOP-4#213 Warning
MREG Output pipelining  
DSP u_control_soc/u_rocket/chiptop0/system/tile_prci_domain/element_reset_domain_rockettile/gemmini/spad/vsm/pipe/out_bits_data_muladder/io_mulAddResult1__0 multiplier stage u_control_soc/u_rocket/chiptop0/system/tile_prci_domain/element_reset_domain_rockettile/gemmini/spad/vsm/pipe/out_bits_data_muladder/io_mulAddResult1__0/P[47:0] is not pipelined (MREG=0). Pipelining the multiplier function will improve performance and will save significant power so it is suggested whenever possible to fully pipeline this function.  If this multiplier was inferred, it is suggested to describe an additional register stage after this function.  If there is no registered adder/accumulator following the multiply function, two pipeline stages are suggested to allow both the MREG and PREG registers to be used.  If the DSP48 was instantiated in the design, it is suggested to set both the MREG and PREG attributes to 1 when performing multiply functions.
Related violations: <none>

DPOP-4#214 Warning
MREG Output pipelining  
DSP u_control_soc/u_rocket/chiptop0/system/tile_prci_domain/element_reset_domain_rockettile/gemmini/spad/vsm/pipe_1/out_bits_data_muladder/io_mulAddResult1 multiplier stage u_control_soc/u_rocket/chiptop0/system/tile_prci_domain/element_reset_domain_rockettile/gemmini/spad/vsm/pipe_1/out_bits_data_muladder/io_mulAddResult1/P[47:0] is not pipelined (MREG=0). Pipelining the multiplier function will improve performance and will save significant power so it is suggested whenever possible to fully pipeline this function.  If this multiplier was inferred, it is suggested to describe an additional register stage after this function.  If there is no registered adder/accumulator following the multiply function, two pipeline stages are suggested to allow both the MREG and PREG registers to be used.  If the DSP48 was instantiated in the design, it is suggested to set both the MREG and PREG attributes to 1 when performing multiply functions.
Related violations: <none>

DPOP-4#215 Warning
MREG Output pipelining  
DSP u_control_soc/u_rocket/chiptop0/system/tile_prci_domain/element_reset_domain_rockettile/gemmini/spad/vsm/pipe_1/out_bits_data_muladder/io_mulAddResult1__0 multiplier stage u_control_soc/u_rocket/chiptop0/system/tile_prci_domain/element_reset_domain_rockettile/gemmini/spad/vsm/pipe_1/out_bits_data_muladder/io_mulAddResult1__0/P[47:0] is not pipelined (MREG=0). Pipelining the multiplier function will improve performance and will save significant power so it is suggested whenever possible to fully pipeline this function.  If this multiplier was inferred, it is suggested to describe an additional register stage after this function.  If there is no registered adder/accumulator following the multiply function, two pipeline stages are suggested to allow both the MREG and PREG registers to be used.  If the DSP48 was instantiated in the design, it is suggested to set both the MREG and PREG attributes to 1 when performing multiply functions.
Related violations: <none>

DPOP-4#216 Warning
MREG Output pipelining  
DSP u_control_soc/u_rocket/chiptop0/system/tile_prci_domain/element_reset_domain_rockettile/gemmini/spad/vsm/pipe_2/out_bits_data_muladder/io_mulAddResult1 multiplier stage u_control_soc/u_rocket/chiptop0/system/tile_prci_domain/element_reset_domain_rockettile/gemmini/spad/vsm/pipe_2/out_bits_data_muladder/io_mulAddResult1/P[47:0] is not pipelined (MREG=0). Pipelining the multiplier function will improve performance and will save significant power so it is suggested whenever possible to fully pipeline this function.  If this multiplier was inferred, it is suggested to describe an additional register stage after this function.  If there is no registered adder/accumulator following the multiply function, two pipeline stages are suggested to allow both the MREG and PREG registers to be used.  If the DSP48 was instantiated in the design, it is suggested to set both the MREG and PREG attributes to 1 when performing multiply functions.
Related violations: <none>

DPOP-4#217 Warning
MREG Output pipelining  
DSP u_control_soc/u_rocket/chiptop0/system/tile_prci_domain/element_reset_domain_rockettile/gemmini/spad/vsm/pipe_2/out_bits_data_muladder/io_mulAddResult1__0 multiplier stage u_control_soc/u_rocket/chiptop0/system/tile_prci_domain/element_reset_domain_rockettile/gemmini/spad/vsm/pipe_2/out_bits_data_muladder/io_mulAddResult1__0/P[47:0] is not pipelined (MREG=0). Pipelining the multiplier function will improve performance and will save significant power so it is suggested whenever possible to fully pipeline this function.  If this multiplier was inferred, it is suggested to describe an additional register stage after this function.  If there is no registered adder/accumulator following the multiply function, two pipeline stages are suggested to allow both the MREG and PREG registers to be used.  If the DSP48 was instantiated in the design, it is suggested to set both the MREG and PREG attributes to 1 when performing multiply functions.
Related violations: <none>

DPOP-4#218 Warning
MREG Output pipelining  
DSP u_control_soc/u_rocket/chiptop0/system/tile_prci_domain/element_reset_domain_rockettile/gemmini/spad/vsm/pipe_3/out_bits_data_muladder/io_mulAddResult1 multiplier stage u_control_soc/u_rocket/chiptop0/system/tile_prci_domain/element_reset_domain_rockettile/gemmini/spad/vsm/pipe_3/out_bits_data_muladder/io_mulAddResult1/P[47:0] is not pipelined (MREG=0). Pipelining the multiplier function will improve performance and will save significant power so it is suggested whenever possible to fully pipeline this function.  If this multiplier was inferred, it is suggested to describe an additional register stage after this function.  If there is no registered adder/accumulator following the multiply function, two pipeline stages are suggested to allow both the MREG and PREG registers to be used.  If the DSP48 was instantiated in the design, it is suggested to set both the MREG and PREG attributes to 1 when performing multiply functions.
Related violations: <none>

DPOP-4#219 Warning
MREG Output pipelining  
DSP u_control_soc/u_rocket/chiptop0/system/tile_prci_domain/element_reset_domain_rockettile/gemmini/spad/vsm/pipe_3/out_bits_data_muladder/io_mulAddResult1__0 multiplier stage u_control_soc/u_rocket/chiptop0/system/tile_prci_domain/element_reset_domain_rockettile/gemmini/spad/vsm/pipe_3/out_bits_data_muladder/io_mulAddResult1__0/P[47:0] is not pipelined (MREG=0). Pipelining the multiplier function will improve performance and will save significant power so it is suggested whenever possible to fully pipeline this function.  If this multiplier was inferred, it is suggested to describe an additional register stage after this function.  If there is no registered adder/accumulator following the multiply function, two pipeline stages are suggested to allow both the MREG and PREG registers to be used.  If the DSP48 was instantiated in the design, it is suggested to set both the MREG and PREG attributes to 1 when performing multiply functions.
Related violations: <none>

DPOP-4#220 Warning
MREG Output pipelining  
DSP u_control_soc/u_rocket/chiptop0/system/tile_prci_domain/element_reset_domain_rockettile/gemmini/spad/zero_writer/io_resp_bits_laddr_data__0 multiplier stage u_control_soc/u_rocket/chiptop0/system/tile_prci_domain/element_reset_domain_rockettile/gemmini/spad/zero_writer/io_resp_bits_laddr_data__0/P[47:0] is not pipelined (MREG=0). Pipelining the multiplier function will improve performance and will save significant power so it is suggested whenever possible to fully pipeline this function.  If this multiplier was inferred, it is suggested to describe an additional register stage after this function.  If there is no registered adder/accumulator following the multiply function, two pipeline stages are suggested to allow both the MREG and PREG registers to be used.  If the DSP48 was instantiated in the design, it is suggested to set both the MREG and PREG attributes to 1 when performing multiply functions.
Related violations: <none>

DPOP-4#221 Warning
MREG Output pipelining  
DSP u_control_soc/u_rocket/chiptop0/system/tile_prci_domain/element_reset_domain_rockettile/gemmini/store_controller/p_2_out multiplier stage u_control_soc/u_rocket/chiptop0/system/tile_prci_domain/element_reset_domain_rockettile/gemmini/store_controller/p_2_out/P[47:0] is not pipelined (MREG=0). Pipelining the multiplier function will improve performance and will save significant power so it is suggested whenever possible to fully pipeline this function.  If this multiplier was inferred, it is suggested to describe an additional register stage after this function.  If there is no registered adder/accumulator following the multiply function, two pipeline stages are suggested to allow both the MREG and PREG registers to be used.  If the DSP48 was instantiated in the design, it is suggested to set both the MREG and PREG attributes to 1 when performing multiply functions.
Related violations: <none>

DPOP-4#222 Warning
MREG Output pipelining  
DSP u_control_soc/u_rocket/chiptop0/system/tile_prci_domain/element_reset_domain_rockettile/gemmini/store_controller/p_2_out__0 multiplier stage u_control_soc/u_rocket/chiptop0/system/tile_prci_domain/element_reset_domain_rockettile/gemmini/store_controller/p_2_out__0/P[47:0] is not pipelined (MREG=0). Pipelining the multiplier function will improve performance and will save significant power so it is suggested whenever possible to fully pipeline this function.  If this multiplier was inferred, it is suggested to describe an additional register stage after this function.  If there is no registered adder/accumulator following the multiply function, two pipeline stages are suggested to allow both the MREG and PREG registers to be used.  If the DSP48 was instantiated in the design, it is suggested to set both the MREG and PREG attributes to 1 when performing multiply functions.
Related violations: <none>

DPOP-4#223 Warning
MREG Output pipelining  
DSP u_control_soc/u_rocket/chiptop0/system/tile_prci_domain/element_reset_domain_rockettile/gemmini/store_controller/p_2_out__1 multiplier stage u_control_soc/u_rocket/chiptop0/system/tile_prci_domain/element_reset_domain_rockettile/gemmini/store_controller/p_2_out__1/P[47:0] is not pipelined (MREG=0). Pipelining the multiplier function will improve performance and will save significant power so it is suggested whenever possible to fully pipeline this function.  If this multiplier was inferred, it is suggested to describe an additional register stage after this function.  If there is no registered adder/accumulator following the multiply function, two pipeline stages are suggested to allow both the MREG and PREG registers to be used.  If the DSP48 was instantiated in the design, it is suggested to set both the MREG and PREG attributes to 1 when performing multiply functions.
Related violations: <none>

DPOP-4#224 Warning
MREG Output pipelining  
DSP u_control_soc/u_rocket/chiptop0/system/tile_prci_domain/element_reset_domain_rockettile/gemmini/store_controller/p_2_out__2 multiplier stage u_control_soc/u_rocket/chiptop0/system/tile_prci_domain/element_reset_domain_rockettile/gemmini/store_controller/p_2_out__2/P[47:0] is not pipelined (MREG=0). Pipelining the multiplier function will improve performance and will save significant power so it is suggested whenever possible to fully pipeline this function.  If this multiplier was inferred, it is suggested to describe an additional register stage after this function.  If there is no registered adder/accumulator following the multiply function, two pipeline stages are suggested to allow both the MREG and PREG registers to be used.  If the DSP48 was instantiated in the design, it is suggested to set both the MREG and PREG attributes to 1 when performing multiply functions.
Related violations: <none>

DPOP-4#225 Warning
MREG Output pipelining  
DSP u_control_soc/u_rocket/chiptop0/system/tile_prci_domain/element_reset_domain_rockettile/vector_unit/vu/vxufp_int/fus_7/prod_pipe_pipe_b0 multiplier stage u_control_soc/u_rocket/chiptop0/system/tile_prci_domain/element_reset_domain_rockettile/vector_unit/vu/vxufp_int/fus_7/prod_pipe_pipe_b0/P[47:0] is not pipelined (MREG=0). Pipelining the multiplier function will improve performance and will save significant power so it is suggested whenever possible to fully pipeline this function.  If this multiplier was inferred, it is suggested to describe an additional register stage after this function.  If there is no registered adder/accumulator following the multiply function, two pipeline stages are suggested to allow both the MREG and PREG registers to be used.  If the DSP48 was instantiated in the design, it is suggested to set both the MREG and PREG attributes to 1 when performing multiply functions.
Related violations: <none>

DPOP-4#226 Warning
MREG Output pipelining  
DSP u_control_soc/u_rocket/chiptop0/system/tile_prci_domain/element_reset_domain_rockettile/vector_unit/vu/vxufp_int/fus_7/prod_pipe_pipe_b0__1 multiplier stage u_control_soc/u_rocket/chiptop0/system/tile_prci_domain/element_reset_domain_rockettile/vector_unit/vu/vxufp_int/fus_7/prod_pipe_pipe_b0__1/P[47:0] is not pipelined (MREG=0). Pipelining the multiplier function will improve performance and will save significant power so it is suggested whenever possible to fully pipeline this function.  If this multiplier was inferred, it is suggested to describe an additional register stage after this function.  If there is no registered adder/accumulator following the multiply function, two pipeline stages are suggested to allow both the MREG and PREG registers to be used.  If the DSP48 was instantiated in the design, it is suggested to set both the MREG and PREG attributes to 1 when performing multiply functions.
Related violations: <none>

DPOP-4#227 Warning
MREG Output pipelining  
DSP u_control_soc/u_rocket/chiptop0/system/tile_prci_domain/element_reset_domain_rockettile/vector_unit/vu/vxufp_int/fus_7/prod_pipe_pipe_b0__10 multiplier stage u_control_soc/u_rocket/chiptop0/system/tile_prci_domain/element_reset_domain_rockettile/vector_unit/vu/vxufp_int/fus_7/prod_pipe_pipe_b0__10/P[47:0] is not pipelined (MREG=0). Pipelining the multiplier function will improve performance and will save significant power so it is suggested whenever possible to fully pipeline this function.  If this multiplier was inferred, it is suggested to describe an additional register stage after this function.  If there is no registered adder/accumulator following the multiply function, two pipeline stages are suggested to allow both the MREG and PREG registers to be used.  If the DSP48 was instantiated in the design, it is suggested to set both the MREG and PREG attributes to 1 when performing multiply functions.
Related violations: <none>

DPOP-4#228 Warning
MREG Output pipelining  
DSP u_control_soc/u_rocket/chiptop0/system/tile_prci_domain/element_reset_domain_rockettile/vector_unit/vu/vxufp_int/fus_7/prod_pipe_pipe_b0__3 multiplier stage u_control_soc/u_rocket/chiptop0/system/tile_prci_domain/element_reset_domain_rockettile/vector_unit/vu/vxufp_int/fus_7/prod_pipe_pipe_b0__3/P[47:0] is not pipelined (MREG=0). Pipelining the multiplier function will improve performance and will save significant power so it is suggested whenever possible to fully pipeline this function.  If this multiplier was inferred, it is suggested to describe an additional register stage after this function.  If there is no registered adder/accumulator following the multiply function, two pipeline stages are suggested to allow both the MREG and PREG registers to be used.  If the DSP48 was instantiated in the design, it is suggested to set both the MREG and PREG attributes to 1 when performing multiply functions.
Related violations: <none>

DPOP-4#229 Warning
MREG Output pipelining  
DSP u_control_soc/u_rocket/chiptop0/system/tile_prci_domain/element_reset_domain_rockettile/vector_unit/vu/vxufp_int/fus_7/prod_pipe_pipe_b0__6 multiplier stage u_control_soc/u_rocket/chiptop0/system/tile_prci_domain/element_reset_domain_rockettile/vector_unit/vu/vxufp_int/fus_7/prod_pipe_pipe_b0__6/P[47:0] is not pipelined (MREG=0). Pipelining the multiplier function will improve performance and will save significant power so it is suggested whenever possible to fully pipeline this function.  If this multiplier was inferred, it is suggested to describe an additional register stage after this function.  If there is no registered adder/accumulator following the multiply function, two pipeline stages are suggested to allow both the MREG and PREG registers to be used.  If the DSP48 was instantiated in the design, it is suggested to set both the MREG and PREG attributes to 1 when performing multiply functions.
Related violations: <none>

DPOP-4#230 Warning
MREG Output pipelining  
DSP u_control_soc/u_rocket/chiptop0/system/tile_prci_domain/element_reset_domain_rockettile/vector_unit/vu/vxufp_int/fus_7/prod_pipe_pipe_b0__8 multiplier stage u_control_soc/u_rocket/chiptop0/system/tile_prci_domain/element_reset_domain_rockettile/vector_unit/vu/vxufp_int/fus_7/prod_pipe_pipe_b0__8/P[47:0] is not pipelined (MREG=0). Pipelining the multiplier function will improve performance and will save significant power so it is suggested whenever possible to fully pipeline this function.  If this multiplier was inferred, it is suggested to describe an additional register stage after this function.  If there is no registered adder/accumulator following the multiply function, two pipeline stages are suggested to allow both the MREG and PREG registers to be used.  If the DSP48 was instantiated in the design, it is suggested to set both the MREG and PREG attributes to 1 when performing multiply functions.
Related violations: <none>

DPOP-4#231 Warning
MREG Output pipelining  
DSP u_control_soc/u_rocket/chiptop0/system/tile_prci_domain/element_reset_domain_rockettile/vector_unit/vu/vxufp_int/fus_7/prod_pipe_pipe_b_reg multiplier stage u_control_soc/u_rocket/chiptop0/system/tile_prci_domain/element_reset_domain_rockettile/vector_unit/vu/vxufp_int/fus_7/prod_pipe_pipe_b_reg/P[47:0] is not pipelined (MREG=0). Pipelining the multiplier function will improve performance and will save significant power so it is suggested whenever possible to fully pipeline this function.  If this multiplier was inferred, it is suggested to describe an additional register stage after this function.  If there is no registered adder/accumulator following the multiply function, two pipeline stages are suggested to allow both the MREG and PREG registers to be used.  If the DSP48 was instantiated in the design, it is suggested to set both the MREG and PREG attributes to 1 when performing multiply functions.
Related violations: <none>

DPOP-4#232 Warning
MREG Output pipelining  
DSP u_control_soc/u_rocket/chiptop0/system/tile_prci_domain/element_reset_domain_rockettile/vector_unit/vu/vxufp_int/fus_7/prod_pipe_pipe_b_reg__0 multiplier stage u_control_soc/u_rocket/chiptop0/system/tile_prci_domain/element_reset_domain_rockettile/vector_unit/vu/vxufp_int/fus_7/prod_pipe_pipe_b_reg__0/P[47:0] is not pipelined (MREG=0). Pipelining the multiplier function will improve performance and will save significant power so it is suggested whenever possible to fully pipeline this function.  If this multiplier was inferred, it is suggested to describe an additional register stage after this function.  If there is no registered adder/accumulator following the multiply function, two pipeline stages are suggested to allow both the MREG and PREG registers to be used.  If the DSP48 was instantiated in the design, it is suggested to set both the MREG and PREG attributes to 1 when performing multiply functions.
Related violations: <none>

DPOP-4#233 Warning
MREG Output pipelining  
DSP u_control_soc/u_rocket/chiptop0/system/tile_prci_domain/element_reset_domain_rockettile/vector_unit/vu/vxufp_int/fus_7/prod_pipe_pipe_b_reg__1 multiplier stage u_control_soc/u_rocket/chiptop0/system/tile_prci_domain/element_reset_domain_rockettile/vector_unit/vu/vxufp_int/fus_7/prod_pipe_pipe_b_reg__1/P[47:0] is not pipelined (MREG=0). Pipelining the multiplier function will improve performance and will save significant power so it is suggested whenever possible to fully pipeline this function.  If this multiplier was inferred, it is suggested to describe an additional register stage after this function.  If there is no registered adder/accumulator following the multiply function, two pipeline stages are suggested to allow both the MREG and PREG registers to be used.  If the DSP48 was instantiated in the design, it is suggested to set both the MREG and PREG attributes to 1 when performing multiply functions.
Related violations: <none>

DPOP-4#234 Warning
MREG Output pipelining  
DSP u_control_soc/u_rocket/chiptop0/system/tile_prci_domain/element_reset_domain_rockettile/vector_unit/vu/vxufp_int/fus_7/prod_pipe_pipe_b_reg__2 multiplier stage u_control_soc/u_rocket/chiptop0/system/tile_prci_domain/element_reset_domain_rockettile/vector_unit/vu/vxufp_int/fus_7/prod_pipe_pipe_b_reg__2/P[47:0] is not pipelined (MREG=0). Pipelining the multiplier function will improve performance and will save significant power so it is suggested whenever possible to fully pipeline this function.  If this multiplier was inferred, it is suggested to describe an additional register stage after this function.  If there is no registered adder/accumulator following the multiply function, two pipeline stages are suggested to allow both the MREG and PREG registers to be used.  If the DSP48 was instantiated in the design, it is suggested to set both the MREG and PREG attributes to 1 when performing multiply functions.
Related violations: <none>

DPOP-4#235 Warning
MREG Output pipelining  
DSP u_ddr_memory/u_video_framebuffer/u_batch_preprocess/active_dest_addr0 multiplier stage u_ddr_memory/u_video_framebuffer/u_batch_preprocess/active_dest_addr0/P[47:0] is not pipelined (MREG=0). Pipelining the multiplier function will improve performance and will save significant power so it is suggested whenever possible to fully pipeline this function.  If this multiplier was inferred, it is suggested to describe an additional register stage after this function.  If there is no registered adder/accumulator following the multiply function, two pipeline stages are suggested to allow both the MREG and PREG registers to be used.  If the DSP48 was instantiated in the design, it is suggested to set both the MREG and PREG attributes to 1 when performing multiply functions.
Related violations: <none>

DPOP-4#236 Warning
MREG Output pipelining  
DSP u_ddr_memory/u_video_framebuffer/u_batch_preprocess/active_dest_addr0__0 multiplier stage u_ddr_memory/u_video_framebuffer/u_batch_preprocess/active_dest_addr0__0/P[47:0] is not pipelined (MREG=0). Pipelining the multiplier function will improve performance and will save significant power so it is suggested whenever possible to fully pipeline this function.  If this multiplier was inferred, it is suggested to describe an additional register stage after this function.  If there is no registered adder/accumulator following the multiply function, two pipeline stages are suggested to allow both the MREG and PREG registers to be used.  If the DSP48 was instantiated in the design, it is suggested to set both the MREG and PREG attributes to 1 when performing multiply functions.
Related violations: <none>

DPOP-4#237 Warning
MREG Output pipelining  
DSP u_ddr_memory/u_video_framebuffer/u_batch_preprocess/u_frame_preprocess/read_addr1 multiplier stage u_ddr_memory/u_video_framebuffer/u_batch_preprocess/u_frame_preprocess/read_addr1/P[47:0] is not pipelined (MREG=0). Pipelining the multiplier function will improve performance and will save significant power so it is suggested whenever possible to fully pipeline this function.  If this multiplier was inferred, it is suggested to describe an additional register stage after this function.  If there is no registered adder/accumulator following the multiply function, two pipeline stages are suggested to allow both the MREG and PREG registers to be used.  If the DSP48 was instantiated in the design, it is suggested to set both the MREG and PREG attributes to 1 when performing multiply functions.
Related violations: <none>

DPOP-4#238 Warning
MREG Output pipelining  
DSP u_ddr_memory/u_video_framebuffer/u_batch_preprocess/u_frame_preprocess/write_addr1 multiplier stage u_ddr_memory/u_video_framebuffer/u_batch_preprocess/u_frame_preprocess/write_addr1/P[47:0] is not pipelined (MREG=0). Pipelining the multiplier function will improve performance and will save significant power so it is suggested whenever possible to fully pipeline this function.  If this multiplier was inferred, it is suggested to describe an additional register stage after this function.  If there is no registered adder/accumulator following the multiply function, two pipeline stages are suggested to allow both the MREG and PREG registers to be used.  If the DSP48 was instantiated in the design, it is suggested to set both the MREG and PREG attributes to 1 when performing multiply functions.
Related violations: <none>

DPOP-4#239 Warning
MREG Output pipelining  
DSP u_ddr_memory/u_video_framebuffer/u_reader/u_mosaic_reader/read_addr0 multiplier stage u_ddr_memory/u_video_framebuffer/u_reader/u_mosaic_reader/read_addr0/P[47:0] is not pipelined (MREG=0). Pipelining the multiplier function will improve performance and will save significant power so it is suggested whenever possible to fully pipeline this function.  If this multiplier was inferred, it is suggested to describe an additional register stage after this function.  If there is no registered adder/accumulator following the multiply function, two pipeline stages are suggested to allow both the MREG and PREG registers to be used.  If the DSP48 was instantiated in the design, it is suggested to set both the MREG and PREG attributes to 1 when performing multiply functions.
Related violations: <none>

DPREG-7#1 Warning
DSP48E2_PregDynOpmodeZmuxP:  
The DSP48E2 cell u_control_soc/u_rocket/chiptop0/system/tile_prci_domain/element_reset_domain_rockettile/gemmini/mod/ld_input/_spad_addr_T_3 with the given dynamic OPMODE[8:0] connections may lead to an unregistered asynchronous feedback path without the PREG attribute enabled. Please refer to the user guide and if one of the internal P feedback opmodes is possible for this design the PREG attribute must be set to 1, currently set to 0
Related violations: <none>

DPREG-7#2 Warning
DSP48E2_PregDynOpmodeZmuxP:  
The DSP48E2 cell u_control_soc/u_rocket/chiptop0/system/tile_prci_domain/element_reset_domain_rockettile/gemmini/mod/ld_input/_spad_addr_T_30 with the given dynamic OPMODE[8:0] connections may lead to an unregistered asynchronous feedback path without the PREG attribute enabled. Please refer to the user guide and if one of the internal P feedback opmodes is possible for this design the PREG attribute must be set to 1, currently set to 0
Related violations: <none>

DPREG-7#3 Warning
DSP48E2_PregDynOpmodeZmuxP:  
The DSP48E2 cell u_control_soc/u_rocket/chiptop0/system/tile_prci_domain/element_reset_domain_rockettile/gemmini/mod/ld_weights/io_in_bits_dram_addr8 with the given dynamic OPMODE[8:0] connections may lead to an unregistered asynchronous feedback path without the PREG attribute enabled. Please refer to the user guide and if one of the internal P feedback opmodes is possible for this design the PREG attribute must be set to 1, currently set to 0
Related violations: <none>

DPREG-7#4 Warning
DSP48E2_PregDynOpmodeZmuxP:  
The DSP48E2 cell u_control_soc/u_rocket/chiptop0/system/tile_prci_domain/element_reset_domain_rockettile/gemmini/mod/st/io_in_bits_dram_addr6 with the given dynamic OPMODE[8:0] connections may lead to an unregistered asynchronous feedback path without the PREG attribute enabled. Please refer to the user guide and if one of the internal P feedback opmodes is possible for this design the PREG attribute must be set to 1, currently set to 0
Related violations: <none>

DPREG-7#5 Warning
DSP48E2_PregDynOpmodeZmuxP:  
The DSP48E2 cell u_control_soc/u_rocket/chiptop0/system/tile_prci_domain/element_reset_domain_rockettile/gemmini/mod_1/ldD/_dram_offset_T_5 with the given dynamic OPMODE[8:0] connections may lead to an unregistered asynchronous feedback path without the PREG attribute enabled. Please refer to the user guide and if one of the internal P feedback opmodes is possible for this design the PREG attribute must be set to 1, currently set to 0
Related violations: <none>

DPREG-7#6 Warning
DSP48E2_PregDynOpmodeZmuxP:  
The DSP48E2 cell u_control_soc/u_rocket/chiptop0/system/tile_prci_domain/element_reset_domain_rockettile/gemmini/mod_1/stC/_ln_dram_offset_T with the given dynamic OPMODE[8:0] connections may lead to an unregistered asynchronous feedback path without the PREG attribute enabled. Please refer to the user guide and if one of the internal P feedback opmodes is possible for this design the PREG attribute must be set to 1, currently set to 0
Related violations: <none>

IOBUSSLRC-1#1 Warning
IO Bus SLR Crossings  
Bus port cam_data spans more than one Super Logic Region (SLR).   Bits placed in SLR 3:  31, 30, 29, 28, 27, 26, 25, 24, 23, 22, 21, 20, 19, 18, 17, 16, 15, 14, 13, 12, 11, 10, 9, 8, 7, 6, 5, 4, 3, 2, 1, 0.  
  Bits placed in SLR 2:  63, 62, 61, 60, 59, 58, 57, 56, 55, 54, 53, 52, 51, 50, 49, 48, 47, 46, 45, 44, 43, 42, 41, 40, 39, 38, 37, 36, 35, 34, 33, 32.  

Related violations: <none>

IOBUSSLRC-1#2 Warning
IO Bus SLR Crossings  
Bus port cam_href spans more than one Super Logic Region (SLR).   Bits placed in SLR 3:  3, 2, 1, 0.  
  Bits placed in SLR 2:  7, 6, 5, 4.  

Related violations: <none>

IOBUSSLRC-1#3 Warning
IO Bus SLR Crossings  
Bus port cam_pclk spans more than one Super Logic Region (SLR).   Bits placed in SLR 3:  3, 2, 1, 0.  
  Bits placed in SLR 2:  7, 6, 5, 4.  

Related violations: <none>

IOBUSSLRC-1#4 Warning
IO Bus SLR Crossings  
Bus port cam_pwdn spans more than one Super Logic Region (SLR).   Bits placed in SLR 3:  3, 2, 1, 0.  
  Bits placed in SLR 2:  7, 6, 5, 4.  

Related violations: <none>

IOBUSSLRC-1#5 Warning
IO Bus SLR Crossings  
Bus port cam_rst_n spans more than one Super Logic Region (SLR).   Bits placed in SLR 3:  3, 2, 1, 0.  
  Bits placed in SLR 2:  7, 6, 5, 4.  

Related violations: <none>

IOBUSSLRC-1#6 Warning
IO Bus SLR Crossings  
Bus port cam_scl spans more than one Super Logic Region (SLR).   Bits placed in SLR 3:  3, 2, 1, 0.  
  Bits placed in SLR 2:  7, 6, 5, 4.  

Related violations: <none>

IOBUSSLRC-1#7 Warning
IO Bus SLR Crossings  
Bus port cam_sda spans more than one Super Logic Region (SLR).   Bits placed in SLR 3:  3, 2, 1, 0.  
  Bits placed in SLR 2:  7, 6, 5, 4.  

Related violations: <none>

IOBUSSLRC-1#8 Warning
IO Bus SLR Crossings  
Bus port cam_vsync spans more than one Super Logic Region (SLR).   Bits placed in SLR 3:  3, 2, 1, 0.  
  Bits placed in SLR 2:  7, 6, 5, 4.  

Related violations: <none>

IOBUSSLRC-1#9 Warning
IO Bus SLR Crossings  
Bus port cam_xclk spans more than one Super Logic Region (SLR).   Bits placed in SLR 3:  3, 2, 1, 0.  
  Bits placed in SLR 2:  7, 6, 5, 4.  

Related violations: <none>

PDCN-1569#1 Warning
LUT equation term check  
Used physical LUT pin 'A1' of cell dbg_hub/inst/BSCANID.u_xsdbm_id/SWITCH_N_EXT_BSCAN.bscan_switch/temp_curid[31]_i_1 (pin dbg_hub/inst/BSCANID.u_xsdbm_id/SWITCH_N_EXT_BSCAN.bscan_switch/temp_curid[31]_i_1/I0) is not included in the LUT equation: 'O5=(A5*A2)+(A5*(~A2)*(~A4))+((~A5))'. If this cell is a user instantiated LUT in the design, please remove connectivity to the pin or change the equation and/or INIT string of the LUT to prevent this issue. If the cell is inferred or IP created LUT, please regenerate the IP and/or resynthesize the design to attempt to correct the issue.
Related violations: <none>

PDCN-1569#2 Warning
LUT equation term check  
Used physical LUT pin 'A3' of cell dbg_hub/inst/BSCANID.u_xsdbm_id/SWITCH_N_EXT_BSCAN.bscan_switch/temp_curid[31]_i_1 (pin dbg_hub/inst/BSCANID.u_xsdbm_id/SWITCH_N_EXT_BSCAN.bscan_switch/temp_curid[31]_i_1/I1) is not included in the LUT equation: 'O5=(A5*A2)+(A5*(~A2)*(~A4))+((~A5))'. If this cell is a user instantiated LUT in the design, please remove connectivity to the pin or change the equation and/or INIT string of the LUT to prevent this issue. If the cell is inferred or IP created LUT, please regenerate the IP and/or resynthesize the design to attempt to correct the issue.
Related violations: <none>

PDCN-1569#3 Warning
LUT equation term check  
Used physical LUT pin 'A4' of cell dbg_hub/inst/BSCANID.u_xsdbm_id/SWITCH_N_EXT_BSCAN.id_state[0]_i_1 (pin dbg_hub/inst/BSCANID.u_xsdbm_id/SWITCH_N_EXT_BSCAN.id_state[0]_i_1/I0) is not included in the LUT equation: 'O6=(A6+~A6)*((A3))'. If this cell is a user instantiated LUT in the design, please remove connectivity to the pin or change the equation and/or INIT string of the LUT to prevent this issue. If the cell is inferred or IP created LUT, please regenerate the IP and/or resynthesize the design to attempt to correct the issue.
Related violations: <none>

PDRC-153#1 Warning
Gated clock check  
Net u_camera_hdmi/u_hdmi/u_phy/u_vphy/inst/b0_clkdet_dru_refclk is a gated clock net sourced by a combinational pin u_camera_hdmi/u_hdmi/u_phy/u_vphy/inst/i_0/O, cell u_camera_hdmi/u_hdmi/u_phy/u_vphy/inst/i_0. This is not good design practice and will likely impact performance. For SLICE registers, for example, use the CE pin to control the loading of data.
Related violations: <none>

PLHOLDVIO-2#1 Warning
Non-Optimal connections which could lead to hold violations  
A LUT u_camera_hdmi/u_hdmi/u_phy/u_vphy/inst/i_0 is driving clock pin of 24 cells. This could lead to large hold time violations. Involved cells are:
u_camera_hdmi/u_hdmi/u_phy/u_vphy/inst/clock_detector_inst/DRUCLK_RST_INST/arststages_ff_reg[0],
u_camera_hdmi/u_hdmi/u_phy/u_vphy/inst/clock_detector_inst/DRUCLK_RST_INST/arststages_ff_reg[1],
u_camera_hdmi/u_hdmi/u_phy/u_vphy/inst/clock_detector_inst/DRUCLK_RST_INST/arststages_ff_reg[2],
u_camera_hdmi/u_hdmi/u_phy/u_vphy/inst/clock_detector_inst/DRUCLK_RUN_SYNC_INST/syncstages_ff_reg[0],
u_camera_hdmi/u_hdmi/u_phy/u_vphy/inst/clock_detector_inst/DRUCLK_RUN_SYNC_INST/syncstages_ff_reg[1],
u_camera_hdmi/u_hdmi/u_phy/u_vphy/inst/clock_detector_inst/DRUCLK_RUN_SYNC_INST/syncstages_ff_reg[2],
u_camera_hdmi/u_hdmi/u_phy/u_vphy/inst/clock_detector_inst/druclk_freq_cnt_reg[0],
u_camera_hdmi/u_hdmi/u_phy/u_vphy/inst/clock_detector_inst/druclk_freq_cnt_reg[10],
u_camera_hdmi/u_hdmi/u_phy/u_vphy/inst/clock_detector_inst/druclk_freq_cnt_reg[11],
u_camera_hdmi/u_hdmi/u_phy/u_vphy/inst/clock_detector_inst/druclk_freq_cnt_reg[12],
u_camera_hdmi/u_hdmi/u_phy/u_vphy/inst/clock_detector_inst/druclk_freq_cnt_reg[13],
u_camera_hdmi/u_hdmi/u_phy/u_vphy/inst/clock_detector_inst/druclk_freq_cnt_reg[14],
u_camera_hdmi/u_hdmi/u_phy/u_vphy/inst/clock_detector_inst/druclk_freq_cnt_reg[15],
u_camera_hdmi/u_hdmi/u_phy/u_vphy/inst/clock_detector_inst/druclk_freq_cnt_reg[16],
u_camera_hdmi/u_hdmi/u_phy/u_vphy/inst/clock_detector_inst/druclk_freq_cnt_reg[17]
 (the first 15 of 24 listed)
Related violations: <none>

REQP-1935#1 Warning
RAMB36E2_nochange_collision_advisory  
Synchronous clocking is detected for BRAM (u_ddr_memory/u_video_framebuffer/u_reader/u_mosaic_reader/u_axi_read_fifo/xpm_fifo_base_inst/gen_sdpram.xpm_memory_base_inst/gen_wr_a.gen_word_narrow.mem_reg_0) in SDP mode with NO_CHANGE write-mode. This is the preferred mode for best power characteristics. However, NO_CHANGE may exhibit address collisions if the same address appears on both read and write ports resulting in unknown or corrupted read data. It is suggested to confirm via simulation that an address collision never occurs and if so it is suggested to try and avoid this situation. If address collisions cannot be avoided, the write-mode may be set to READ_FIRST which guarantees that the read data is the prior contents of the memory at the cost of additional power in the design. See the FPGA Memory Resources User Guide for additional information.
Related violations: <none>

REQP-1935#2 Warning
RAMB36E2_nochange_collision_advisory  
Synchronous clocking is detected for BRAM (u_ddr_memory/u_video_framebuffer/u_reader/u_mosaic_reader/u_axi_read_fifo/xpm_fifo_base_inst/gen_sdpram.xpm_memory_base_inst/gen_wr_a.gen_word_narrow.mem_reg_1) in SDP mode with NO_CHANGE write-mode. This is the preferred mode for best power characteristics. However, NO_CHANGE may exhibit address collisions if the same address appears on both read and write ports resulting in unknown or corrupted read data. It is suggested to confirm via simulation that an address collision never occurs and if so it is suggested to try and avoid this situation. If address collisions cannot be avoided, the write-mode may be set to READ_FIRST which guarantees that the read data is the prior contents of the memory at the cost of additional power in the design. See the FPGA Memory Resources User Guide for additional information.
Related violations: <none>

REQP-1935#3 Warning
RAMB36E2_nochange_collision_advisory  
Synchronous clocking is detected for BRAM (u_ddr_memory/u_video_framebuffer/u_reader/u_mosaic_reader/u_axi_read_fifo/xpm_fifo_base_inst/gen_sdpram.xpm_memory_base_inst/gen_wr_a.gen_word_narrow.mem_reg_2) in SDP mode with NO_CHANGE write-mode. This is the preferred mode for best power characteristics. However, NO_CHANGE may exhibit address collisions if the same address appears on both read and write ports resulting in unknown or corrupted read data. It is suggested to confirm via simulation that an address collision never occurs and if so it is suggested to try and avoid this situation. If address collisions cannot be avoided, the write-mode may be set to READ_FIRST which guarantees that the read data is the prior contents of the memory at the cost of additional power in the design. See the FPGA Memory Resources User Guide for additional information.
Related violations: <none>

REQP-1935#4 Warning
RAMB36E2_nochange_collision_advisory  
Synchronous clocking is detected for BRAM (u_ddr_memory/u_video_framebuffer/u_reader/u_mosaic_reader/u_axi_read_fifo/xpm_fifo_base_inst/gen_sdpram.xpm_memory_base_inst/gen_wr_a.gen_word_narrow.mem_reg_3) in SDP mode with NO_CHANGE write-mode. This is the preferred mode for best power characteristics. However, NO_CHANGE may exhibit address collisions if the same address appears on both read and write ports resulting in unknown or corrupted read data. It is suggested to confirm via simulation that an address collision never occurs and if so it is suggested to try and avoid this situation. If address collisions cannot be avoided, the write-mode may be set to READ_FIRST which guarantees that the read data is the prior contents of the memory at the cost of additional power in the design. See the FPGA Memory Resources User Guide for additional information.
Related violations: <none>

RPBF-3#1 Warning
IO port buffering is incomplete  
Device port si5338_scl1 expects both input and output buffering but the buffers are incomplete.
Related violations: <none>

RPBF-3#2 Warning
IO port buffering is incomplete  
Device port si5338_scl2 expects both input and output buffering but the buffers are incomplete.
Related violations: <none>

RTSTAT-10#1 Warning
No routable loads  
170 net(s) have no routable loads. The problem bus(es) and/or net(s) are u_ddr_memory/u_ddr_bd/design_1_i/ddr4_0/inst/u_ddr4_mem_intfc/u_ddr_cal_riu/LMB_CE_riu,
u_ddr_memory/u_ddr_bd/design_1_i/ddr4_0/inst/u_ddr4_mem_intfc/u_ddr_cal_riu/LMB_UE_riu,
u_ddr_memory/u_ddr_bd/design_1_i/ddr4_0/inst/u_ddr4_mem_intfc/u_ddr_cal_top/u_ddr_cal/u_xsdb_arbiter/Q[12],
u_ddr_memory/u_ddr_bd/design_1_i/ddr4_0/inst/u_ddr4_mem_intfc/u_ddr_cal_top/u_ddr_cal/u_xsdb_arbiter/Q[13],
u_ddr_memory/u_ddr_bd/design_1_i/ddr4_0/inst/u_ddr4_mem_intfc/u_ddr_cal_top/u_ddr_cal/u_xsdb_arbiter/Q[14],
u_ddr_memory/u_ddr_bd/design_1_i/ddr4_0/inst/u_ddr4_mem_intfc/u_ddr_cal_top/u_ddr_cal/u_xsdb_arbiter/Q[15],
u_ddr_memory/u_ddr_bd/design_1_i/ddr4_0/inst/u_ddr4_mem_intfc/u_phy2clb_fixdly_rdy_low/SYNC[0].sync_reg[1],
u_ddr_memory/u_ddr_bd/design_1_i/ddr4_0/inst/u_ddr4_mem_intfc/u_phy2clb_fixdly_rdy_low/SYNC[1].sync_reg[1],
u_ddr_memory/u_ddr_bd/design_1_i/ddr4_0/inst/u_ddr4_mem_intfc/u_phy2clb_fixdly_rdy_low/SYNC[2].sync_reg[1],
u_ddr_memory/u_ddr_bd/design_1_i/ddr4_0/inst/u_ddr4_mem_intfc/u_phy2clb_fixdly_rdy_upp/SYNC[0].sync_reg[1],
u_ddr_memory/u_ddr_bd/design_1_i/ddr4_0/inst/u_ddr4_mem_intfc/u_phy2clb_fixdly_rdy_upp/SYNC[1].sync_reg[1],
u_ddr_memory/u_ddr_bd/design_1_i/ddr4_0/inst/u_ddr4_mem_intfc/u_phy2clb_phy_rdy_low/SYNC[0].sync_reg[1],
u_ddr_memory/u_ddr_bd/design_1_i/ddr4_0/inst/u_ddr4_mem_intfc/u_phy2clb_phy_rdy_low/SYNC[1].sync_reg[1],
u_ddr_memory/u_ddr_bd/design_1_i/ddr4_0/inst/u_ddr4_mem_intfc/u_phy2clb_phy_rdy_upp/SYNC[0].sync_reg[1],
u_ddr_memory/u_ddr_bd/design_1_i/ddr4_0/inst/u_ddr4_mem_intfc/u_phy2clb_phy_rdy_upp/SYNC[1].sync_reg[1]
 (the first 15 of 148 listed nets/buses).
Related violations: <none>


