Copyright 1986-2022 Xilinx, Inc. All Rights Reserved. Copyright 2022-2023 Advanced Micro Devices, Inc. All Rights Reserved.
------------------------------------------------------------------------------------------------------------------------------------------------------------------
| Tool Version      : Vivado v.2023.2 (lin64) Build 4029153 Fri Oct 13 20:13:54 MDT 2023
| Date              : Mon Aug 24 23:53:40 2026
| Host              : tsmc184 running 64-bit Ubuntu 22.04.5 LTS
| Command           : report_timing -delay_type max -max_paths 30 -nworst 1 -path_type full -file /mnt/data/wzr/13p/ov7670/sixteen_camera/prj/placed_worst_30.rpt
| Design            : top_wrapper
| Device            : xcvu13p-fhga2104
| Speed File        : -2  PRODUCTION 1.28 03-30-2022
| Design State      : Fully Placed
| Temperature Grade : I
------------------------------------------------------------------------------------------------------------------------------------------------------------------

Timing Report

Slack (VIOLATED) :        -1.836ns  (required time - arrival time)
  Source:                 u_ddr_memory/u_ddr_bd/design_1_i/ddr4_0/inst/u_ddr4_mem_intfc/u_ddr_cal_top/calDone_gated_reg/C
                            (rising edge-triggered cell FDRE clocked by mmcm_clkout0  {rise@0.000ns fall@1.666ns period=3.332ns})
  Destination:            u_ddr_memory/u_video_framebuffer/u_manager/channel_frame_id_reg[8][24]/R
                            (rising edge-triggered cell FDRE clocked by mmcm_clkout0  {rise@0.000ns fall@1.666ns period=3.332ns})
  Path Group:             mmcm_clkout0
  Path Type:              Setup (Max at Slow Process Corner)
  Requirement:            3.332ns  (mmcm_clkout0 rise@3.332ns - mmcm_clkout0 rise@0.000ns)
  Data Path Delay:        4.864ns  (logic 0.155ns (3.187%)  route 4.709ns (96.813%))
  Logic Levels:           2  (LUT2=2)
  Clock Path Skew:        0.134ns (DCD - SCD + CPR)
    Destination Clock Delay (DCD):    4.596ns = ( 7.928 - 3.332 ) 
    Source Clock Delay      (SCD):    3.986ns
    Clock Pessimism Removal (CPR):    -0.476ns
  Clock Uncertainty:      0.052ns  ((TSJ^2 + DJ^2)^1/2) / 2 + PE
    Total System Jitter     (TSJ):    0.071ns
    Discrete Jitter          (DJ):    0.077ns
    Phase Error              (PE):    0.000ns
  Inter-SLR Compensation: 0.312ns  ((DCD - CCD) * PF)
    Destination Clock Delay (DCD):    4.596ns
    Common Clock Delay      (CCD):    2.518ns
    Prorating Factor         (PF):    0.150

    Location             Delay type                Incr(ns)  Path(ns)    Netlist Resource(s)
  -------------------------------------------------------------------    -------------------
                         (clock mmcm_clkout0 rise edge)
                                                      0.000     0.000 r  
                         clock source latency         0.804     0.804    
                         propagated clock network latency
                                                      3.182     3.986    
    SLICE_X117Y179       FDRE                         0.000     3.986 r  u_ddr_memory/u_ddr_bd/design_1_i/ddr4_0/inst/u_ddr4_mem_intfc/u_ddr_cal_top/calDone_gated_reg/C
    SLICE_X117Y179       FDRE (Prop_HFF_SLICEL_C_Q)
                                                      0.079     4.065 f  u_ddr_memory/u_ddr_bd/design_1_i/ddr4_0/inst/u_ddr4_mem_intfc/u_ddr_cal_top/calDone_gated_reg/Q
                         net (fo=76, estimated)       2.675     6.740    u_ddr_memory/u_ddr_bd/init_calib_complete
    SLR Crossing[0->1]   
    SLICE_X99Y364        LUT2 (Prop_H6LUT_SLICEM_I1_O)
                                                      0.039     6.779 f  u_ddr_memory/u_ddr_bd/active_tensor_base[29]_i_2/O
                         net (fo=5750, estimated)     0.316     7.095    u_ddr_memory/u_video_framebuffer/u_manager/mosaic_grant_reg
    SLICE_X99Y364        LUT2 (Prop_B6LUT_SLICEM_I1_O)
                                                      0.037     7.132 r  u_ddr_memory/u_video_framebuffer/u_manager/slot_version[12][2][31]_i_1/O
                         net (fo=13251, estimated)    1.718     8.850    u_ddr_memory/u_video_framebuffer/u_manager/slot_version
    SLICE_X74Y473        FDRE                                         r  u_ddr_memory/u_video_framebuffer/u_manager/channel_frame_id_reg[8][24]/R
  -------------------------------------------------------------------    -------------------

                         (clock mmcm_clkout0 rise edge)
                                                      3.332     3.332 r  
                         clock source latency         1.402     4.734    
                         propagated clock network latency
                                                      3.194     7.928    
                         clock pessimism             -0.476     7.452    
                         inter-SLR compensation      -0.312     7.140    
                         clock uncertainty           -0.052     7.088    
    SLICE_X74Y473        FDRE (Setup_AFF_SLICEM_C_R)
                                                     -0.074     7.014    u_ddr_memory/u_video_framebuffer/u_manager/channel_frame_id_reg[8][24]
  -------------------------------------------------------------------
                         required time                          7.014    
                         arrival time                          -8.850    
  -------------------------------------------------------------------
                         slack                                 -1.836    

Slack (VIOLATED) :        -1.836ns  (required time - arrival time)
  Source:                 u_ddr_memory/u_ddr_bd/design_1_i/ddr4_0/inst/u_ddr4_mem_intfc/u_ddr_cal_top/calDone_gated_reg/C
                            (rising edge-triggered cell FDRE clocked by mmcm_clkout0  {rise@0.000ns fall@1.666ns period=3.332ns})
  Destination:            u_ddr_memory/u_video_framebuffer/u_manager/channel_frame_id_reg[8][25]/R
                            (rising edge-triggered cell FDRE clocked by mmcm_clkout0  {rise@0.000ns fall@1.666ns period=3.332ns})
  Path Group:             mmcm_clkout0
  Path Type:              Setup (Max at Slow Process Corner)
  Requirement:            3.332ns  (mmcm_clkout0 rise@3.332ns - mmcm_clkout0 rise@0.000ns)
  Data Path Delay:        4.864ns  (logic 0.155ns (3.187%)  route 4.709ns (96.813%))
  Logic Levels:           2  (LUT2=2)
  Clock Path Skew:        0.134ns (DCD - SCD + CPR)
    Destination Clock Delay (DCD):    4.596ns = ( 7.928 - 3.332 ) 
    Source Clock Delay      (SCD):    3.986ns
    Clock Pessimism Removal (CPR):    -0.476ns
  Clock Uncertainty:      0.052ns  ((TSJ^2 + DJ^2)^1/2) / 2 + PE
    Total System Jitter     (TSJ):    0.071ns
    Discrete Jitter          (DJ):    0.077ns
    Phase Error              (PE):    0.000ns
  Inter-SLR Compensation: 0.312ns  ((DCD - CCD) * PF)
    Destination Clock Delay (DCD):    4.596ns
    Common Clock Delay      (CCD):    2.518ns
    Prorating Factor         (PF):    0.150

    Location             Delay type                Incr(ns)  Path(ns)    Netlist Resource(s)
  -------------------------------------------------------------------    -------------------
                         (clock mmcm_clkout0 rise edge)
                                                      0.000     0.000 r  
                         clock source latency         0.804     0.804    
                         propagated clock network latency
                                                      3.182     3.986    
    SLICE_X117Y179       FDRE                         0.000     3.986 r  u_ddr_memory/u_ddr_bd/design_1_i/ddr4_0/inst/u_ddr4_mem_intfc/u_ddr_cal_top/calDone_gated_reg/C
    SLICE_X117Y179       FDRE (Prop_HFF_SLICEL_C_Q)
                                                      0.079     4.065 f  u_ddr_memory/u_ddr_bd/design_1_i/ddr4_0/inst/u_ddr4_mem_intfc/u_ddr_cal_top/calDone_gated_reg/Q
                         net (fo=76, estimated)       2.675     6.740    u_ddr_memory/u_ddr_bd/init_calib_complete
    SLR Crossing[0->1]   
    SLICE_X99Y364        LUT2 (Prop_H6LUT_SLICEM_I1_O)
                                                      0.039     6.779 f  u_ddr_memory/u_ddr_bd/active_tensor_base[29]_i_2/O
                         net (fo=5750, estimated)     0.316     7.095    u_ddr_memory/u_video_framebuffer/u_manager/mosaic_grant_reg
    SLICE_X99Y364        LUT2 (Prop_B6LUT_SLICEM_I1_O)
                                                      0.037     7.132 r  u_ddr_memory/u_video_framebuffer/u_manager/slot_version[12][2][31]_i_1/O
                         net (fo=13251, estimated)    1.718     8.850    u_ddr_memory/u_video_framebuffer/u_manager/slot_version
    SLICE_X74Y473        FDRE                                         r  u_ddr_memory/u_video_framebuffer/u_manager/channel_frame_id_reg[8][25]/R
  -------------------------------------------------------------------    -------------------

                         (clock mmcm_clkout0 rise edge)
                                                      3.332     3.332 r  
                         clock source latency         1.402     4.734    
                         propagated clock network latency
                                                      3.194     7.928    
                         clock pessimism             -0.476     7.452    
                         inter-SLR compensation      -0.312     7.140    
                         clock uncertainty           -0.052     7.088    
    SLICE_X74Y473        FDRE (Setup_BFF_SLICEM_C_R)
                                                     -0.074     7.014    u_ddr_memory/u_video_framebuffer/u_manager/channel_frame_id_reg[8][25]
  -------------------------------------------------------------------
                         required time                          7.014    
                         arrival time                          -8.850    
  -------------------------------------------------------------------
                         slack                                 -1.836    

Slack (VIOLATED) :        -1.836ns  (required time - arrival time)
  Source:                 u_ddr_memory/u_ddr_bd/design_1_i/ddr4_0/inst/u_ddr4_mem_intfc/u_ddr_cal_top/calDone_gated_reg/C
                            (rising edge-triggered cell FDRE clocked by mmcm_clkout0  {rise@0.000ns fall@1.666ns period=3.332ns})
  Destination:            u_ddr_memory/u_video_framebuffer/u_manager/channel_frame_id_reg[8][26]/R
                            (rising edge-triggered cell FDRE clocked by mmcm_clkout0  {rise@0.000ns fall@1.666ns period=3.332ns})
  Path Group:             mmcm_clkout0
  Path Type:              Setup (Max at Slow Process Corner)
  Requirement:            3.332ns  (mmcm_clkout0 rise@3.332ns - mmcm_clkout0 rise@0.000ns)
  Data Path Delay:        4.864ns  (logic 0.155ns (3.187%)  route 4.709ns (96.813%))
  Logic Levels:           2  (LUT2=2)
  Clock Path Skew:        0.134ns (DCD - SCD + CPR)
    Destination Clock Delay (DCD):    4.596ns = ( 7.928 - 3.332 ) 
    Source Clock Delay      (SCD):    3.986ns
    Clock Pessimism Removal (CPR):    -0.476ns
  Clock Uncertainty:      0.052ns  ((TSJ^2 + DJ^2)^1/2) / 2 + PE
    Total System Jitter     (TSJ):    0.071ns
    Discrete Jitter          (DJ):    0.077ns
    Phase Error              (PE):    0.000ns
  Inter-SLR Compensation: 0.312ns  ((DCD - CCD) * PF)
    Destination Clock Delay (DCD):    4.596ns
    Common Clock Delay      (CCD):    2.518ns
    Prorating Factor         (PF):    0.150

    Location             Delay type                Incr(ns)  Path(ns)    Netlist Resource(s)
  -------------------------------------------------------------------    -------------------
                         (clock mmcm_clkout0 rise edge)
                                                      0.000     0.000 r  
                         clock source latency         0.804     0.804    
                         propagated clock network latency
                                                      3.182     3.986    
    SLICE_X117Y179       FDRE                         0.000     3.986 r  u_ddr_memory/u_ddr_bd/design_1_i/ddr4_0/inst/u_ddr4_mem_intfc/u_ddr_cal_top/calDone_gated_reg/C
    SLICE_X117Y179       FDRE (Prop_HFF_SLICEL_C_Q)
                                                      0.079     4.065 f  u_ddr_memory/u_ddr_bd/design_1_i/ddr4_0/inst/u_ddr4_mem_intfc/u_ddr_cal_top/calDone_gated_reg/Q
                         net (fo=76, estimated)       2.675     6.740    u_ddr_memory/u_ddr_bd/init_calib_complete
    SLR Crossing[0->1]   
    SLICE_X99Y364        LUT2 (Prop_H6LUT_SLICEM_I1_O)
                                                      0.039     6.779 f  u_ddr_memory/u_ddr_bd/active_tensor_base[29]_i_2/O
                         net (fo=5750, estimated)     0.316     7.095    u_ddr_memory/u_video_framebuffer/u_manager/mosaic_grant_reg
    SLICE_X99Y364        LUT2 (Prop_B6LUT_SLICEM_I1_O)
                                                      0.037     7.132 r  u_ddr_memory/u_video_framebuffer/u_manager/slot_version[12][2][31]_i_1/O
                         net (fo=13251, estimated)    1.718     8.850    u_ddr_memory/u_video_framebuffer/u_manager/slot_version
    SLICE_X74Y473        FDRE                                         r  u_ddr_memory/u_video_framebuffer/u_manager/channel_frame_id_reg[8][26]/R
  -------------------------------------------------------------------    -------------------

                         (clock mmcm_clkout0 rise edge)
                                                      3.332     3.332 r  
                         clock source latency         1.402     4.734    
                         propagated clock network latency
                                                      3.194     7.928    
                         clock pessimism             -0.476     7.452    
                         inter-SLR compensation      -0.312     7.140    
                         clock uncertainty           -0.052     7.088    
    SLICE_X74Y473        FDRE (Setup_CFF_SLICEM_C_R)
                                                     -0.074     7.014    u_ddr_memory/u_video_framebuffer/u_manager/channel_frame_id_reg[8][26]
  -------------------------------------------------------------------
                         required time                          7.014    
                         arrival time                          -8.850    
  -------------------------------------------------------------------
                         slack                                 -1.836    

Slack (VIOLATED) :        -1.836ns  (required time - arrival time)
  Source:                 u_ddr_memory/u_ddr_bd/design_1_i/ddr4_0/inst/u_ddr4_mem_intfc/u_ddr_cal_top/calDone_gated_reg/C
                            (rising edge-triggered cell FDRE clocked by mmcm_clkout0  {rise@0.000ns fall@1.666ns period=3.332ns})
  Destination:            u_ddr_memory/u_video_framebuffer/u_manager/channel_frame_id_reg[8][27]/R
                            (rising edge-triggered cell FDRE clocked by mmcm_clkout0  {rise@0.000ns fall@1.666ns period=3.332ns})
  Path Group:             mmcm_clkout0
  Path Type:              Setup (Max at Slow Process Corner)
  Requirement:            3.332ns  (mmcm_clkout0 rise@3.332ns - mmcm_clkout0 rise@0.000ns)
  Data Path Delay:        4.864ns  (logic 0.155ns (3.187%)  route 4.709ns (96.813%))
  Logic Levels:           2  (LUT2=2)
  Clock Path Skew:        0.134ns (DCD - SCD + CPR)
    Destination Clock Delay (DCD):    4.596ns = ( 7.928 - 3.332 ) 
    Source Clock Delay      (SCD):    3.986ns
    Clock Pessimism Removal (CPR):    -0.476ns
  Clock Uncertainty:      0.052ns  ((TSJ^2 + DJ^2)^1/2) / 2 + PE
    Total System Jitter     (TSJ):    0.071ns
    Discrete Jitter          (DJ):    0.077ns
    Phase Error              (PE):    0.000ns
  Inter-SLR Compensation: 0.312ns  ((DCD - CCD) * PF)
    Destination Clock Delay (DCD):    4.596ns
    Common Clock Delay      (CCD):    2.518ns
    Prorating Factor         (PF):    0.150

    Location             Delay type                Incr(ns)  Path(ns)    Netlist Resource(s)
  -------------------------------------------------------------------    -------------------
                         (clock mmcm_clkout0 rise edge)
                                                      0.000     0.000 r  
                         clock source latency         0.804     0.804    
                         propagated clock network latency
                                                      3.182     3.986    
    SLICE_X117Y179       FDRE                         0.000     3.986 r  u_ddr_memory/u_ddr_bd/design_1_i/ddr4_0/inst/u_ddr4_mem_intfc/u_ddr_cal_top/calDone_gated_reg/C
    SLICE_X117Y179       FDRE (Prop_HFF_SLICEL_C_Q)
                                                      0.079     4.065 f  u_ddr_memory/u_ddr_bd/design_1_i/ddr4_0/inst/u_ddr4_mem_intfc/u_ddr_cal_top/calDone_gated_reg/Q
                         net (fo=76, estimated)       2.675     6.740    u_ddr_memory/u_ddr_bd/init_calib_complete
    SLR Crossing[0->1]   
    SLICE_X99Y364        LUT2 (Prop_H6LUT_SLICEM_I1_O)
                                                      0.039     6.779 f  u_ddr_memory/u_ddr_bd/active_tensor_base[29]_i_2/O
                         net (fo=5750, estimated)     0.316     7.095    u_ddr_memory/u_video_framebuffer/u_manager/mosaic_grant_reg
    SLICE_X99Y364        LUT2 (Prop_B6LUT_SLICEM_I1_O)
                                                      0.037     7.132 r  u_ddr_memory/u_video_framebuffer/u_manager/slot_version[12][2][31]_i_1/O
                         net (fo=13251, estimated)    1.718     8.850    u_ddr_memory/u_video_framebuffer/u_manager/slot_version
    SLICE_X74Y473        FDRE                                         r  u_ddr_memory/u_video_framebuffer/u_manager/channel_frame_id_reg[8][27]/R
  -------------------------------------------------------------------    -------------------

                         (clock mmcm_clkout0 rise edge)
                                                      3.332     3.332 r  
                         clock source latency         1.402     4.734    
                         propagated clock network latency
                                                      3.194     7.928    
                         clock pessimism             -0.476     7.452    
                         inter-SLR compensation      -0.312     7.140    
                         clock uncertainty           -0.052     7.088    
    SLICE_X74Y473        FDRE (Setup_DFF_SLICEM_C_R)
                                                     -0.074     7.014    u_ddr_memory/u_video_framebuffer/u_manager/channel_frame_id_reg[8][27]
  -------------------------------------------------------------------
                         required time                          7.014    
                         arrival time                          -8.850    
  -------------------------------------------------------------------
                         slack                                 -1.836    

Slack (VIOLATED) :        -1.835ns  (required time - arrival time)
  Source:                 u_ddr_memory/u_ddr_bd/design_1_i/ddr4_0/inst/u_ddr4_mem_intfc/u_ddr_cal_top/calDone_gated_reg/C
                            (rising edge-triggered cell FDRE clocked by mmcm_clkout0  {rise@0.000ns fall@1.666ns period=3.332ns})
  Destination:            u_ddr_memory/u_video_framebuffer/u_manager/slot_frame_id_reg[8][0][25]/R
                            (rising edge-triggered cell FDRE clocked by mmcm_clkout0  {rise@0.000ns fall@1.666ns period=3.332ns})
  Path Group:             mmcm_clkout0
  Path Type:              Setup (Max at Slow Process Corner)
  Requirement:            3.332ns  (mmcm_clkout0 rise@3.332ns - mmcm_clkout0 rise@0.000ns)
  Data Path Delay:        4.860ns  (logic 0.155ns (3.189%)  route 4.705ns (96.811%))
  Logic Levels:           2  (LUT2=2)
  Clock Path Skew:        0.130ns (DCD - SCD + CPR)
    Destination Clock Delay (DCD):    4.592ns = ( 7.924 - 3.332 ) 
    Source Clock Delay      (SCD):    3.986ns
    Clock Pessimism Removal (CPR):    -0.476ns
  Clock Uncertainty:      0.052ns  ((TSJ^2 + DJ^2)^1/2) / 2 + PE
    Total System Jitter     (TSJ):    0.071ns
    Discrete Jitter          (DJ):    0.077ns
    Phase Error              (PE):    0.000ns
  Inter-SLR Compensation: 0.311ns  ((DCD - CCD) * PF)
    Destination Clock Delay (DCD):    4.592ns
    Common Clock Delay      (CCD):    2.518ns
    Prorating Factor         (PF):    0.150

    Location             Delay type                Incr(ns)  Path(ns)    Netlist Resource(s)
  -------------------------------------------------------------------    -------------------
                         (clock mmcm_clkout0 rise edge)
                                                      0.000     0.000 r  
                         clock source latency         0.804     0.804    
                         propagated clock network latency
                                                      3.182     3.986    
    SLICE_X117Y179       FDRE                         0.000     3.986 r  u_ddr_memory/u_ddr_bd/design_1_i/ddr4_0/inst/u_ddr4_mem_intfc/u_ddr_cal_top/calDone_gated_reg/C
    SLICE_X117Y179       FDRE (Prop_HFF_SLICEL_C_Q)
                                                      0.079     4.065 f  u_ddr_memory/u_ddr_bd/design_1_i/ddr4_0/inst/u_ddr4_mem_intfc/u_ddr_cal_top/calDone_gated_reg/Q
                         net (fo=76, estimated)       2.675     6.740    u_ddr_memory/u_ddr_bd/init_calib_complete
    SLR Crossing[0->1]   
    SLICE_X99Y364        LUT2 (Prop_H6LUT_SLICEM_I1_O)
                                                      0.039     6.779 f  u_ddr_memory/u_ddr_bd/active_tensor_base[29]_i_2/O
                         net (fo=5750, estimated)     0.316     7.095    u_ddr_memory/u_video_framebuffer/u_manager/mosaic_grant_reg
    SLICE_X99Y364        LUT2 (Prop_B6LUT_SLICEM_I1_O)
                                                      0.037     7.132 r  u_ddr_memory/u_video_framebuffer/u_manager/slot_version[12][2][31]_i_1/O
                         net (fo=13251, estimated)    1.714     8.846    u_ddr_memory/u_video_framebuffer/u_manager/slot_version
    SLICE_X73Y473        FDRE                                         r  u_ddr_memory/u_video_framebuffer/u_manager/slot_frame_id_reg[8][0][25]/R
  -------------------------------------------------------------------    -------------------

                         (clock mmcm_clkout0 rise edge)
                                                      3.332     3.332 r  
                         clock source latency         1.402     4.734    
                         propagated clock network latency
                                                      3.190     7.924    
                         clock pessimism             -0.476     7.448    
                         inter-SLR compensation      -0.311     7.136    
                         clock uncertainty           -0.052     7.084    
    SLICE_X73Y473        FDRE (Setup_AFF_SLICEL_C_R)
                                                     -0.074     7.010    u_ddr_memory/u_video_framebuffer/u_manager/slot_frame_id_reg[8][0][25]
  -------------------------------------------------------------------
                         required time                          7.010    
                         arrival time                          -8.846    
  -------------------------------------------------------------------
                         slack                                 -1.835    

Slack (VIOLATED) :        -1.835ns  (required time - arrival time)
  Source:                 u_ddr_memory/u_ddr_bd/design_1_i/ddr4_0/inst/u_ddr4_mem_intfc/u_ddr_cal_top/calDone_gated_reg/C
                            (rising edge-triggered cell FDRE clocked by mmcm_clkout0  {rise@0.000ns fall@1.666ns period=3.332ns})
  Destination:            u_ddr_memory/u_video_framebuffer/u_manager/slot_frame_id_reg[8][0][26]/R
                            (rising edge-triggered cell FDRE clocked by mmcm_clkout0  {rise@0.000ns fall@1.666ns period=3.332ns})
  Path Group:             mmcm_clkout0
  Path Type:              Setup (Max at Slow Process Corner)
  Requirement:            3.332ns  (mmcm_clkout0 rise@3.332ns - mmcm_clkout0 rise@0.000ns)
  Data Path Delay:        4.860ns  (logic 0.155ns (3.189%)  route 4.705ns (96.811%))
  Logic Levels:           2  (LUT2=2)
  Clock Path Skew:        0.130ns (DCD - SCD + CPR)
    Destination Clock Delay (DCD):    4.592ns = ( 7.924 - 3.332 ) 
    Source Clock Delay      (SCD):    3.986ns
    Clock Pessimism Removal (CPR):    -0.476ns
  Clock Uncertainty:      0.052ns  ((TSJ^2 + DJ^2)^1/2) / 2 + PE
    Total System Jitter     (TSJ):    0.071ns
    Discrete Jitter          (DJ):    0.077ns
    Phase Error              (PE):    0.000ns
  Inter-SLR Compensation: 0.311ns  ((DCD - CCD) * PF)
    Destination Clock Delay (DCD):    4.592ns
    Common Clock Delay      (CCD):    2.518ns
    Prorating Factor         (PF):    0.150

    Location             Delay type                Incr(ns)  Path(ns)    Netlist Resource(s)
  -------------------------------------------------------------------    -------------------
                         (clock mmcm_clkout0 rise edge)
                                                      0.000     0.000 r  
                         clock source latency         0.804     0.804    
                         propagated clock network latency
                                                      3.182     3.986    
    SLICE_X117Y179       FDRE                         0.000     3.986 r  u_ddr_memory/u_ddr_bd/design_1_i/ddr4_0/inst/u_ddr4_mem_intfc/u_ddr_cal_top/calDone_gated_reg/C
    SLICE_X117Y179       FDRE (Prop_HFF_SLICEL_C_Q)
                                                      0.079     4.065 f  u_ddr_memory/u_ddr_bd/design_1_i/ddr4_0/inst/u_ddr4_mem_intfc/u_ddr_cal_top/calDone_gated_reg/Q
                         net (fo=76, estimated)       2.675     6.740    u_ddr_memory/u_ddr_bd/init_calib_complete
    SLR Crossing[0->1]   
    SLICE_X99Y364        LUT2 (Prop_H6LUT_SLICEM_I1_O)
                                                      0.039     6.779 f  u_ddr_memory/u_ddr_bd/active_tensor_base[29]_i_2/O
                         net (fo=5750, estimated)     0.316     7.095    u_ddr_memory/u_video_framebuffer/u_manager/mosaic_grant_reg
    SLICE_X99Y364        LUT2 (Prop_B6LUT_SLICEM_I1_O)
                                                      0.037     7.132 r  u_ddr_memory/u_video_framebuffer/u_manager/slot_version[12][2][31]_i_1/O
                         net (fo=13251, estimated)    1.714     8.846    u_ddr_memory/u_video_framebuffer/u_manager/slot_version
    SLICE_X73Y473        FDRE                                         r  u_ddr_memory/u_video_framebuffer/u_manager/slot_frame_id_reg[8][0][26]/R
  -------------------------------------------------------------------    -------------------

                         (clock mmcm_clkout0 rise edge)
                                                      3.332     3.332 r  
                         clock source latency         1.402     4.734    
                         propagated clock network latency
                                                      3.190     7.924    
                         clock pessimism             -0.476     7.448    
                         inter-SLR compensation      -0.311     7.136    
                         clock uncertainty           -0.052     7.084    
    SLICE_X73Y473        FDRE (Setup_BFF_SLICEL_C_R)
                                                     -0.074     7.010    u_ddr_memory/u_video_framebuffer/u_manager/slot_frame_id_reg[8][0][26]
  -------------------------------------------------------------------
                         required time                          7.010    
                         arrival time                          -8.846    
  -------------------------------------------------------------------
                         slack                                 -1.835    

Slack (VIOLATED) :        -1.835ns  (required time - arrival time)
  Source:                 u_ddr_memory/u_ddr_bd/design_1_i/ddr4_0/inst/u_ddr4_mem_intfc/u_ddr_cal_top/calDone_gated_reg/C
                            (rising edge-triggered cell FDRE clocked by mmcm_clkout0  {rise@0.000ns fall@1.666ns period=3.332ns})
  Destination:            u_ddr_memory/u_video_framebuffer/u_manager/slot_frame_id_reg[8][0][27]/R
                            (rising edge-triggered cell FDRE clocked by mmcm_clkout0  {rise@0.000ns fall@1.666ns period=3.332ns})
  Path Group:             mmcm_clkout0
  Path Type:              Setup (Max at Slow Process Corner)
  Requirement:            3.332ns  (mmcm_clkout0 rise@3.332ns - mmcm_clkout0 rise@0.000ns)
  Data Path Delay:        4.860ns  (logic 0.155ns (3.189%)  route 4.705ns (96.811%))
  Logic Levels:           2  (LUT2=2)
  Clock Path Skew:        0.130ns (DCD - SCD + CPR)
    Destination Clock Delay (DCD):    4.592ns = ( 7.924 - 3.332 ) 
    Source Clock Delay      (SCD):    3.986ns
    Clock Pessimism Removal (CPR):    -0.476ns
  Clock Uncertainty:      0.052ns  ((TSJ^2 + DJ^2)^1/2) / 2 + PE
    Total System Jitter     (TSJ):    0.071ns
    Discrete Jitter          (DJ):    0.077ns
    Phase Error              (PE):    0.000ns
  Inter-SLR Compensation: 0.311ns  ((DCD - CCD) * PF)
    Destination Clock Delay (DCD):    4.592ns
    Common Clock Delay      (CCD):    2.518ns
    Prorating Factor         (PF):    0.150

    Location             Delay type                Incr(ns)  Path(ns)    Netlist Resource(s)
  -------------------------------------------------------------------    -------------------
                         (clock mmcm_clkout0 rise edge)
                                                      0.000     0.000 r  
                         clock source latency         0.804     0.804    
                         propagated clock network latency
                                                      3.182     3.986    
    SLICE_X117Y179       FDRE                         0.000     3.986 r  u_ddr_memory/u_ddr_bd/design_1_i/ddr4_0/inst/u_ddr4_mem_intfc/u_ddr_cal_top/calDone_gated_reg/C
    SLICE_X117Y179       FDRE (Prop_HFF_SLICEL_C_Q)
                                                      0.079     4.065 f  u_ddr_memory/u_ddr_bd/design_1_i/ddr4_0/inst/u_ddr4_mem_intfc/u_ddr_cal_top/calDone_gated_reg/Q
                         net (fo=76, estimated)       2.675     6.740    u_ddr_memory/u_ddr_bd/init_calib_complete
    SLR Crossing[0->1]   
    SLICE_X99Y364        LUT2 (Prop_H6LUT_SLICEM_I1_O)
                                                      0.039     6.779 f  u_ddr_memory/u_ddr_bd/active_tensor_base[29]_i_2/O
                         net (fo=5750, estimated)     0.316     7.095    u_ddr_memory/u_video_framebuffer/u_manager/mosaic_grant_reg
    SLICE_X99Y364        LUT2 (Prop_B6LUT_SLICEM_I1_O)
                                                      0.037     7.132 r  u_ddr_memory/u_video_framebuffer/u_manager/slot_version[12][2][31]_i_1/O
                         net (fo=13251, estimated)    1.714     8.846    u_ddr_memory/u_video_framebuffer/u_manager/slot_version
    SLICE_X73Y473        FDRE                                         r  u_ddr_memory/u_video_framebuffer/u_manager/slot_frame_id_reg[8][0][27]/R
  -------------------------------------------------------------------    -------------------

                         (clock mmcm_clkout0 rise edge)
                                                      3.332     3.332 r  
                         clock source latency         1.402     4.734    
                         propagated clock network latency
                                                      3.190     7.924    
                         clock pessimism             -0.476     7.448    
                         inter-SLR compensation      -0.311     7.136    
                         clock uncertainty           -0.052     7.084    
    SLICE_X73Y473        FDRE (Setup_CFF_SLICEL_C_R)
                                                     -0.074     7.010    u_ddr_memory/u_video_framebuffer/u_manager/slot_frame_id_reg[8][0][27]
  -------------------------------------------------------------------
                         required time                          7.010    
                         arrival time                          -8.846    
  -------------------------------------------------------------------
                         slack                                 -1.835    

Slack (VIOLATED) :        -1.835ns  (required time - arrival time)
  Source:                 u_ddr_memory/u_ddr_bd/design_1_i/ddr4_0/inst/u_ddr4_mem_intfc/u_ddr_cal_top/calDone_gated_reg/C
                            (rising edge-triggered cell FDRE clocked by mmcm_clkout0  {rise@0.000ns fall@1.666ns period=3.332ns})
  Destination:            u_ddr_memory/u_video_framebuffer/u_manager/slot_frame_id_reg[8][0][28]/R
                            (rising edge-triggered cell FDRE clocked by mmcm_clkout0  {rise@0.000ns fall@1.666ns period=3.332ns})
  Path Group:             mmcm_clkout0
  Path Type:              Setup (Max at Slow Process Corner)
  Requirement:            3.332ns  (mmcm_clkout0 rise@3.332ns - mmcm_clkout0 rise@0.000ns)
  Data Path Delay:        4.860ns  (logic 0.155ns (3.189%)  route 4.705ns (96.811%))
  Logic Levels:           2  (LUT2=2)
  Clock Path Skew:        0.130ns (DCD - SCD + CPR)
    Destination Clock Delay (DCD):    4.592ns = ( 7.924 - 3.332 ) 
    Source Clock Delay      (SCD):    3.986ns
    Clock Pessimism Removal (CPR):    -0.476ns
  Clock Uncertainty:      0.052ns  ((TSJ^2 + DJ^2)^1/2) / 2 + PE
    Total System Jitter     (TSJ):    0.071ns
    Discrete Jitter          (DJ):    0.077ns
    Phase Error              (PE):    0.000ns
  Inter-SLR Compensation: 0.311ns  ((DCD - CCD) * PF)
    Destination Clock Delay (DCD):    4.592ns
    Common Clock Delay      (CCD):    2.518ns
    Prorating Factor         (PF):    0.150

    Location             Delay type                Incr(ns)  Path(ns)    Netlist Resource(s)
  -------------------------------------------------------------------    -------------------
                         (clock mmcm_clkout0 rise edge)
                                                      0.000     0.000 r  
                         clock source latency         0.804     0.804    
                         propagated clock network latency
                                                      3.182     3.986    
    SLICE_X117Y179       FDRE                         0.000     3.986 r  u_ddr_memory/u_ddr_bd/design_1_i/ddr4_0/inst/u_ddr4_mem_intfc/u_ddr_cal_top/calDone_gated_reg/C
    SLICE_X117Y179       FDRE (Prop_HFF_SLICEL_C_Q)
                                                      0.079     4.065 f  u_ddr_memory/u_ddr_bd/design_1_i/ddr4_0/inst/u_ddr4_mem_intfc/u_ddr_cal_top/calDone_gated_reg/Q
                         net (fo=76, estimated)       2.675     6.740    u_ddr_memory/u_ddr_bd/init_calib_complete
    SLR Crossing[0->1]   
    SLICE_X99Y364        LUT2 (Prop_H6LUT_SLICEM_I1_O)
                                                      0.039     6.779 f  u_ddr_memory/u_ddr_bd/active_tensor_base[29]_i_2/O
                         net (fo=5750, estimated)     0.316     7.095    u_ddr_memory/u_video_framebuffer/u_manager/mosaic_grant_reg
    SLICE_X99Y364        LUT2 (Prop_B6LUT_SLICEM_I1_O)
                                                      0.037     7.132 r  u_ddr_memory/u_video_framebuffer/u_manager/slot_version[12][2][31]_i_1/O
                         net (fo=13251, estimated)    1.714     8.846    u_ddr_memory/u_video_framebuffer/u_manager/slot_version
    SLICE_X73Y473        FDRE                                         r  u_ddr_memory/u_video_framebuffer/u_manager/slot_frame_id_reg[8][0][28]/R
  -------------------------------------------------------------------    -------------------

                         (clock mmcm_clkout0 rise edge)
                                                      3.332     3.332 r  
                         clock source latency         1.402     4.734    
                         propagated clock network latency
                                                      3.190     7.924    
                         clock pessimism             -0.476     7.448    
                         inter-SLR compensation      -0.311     7.136    
                         clock uncertainty           -0.052     7.084    
    SLICE_X73Y473        FDRE (Setup_DFF_SLICEL_C_R)
                                                     -0.074     7.010    u_ddr_memory/u_video_framebuffer/u_manager/slot_frame_id_reg[8][0][28]
  -------------------------------------------------------------------
                         required time                          7.010    
                         arrival time                          -8.846    
  -------------------------------------------------------------------
                         slack                                 -1.835    

Slack (VIOLATED) :        -1.835ns  (required time - arrival time)
  Source:                 u_ddr_memory/u_ddr_bd/design_1_i/ddr4_0/inst/u_ddr4_mem_intfc/u_ddr_cal_top/calDone_gated_reg/C
                            (rising edge-triggered cell FDRE clocked by mmcm_clkout0  {rise@0.000ns fall@1.666ns period=3.332ns})
  Destination:            u_ddr_memory/u_video_framebuffer/u_manager/slot_frame_id_reg[8][1][25]/R
                            (rising edge-triggered cell FDRE clocked by mmcm_clkout0  {rise@0.000ns fall@1.666ns period=3.332ns})
  Path Group:             mmcm_clkout0
  Path Type:              Setup (Max at Slow Process Corner)
  Requirement:            3.332ns  (mmcm_clkout0 rise@3.332ns - mmcm_clkout0 rise@0.000ns)
  Data Path Delay:        4.860ns  (logic 0.155ns (3.189%)  route 4.705ns (96.811%))
  Logic Levels:           2  (LUT2=2)
  Clock Path Skew:        0.130ns (DCD - SCD + CPR)
    Destination Clock Delay (DCD):    4.592ns = ( 7.924 - 3.332 ) 
    Source Clock Delay      (SCD):    3.986ns
    Clock Pessimism Removal (CPR):    -0.476ns
  Clock Uncertainty:      0.052ns  ((TSJ^2 + DJ^2)^1/2) / 2 + PE
    Total System Jitter     (TSJ):    0.071ns
    Discrete Jitter          (DJ):    0.077ns
    Phase Error              (PE):    0.000ns
  Inter-SLR Compensation: 0.311ns  ((DCD - CCD) * PF)
    Destination Clock Delay (DCD):    4.592ns
    Common Clock Delay      (CCD):    2.518ns
    Prorating Factor         (PF):    0.150

    Location             Delay type                Incr(ns)  Path(ns)    Netlist Resource(s)
  -------------------------------------------------------------------    -------------------
                         (clock mmcm_clkout0 rise edge)
                                                      0.000     0.000 r  
                         clock source latency         0.804     0.804    
                         propagated clock network latency
                                                      3.182     3.986    
    SLICE_X117Y179       FDRE                         0.000     3.986 r  u_ddr_memory/u_ddr_bd/design_1_i/ddr4_0/inst/u_ddr4_mem_intfc/u_ddr_cal_top/calDone_gated_reg/C
    SLICE_X117Y179       FDRE (Prop_HFF_SLICEL_C_Q)
                                                      0.079     4.065 f  u_ddr_memory/u_ddr_bd/design_1_i/ddr4_0/inst/u_ddr4_mem_intfc/u_ddr_cal_top/calDone_gated_reg/Q
                         net (fo=76, estimated)       2.675     6.740    u_ddr_memory/u_ddr_bd/init_calib_complete
    SLR Crossing[0->1]   
    SLICE_X99Y364        LUT2 (Prop_H6LUT_SLICEM_I1_O)
                                                      0.039     6.779 f  u_ddr_memory/u_ddr_bd/active_tensor_base[29]_i_2/O
                         net (fo=5750, estimated)     0.316     7.095    u_ddr_memory/u_video_framebuffer/u_manager/mosaic_grant_reg
    SLICE_X99Y364        LUT2 (Prop_B6LUT_SLICEM_I1_O)
                                                      0.037     7.132 r  u_ddr_memory/u_video_framebuffer/u_manager/slot_version[12][2][31]_i_1/O
                         net (fo=13251, estimated)    1.714     8.846    u_ddr_memory/u_video_framebuffer/u_manager/slot_version
    SLICE_X73Y473        FDRE                                         r  u_ddr_memory/u_video_framebuffer/u_manager/slot_frame_id_reg[8][1][25]/R
  -------------------------------------------------------------------    -------------------

                         (clock mmcm_clkout0 rise edge)
                                                      3.332     3.332 r  
                         clock source latency         1.402     4.734    
                         propagated clock network latency
                                                      3.190     7.924    
                         clock pessimism             -0.476     7.448    
                         inter-SLR compensation      -0.311     7.136    
                         clock uncertainty           -0.052     7.084    
    SLICE_X73Y473        FDRE (Setup_AFF2_SLICEL_C_R)
                                                     -0.074     7.010    u_ddr_memory/u_video_framebuffer/u_manager/slot_frame_id_reg[8][1][25]
  -------------------------------------------------------------------
                         required time                          7.010    
                         arrival time                          -8.846    
  -------------------------------------------------------------------
                         slack                                 -1.835    

Slack (VIOLATED) :        -1.835ns  (required time - arrival time)
  Source:                 u_ddr_memory/u_ddr_bd/design_1_i/ddr4_0/inst/u_ddr4_mem_intfc/u_ddr_cal_top/calDone_gated_reg/C
                            (rising edge-triggered cell FDRE clocked by mmcm_clkout0  {rise@0.000ns fall@1.666ns period=3.332ns})
  Destination:            u_ddr_memory/u_video_framebuffer/u_manager/slot_frame_id_reg[8][1][26]/R
                            (rising edge-triggered cell FDRE clocked by mmcm_clkout0  {rise@0.000ns fall@1.666ns period=3.332ns})
  Path Group:             mmcm_clkout0
  Path Type:              Setup (Max at Slow Process Corner)
  Requirement:            3.332ns  (mmcm_clkout0 rise@3.332ns - mmcm_clkout0 rise@0.000ns)
  Data Path Delay:        4.860ns  (logic 0.155ns (3.189%)  route 4.705ns (96.811%))
  Logic Levels:           2  (LUT2=2)
  Clock Path Skew:        0.130ns (DCD - SCD + CPR)
    Destination Clock Delay (DCD):    4.592ns = ( 7.924 - 3.332 ) 
    Source Clock Delay      (SCD):    3.986ns
    Clock Pessimism Removal (CPR):    -0.476ns
  Clock Uncertainty:      0.052ns  ((TSJ^2 + DJ^2)^1/2) / 2 + PE
    Total System Jitter     (TSJ):    0.071ns
    Discrete Jitter          (DJ):    0.077ns
    Phase Error              (PE):    0.000ns
  Inter-SLR Compensation: 0.311ns  ((DCD - CCD) * PF)
    Destination Clock Delay (DCD):    4.592ns
    Common Clock Delay      (CCD):    2.518ns
    Prorating Factor         (PF):    0.150

    Location             Delay type                Incr(ns)  Path(ns)    Netlist Resource(s)
  -------------------------------------------------------------------    -------------------
                         (clock mmcm_clkout0 rise edge)
                                                      0.000     0.000 r  
                         clock source latency         0.804     0.804    
                         propagated clock network latency
                                                      3.182     3.986    
    SLICE_X117Y179       FDRE                         0.000     3.986 r  u_ddr_memory/u_ddr_bd/design_1_i/ddr4_0/inst/u_ddr4_mem_intfc/u_ddr_cal_top/calDone_gated_reg/C
    SLICE_X117Y179       FDRE (Prop_HFF_SLICEL_C_Q)
                                                      0.079     4.065 f  u_ddr_memory/u_ddr_bd/design_1_i/ddr4_0/inst/u_ddr4_mem_intfc/u_ddr_cal_top/calDone_gated_reg/Q
                         net (fo=76, estimated)       2.675     6.740    u_ddr_memory/u_ddr_bd/init_calib_complete
    SLR Crossing[0->1]   
    SLICE_X99Y364        LUT2 (Prop_H6LUT_SLICEM_I1_O)
                                                      0.039     6.779 f  u_ddr_memory/u_ddr_bd/active_tensor_base[29]_i_2/O
                         net (fo=5750, estimated)     0.316     7.095    u_ddr_memory/u_video_framebuffer/u_manager/mosaic_grant_reg
    SLICE_X99Y364        LUT2 (Prop_B6LUT_SLICEM_I1_O)
                                                      0.037     7.132 r  u_ddr_memory/u_video_framebuffer/u_manager/slot_version[12][2][31]_i_1/O
                         net (fo=13251, estimated)    1.714     8.846    u_ddr_memory/u_video_framebuffer/u_manager/slot_version
    SLICE_X73Y473        FDRE                                         r  u_ddr_memory/u_video_framebuffer/u_manager/slot_frame_id_reg[8][1][26]/R
  -------------------------------------------------------------------    -------------------

                         (clock mmcm_clkout0 rise edge)
                                                      3.332     3.332 r  
                         clock source latency         1.402     4.734    
                         propagated clock network latency
                                                      3.190     7.924    
                         clock pessimism             -0.476     7.448    
                         inter-SLR compensation      -0.311     7.136    
                         clock uncertainty           -0.052     7.084    
    SLICE_X73Y473        FDRE (Setup_BFF2_SLICEL_C_R)
                                                     -0.074     7.010    u_ddr_memory/u_video_framebuffer/u_manager/slot_frame_id_reg[8][1][26]
  -------------------------------------------------------------------
                         required time                          7.010    
                         arrival time                          -8.846    
  -------------------------------------------------------------------
                         slack                                 -1.835    

Slack (VIOLATED) :        -1.835ns  (required time - arrival time)
  Source:                 u_ddr_memory/u_ddr_bd/design_1_i/ddr4_0/inst/u_ddr4_mem_intfc/u_ddr_cal_top/calDone_gated_reg/C
                            (rising edge-triggered cell FDRE clocked by mmcm_clkout0  {rise@0.000ns fall@1.666ns period=3.332ns})
  Destination:            u_ddr_memory/u_video_framebuffer/u_manager/slot_frame_id_reg[8][1][27]/R
                            (rising edge-triggered cell FDRE clocked by mmcm_clkout0  {rise@0.000ns fall@1.666ns period=3.332ns})
  Path Group:             mmcm_clkout0
  Path Type:              Setup (Max at Slow Process Corner)
  Requirement:            3.332ns  (mmcm_clkout0 rise@3.332ns - mmcm_clkout0 rise@0.000ns)
  Data Path Delay:        4.860ns  (logic 0.155ns (3.189%)  route 4.705ns (96.811%))
  Logic Levels:           2  (LUT2=2)
  Clock Path Skew:        0.130ns (DCD - SCD + CPR)
    Destination Clock Delay (DCD):    4.592ns = ( 7.924 - 3.332 ) 
    Source Clock Delay      (SCD):    3.986ns
    Clock Pessimism Removal (CPR):    -0.476ns
  Clock Uncertainty:      0.052ns  ((TSJ^2 + DJ^2)^1/2) / 2 + PE
    Total System Jitter     (TSJ):    0.071ns
    Discrete Jitter          (DJ):    0.077ns
    Phase Error              (PE):    0.000ns
  Inter-SLR Compensation: 0.311ns  ((DCD - CCD) * PF)
    Destination Clock Delay (DCD):    4.592ns
    Common Clock Delay      (CCD):    2.518ns
    Prorating Factor         (PF):    0.150

    Location             Delay type                Incr(ns)  Path(ns)    Netlist Resource(s)
  -------------------------------------------------------------------    -------------------
                         (clock mmcm_clkout0 rise edge)
                                                      0.000     0.000 r  
                         clock source latency         0.804     0.804    
                         propagated clock network latency
                                                      3.182     3.986    
    SLICE_X117Y179       FDRE                         0.000     3.986 r  u_ddr_memory/u_ddr_bd/design_1_i/ddr4_0/inst/u_ddr4_mem_intfc/u_ddr_cal_top/calDone_gated_reg/C
    SLICE_X117Y179       FDRE (Prop_HFF_SLICEL_C_Q)
                                                      0.079     4.065 f  u_ddr_memory/u_ddr_bd/design_1_i/ddr4_0/inst/u_ddr4_mem_intfc/u_ddr_cal_top/calDone_gated_reg/Q
                         net (fo=76, estimated)       2.675     6.740    u_ddr_memory/u_ddr_bd/init_calib_complete
    SLR Crossing[0->1]   
    SLICE_X99Y364        LUT2 (Prop_H6LUT_SLICEM_I1_O)
                                                      0.039     6.779 f  u_ddr_memory/u_ddr_bd/active_tensor_base[29]_i_2/O
                         net (fo=5750, estimated)     0.316     7.095    u_ddr_memory/u_video_framebuffer/u_manager/mosaic_grant_reg
    SLICE_X99Y364        LUT2 (Prop_B6LUT_SLICEM_I1_O)
                                                      0.037     7.132 r  u_ddr_memory/u_video_framebuffer/u_manager/slot_version[12][2][31]_i_1/O
                         net (fo=13251, estimated)    1.714     8.846    u_ddr_memory/u_video_framebuffer/u_manager/slot_version
    SLICE_X73Y473        FDRE                                         r  u_ddr_memory/u_video_framebuffer/u_manager/slot_frame_id_reg[8][1][27]/R
  -------------------------------------------------------------------    -------------------

                         (clock mmcm_clkout0 rise edge)
                                                      3.332     3.332 r  
                         clock source latency         1.402     4.734    
                         propagated clock network latency
                                                      3.190     7.924    
                         clock pessimism             -0.476     7.448    
                         inter-SLR compensation      -0.311     7.136    
                         clock uncertainty           -0.052     7.084    
    SLICE_X73Y473        FDRE (Setup_CFF2_SLICEL_C_R)
                                                     -0.074     7.010    u_ddr_memory/u_video_framebuffer/u_manager/slot_frame_id_reg[8][1][27]
  -------------------------------------------------------------------
                         required time                          7.010    
                         arrival time                          -8.846    
  -------------------------------------------------------------------
                         slack                                 -1.835    

Slack (VIOLATED) :        -1.835ns  (required time - arrival time)
  Source:                 u_ddr_memory/u_ddr_bd/design_1_i/ddr4_0/inst/u_ddr4_mem_intfc/u_ddr_cal_top/calDone_gated_reg/C
                            (rising edge-triggered cell FDRE clocked by mmcm_clkout0  {rise@0.000ns fall@1.666ns period=3.332ns})
  Destination:            u_ddr_memory/u_video_framebuffer/u_manager/slot_frame_id_reg[8][1][28]/R
                            (rising edge-triggered cell FDRE clocked by mmcm_clkout0  {rise@0.000ns fall@1.666ns period=3.332ns})
  Path Group:             mmcm_clkout0
  Path Type:              Setup (Max at Slow Process Corner)
  Requirement:            3.332ns  (mmcm_clkout0 rise@3.332ns - mmcm_clkout0 rise@0.000ns)
  Data Path Delay:        4.860ns  (logic 0.155ns (3.189%)  route 4.705ns (96.811%))
  Logic Levels:           2  (LUT2=2)
  Clock Path Skew:        0.130ns (DCD - SCD + CPR)
    Destination Clock Delay (DCD):    4.592ns = ( 7.924 - 3.332 ) 
    Source Clock Delay      (SCD):    3.986ns
    Clock Pessimism Removal (CPR):    -0.476ns
  Clock Uncertainty:      0.052ns  ((TSJ^2 + DJ^2)^1/2) / 2 + PE
    Total System Jitter     (TSJ):    0.071ns
    Discrete Jitter          (DJ):    0.077ns
    Phase Error              (PE):    0.000ns
  Inter-SLR Compensation: 0.311ns  ((DCD - CCD) * PF)
    Destination Clock Delay (DCD):    4.592ns
    Common Clock Delay      (CCD):    2.518ns
    Prorating Factor         (PF):    0.150

    Location             Delay type                Incr(ns)  Path(ns)    Netlist Resource(s)
  -------------------------------------------------------------------    -------------------
                         (clock mmcm_clkout0 rise edge)
                                                      0.000     0.000 r  
                         clock source latency         0.804     0.804    
                         propagated clock network latency
                                                      3.182     3.986    
    SLICE_X117Y179       FDRE                         0.000     3.986 r  u_ddr_memory/u_ddr_bd/design_1_i/ddr4_0/inst/u_ddr4_mem_intfc/u_ddr_cal_top/calDone_gated_reg/C
    SLICE_X117Y179       FDRE (Prop_HFF_SLICEL_C_Q)
                                                      0.079     4.065 f  u_ddr_memory/u_ddr_bd/design_1_i/ddr4_0/inst/u_ddr4_mem_intfc/u_ddr_cal_top/calDone_gated_reg/Q
                         net (fo=76, estimated)       2.675     6.740    u_ddr_memory/u_ddr_bd/init_calib_complete
    SLR Crossing[0->1]   
    SLICE_X99Y364        LUT2 (Prop_H6LUT_SLICEM_I1_O)
                                                      0.039     6.779 f  u_ddr_memory/u_ddr_bd/active_tensor_base[29]_i_2/O
                         net (fo=5750, estimated)     0.316     7.095    u_ddr_memory/u_video_framebuffer/u_manager/mosaic_grant_reg
    SLICE_X99Y364        LUT2 (Prop_B6LUT_SLICEM_I1_O)
                                                      0.037     7.132 r  u_ddr_memory/u_video_framebuffer/u_manager/slot_version[12][2][31]_i_1/O
                         net (fo=13251, estimated)    1.714     8.846    u_ddr_memory/u_video_framebuffer/u_manager/slot_version
    SLICE_X73Y473        FDRE                                         r  u_ddr_memory/u_video_framebuffer/u_manager/slot_frame_id_reg[8][1][28]/R
  -------------------------------------------------------------------    -------------------

                         (clock mmcm_clkout0 rise edge)
                                                      3.332     3.332 r  
                         clock source latency         1.402     4.734    
                         propagated clock network latency
                                                      3.190     7.924    
                         clock pessimism             -0.476     7.448    
                         inter-SLR compensation      -0.311     7.136    
                         clock uncertainty           -0.052     7.084    
    SLICE_X73Y473        FDRE (Setup_DFF2_SLICEL_C_R)
                                                     -0.074     7.010    u_ddr_memory/u_video_framebuffer/u_manager/slot_frame_id_reg[8][1][28]
  -------------------------------------------------------------------
                         required time                          7.010    
                         arrival time                          -8.846    
  -------------------------------------------------------------------
                         slack                                 -1.835    

Slack (VIOLATED) :        -1.834ns  (required time - arrival time)
  Source:                 u_ddr_memory/u_ddr_bd/design_1_i/ddr4_0/inst/u_ddr4_mem_intfc/u_ddr_cal_top/calDone_gated_reg/C
                            (rising edge-triggered cell FDRE clocked by mmcm_clkout0  {rise@0.000ns fall@1.666ns period=3.332ns})
  Destination:            u_ddr_memory/u_video_framebuffer/u_manager/channel_frame_id_reg[8][28]/R
                            (rising edge-triggered cell FDRE clocked by mmcm_clkout0  {rise@0.000ns fall@1.666ns period=3.332ns})
  Path Group:             mmcm_clkout0
  Path Type:              Setup (Max at Slow Process Corner)
  Requirement:            3.332ns  (mmcm_clkout0 rise@3.332ns - mmcm_clkout0 rise@0.000ns)
  Data Path Delay:        4.861ns  (logic 0.155ns (3.189%)  route 4.706ns (96.811%))
  Logic Levels:           2  (LUT2=2)
  Clock Path Skew:        0.133ns (DCD - SCD + CPR)
    Destination Clock Delay (DCD):    4.595ns = ( 7.927 - 3.332 ) 
    Source Clock Delay      (SCD):    3.986ns
    Clock Pessimism Removal (CPR):    -0.476ns
  Clock Uncertainty:      0.052ns  ((TSJ^2 + DJ^2)^1/2) / 2 + PE
    Total System Jitter     (TSJ):    0.071ns
    Discrete Jitter          (DJ):    0.077ns
    Phase Error              (PE):    0.000ns
  Inter-SLR Compensation: 0.312ns  ((DCD - CCD) * PF)
    Destination Clock Delay (DCD):    4.595ns
    Common Clock Delay      (CCD):    2.518ns
    Prorating Factor         (PF):    0.150

    Location             Delay type                Incr(ns)  Path(ns)    Netlist Resource(s)
  -------------------------------------------------------------------    -------------------
                         (clock mmcm_clkout0 rise edge)
                                                      0.000     0.000 r  
                         clock source latency         0.804     0.804    
                         propagated clock network latency
                                                      3.182     3.986    
    SLICE_X117Y179       FDRE                         0.000     3.986 r  u_ddr_memory/u_ddr_bd/design_1_i/ddr4_0/inst/u_ddr4_mem_intfc/u_ddr_cal_top/calDone_gated_reg/C
    SLICE_X117Y179       FDRE (Prop_HFF_SLICEL_C_Q)
                                                      0.079     4.065 f  u_ddr_memory/u_ddr_bd/design_1_i/ddr4_0/inst/u_ddr4_mem_intfc/u_ddr_cal_top/calDone_gated_reg/Q
                         net (fo=76, estimated)       2.675     6.740    u_ddr_memory/u_ddr_bd/init_calib_complete
    SLR Crossing[0->1]   
    SLICE_X99Y364        LUT2 (Prop_H6LUT_SLICEM_I1_O)
                                                      0.039     6.779 f  u_ddr_memory/u_ddr_bd/active_tensor_base[29]_i_2/O
                         net (fo=5750, estimated)     0.316     7.095    u_ddr_memory/u_video_framebuffer/u_manager/mosaic_grant_reg
    SLICE_X99Y364        LUT2 (Prop_B6LUT_SLICEM_I1_O)
                                                      0.037     7.132 r  u_ddr_memory/u_video_framebuffer/u_manager/slot_version[12][2][31]_i_1/O
                         net (fo=13251, estimated)    1.715     8.847    u_ddr_memory/u_video_framebuffer/u_manager/slot_version
    SLICE_X74Y473        FDRE                                         r  u_ddr_memory/u_video_framebuffer/u_manager/channel_frame_id_reg[8][28]/R
  -------------------------------------------------------------------    -------------------

                         (clock mmcm_clkout0 rise edge)
                                                      3.332     3.332 r  
                         clock source latency         1.402     4.734    
                         propagated clock network latency
                                                      3.193     7.927    
                         clock pessimism             -0.476     7.451    
                         inter-SLR compensation      -0.312     7.139    
                         clock uncertainty           -0.052     7.087    
    SLICE_X74Y473        FDRE (Setup_EFF_SLICEM_C_R)
                                                     -0.074     7.013    u_ddr_memory/u_video_framebuffer/u_manager/channel_frame_id_reg[8][28]
  -------------------------------------------------------------------
                         required time                          7.013    
                         arrival time                          -8.847    
  -------------------------------------------------------------------
                         slack                                 -1.834    

Slack (VIOLATED) :        -1.834ns  (required time - arrival time)
  Source:                 u_ddr_memory/u_ddr_bd/design_1_i/ddr4_0/inst/u_ddr4_mem_intfc/u_ddr_cal_top/calDone_gated_reg/C
                            (rising edge-triggered cell FDRE clocked by mmcm_clkout0  {rise@0.000ns fall@1.666ns period=3.332ns})
  Destination:            u_ddr_memory/u_video_framebuffer/u_manager/channel_frame_id_reg[8][29]/R
                            (rising edge-triggered cell FDRE clocked by mmcm_clkout0  {rise@0.000ns fall@1.666ns period=3.332ns})
  Path Group:             mmcm_clkout0
  Path Type:              Setup (Max at Slow Process Corner)
  Requirement:            3.332ns  (mmcm_clkout0 rise@3.332ns - mmcm_clkout0 rise@0.000ns)
  Data Path Delay:        4.861ns  (logic 0.155ns (3.189%)  route 4.706ns (96.811%))
  Logic Levels:           2  (LUT2=2)
  Clock Path Skew:        0.133ns (DCD - SCD + CPR)
    Destination Clock Delay (DCD):    4.595ns = ( 7.927 - 3.332 ) 
    Source Clock Delay      (SCD):    3.986ns
    Clock Pessimism Removal (CPR):    -0.476ns
  Clock Uncertainty:      0.052ns  ((TSJ^2 + DJ^2)^1/2) / 2 + PE
    Total System Jitter     (TSJ):    0.071ns
    Discrete Jitter          (DJ):    0.077ns
    Phase Error              (PE):    0.000ns
  Inter-SLR Compensation: 0.312ns  ((DCD - CCD) * PF)
    Destination Clock Delay (DCD):    4.595ns
    Common Clock Delay      (CCD):    2.518ns
    Prorating Factor         (PF):    0.150

    Location             Delay type                Incr(ns)  Path(ns)    Netlist Resource(s)
  -------------------------------------------------------------------    -------------------
                         (clock mmcm_clkout0 rise edge)
                                                      0.000     0.000 r  
                         clock source latency         0.804     0.804    
                         propagated clock network latency
                                                      3.182     3.986    
    SLICE_X117Y179       FDRE                         0.000     3.986 r  u_ddr_memory/u_ddr_bd/design_1_i/ddr4_0/inst/u_ddr4_mem_intfc/u_ddr_cal_top/calDone_gated_reg/C
    SLICE_X117Y179       FDRE (Prop_HFF_SLICEL_C_Q)
                                                      0.079     4.065 f  u_ddr_memory/u_ddr_bd/design_1_i/ddr4_0/inst/u_ddr4_mem_intfc/u_ddr_cal_top/calDone_gated_reg/Q
                         net (fo=76, estimated)       2.675     6.740    u_ddr_memory/u_ddr_bd/init_calib_complete
    SLR Crossing[0->1]   
    SLICE_X99Y364        LUT2 (Prop_H6LUT_SLICEM_I1_O)
                                                      0.039     6.779 f  u_ddr_memory/u_ddr_bd/active_tensor_base[29]_i_2/O
                         net (fo=5750, estimated)     0.316     7.095    u_ddr_memory/u_video_framebuffer/u_manager/mosaic_grant_reg
    SLICE_X99Y364        LUT2 (Prop_B6LUT_SLICEM_I1_O)
                                                      0.037     7.132 r  u_ddr_memory/u_video_framebuffer/u_manager/slot_version[12][2][31]_i_1/O
                         net (fo=13251, estimated)    1.715     8.847    u_ddr_memory/u_video_framebuffer/u_manager/slot_version
    SLICE_X74Y473        FDRE                                         r  u_ddr_memory/u_video_framebuffer/u_manager/channel_frame_id_reg[8][29]/R
  -------------------------------------------------------------------    -------------------

                         (clock mmcm_clkout0 rise edge)
                                                      3.332     3.332 r  
                         clock source latency         1.402     4.734    
                         propagated clock network latency
                                                      3.193     7.927    
                         clock pessimism             -0.476     7.451    
                         inter-SLR compensation      -0.312     7.139    
                         clock uncertainty           -0.052     7.087    
    SLICE_X74Y473        FDRE (Setup_FFF_SLICEM_C_R)
                                                     -0.074     7.013    u_ddr_memory/u_video_framebuffer/u_manager/channel_frame_id_reg[8][29]
  -------------------------------------------------------------------
                         required time                          7.013    
                         arrival time                          -8.847    
  -------------------------------------------------------------------
                         slack                                 -1.834    

Slack (VIOLATED) :        -1.834ns  (required time - arrival time)
  Source:                 u_ddr_memory/u_ddr_bd/design_1_i/ddr4_0/inst/u_ddr4_mem_intfc/u_ddr_cal_top/calDone_gated_reg/C
                            (rising edge-triggered cell FDRE clocked by mmcm_clkout0  {rise@0.000ns fall@1.666ns period=3.332ns})
  Destination:            u_ddr_memory/u_video_framebuffer/u_manager/channel_frame_id_reg[8][30]/R
                            (rising edge-triggered cell FDRE clocked by mmcm_clkout0  {rise@0.000ns fall@1.666ns period=3.332ns})
  Path Group:             mmcm_clkout0
  Path Type:              Setup (Max at Slow Process Corner)
  Requirement:            3.332ns  (mmcm_clkout0 rise@3.332ns - mmcm_clkout0 rise@0.000ns)
  Data Path Delay:        4.861ns  (logic 0.155ns (3.189%)  route 4.706ns (96.811%))
  Logic Levels:           2  (LUT2=2)
  Clock Path Skew:        0.133ns (DCD - SCD + CPR)
    Destination Clock Delay (DCD):    4.595ns = ( 7.927 - 3.332 ) 
    Source Clock Delay      (SCD):    3.986ns
    Clock Pessimism Removal (CPR):    -0.476ns
  Clock Uncertainty:      0.052ns  ((TSJ^2 + DJ^2)^1/2) / 2 + PE
    Total System Jitter     (TSJ):    0.071ns
    Discrete Jitter          (DJ):    0.077ns
    Phase Error              (PE):    0.000ns
  Inter-SLR Compensation: 0.312ns  ((DCD - CCD) * PF)
    Destination Clock Delay (DCD):    4.595ns
    Common Clock Delay      (CCD):    2.518ns
    Prorating Factor         (PF):    0.150

    Location             Delay type                Incr(ns)  Path(ns)    Netlist Resource(s)
  -------------------------------------------------------------------    -------------------
                         (clock mmcm_clkout0 rise edge)
                                                      0.000     0.000 r  
                         clock source latency         0.804     0.804    
                         propagated clock network latency
                                                      3.182     3.986    
    SLICE_X117Y179       FDRE                         0.000     3.986 r  u_ddr_memory/u_ddr_bd/design_1_i/ddr4_0/inst/u_ddr4_mem_intfc/u_ddr_cal_top/calDone_gated_reg/C
    SLICE_X117Y179       FDRE (Prop_HFF_SLICEL_C_Q)
                                                      0.079     4.065 f  u_ddr_memory/u_ddr_bd/design_1_i/ddr4_0/inst/u_ddr4_mem_intfc/u_ddr_cal_top/calDone_gated_reg/Q
                         net (fo=76, estimated)       2.675     6.740    u_ddr_memory/u_ddr_bd/init_calib_complete
    SLR Crossing[0->1]   
    SLICE_X99Y364        LUT2 (Prop_H6LUT_SLICEM_I1_O)
                                                      0.039     6.779 f  u_ddr_memory/u_ddr_bd/active_tensor_base[29]_i_2/O
                         net (fo=5750, estimated)     0.316     7.095    u_ddr_memory/u_video_framebuffer/u_manager/mosaic_grant_reg
    SLICE_X99Y364        LUT2 (Prop_B6LUT_SLICEM_I1_O)
                                                      0.037     7.132 r  u_ddr_memory/u_video_framebuffer/u_manager/slot_version[12][2][31]_i_1/O
                         net (fo=13251, estimated)    1.715     8.847    u_ddr_memory/u_video_framebuffer/u_manager/slot_version
    SLICE_X74Y473        FDRE                                         r  u_ddr_memory/u_video_framebuffer/u_manager/channel_frame_id_reg[8][30]/R
  -------------------------------------------------------------------    -------------------

                         (clock mmcm_clkout0 rise edge)
                                                      3.332     3.332 r  
                         clock source latency         1.402     4.734    
                         propagated clock network latency
                                                      3.193     7.927    
                         clock pessimism             -0.476     7.451    
                         inter-SLR compensation      -0.312     7.139    
                         clock uncertainty           -0.052     7.087    
    SLICE_X74Y473        FDRE (Setup_GFF_SLICEM_C_R)
                                                     -0.074     7.013    u_ddr_memory/u_video_framebuffer/u_manager/channel_frame_id_reg[8][30]
  -------------------------------------------------------------------
                         required time                          7.013    
                         arrival time                          -8.847    
  -------------------------------------------------------------------
                         slack                                 -1.834    

Slack (VIOLATED) :        -1.834ns  (required time - arrival time)
  Source:                 u_ddr_memory/u_ddr_bd/design_1_i/ddr4_0/inst/u_ddr4_mem_intfc/u_ddr_cal_top/calDone_gated_reg/C
                            (rising edge-triggered cell FDRE clocked by mmcm_clkout0  {rise@0.000ns fall@1.666ns period=3.332ns})
  Destination:            u_ddr_memory/u_video_framebuffer/u_manager/channel_frame_id_reg[8][31]/R
                            (rising edge-triggered cell FDRE clocked by mmcm_clkout0  {rise@0.000ns fall@1.666ns period=3.332ns})
  Path Group:             mmcm_clkout0
  Path Type:              Setup (Max at Slow Process Corner)
  Requirement:            3.332ns  (mmcm_clkout0 rise@3.332ns - mmcm_clkout0 rise@0.000ns)
  Data Path Delay:        4.861ns  (logic 0.155ns (3.189%)  route 4.706ns (96.811%))
  Logic Levels:           2  (LUT2=2)
  Clock Path Skew:        0.133ns (DCD - SCD + CPR)
    Destination Clock Delay (DCD):    4.595ns = ( 7.927 - 3.332 ) 
    Source Clock Delay      (SCD):    3.986ns
    Clock Pessimism Removal (CPR):    -0.476ns
  Clock Uncertainty:      0.052ns  ((TSJ^2 + DJ^2)^1/2) / 2 + PE
    Total System Jitter     (TSJ):    0.071ns
    Discrete Jitter          (DJ):    0.077ns
    Phase Error              (PE):    0.000ns
  Inter-SLR Compensation: 0.312ns  ((DCD - CCD) * PF)
    Destination Clock Delay (DCD):    4.595ns
    Common Clock Delay      (CCD):    2.518ns
    Prorating Factor         (PF):    0.150

    Location             Delay type                Incr(ns)  Path(ns)    Netlist Resource(s)
  -------------------------------------------------------------------    -------------------
                         (clock mmcm_clkout0 rise edge)
                                                      0.000     0.000 r  
                         clock source latency         0.804     0.804    
                         propagated clock network latency
                                                      3.182     3.986    
    SLICE_X117Y179       FDRE                         0.000     3.986 r  u_ddr_memory/u_ddr_bd/design_1_i/ddr4_0/inst/u_ddr4_mem_intfc/u_ddr_cal_top/calDone_gated_reg/C
    SLICE_X117Y179       FDRE (Prop_HFF_SLICEL_C_Q)
                                                      0.079     4.065 f  u_ddr_memory/u_ddr_bd/design_1_i/ddr4_0/inst/u_ddr4_mem_intfc/u_ddr_cal_top/calDone_gated_reg/Q
                         net (fo=76, estimated)       2.675     6.740    u_ddr_memory/u_ddr_bd/init_calib_complete
    SLR Crossing[0->1]   
    SLICE_X99Y364        LUT2 (Prop_H6LUT_SLICEM_I1_O)
                                                      0.039     6.779 f  u_ddr_memory/u_ddr_bd/active_tensor_base[29]_i_2/O
                         net (fo=5750, estimated)     0.316     7.095    u_ddr_memory/u_video_framebuffer/u_manager/mosaic_grant_reg
    SLICE_X99Y364        LUT2 (Prop_B6LUT_SLICEM_I1_O)
                                                      0.037     7.132 r  u_ddr_memory/u_video_framebuffer/u_manager/slot_version[12][2][31]_i_1/O
                         net (fo=13251, estimated)    1.715     8.847    u_ddr_memory/u_video_framebuffer/u_manager/slot_version
    SLICE_X74Y473        FDRE                                         r  u_ddr_memory/u_video_framebuffer/u_manager/channel_frame_id_reg[8][31]/R
  -------------------------------------------------------------------    -------------------

                         (clock mmcm_clkout0 rise edge)
                                                      3.332     3.332 r  
                         clock source latency         1.402     4.734    
                         propagated clock network latency
                                                      3.193     7.927    
                         clock pessimism             -0.476     7.451    
                         inter-SLR compensation      -0.312     7.139    
                         clock uncertainty           -0.052     7.087    
    SLICE_X74Y473        FDRE (Setup_HFF_SLICEM_C_R)
                                                     -0.074     7.013    u_ddr_memory/u_video_framebuffer/u_manager/channel_frame_id_reg[8][31]
  -------------------------------------------------------------------
                         required time                          7.013    
                         arrival time                          -8.847    
  -------------------------------------------------------------------
                         slack                                 -1.834    

Slack (VIOLATED) :        -1.833ns  (required time - arrival time)
  Source:                 u_ddr_memory/u_ddr_bd/design_1_i/ddr4_0/inst/u_ddr4_mem_intfc/u_ddr_cal_top/calDone_gated_reg/C
                            (rising edge-triggered cell FDRE clocked by mmcm_clkout0  {rise@0.000ns fall@1.666ns period=3.332ns})
  Destination:            u_ddr_memory/u_video_framebuffer/u_manager/channel_frame_id_reg[8][10]/R
                            (rising edge-triggered cell FDRE clocked by mmcm_clkout0  {rise@0.000ns fall@1.666ns period=3.332ns})
  Path Group:             mmcm_clkout0
  Path Type:              Setup (Max at Slow Process Corner)
  Requirement:            3.332ns  (mmcm_clkout0 rise@3.332ns - mmcm_clkout0 rise@0.000ns)
  Data Path Delay:        4.861ns  (logic 0.155ns (3.189%)  route 4.706ns (96.811%))
  Logic Levels:           2  (LUT2=2)
  Clock Path Skew:        0.134ns (DCD - SCD + CPR)
    Destination Clock Delay (DCD):    4.596ns = ( 7.928 - 3.332 ) 
    Source Clock Delay      (SCD):    3.986ns
    Clock Pessimism Removal (CPR):    -0.476ns
  Clock Uncertainty:      0.052ns  ((TSJ^2 + DJ^2)^1/2) / 2 + PE
    Total System Jitter     (TSJ):    0.071ns
    Discrete Jitter          (DJ):    0.077ns
    Phase Error              (PE):    0.000ns
  Inter-SLR Compensation: 0.312ns  ((DCD - CCD) * PF)
    Destination Clock Delay (DCD):    4.596ns
    Common Clock Delay      (CCD):    2.518ns
    Prorating Factor         (PF):    0.150

    Location             Delay type                Incr(ns)  Path(ns)    Netlist Resource(s)
  -------------------------------------------------------------------    -------------------
                         (clock mmcm_clkout0 rise edge)
                                                      0.000     0.000 r  
                         clock source latency         0.804     0.804    
                         propagated clock network latency
                                                      3.182     3.986    
    SLICE_X117Y179       FDRE                         0.000     3.986 r  u_ddr_memory/u_ddr_bd/design_1_i/ddr4_0/inst/u_ddr4_mem_intfc/u_ddr_cal_top/calDone_gated_reg/C
    SLICE_X117Y179       FDRE (Prop_HFF_SLICEL_C_Q)
                                                      0.079     4.065 f  u_ddr_memory/u_ddr_bd/design_1_i/ddr4_0/inst/u_ddr4_mem_intfc/u_ddr_cal_top/calDone_gated_reg/Q
                         net (fo=76, estimated)       2.675     6.740    u_ddr_memory/u_ddr_bd/init_calib_complete
    SLR Crossing[0->1]   
    SLICE_X99Y364        LUT2 (Prop_H6LUT_SLICEM_I1_O)
                                                      0.039     6.779 f  u_ddr_memory/u_ddr_bd/active_tensor_base[29]_i_2/O
                         net (fo=5750, estimated)     0.316     7.095    u_ddr_memory/u_video_framebuffer/u_manager/mosaic_grant_reg
    SLICE_X99Y364        LUT2 (Prop_B6LUT_SLICEM_I1_O)
                                                      0.037     7.132 r  u_ddr_memory/u_video_framebuffer/u_manager/slot_version[12][2][31]_i_1/O
                         net (fo=13251, estimated)    1.715     8.847    u_ddr_memory/u_video_framebuffer/u_manager/slot_version
    SLICE_X74Y471        FDRE                                         r  u_ddr_memory/u_video_framebuffer/u_manager/channel_frame_id_reg[8][10]/R
  -------------------------------------------------------------------    -------------------

                         (clock mmcm_clkout0 rise edge)
                                                      3.332     3.332 r  
                         clock source latency         1.402     4.734    
                         propagated clock network latency
                                                      3.194     7.928    
                         clock pessimism             -0.476     7.452    
                         inter-SLR compensation      -0.312     7.140    
                         clock uncertainty           -0.052     7.088    
    SLICE_X74Y471        FDRE (Setup_CFF_SLICEM_C_R)
                                                     -0.074     7.014    u_ddr_memory/u_video_framebuffer/u_manager/channel_frame_id_reg[8][10]
  -------------------------------------------------------------------
                         required time                          7.014    
                         arrival time                          -8.847    
  -------------------------------------------------------------------
                         slack                                 -1.833    

Slack (VIOLATED) :        -1.833ns  (required time - arrival time)
  Source:                 u_ddr_memory/u_ddr_bd/design_1_i/ddr4_0/inst/u_ddr4_mem_intfc/u_ddr_cal_top/calDone_gated_reg/C
                            (rising edge-triggered cell FDRE clocked by mmcm_clkout0  {rise@0.000ns fall@1.666ns period=3.332ns})
  Destination:            u_ddr_memory/u_video_framebuffer/u_manager/channel_frame_id_reg[8][11]/R
                            (rising edge-triggered cell FDRE clocked by mmcm_clkout0  {rise@0.000ns fall@1.666ns period=3.332ns})
  Path Group:             mmcm_clkout0
  Path Type:              Setup (Max at Slow Process Corner)
  Requirement:            3.332ns  (mmcm_clkout0 rise@3.332ns - mmcm_clkout0 rise@0.000ns)
  Data Path Delay:        4.861ns  (logic 0.155ns (3.189%)  route 4.706ns (96.811%))
  Logic Levels:           2  (LUT2=2)
  Clock Path Skew:        0.134ns (DCD - SCD + CPR)
    Destination Clock Delay (DCD):    4.596ns = ( 7.928 - 3.332 ) 
    Source Clock Delay      (SCD):    3.986ns
    Clock Pessimism Removal (CPR):    -0.476ns
  Clock Uncertainty:      0.052ns  ((TSJ^2 + DJ^2)^1/2) / 2 + PE
    Total System Jitter     (TSJ):    0.071ns
    Discrete Jitter          (DJ):    0.077ns
    Phase Error              (PE):    0.000ns
  Inter-SLR Compensation: 0.312ns  ((DCD - CCD) * PF)
    Destination Clock Delay (DCD):    4.596ns
    Common Clock Delay      (CCD):    2.518ns
    Prorating Factor         (PF):    0.150

    Location             Delay type                Incr(ns)  Path(ns)    Netlist Resource(s)
  -------------------------------------------------------------------    -------------------
                         (clock mmcm_clkout0 rise edge)
                                                      0.000     0.000 r  
                         clock source latency         0.804     0.804    
                         propagated clock network latency
                                                      3.182     3.986    
    SLICE_X117Y179       FDRE                         0.000     3.986 r  u_ddr_memory/u_ddr_bd/design_1_i/ddr4_0/inst/u_ddr4_mem_intfc/u_ddr_cal_top/calDone_gated_reg/C
    SLICE_X117Y179       FDRE (Prop_HFF_SLICEL_C_Q)
                                                      0.079     4.065 f  u_ddr_memory/u_ddr_bd/design_1_i/ddr4_0/inst/u_ddr4_mem_intfc/u_ddr_cal_top/calDone_gated_reg/Q
                         net (fo=76, estimated)       2.675     6.740    u_ddr_memory/u_ddr_bd/init_calib_complete
    SLR Crossing[0->1]   
    SLICE_X99Y364        LUT2 (Prop_H6LUT_SLICEM_I1_O)
                                                      0.039     6.779 f  u_ddr_memory/u_ddr_bd/active_tensor_base[29]_i_2/O
                         net (fo=5750, estimated)     0.316     7.095    u_ddr_memory/u_video_framebuffer/u_manager/mosaic_grant_reg
    SLICE_X99Y364        LUT2 (Prop_B6LUT_SLICEM_I1_O)
                                                      0.037     7.132 r  u_ddr_memory/u_video_framebuffer/u_manager/slot_version[12][2][31]_i_1/O
                         net (fo=13251, estimated)    1.715     8.847    u_ddr_memory/u_video_framebuffer/u_manager/slot_version
    SLICE_X74Y471        FDRE                                         r  u_ddr_memory/u_video_framebuffer/u_manager/channel_frame_id_reg[8][11]/R
  -------------------------------------------------------------------    -------------------

                         (clock mmcm_clkout0 rise edge)
                                                      3.332     3.332 r  
                         clock source latency         1.402     4.734    
                         propagated clock network latency
                                                      3.194     7.928    
                         clock pessimism             -0.476     7.452    
                         inter-SLR compensation      -0.312     7.140    
                         clock uncertainty           -0.052     7.088    
    SLICE_X74Y471        FDRE (Setup_DFF_SLICEM_C_R)
                                                     -0.074     7.014    u_ddr_memory/u_video_framebuffer/u_manager/channel_frame_id_reg[8][11]
  -------------------------------------------------------------------
                         required time                          7.014    
                         arrival time                          -8.847    
  -------------------------------------------------------------------
                         slack                                 -1.833    

Slack (VIOLATED) :        -1.833ns  (required time - arrival time)
  Source:                 u_ddr_memory/u_ddr_bd/design_1_i/ddr4_0/inst/u_ddr4_mem_intfc/u_ddr_cal_top/calDone_gated_reg/C
                            (rising edge-triggered cell FDRE clocked by mmcm_clkout0  {rise@0.000ns fall@1.666ns period=3.332ns})
  Destination:            u_ddr_memory/u_video_framebuffer/u_manager/channel_frame_id_reg[8][8]/R
                            (rising edge-triggered cell FDRE clocked by mmcm_clkout0  {rise@0.000ns fall@1.666ns period=3.332ns})
  Path Group:             mmcm_clkout0
  Path Type:              Setup (Max at Slow Process Corner)
  Requirement:            3.332ns  (mmcm_clkout0 rise@3.332ns - mmcm_clkout0 rise@0.000ns)
  Data Path Delay:        4.861ns  (logic 0.155ns (3.189%)  route 4.706ns (96.811%))
  Logic Levels:           2  (LUT2=2)
  Clock Path Skew:        0.134ns (DCD - SCD + CPR)
    Destination Clock Delay (DCD):    4.596ns = ( 7.928 - 3.332 ) 
    Source Clock Delay      (SCD):    3.986ns
    Clock Pessimism Removal (CPR):    -0.476ns
  Clock Uncertainty:      0.052ns  ((TSJ^2 + DJ^2)^1/2) / 2 + PE
    Total System Jitter     (TSJ):    0.071ns
    Discrete Jitter          (DJ):    0.077ns
    Phase Error              (PE):    0.000ns
  Inter-SLR Compensation: 0.312ns  ((DCD - CCD) * PF)
    Destination Clock Delay (DCD):    4.596ns
    Common Clock Delay      (CCD):    2.518ns
    Prorating Factor         (PF):    0.150

    Location             Delay type                Incr(ns)  Path(ns)    Netlist Resource(s)
  -------------------------------------------------------------------    -------------------
                         (clock mmcm_clkout0 rise edge)
                                                      0.000     0.000 r  
                         clock source latency         0.804     0.804    
                         propagated clock network latency
                                                      3.182     3.986    
    SLICE_X117Y179       FDRE                         0.000     3.986 r  u_ddr_memory/u_ddr_bd/design_1_i/ddr4_0/inst/u_ddr4_mem_intfc/u_ddr_cal_top/calDone_gated_reg/C
    SLICE_X117Y179       FDRE (Prop_HFF_SLICEL_C_Q)
                                                      0.079     4.065 f  u_ddr_memory/u_ddr_bd/design_1_i/ddr4_0/inst/u_ddr4_mem_intfc/u_ddr_cal_top/calDone_gated_reg/Q
                         net (fo=76, estimated)       2.675     6.740    u_ddr_memory/u_ddr_bd/init_calib_complete
    SLR Crossing[0->1]   
    SLICE_X99Y364        LUT2 (Prop_H6LUT_SLICEM_I1_O)
                                                      0.039     6.779 f  u_ddr_memory/u_ddr_bd/active_tensor_base[29]_i_2/O
                         net (fo=5750, estimated)     0.316     7.095    u_ddr_memory/u_video_framebuffer/u_manager/mosaic_grant_reg
    SLICE_X99Y364        LUT2 (Prop_B6LUT_SLICEM_I1_O)
                                                      0.037     7.132 r  u_ddr_memory/u_video_framebuffer/u_manager/slot_version[12][2][31]_i_1/O
                         net (fo=13251, estimated)    1.715     8.847    u_ddr_memory/u_video_framebuffer/u_manager/slot_version
    SLICE_X74Y471        FDRE                                         r  u_ddr_memory/u_video_framebuffer/u_manager/channel_frame_id_reg[8][8]/R
  -------------------------------------------------------------------    -------------------

                         (clock mmcm_clkout0 rise edge)
                                                      3.332     3.332 r  
                         clock source latency         1.402     4.734    
                         propagated clock network latency
                                                      3.194     7.928    
                         clock pessimism             -0.476     7.452    
                         inter-SLR compensation      -0.312     7.140    
                         clock uncertainty           -0.052     7.088    
    SLICE_X74Y471        FDRE (Setup_AFF_SLICEM_C_R)
                                                     -0.074     7.014    u_ddr_memory/u_video_framebuffer/u_manager/channel_frame_id_reg[8][8]
  -------------------------------------------------------------------
                         required time                          7.014    
                         arrival time                          -8.847    
  -------------------------------------------------------------------
                         slack                                 -1.833    

Slack (VIOLATED) :        -1.833ns  (required time - arrival time)
  Source:                 u_ddr_memory/u_ddr_bd/design_1_i/ddr4_0/inst/u_ddr4_mem_intfc/u_ddr_cal_top/calDone_gated_reg/C
                            (rising edge-triggered cell FDRE clocked by mmcm_clkout0  {rise@0.000ns fall@1.666ns period=3.332ns})
  Destination:            u_ddr_memory/u_video_framebuffer/u_manager/channel_frame_id_reg[8][9]/R
                            (rising edge-triggered cell FDRE clocked by mmcm_clkout0  {rise@0.000ns fall@1.666ns period=3.332ns})
  Path Group:             mmcm_clkout0
  Path Type:              Setup (Max at Slow Process Corner)
  Requirement:            3.332ns  (mmcm_clkout0 rise@3.332ns - mmcm_clkout0 rise@0.000ns)
  Data Path Delay:        4.861ns  (logic 0.155ns (3.189%)  route 4.706ns (96.811%))
  Logic Levels:           2  (LUT2=2)
  Clock Path Skew:        0.134ns (DCD - SCD + CPR)
    Destination Clock Delay (DCD):    4.596ns = ( 7.928 - 3.332 ) 
    Source Clock Delay      (SCD):    3.986ns
    Clock Pessimism Removal (CPR):    -0.476ns
  Clock Uncertainty:      0.052ns  ((TSJ^2 + DJ^2)^1/2) / 2 + PE
    Total System Jitter     (TSJ):    0.071ns
    Discrete Jitter          (DJ):    0.077ns
    Phase Error              (PE):    0.000ns
  Inter-SLR Compensation: 0.312ns  ((DCD - CCD) * PF)
    Destination Clock Delay (DCD):    4.596ns
    Common Clock Delay      (CCD):    2.518ns
    Prorating Factor         (PF):    0.150

    Location             Delay type                Incr(ns)  Path(ns)    Netlist Resource(s)
  -------------------------------------------------------------------    -------------------
                         (clock mmcm_clkout0 rise edge)
                                                      0.000     0.000 r  
                         clock source latency         0.804     0.804    
                         propagated clock network latency
                                                      3.182     3.986    
    SLICE_X117Y179       FDRE                         0.000     3.986 r  u_ddr_memory/u_ddr_bd/design_1_i/ddr4_0/inst/u_ddr4_mem_intfc/u_ddr_cal_top/calDone_gated_reg/C
    SLICE_X117Y179       FDRE (Prop_HFF_SLICEL_C_Q)
                                                      0.079     4.065 f  u_ddr_memory/u_ddr_bd/design_1_i/ddr4_0/inst/u_ddr4_mem_intfc/u_ddr_cal_top/calDone_gated_reg/Q
                         net (fo=76, estimated)       2.675     6.740    u_ddr_memory/u_ddr_bd/init_calib_complete
    SLR Crossing[0->1]   
    SLICE_X99Y364        LUT2 (Prop_H6LUT_SLICEM_I1_O)
                                                      0.039     6.779 f  u_ddr_memory/u_ddr_bd/active_tensor_base[29]_i_2/O
                         net (fo=5750, estimated)     0.316     7.095    u_ddr_memory/u_video_framebuffer/u_manager/mosaic_grant_reg
    SLICE_X99Y364        LUT2 (Prop_B6LUT_SLICEM_I1_O)
                                                      0.037     7.132 r  u_ddr_memory/u_video_framebuffer/u_manager/slot_version[12][2][31]_i_1/O
                         net (fo=13251, estimated)    1.715     8.847    u_ddr_memory/u_video_framebuffer/u_manager/slot_version
    SLICE_X74Y471        FDRE                                         r  u_ddr_memory/u_video_framebuffer/u_manager/channel_frame_id_reg[8][9]/R
  -------------------------------------------------------------------    -------------------

                         (clock mmcm_clkout0 rise edge)
                                                      3.332     3.332 r  
                         clock source latency         1.402     4.734    
                         propagated clock network latency
                                                      3.194     7.928    
                         clock pessimism             -0.476     7.452    
                         inter-SLR compensation      -0.312     7.140    
                         clock uncertainty           -0.052     7.088    
    SLICE_X74Y471        FDRE (Setup_BFF_SLICEM_C_R)
                                                     -0.074     7.014    u_ddr_memory/u_video_framebuffer/u_manager/channel_frame_id_reg[8][9]
  -------------------------------------------------------------------
                         required time                          7.014    
                         arrival time                          -8.847    
  -------------------------------------------------------------------
                         slack                                 -1.833    

Slack (VIOLATED) :        -1.833ns  (required time - arrival time)
  Source:                 u_ddr_memory/u_ddr_bd/design_1_i/ddr4_0/inst/u_ddr4_mem_intfc/u_ddr_cal_top/calDone_gated_reg/C
                            (rising edge-triggered cell FDRE clocked by mmcm_clkout0  {rise@0.000ns fall@1.666ns period=3.332ns})
  Destination:            u_ddr_memory/u_video_framebuffer/u_manager/slot_frame_id_reg[8][0][29]/R
                            (rising edge-triggered cell FDRE clocked by mmcm_clkout0  {rise@0.000ns fall@1.666ns period=3.332ns})
  Path Group:             mmcm_clkout0
  Path Type:              Setup (Max at Slow Process Corner)
  Requirement:            3.332ns  (mmcm_clkout0 rise@3.332ns - mmcm_clkout0 rise@0.000ns)
  Data Path Delay:        4.859ns  (logic 0.155ns (3.190%)  route 4.704ns (96.810%))
  Logic Levels:           2  (LUT2=2)
  Clock Path Skew:        0.132ns (DCD - SCD + CPR)
    Destination Clock Delay (DCD):    4.594ns = ( 7.926 - 3.332 ) 
    Source Clock Delay      (SCD):    3.986ns
    Clock Pessimism Removal (CPR):    -0.476ns
  Clock Uncertainty:      0.052ns  ((TSJ^2 + DJ^2)^1/2) / 2 + PE
    Total System Jitter     (TSJ):    0.071ns
    Discrete Jitter          (DJ):    0.077ns
    Phase Error              (PE):    0.000ns
  Inter-SLR Compensation: 0.311ns  ((DCD - CCD) * PF)
    Destination Clock Delay (DCD):    4.594ns
    Common Clock Delay      (CCD):    2.518ns
    Prorating Factor         (PF):    0.150

    Location             Delay type                Incr(ns)  Path(ns)    Netlist Resource(s)
  -------------------------------------------------------------------    -------------------
                         (clock mmcm_clkout0 rise edge)
                                                      0.000     0.000 r  
                         clock source latency         0.804     0.804    
                         propagated clock network latency
                                                      3.182     3.986    
    SLICE_X117Y179       FDRE                         0.000     3.986 r  u_ddr_memory/u_ddr_bd/design_1_i/ddr4_0/inst/u_ddr4_mem_intfc/u_ddr_cal_top/calDone_gated_reg/C
    SLICE_X117Y179       FDRE (Prop_HFF_SLICEL_C_Q)
                                                      0.079     4.065 f  u_ddr_memory/u_ddr_bd/design_1_i/ddr4_0/inst/u_ddr4_mem_intfc/u_ddr_cal_top/calDone_gated_reg/Q
                         net (fo=76, estimated)       2.675     6.740    u_ddr_memory/u_ddr_bd/init_calib_complete
    SLR Crossing[0->1]   
    SLICE_X99Y364        LUT2 (Prop_H6LUT_SLICEM_I1_O)
                                                      0.039     6.779 f  u_ddr_memory/u_ddr_bd/active_tensor_base[29]_i_2/O
                         net (fo=5750, estimated)     0.316     7.095    u_ddr_memory/u_video_framebuffer/u_manager/mosaic_grant_reg
    SLICE_X99Y364        LUT2 (Prop_B6LUT_SLICEM_I1_O)
                                                      0.037     7.132 r  u_ddr_memory/u_video_framebuffer/u_manager/slot_version[12][2][31]_i_1/O
                         net (fo=13251, estimated)    1.713     8.845    u_ddr_memory/u_video_framebuffer/u_manager/slot_version
    SLICE_X73Y473        FDRE                                         r  u_ddr_memory/u_video_framebuffer/u_manager/slot_frame_id_reg[8][0][29]/R
  -------------------------------------------------------------------    -------------------

                         (clock mmcm_clkout0 rise edge)
                                                      3.332     3.332 r  
                         clock source latency         1.402     4.734    
                         propagated clock network latency
                                                      3.192     7.926    
                         clock pessimism             -0.476     7.450    
                         inter-SLR compensation      -0.311     7.138    
                         clock uncertainty           -0.052     7.086    
    SLICE_X73Y473        FDRE (Setup_EFF_SLICEL_C_R)
                                                     -0.074     7.012    u_ddr_memory/u_video_framebuffer/u_manager/slot_frame_id_reg[8][0][29]
  -------------------------------------------------------------------
                         required time                          7.012    
                         arrival time                          -8.845    
  -------------------------------------------------------------------
                         slack                                 -1.833    

Slack (VIOLATED) :        -1.833ns  (required time - arrival time)
  Source:                 u_ddr_memory/u_ddr_bd/design_1_i/ddr4_0/inst/u_ddr4_mem_intfc/u_ddr_cal_top/calDone_gated_reg/C
                            (rising edge-triggered cell FDRE clocked by mmcm_clkout0  {rise@0.000ns fall@1.666ns period=3.332ns})
  Destination:            u_ddr_memory/u_video_framebuffer/u_manager/slot_frame_id_reg[8][0][30]/R
                            (rising edge-triggered cell FDRE clocked by mmcm_clkout0  {rise@0.000ns fall@1.666ns period=3.332ns})
  Path Group:             mmcm_clkout0
  Path Type:              Setup (Max at Slow Process Corner)
  Requirement:            3.332ns  (mmcm_clkout0 rise@3.332ns - mmcm_clkout0 rise@0.000ns)
  Data Path Delay:        4.859ns  (logic 0.155ns (3.190%)  route 4.704ns (96.810%))
  Logic Levels:           2  (LUT2=2)
  Clock Path Skew:        0.132ns (DCD - SCD + CPR)
    Destination Clock Delay (DCD):    4.594ns = ( 7.926 - 3.332 ) 
    Source Clock Delay      (SCD):    3.986ns
    Clock Pessimism Removal (CPR):    -0.476ns
  Clock Uncertainty:      0.052ns  ((TSJ^2 + DJ^2)^1/2) / 2 + PE
    Total System Jitter     (TSJ):    0.071ns
    Discrete Jitter          (DJ):    0.077ns
    Phase Error              (PE):    0.000ns
  Inter-SLR Compensation: 0.311ns  ((DCD - CCD) * PF)
    Destination Clock Delay (DCD):    4.594ns
    Common Clock Delay      (CCD):    2.518ns
    Prorating Factor         (PF):    0.150

    Location             Delay type                Incr(ns)  Path(ns)    Netlist Resource(s)
  -------------------------------------------------------------------    -------------------
                         (clock mmcm_clkout0 rise edge)
                                                      0.000     0.000 r  
                         clock source latency         0.804     0.804    
                         propagated clock network latency
                                                      3.182     3.986    
    SLICE_X117Y179       FDRE                         0.000     3.986 r  u_ddr_memory/u_ddr_bd/design_1_i/ddr4_0/inst/u_ddr4_mem_intfc/u_ddr_cal_top/calDone_gated_reg/C
    SLICE_X117Y179       FDRE (Prop_HFF_SLICEL_C_Q)
                                                      0.079     4.065 f  u_ddr_memory/u_ddr_bd/design_1_i/ddr4_0/inst/u_ddr4_mem_intfc/u_ddr_cal_top/calDone_gated_reg/Q
                         net (fo=76, estimated)       2.675     6.740    u_ddr_memory/u_ddr_bd/init_calib_complete
    SLR Crossing[0->1]   
    SLICE_X99Y364        LUT2 (Prop_H6LUT_SLICEM_I1_O)
                                                      0.039     6.779 f  u_ddr_memory/u_ddr_bd/active_tensor_base[29]_i_2/O
                         net (fo=5750, estimated)     0.316     7.095    u_ddr_memory/u_video_framebuffer/u_manager/mosaic_grant_reg
    SLICE_X99Y364        LUT2 (Prop_B6LUT_SLICEM_I1_O)
                                                      0.037     7.132 r  u_ddr_memory/u_video_framebuffer/u_manager/slot_version[12][2][31]_i_1/O
                         net (fo=13251, estimated)    1.713     8.845    u_ddr_memory/u_video_framebuffer/u_manager/slot_version
    SLICE_X73Y473        FDRE                                         r  u_ddr_memory/u_video_framebuffer/u_manager/slot_frame_id_reg[8][0][30]/R
  -------------------------------------------------------------------    -------------------

                         (clock mmcm_clkout0 rise edge)
                                                      3.332     3.332 r  
                         clock source latency         1.402     4.734    
                         propagated clock network latency
                                                      3.192     7.926    
                         clock pessimism             -0.476     7.450    
                         inter-SLR compensation      -0.311     7.138    
                         clock uncertainty           -0.052     7.086    
    SLICE_X73Y473        FDRE (Setup_FFF_SLICEL_C_R)
                                                     -0.074     7.012    u_ddr_memory/u_video_framebuffer/u_manager/slot_frame_id_reg[8][0][30]
  -------------------------------------------------------------------
                         required time                          7.012    
                         arrival time                          -8.845    
  -------------------------------------------------------------------
                         slack                                 -1.833    

Slack (VIOLATED) :        -1.833ns  (required time - arrival time)
  Source:                 u_ddr_memory/u_ddr_bd/design_1_i/ddr4_0/inst/u_ddr4_mem_intfc/u_ddr_cal_top/calDone_gated_reg/C
                            (rising edge-triggered cell FDRE clocked by mmcm_clkout0  {rise@0.000ns fall@1.666ns period=3.332ns})
  Destination:            u_ddr_memory/u_video_framebuffer/u_manager/slot_frame_id_reg[8][0][31]/R
                            (rising edge-triggered cell FDRE clocked by mmcm_clkout0  {rise@0.000ns fall@1.666ns period=3.332ns})
  Path Group:             mmcm_clkout0
  Path Type:              Setup (Max at Slow Process Corner)
  Requirement:            3.332ns  (mmcm_clkout0 rise@3.332ns - mmcm_clkout0 rise@0.000ns)
  Data Path Delay:        4.859ns  (logic 0.155ns (3.190%)  route 4.704ns (96.810%))
  Logic Levels:           2  (LUT2=2)
  Clock Path Skew:        0.132ns (DCD - SCD + CPR)
    Destination Clock Delay (DCD):    4.594ns = ( 7.926 - 3.332 ) 
    Source Clock Delay      (SCD):    3.986ns
    Clock Pessimism Removal (CPR):    -0.476ns
  Clock Uncertainty:      0.052ns  ((TSJ^2 + DJ^2)^1/2) / 2 + PE
    Total System Jitter     (TSJ):    0.071ns
    Discrete Jitter          (DJ):    0.077ns
    Phase Error              (PE):    0.000ns
  Inter-SLR Compensation: 0.311ns  ((DCD - CCD) * PF)
    Destination Clock Delay (DCD):    4.594ns
    Common Clock Delay      (CCD):    2.518ns
    Prorating Factor         (PF):    0.150

    Location             Delay type                Incr(ns)  Path(ns)    Netlist Resource(s)
  -------------------------------------------------------------------    -------------------
                         (clock mmcm_clkout0 rise edge)
                                                      0.000     0.000 r  
                         clock source latency         0.804     0.804    
                         propagated clock network latency
                                                      3.182     3.986    
    SLICE_X117Y179       FDRE                         0.000     3.986 r  u_ddr_memory/u_ddr_bd/design_1_i/ddr4_0/inst/u_ddr4_mem_intfc/u_ddr_cal_top/calDone_gated_reg/C
    SLICE_X117Y179       FDRE (Prop_HFF_SLICEL_C_Q)
                                                      0.079     4.065 f  u_ddr_memory/u_ddr_bd/design_1_i/ddr4_0/inst/u_ddr4_mem_intfc/u_ddr_cal_top/calDone_gated_reg/Q
                         net (fo=76, estimated)       2.675     6.740    u_ddr_memory/u_ddr_bd/init_calib_complete
    SLR Crossing[0->1]   
    SLICE_X99Y364        LUT2 (Prop_H6LUT_SLICEM_I1_O)
                                                      0.039     6.779 f  u_ddr_memory/u_ddr_bd/active_tensor_base[29]_i_2/O
                         net (fo=5750, estimated)     0.316     7.095    u_ddr_memory/u_video_framebuffer/u_manager/mosaic_grant_reg
    SLICE_X99Y364        LUT2 (Prop_B6LUT_SLICEM_I1_O)
                                                      0.037     7.132 r  u_ddr_memory/u_video_framebuffer/u_manager/slot_version[12][2][31]_i_1/O
                         net (fo=13251, estimated)    1.713     8.845    u_ddr_memory/u_video_framebuffer/u_manager/slot_version
    SLICE_X73Y473        FDRE                                         r  u_ddr_memory/u_video_framebuffer/u_manager/slot_frame_id_reg[8][0][31]/R
  -------------------------------------------------------------------    -------------------

                         (clock mmcm_clkout0 rise edge)
                                                      3.332     3.332 r  
                         clock source latency         1.402     4.734    
                         propagated clock network latency
                                                      3.192     7.926    
                         clock pessimism             -0.476     7.450    
                         inter-SLR compensation      -0.311     7.138    
                         clock uncertainty           -0.052     7.086    
    SLICE_X73Y473        FDRE (Setup_GFF_SLICEL_C_R)
                                                     -0.074     7.012    u_ddr_memory/u_video_framebuffer/u_manager/slot_frame_id_reg[8][0][31]
  -------------------------------------------------------------------
                         required time                          7.012    
                         arrival time                          -8.845    
  -------------------------------------------------------------------
                         slack                                 -1.833    

Slack (VIOLATED) :        -1.833ns  (required time - arrival time)
  Source:                 u_ddr_memory/u_ddr_bd/design_1_i/ddr4_0/inst/u_ddr4_mem_intfc/u_ddr_cal_top/calDone_gated_reg/C
                            (rising edge-triggered cell FDRE clocked by mmcm_clkout0  {rise@0.000ns fall@1.666ns period=3.332ns})
  Destination:            u_ddr_memory/u_video_framebuffer/u_manager/slot_frame_id_reg[8][0][32]/R
                            (rising edge-triggered cell FDRE clocked by mmcm_clkout0  {rise@0.000ns fall@1.666ns period=3.332ns})
  Path Group:             mmcm_clkout0
  Path Type:              Setup (Max at Slow Process Corner)
  Requirement:            3.332ns  (mmcm_clkout0 rise@3.332ns - mmcm_clkout0 rise@0.000ns)
  Data Path Delay:        4.859ns  (logic 0.155ns (3.190%)  route 4.704ns (96.810%))
  Logic Levels:           2  (LUT2=2)
  Clock Path Skew:        0.132ns (DCD - SCD + CPR)
    Destination Clock Delay (DCD):    4.594ns = ( 7.926 - 3.332 ) 
    Source Clock Delay      (SCD):    3.986ns
    Clock Pessimism Removal (CPR):    -0.476ns
  Clock Uncertainty:      0.052ns  ((TSJ^2 + DJ^2)^1/2) / 2 + PE
    Total System Jitter     (TSJ):    0.071ns
    Discrete Jitter          (DJ):    0.077ns
    Phase Error              (PE):    0.000ns
  Inter-SLR Compensation: 0.311ns  ((DCD - CCD) * PF)
    Destination Clock Delay (DCD):    4.594ns
    Common Clock Delay      (CCD):    2.518ns
    Prorating Factor         (PF):    0.150

    Location             Delay type                Incr(ns)  Path(ns)    Netlist Resource(s)
  -------------------------------------------------------------------    -------------------
                         (clock mmcm_clkout0 rise edge)
                                                      0.000     0.000 r  
                         clock source latency         0.804     0.804    
                         propagated clock network latency
                                                      3.182     3.986    
    SLICE_X117Y179       FDRE                         0.000     3.986 r  u_ddr_memory/u_ddr_bd/design_1_i/ddr4_0/inst/u_ddr4_mem_intfc/u_ddr_cal_top/calDone_gated_reg/C
    SLICE_X117Y179       FDRE (Prop_HFF_SLICEL_C_Q)
                                                      0.079     4.065 f  u_ddr_memory/u_ddr_bd/design_1_i/ddr4_0/inst/u_ddr4_mem_intfc/u_ddr_cal_top/calDone_gated_reg/Q
                         net (fo=76, estimated)       2.675     6.740    u_ddr_memory/u_ddr_bd/init_calib_complete
    SLR Crossing[0->1]   
    SLICE_X99Y364        LUT2 (Prop_H6LUT_SLICEM_I1_O)
                                                      0.039     6.779 f  u_ddr_memory/u_ddr_bd/active_tensor_base[29]_i_2/O
                         net (fo=5750, estimated)     0.316     7.095    u_ddr_memory/u_video_framebuffer/u_manager/mosaic_grant_reg
    SLICE_X99Y364        LUT2 (Prop_B6LUT_SLICEM_I1_O)
                                                      0.037     7.132 r  u_ddr_memory/u_video_framebuffer/u_manager/slot_version[12][2][31]_i_1/O
                         net (fo=13251, estimated)    1.713     8.845    u_ddr_memory/u_video_framebuffer/u_manager/slot_version
    SLICE_X73Y473        FDRE                                         r  u_ddr_memory/u_video_framebuffer/u_manager/slot_frame_id_reg[8][0][32]/R
  -------------------------------------------------------------------    -------------------

                         (clock mmcm_clkout0 rise edge)
                                                      3.332     3.332 r  
                         clock source latency         1.402     4.734    
                         propagated clock network latency
                                                      3.192     7.926    
                         clock pessimism             -0.476     7.450    
                         inter-SLR compensation      -0.311     7.138    
                         clock uncertainty           -0.052     7.086    
    SLICE_X73Y473        FDRE (Setup_HFF_SLICEL_C_R)
                                                     -0.074     7.012    u_ddr_memory/u_video_framebuffer/u_manager/slot_frame_id_reg[8][0][32]
  -------------------------------------------------------------------
                         required time                          7.012    
                         arrival time                          -8.845    
  -------------------------------------------------------------------
                         slack                                 -1.833    

Slack (VIOLATED) :        -1.833ns  (required time - arrival time)
  Source:                 u_ddr_memory/u_ddr_bd/design_1_i/ddr4_0/inst/u_ddr4_mem_intfc/u_ddr_cal_top/calDone_gated_reg/C
                            (rising edge-triggered cell FDRE clocked by mmcm_clkout0  {rise@0.000ns fall@1.666ns period=3.332ns})
  Destination:            u_ddr_memory/u_video_framebuffer/u_manager/slot_frame_id_reg[8][1][29]/R
                            (rising edge-triggered cell FDRE clocked by mmcm_clkout0  {rise@0.000ns fall@1.666ns period=3.332ns})
  Path Group:             mmcm_clkout0
  Path Type:              Setup (Max at Slow Process Corner)
  Requirement:            3.332ns  (mmcm_clkout0 rise@3.332ns - mmcm_clkout0 rise@0.000ns)
  Data Path Delay:        4.859ns  (logic 0.155ns (3.190%)  route 4.704ns (96.810%))
  Logic Levels:           2  (LUT2=2)
  Clock Path Skew:        0.132ns (DCD - SCD + CPR)
    Destination Clock Delay (DCD):    4.594ns = ( 7.926 - 3.332 ) 
    Source Clock Delay      (SCD):    3.986ns
    Clock Pessimism Removal (CPR):    -0.476ns
  Clock Uncertainty:      0.052ns  ((TSJ^2 + DJ^2)^1/2) / 2 + PE
    Total System Jitter     (TSJ):    0.071ns
    Discrete Jitter          (DJ):    0.077ns
    Phase Error              (PE):    0.000ns
  Inter-SLR Compensation: 0.311ns  ((DCD - CCD) * PF)
    Destination Clock Delay (DCD):    4.594ns
    Common Clock Delay      (CCD):    2.518ns
    Prorating Factor         (PF):    0.150

    Location             Delay type                Incr(ns)  Path(ns)    Netlist Resource(s)
  -------------------------------------------------------------------    -------------------
                         (clock mmcm_clkout0 rise edge)
                                                      0.000     0.000 r  
                         clock source latency         0.804     0.804    
                         propagated clock network latency
                                                      3.182     3.986    
    SLICE_X117Y179       FDRE                         0.000     3.986 r  u_ddr_memory/u_ddr_bd/design_1_i/ddr4_0/inst/u_ddr4_mem_intfc/u_ddr_cal_top/calDone_gated_reg/C
    SLICE_X117Y179       FDRE (Prop_HFF_SLICEL_C_Q)
                                                      0.079     4.065 f  u_ddr_memory/u_ddr_bd/design_1_i/ddr4_0/inst/u_ddr4_mem_intfc/u_ddr_cal_top/calDone_gated_reg/Q
                         net (fo=76, estimated)       2.675     6.740    u_ddr_memory/u_ddr_bd/init_calib_complete
    SLR Crossing[0->1]   
    SLICE_X99Y364        LUT2 (Prop_H6LUT_SLICEM_I1_O)
                                                      0.039     6.779 f  u_ddr_memory/u_ddr_bd/active_tensor_base[29]_i_2/O
                         net (fo=5750, estimated)     0.316     7.095    u_ddr_memory/u_video_framebuffer/u_manager/mosaic_grant_reg
    SLICE_X99Y364        LUT2 (Prop_B6LUT_SLICEM_I1_O)
                                                      0.037     7.132 r  u_ddr_memory/u_video_framebuffer/u_manager/slot_version[12][2][31]_i_1/O
                         net (fo=13251, estimated)    1.713     8.845    u_ddr_memory/u_video_framebuffer/u_manager/slot_version
    SLICE_X73Y473        FDRE                                         r  u_ddr_memory/u_video_framebuffer/u_manager/slot_frame_id_reg[8][1][29]/R
  -------------------------------------------------------------------    -------------------

                         (clock mmcm_clkout0 rise edge)
                                                      3.332     3.332 r  
                         clock source latency         1.402     4.734    
                         propagated clock network latency
                                                      3.192     7.926    
                         clock pessimism             -0.476     7.450    
                         inter-SLR compensation      -0.311     7.138    
                         clock uncertainty           -0.052     7.086    
    SLICE_X73Y473        FDRE (Setup_EFF2_SLICEL_C_R)
                                                     -0.074     7.012    u_ddr_memory/u_video_framebuffer/u_manager/slot_frame_id_reg[8][1][29]
  -------------------------------------------------------------------
                         required time                          7.012    
                         arrival time                          -8.845    
  -------------------------------------------------------------------
                         slack                                 -1.833    

Slack (VIOLATED) :        -1.833ns  (required time - arrival time)
  Source:                 u_ddr_memory/u_ddr_bd/design_1_i/ddr4_0/inst/u_ddr4_mem_intfc/u_ddr_cal_top/calDone_gated_reg/C
                            (rising edge-triggered cell FDRE clocked by mmcm_clkout0  {rise@0.000ns fall@1.666ns period=3.332ns})
  Destination:            u_ddr_memory/u_video_framebuffer/u_manager/slot_frame_id_reg[8][1][30]/R
                            (rising edge-triggered cell FDRE clocked by mmcm_clkout0  {rise@0.000ns fall@1.666ns period=3.332ns})
  Path Group:             mmcm_clkout0
  Path Type:              Setup (Max at Slow Process Corner)
  Requirement:            3.332ns  (mmcm_clkout0 rise@3.332ns - mmcm_clkout0 rise@0.000ns)
  Data Path Delay:        4.859ns  (logic 0.155ns (3.190%)  route 4.704ns (96.810%))
  Logic Levels:           2  (LUT2=2)
  Clock Path Skew:        0.132ns (DCD - SCD + CPR)
    Destination Clock Delay (DCD):    4.594ns = ( 7.926 - 3.332 ) 
    Source Clock Delay      (SCD):    3.986ns
    Clock Pessimism Removal (CPR):    -0.476ns
  Clock Uncertainty:      0.052ns  ((TSJ^2 + DJ^2)^1/2) / 2 + PE
    Total System Jitter     (TSJ):    0.071ns
    Discrete Jitter          (DJ):    0.077ns
    Phase Error              (PE):    0.000ns
  Inter-SLR Compensation: 0.311ns  ((DCD - CCD) * PF)
    Destination Clock Delay (DCD):    4.594ns
    Common Clock Delay      (CCD):    2.518ns
    Prorating Factor         (PF):    0.150

    Location             Delay type                Incr(ns)  Path(ns)    Netlist Resource(s)
  -------------------------------------------------------------------    -------------------
                         (clock mmcm_clkout0 rise edge)
                                                      0.000     0.000 r  
                         clock source latency         0.804     0.804    
                         propagated clock network latency
                                                      3.182     3.986    
    SLICE_X117Y179       FDRE                         0.000     3.986 r  u_ddr_memory/u_ddr_bd/design_1_i/ddr4_0/inst/u_ddr4_mem_intfc/u_ddr_cal_top/calDone_gated_reg/C
    SLICE_X117Y179       FDRE (Prop_HFF_SLICEL_C_Q)
                                                      0.079     4.065 f  u_ddr_memory/u_ddr_bd/design_1_i/ddr4_0/inst/u_ddr4_mem_intfc/u_ddr_cal_top/calDone_gated_reg/Q
                         net (fo=76, estimated)       2.675     6.740    u_ddr_memory/u_ddr_bd/init_calib_complete
    SLR Crossing[0->1]   
    SLICE_X99Y364        LUT2 (Prop_H6LUT_SLICEM_I1_O)
                                                      0.039     6.779 f  u_ddr_memory/u_ddr_bd/active_tensor_base[29]_i_2/O
                         net (fo=5750, estimated)     0.316     7.095    u_ddr_memory/u_video_framebuffer/u_manager/mosaic_grant_reg
    SLICE_X99Y364        LUT2 (Prop_B6LUT_SLICEM_I1_O)
                                                      0.037     7.132 r  u_ddr_memory/u_video_framebuffer/u_manager/slot_version[12][2][31]_i_1/O
                         net (fo=13251, estimated)    1.713     8.845    u_ddr_memory/u_video_framebuffer/u_manager/slot_version
    SLICE_X73Y473        FDRE                                         r  u_ddr_memory/u_video_framebuffer/u_manager/slot_frame_id_reg[8][1][30]/R
  -------------------------------------------------------------------    -------------------

                         (clock mmcm_clkout0 rise edge)
                                                      3.332     3.332 r  
                         clock source latency         1.402     4.734    
                         propagated clock network latency
                                                      3.192     7.926    
                         clock pessimism             -0.476     7.450    
                         inter-SLR compensation      -0.311     7.138    
                         clock uncertainty           -0.052     7.086    
    SLICE_X73Y473        FDRE (Setup_FFF2_SLICEL_C_R)
                                                     -0.074     7.012    u_ddr_memory/u_video_framebuffer/u_manager/slot_frame_id_reg[8][1][30]
  -------------------------------------------------------------------
                         required time                          7.012    
                         arrival time                          -8.845    
  -------------------------------------------------------------------
                         slack                                 -1.833    

Slack (VIOLATED) :        -1.833ns  (required time - arrival time)
  Source:                 u_ddr_memory/u_ddr_bd/design_1_i/ddr4_0/inst/u_ddr4_mem_intfc/u_ddr_cal_top/calDone_gated_reg/C
                            (rising edge-triggered cell FDRE clocked by mmcm_clkout0  {rise@0.000ns fall@1.666ns period=3.332ns})
  Destination:            u_ddr_memory/u_video_framebuffer/u_manager/slot_frame_id_reg[8][1][31]/R
                            (rising edge-triggered cell FDRE clocked by mmcm_clkout0  {rise@0.000ns fall@1.666ns period=3.332ns})
  Path Group:             mmcm_clkout0
  Path Type:              Setup (Max at Slow Process Corner)
  Requirement:            3.332ns  (mmcm_clkout0 rise@3.332ns - mmcm_clkout0 rise@0.000ns)
  Data Path Delay:        4.859ns  (logic 0.155ns (3.190%)  route 4.704ns (96.810%))
  Logic Levels:           2  (LUT2=2)
  Clock Path Skew:        0.132ns (DCD - SCD + CPR)
    Destination Clock Delay (DCD):    4.594ns = ( 7.926 - 3.332 ) 
    Source Clock Delay      (SCD):    3.986ns
    Clock Pessimism Removal (CPR):    -0.476ns
  Clock Uncertainty:      0.052ns  ((TSJ^2 + DJ^2)^1/2) / 2 + PE
    Total System Jitter     (TSJ):    0.071ns
    Discrete Jitter          (DJ):    0.077ns
    Phase Error              (PE):    0.000ns
  Inter-SLR Compensation: 0.311ns  ((DCD - CCD) * PF)
    Destination Clock Delay (DCD):    4.594ns
    Common Clock Delay      (CCD):    2.518ns
    Prorating Factor         (PF):    0.150

    Location             Delay type                Incr(ns)  Path(ns)    Netlist Resource(s)
  -------------------------------------------------------------------    -------------------
                         (clock mmcm_clkout0 rise edge)
                                                      0.000     0.000 r  
                         clock source latency         0.804     0.804    
                         propagated clock network latency
                                                      3.182     3.986    
    SLICE_X117Y179       FDRE                         0.000     3.986 r  u_ddr_memory/u_ddr_bd/design_1_i/ddr4_0/inst/u_ddr4_mem_intfc/u_ddr_cal_top/calDone_gated_reg/C
    SLICE_X117Y179       FDRE (Prop_HFF_SLICEL_C_Q)
                                                      0.079     4.065 f  u_ddr_memory/u_ddr_bd/design_1_i/ddr4_0/inst/u_ddr4_mem_intfc/u_ddr_cal_top/calDone_gated_reg/Q
                         net (fo=76, estimated)       2.675     6.740    u_ddr_memory/u_ddr_bd/init_calib_complete
    SLR Crossing[0->1]   
    SLICE_X99Y364        LUT2 (Prop_H6LUT_SLICEM_I1_O)
                                                      0.039     6.779 f  u_ddr_memory/u_ddr_bd/active_tensor_base[29]_i_2/O
                         net (fo=5750, estimated)     0.316     7.095    u_ddr_memory/u_video_framebuffer/u_manager/mosaic_grant_reg
    SLICE_X99Y364        LUT2 (Prop_B6LUT_SLICEM_I1_O)
                                                      0.037     7.132 r  u_ddr_memory/u_video_framebuffer/u_manager/slot_version[12][2][31]_i_1/O
                         net (fo=13251, estimated)    1.713     8.845    u_ddr_memory/u_video_framebuffer/u_manager/slot_version
    SLICE_X73Y473        FDRE                                         r  u_ddr_memory/u_video_framebuffer/u_manager/slot_frame_id_reg[8][1][31]/R
  -------------------------------------------------------------------    -------------------

                         (clock mmcm_clkout0 rise edge)
                                                      3.332     3.332 r  
                         clock source latency         1.402     4.734    
                         propagated clock network latency
                                                      3.192     7.926    
                         clock pessimism             -0.476     7.450    
                         inter-SLR compensation      -0.311     7.138    
                         clock uncertainty           -0.052     7.086    
    SLICE_X73Y473        FDRE (Setup_GFF2_SLICEL_C_R)
                                                     -0.074     7.012    u_ddr_memory/u_video_framebuffer/u_manager/slot_frame_id_reg[8][1][31]
  -------------------------------------------------------------------
                         required time                          7.012    
                         arrival time                          -8.845    
  -------------------------------------------------------------------
                         slack                                 -1.833    

Slack (VIOLATED) :        -1.833ns  (required time - arrival time)
  Source:                 u_ddr_memory/u_ddr_bd/design_1_i/ddr4_0/inst/u_ddr4_mem_intfc/u_ddr_cal_top/calDone_gated_reg/C
                            (rising edge-triggered cell FDRE clocked by mmcm_clkout0  {rise@0.000ns fall@1.666ns period=3.332ns})
  Destination:            u_ddr_memory/u_video_framebuffer/u_manager/slot_frame_id_reg[8][1][32]/R
                            (rising edge-triggered cell FDRE clocked by mmcm_clkout0  {rise@0.000ns fall@1.666ns period=3.332ns})
  Path Group:             mmcm_clkout0
  Path Type:              Setup (Max at Slow Process Corner)
  Requirement:            3.332ns  (mmcm_clkout0 rise@3.332ns - mmcm_clkout0 rise@0.000ns)
  Data Path Delay:        4.859ns  (logic 0.155ns (3.190%)  route 4.704ns (96.810%))
  Logic Levels:           2  (LUT2=2)
  Clock Path Skew:        0.132ns (DCD - SCD + CPR)
    Destination Clock Delay (DCD):    4.594ns = ( 7.926 - 3.332 ) 
    Source Clock Delay      (SCD):    3.986ns
    Clock Pessimism Removal (CPR):    -0.476ns
  Clock Uncertainty:      0.052ns  ((TSJ^2 + DJ^2)^1/2) / 2 + PE
    Total System Jitter     (TSJ):    0.071ns
    Discrete Jitter          (DJ):    0.077ns
    Phase Error              (PE):    0.000ns
  Inter-SLR Compensation: 0.311ns  ((DCD - CCD) * PF)
    Destination Clock Delay (DCD):    4.594ns
    Common Clock Delay      (CCD):    2.518ns
    Prorating Factor         (PF):    0.150

    Location             Delay type                Incr(ns)  Path(ns)    Netlist Resource(s)
  -------------------------------------------------------------------    -------------------
                         (clock mmcm_clkout0 rise edge)
                                                      0.000     0.000 r  
                         clock source latency         0.804     0.804    
                         propagated clock network latency
                                                      3.182     3.986    
    SLICE_X117Y179       FDRE                         0.000     3.986 r  u_ddr_memory/u_ddr_bd/design_1_i/ddr4_0/inst/u_ddr4_mem_intfc/u_ddr_cal_top/calDone_gated_reg/C
    SLICE_X117Y179       FDRE (Prop_HFF_SLICEL_C_Q)
                                                      0.079     4.065 f  u_ddr_memory/u_ddr_bd/design_1_i/ddr4_0/inst/u_ddr4_mem_intfc/u_ddr_cal_top/calDone_gated_reg/Q
                         net (fo=76, estimated)       2.675     6.740    u_ddr_memory/u_ddr_bd/init_calib_complete
    SLR Crossing[0->1]   
    SLICE_X99Y364        LUT2 (Prop_H6LUT_SLICEM_I1_O)
                                                      0.039     6.779 f  u_ddr_memory/u_ddr_bd/active_tensor_base[29]_i_2/O
                         net (fo=5750, estimated)     0.316     7.095    u_ddr_memory/u_video_framebuffer/u_manager/mosaic_grant_reg
    SLICE_X99Y364        LUT2 (Prop_B6LUT_SLICEM_I1_O)
                                                      0.037     7.132 r  u_ddr_memory/u_video_framebuffer/u_manager/slot_version[12][2][31]_i_1/O
                         net (fo=13251, estimated)    1.713     8.845    u_ddr_memory/u_video_framebuffer/u_manager/slot_version
    SLICE_X73Y473        FDRE                                         r  u_ddr_memory/u_video_framebuffer/u_manager/slot_frame_id_reg[8][1][32]/R
  -------------------------------------------------------------------    -------------------

                         (clock mmcm_clkout0 rise edge)
                                                      3.332     3.332 r  
                         clock source latency         1.402     4.734    
                         propagated clock network latency
                                                      3.192     7.926    
                         clock pessimism             -0.476     7.450    
                         inter-SLR compensation      -0.311     7.138    
                         clock uncertainty           -0.052     7.086    
    SLICE_X73Y473        FDRE (Setup_HFF2_SLICEL_C_R)
                                                     -0.074     7.012    u_ddr_memory/u_video_framebuffer/u_manager/slot_frame_id_reg[8][1][32]
  -------------------------------------------------------------------
                         required time                          7.012    
                         arrival time                          -8.845    
  -------------------------------------------------------------------
                         slack                                 -1.833    

Slack (VIOLATED) :        -1.831ns  (required time - arrival time)
  Source:                 u_ddr_memory/u_ddr_bd/design_1_i/ddr4_0/inst/u_ddr4_mem_intfc/u_ddr_cal_top/calDone_gated_reg/C
                            (rising edge-triggered cell FDRE clocked by mmcm_clkout0  {rise@0.000ns fall@1.666ns period=3.332ns})
  Destination:            u_ddr_memory/u_video_framebuffer/u_manager/channel_frame_id_reg[8][12]/R
                            (rising edge-triggered cell FDRE clocked by mmcm_clkout0  {rise@0.000ns fall@1.666ns period=3.332ns})
  Path Group:             mmcm_clkout0
  Path Type:              Setup (Max at Slow Process Corner)
  Requirement:            3.332ns  (mmcm_clkout0 rise@3.332ns - mmcm_clkout0 rise@0.000ns)
  Data Path Delay:        4.858ns  (logic 0.155ns (3.191%)  route 4.703ns (96.809%))
  Logic Levels:           2  (LUT2=2)
  Clock Path Skew:        0.133ns (DCD - SCD + CPR)
    Destination Clock Delay (DCD):    4.595ns = ( 7.927 - 3.332 ) 
    Source Clock Delay      (SCD):    3.986ns
    Clock Pessimism Removal (CPR):    -0.476ns
  Clock Uncertainty:      0.052ns  ((TSJ^2 + DJ^2)^1/2) / 2 + PE
    Total System Jitter     (TSJ):    0.071ns
    Discrete Jitter          (DJ):    0.077ns
    Phase Error              (PE):    0.000ns
  Inter-SLR Compensation: 0.312ns  ((DCD - CCD) * PF)
    Destination Clock Delay (DCD):    4.595ns
    Common Clock Delay      (CCD):    2.518ns
    Prorating Factor         (PF):    0.150

    Location             Delay type                Incr(ns)  Path(ns)    Netlist Resource(s)
  -------------------------------------------------------------------    -------------------
                         (clock mmcm_clkout0 rise edge)
                                                      0.000     0.000 r  
                         clock source latency         0.804     0.804    
                         propagated clock network latency
                                                      3.182     3.986    
    SLICE_X117Y179       FDRE                         0.000     3.986 r  u_ddr_memory/u_ddr_bd/design_1_i/ddr4_0/inst/u_ddr4_mem_intfc/u_ddr_cal_top/calDone_gated_reg/C
    SLICE_X117Y179       FDRE (Prop_HFF_SLICEL_C_Q)
                                                      0.079     4.065 f  u_ddr_memory/u_ddr_bd/design_1_i/ddr4_0/inst/u_ddr4_mem_intfc/u_ddr_cal_top/calDone_gated_reg/Q
                         net (fo=76, estimated)       2.675     6.740    u_ddr_memory/u_ddr_bd/init_calib_complete
    SLR Crossing[0->1]   
    SLICE_X99Y364        LUT2 (Prop_H6LUT_SLICEM_I1_O)
                                                      0.039     6.779 f  u_ddr_memory/u_ddr_bd/active_tensor_base[29]_i_2/O
                         net (fo=5750, estimated)     0.316     7.095    u_ddr_memory/u_video_framebuffer/u_manager/mosaic_grant_reg
    SLICE_X99Y364        LUT2 (Prop_B6LUT_SLICEM_I1_O)
                                                      0.037     7.132 r  u_ddr_memory/u_video_framebuffer/u_manager/slot_version[12][2][31]_i_1/O
                         net (fo=13251, estimated)    1.712     8.844    u_ddr_memory/u_video_framebuffer/u_manager/slot_version
    SLICE_X74Y471        FDRE                                         r  u_ddr_memory/u_video_framebuffer/u_manager/channel_frame_id_reg[8][12]/R
  -------------------------------------------------------------------    -------------------

                         (clock mmcm_clkout0 rise edge)
                                                      3.332     3.332 r  
                         clock source latency         1.402     4.734    
                         propagated clock network latency
                                                      3.193     7.927    
                         clock pessimism             -0.476     7.451    
                         inter-SLR compensation      -0.312     7.139    
                         clock uncertainty           -0.052     7.087    
    SLICE_X74Y471        FDRE (Setup_EFF_SLICEM_C_R)
                                                     -0.074     7.013    u_ddr_memory/u_video_framebuffer/u_manager/channel_frame_id_reg[8][12]
  -------------------------------------------------------------------
                         required time                          7.013    
                         arrival time                          -8.844    
  -------------------------------------------------------------------
                         slack                                 -1.831    

Slack (VIOLATED) :        -1.831ns  (required time - arrival time)
  Source:                 u_ddr_memory/u_ddr_bd/design_1_i/ddr4_0/inst/u_ddr4_mem_intfc/u_ddr_cal_top/calDone_gated_reg/C
                            (rising edge-triggered cell FDRE clocked by mmcm_clkout0  {rise@0.000ns fall@1.666ns period=3.332ns})
  Destination:            u_ddr_memory/u_video_framebuffer/u_manager/channel_frame_id_reg[8][13]/R
                            (rising edge-triggered cell FDRE clocked by mmcm_clkout0  {rise@0.000ns fall@1.666ns period=3.332ns})
  Path Group:             mmcm_clkout0
  Path Type:              Setup (Max at Slow Process Corner)
  Requirement:            3.332ns  (mmcm_clkout0 rise@3.332ns - mmcm_clkout0 rise@0.000ns)
  Data Path Delay:        4.858ns  (logic 0.155ns (3.191%)  route 4.703ns (96.809%))
  Logic Levels:           2  (LUT2=2)
  Clock Path Skew:        0.133ns (DCD - SCD + CPR)
    Destination Clock Delay (DCD):    4.595ns = ( 7.927 - 3.332 ) 
    Source Clock Delay      (SCD):    3.986ns
    Clock Pessimism Removal (CPR):    -0.476ns
  Clock Uncertainty:      0.052ns  ((TSJ^2 + DJ^2)^1/2) / 2 + PE
    Total System Jitter     (TSJ):    0.071ns
    Discrete Jitter          (DJ):    0.077ns
    Phase Error              (PE):    0.000ns
  Inter-SLR Compensation: 0.312ns  ((DCD - CCD) * PF)
    Destination Clock Delay (DCD):    4.595ns
    Common Clock Delay      (CCD):    2.518ns
    Prorating Factor         (PF):    0.150

    Location             Delay type                Incr(ns)  Path(ns)    Netlist Resource(s)
  -------------------------------------------------------------------    -------------------
                         (clock mmcm_clkout0 rise edge)
                                                      0.000     0.000 r  
                         clock source latency         0.804     0.804    
                         propagated clock network latency
                                                      3.182     3.986    
    SLICE_X117Y179       FDRE                         0.000     3.986 r  u_ddr_memory/u_ddr_bd/design_1_i/ddr4_0/inst/u_ddr4_mem_intfc/u_ddr_cal_top/calDone_gated_reg/C
    SLICE_X117Y179       FDRE (Prop_HFF_SLICEL_C_Q)
                                                      0.079     4.065 f  u_ddr_memory/u_ddr_bd/design_1_i/ddr4_0/inst/u_ddr4_mem_intfc/u_ddr_cal_top/calDone_gated_reg/Q
                         net (fo=76, estimated)       2.675     6.740    u_ddr_memory/u_ddr_bd/init_calib_complete
    SLR Crossing[0->1]   
    SLICE_X99Y364        LUT2 (Prop_H6LUT_SLICEM_I1_O)
                                                      0.039     6.779 f  u_ddr_memory/u_ddr_bd/active_tensor_base[29]_i_2/O
                         net (fo=5750, estimated)     0.316     7.095    u_ddr_memory/u_video_framebuffer/u_manager/mosaic_grant_reg
    SLICE_X99Y364        LUT2 (Prop_B6LUT_SLICEM_I1_O)
                                                      0.037     7.132 r  u_ddr_memory/u_video_framebuffer/u_manager/slot_version[12][2][31]_i_1/O
                         net (fo=13251, estimated)    1.712     8.844    u_ddr_memory/u_video_framebuffer/u_manager/slot_version
    SLICE_X74Y471        FDRE                                         r  u_ddr_memory/u_video_framebuffer/u_manager/channel_frame_id_reg[8][13]/R
  -------------------------------------------------------------------    -------------------

                         (clock mmcm_clkout0 rise edge)
                                                      3.332     3.332 r  
                         clock source latency         1.402     4.734    
                         propagated clock network latency
                                                      3.193     7.927    
                         clock pessimism             -0.476     7.451    
                         inter-SLR compensation      -0.312     7.139    
                         clock uncertainty           -0.052     7.087    
    SLICE_X74Y471        FDRE (Setup_FFF_SLICEM_C_R)
                                                     -0.074     7.013    u_ddr_memory/u_video_framebuffer/u_manager/channel_frame_id_reg[8][13]
  -------------------------------------------------------------------
                         required time                          7.013    
                         arrival time                          -8.844    
  -------------------------------------------------------------------
                         slack                                 -1.831    




