Copyright 1986-2022 Xilinx, Inc. All Rights Reserved. Copyright 2022-2023 Advanced Micro Devices, Inc. All Rights Reserved.
---------------------------------------------------------------------------------------------------------------------------------------------------------------------------
| Tool Version      : Vivado v.2023.2 (lin64) Build 4029153 Fri Oct 13 20:13:54 MDT 2023
| Date              : Tue Aug 25 10:09:10 2026
| Host              : tsmc184 running 64-bit Ubuntu 22.04.5 LTS
| Command           : report_timing -delay_type max -max_paths 30 -nworst 1 -path_type full -file /mnt/data/wzr/13p/ov7670/sixteen_camera/prj/placed_resetfix_worst_30.rpt
| Design            : top_wrapper
| Device            : xcvu13p-fhga2104
| Speed File        : -2  PRODUCTION 1.28 03-30-2022
| Design State      : Fully Placed
| Temperature Grade : I
---------------------------------------------------------------------------------------------------------------------------------------------------------------------------

Timing Report

Slack (VIOLATED) :        -0.896ns  (required time - arrival time)
  Source:                 u_camera_hdmi/u_camera_subsystem/g_camera_frontend[0].u_camera/dvp_vsync_iob_reg/C
                            (rising edge-triggered cell FDRE clocked by mmcm_clkout0  {rise@0.000ns fall@1.666ns period=3.332ns})
  Destination:            u_camera_hdmi/u_camera_subsystem/g_camera_frontend[0].u_camera/dvp_vsync_sync_reg/D
                            (rising edge-triggered cell FDRE clocked by mmcm_clkout0  {rise@0.000ns fall@1.666ns period=3.332ns})
  Path Group:             mmcm_clkout0
  Path Type:              Setup (Max at Slow Process Corner)
  Requirement:            3.332ns  (mmcm_clkout0 rise@3.332ns - mmcm_clkout0 rise@0.000ns)
  Data Path Delay:        3.380ns  (logic 0.478ns (14.142%)  route 2.902ns (85.858%))
  Logic Levels:           0  
  Clock Path Skew:        -0.696ns (DCD - SCD + CPR)
    Destination Clock Delay (DCD):    4.458ns = ( 7.790 - 3.332 ) 
    Source Clock Delay      (SCD):    4.791ns
    Clock Pessimism Removal (CPR):    -0.363ns
  Clock Uncertainty:      0.052ns  ((TSJ^2 + DJ^2)^1/2) / 2 + PE
    Total System Jitter     (TSJ):    0.071ns
    Discrete Jitter          (DJ):    0.077ns
    Phase Error              (PE):    0.000ns
  Inter-SLR Compensation: 0.125ns  ((DCD - CCD) * PF)
    Destination Clock Delay (DCD):    4.458ns
    Common Clock Delay      (CCD):    3.627ns
    Prorating Factor         (PF):    0.150

    Location             Delay type                Incr(ns)  Path(ns)    PBlock               Netlist Resource(s)
  -------------------------------------------------------------------    ----------------------------------------
                         (clock mmcm_clkout0 rise edge)
                                                      0.000     0.000 r                       
                         clock source latency         0.804     0.804                         
                         propagated clock network latency
                                                      3.987     4.791                         
    BITSLICE_RX_TX_X0Y712
                         FDRE                         0.000     4.791 r                       u_camera_hdmi/u_camera_subsystem/g_camera_frontend[0].u_camera/dvp_vsync_iob_reg/C
    BITSLICE_RX_TX_X0Y712
                         FDRE (Prop_IN_FF_BITSLICE_COMPONENT_RX_TX_C_Q)
                                                      0.478     5.269 r                       u_camera_hdmi/u_camera_subsystem/g_camera_frontend[0].u_camera/dvp_vsync_iob_reg/Q
                         net (fo=1, estimated)        2.902     8.171                         u_camera_hdmi/u_camera_subsystem/g_camera_frontend[0].u_camera/dvp_vsync_iob
    SLR Crossing[3->2]   
    SLICE_X111Y610       FDRE                                         r  pblock_dvp_sync_slr3 u_camera_hdmi/u_camera_subsystem/g_camera_frontend[0].u_camera/dvp_vsync_sync_reg/D
  -------------------------------------------------------------------    ----------------------------------------

                         (clock mmcm_clkout0 rise edge)
                                                      3.332     3.332 r                       
                         clock source latency         1.402     4.734                         
                         propagated clock network latency
                                                      3.056     7.790                         
                         clock pessimism             -0.363     7.427                           
                         inter-SLR compensation      -0.125     7.302                           
                         clock uncertainty           -0.052     7.250                           
    SLICE_X111Y610       FDRE (Setup_AFF_SLICEM_C_D)
                                                      0.025     7.275    pblock_dvp_sync_slr3   u_camera_hdmi/u_camera_subsystem/g_camera_frontend[0].u_camera/dvp_vsync_sync_reg
  -------------------------------------------------------------------
                         required time                          7.275                           
                         arrival time                          -8.171                           
  -------------------------------------------------------------------
                         slack                                 -0.896                           

Slack (VIOLATED) :        -0.872ns  (required time - arrival time)
  Source:                 u_camera_hdmi/u_camera_subsystem/g_camera_frontend[0].u_camera/dvp_data_iob_reg[7]/C
                            (rising edge-triggered cell FDRE clocked by mmcm_clkout0  {rise@0.000ns fall@1.666ns period=3.332ns})
  Destination:            u_camera_hdmi/u_camera_subsystem/g_camera_frontend[0].u_camera/dvp_data_sync_reg[7]/D
                            (rising edge-triggered cell FDRE clocked by mmcm_clkout0  {rise@0.000ns fall@1.666ns period=3.332ns})
  Path Group:             mmcm_clkout0
  Path Type:              Setup (Max at Slow Process Corner)
  Requirement:            3.332ns  (mmcm_clkout0 rise@3.332ns - mmcm_clkout0 rise@0.000ns)
  Data Path Delay:        3.301ns  (logic 0.431ns (13.057%)  route 2.870ns (86.943%))
  Logic Levels:           0  
  Clock Path Skew:        -0.727ns (DCD - SCD + CPR)
    Destination Clock Delay (DCD):    4.438ns = ( 7.770 - 3.332 ) 
    Source Clock Delay      (SCD):    4.784ns
    Clock Pessimism Removal (CPR):    -0.381ns
  Clock Uncertainty:      0.052ns  ((TSJ^2 + DJ^2)^1/2) / 2 + PE
    Total System Jitter     (TSJ):    0.071ns
    Discrete Jitter          (DJ):    0.077ns
    Phase Error              (PE):    0.000ns
  Inter-SLR Compensation: 0.149ns  ((DCD - CCD) * PF)
    Destination Clock Delay (DCD):    4.438ns
    Common Clock Delay      (CCD):    3.444ns
    Prorating Factor         (PF):    0.150

    Location             Delay type                Incr(ns)  Path(ns)    PBlock               Netlist Resource(s)
  -------------------------------------------------------------------    ----------------------------------------
                         (clock mmcm_clkout0 rise edge)
                                                      0.000     0.000 r                       
                         clock source latency         0.804     0.804                         
                         propagated clock network latency
                                                      3.980     4.784                         
    BITSLICE_RX_TX_X0Y678
                         FDRE                         0.000     4.784 r                       u_camera_hdmi/u_camera_subsystem/g_camera_frontend[0].u_camera/dvp_data_iob_reg[7]/C
    BITSLICE_RX_TX_X0Y678
                         FDRE (Prop_IN_FF_BITSLICE_COMPONENT_RX_TX_C_Q)
                                                      0.431     5.215 r                       u_camera_hdmi/u_camera_subsystem/g_camera_frontend[0].u_camera/dvp_data_iob_reg[7]/Q
                         net (fo=1, estimated)        2.870     8.085                         u_camera_hdmi/u_camera_subsystem/g_camera_frontend[0].u_camera/dvp_data_iob[7]
    SLR Crossing[3->2]   
    SLICE_X107Y583       FDRE                                         r  pblock_dvp_sync_slr3 u_camera_hdmi/u_camera_subsystem/g_camera_frontend[0].u_camera/dvp_data_sync_reg[7]/D
  -------------------------------------------------------------------    ----------------------------------------

                         (clock mmcm_clkout0 rise edge)
                                                      3.332     3.332 r                       
                         clock source latency         1.402     4.734                         
                         propagated clock network latency
                                                      3.036     7.770                         
                         clock pessimism             -0.381     7.389                           
                         inter-SLR compensation      -0.149     7.239                           
                         clock uncertainty           -0.052     7.187                           
    SLICE_X107Y583       FDRE (Setup_AFF_SLICEM_C_D)
                                                      0.025     7.212    pblock_dvp_sync_slr3   u_camera_hdmi/u_camera_subsystem/g_camera_frontend[0].u_camera/dvp_data_sync_reg[7]
  -------------------------------------------------------------------
                         required time                          7.212                           
                         arrival time                          -8.085                           
  -------------------------------------------------------------------
                         slack                                 -0.872                           

Slack (VIOLATED) :        -0.847ns  (required time - arrival time)
  Source:                 u_camera_hdmi/u_camera_subsystem/g_camera_frontend[0].capture_resetn_local_sync_reg[1]/C
                            (rising edge-triggered cell FDRE clocked by mmcm_clkout0  {rise@0.000ns fall@1.666ns period=3.332ns})
  Destination:            u_camera_hdmi/u_camera_subsystem/g_camera_frontend[0].u_camera/dvp_vsync_sync_reg/R
                            (rising edge-triggered cell FDRE clocked by mmcm_clkout0  {rise@0.000ns fall@1.666ns period=3.332ns})
  Path Group:             mmcm_clkout0
  Path Type:              Setup (Max at Slow Process Corner)
  Requirement:            3.332ns  (mmcm_clkout0 rise@3.332ns - mmcm_clkout0 rise@0.000ns)
  Data Path Delay:        3.534ns  (logic 0.080ns (2.264%)  route 3.454ns (97.736%))
  Logic Levels:           0  
  Clock Path Skew:        -0.256ns (DCD - SCD + CPR)
    Destination Clock Delay (DCD):    4.458ns = ( 7.790 - 3.332 ) 
    Source Clock Delay      (SCD):    4.260ns
    Clock Pessimism Removal (CPR):    -0.454ns
  Clock Uncertainty:      0.052ns  ((TSJ^2 + DJ^2)^1/2) / 2 + PE
    Total System Jitter     (TSJ):    0.071ns
    Discrete Jitter          (DJ):    0.077ns
    Phase Error              (PE):    0.000ns
  Inter-SLR Compensation: 0.262ns  ((DCD - CCD) * PF)
    Destination Clock Delay (DCD):    4.458ns
    Common Clock Delay      (CCD):    2.708ns
    Prorating Factor         (PF):    0.150

    Location             Delay type                Incr(ns)  Path(ns)    PBlock               Netlist Resource(s)
  -------------------------------------------------------------------    ----------------------------------------
                         (clock mmcm_clkout0 rise edge)
                                                      0.000     0.000 r                       
                         clock source latency         0.804     0.804                         
                         propagated clock network latency
                                                      3.456     4.260                         
    SLICE_X79Y347        FDRE                         0.000     4.260 r                       u_camera_hdmi/u_camera_subsystem/g_camera_frontend[0].capture_resetn_local_sync_reg[1]/C
    SLICE_X79Y347        FDRE (Prop_BFF2_SLICEL_C_Q)
                                                      0.080     4.340 f                       u_camera_hdmi/u_camera_subsystem/g_camera_frontend[0].capture_resetn_local_sync_reg[1]/Q
                         net (fo=3490, estimated)     3.454     7.794                         u_camera_hdmi/u_camera_subsystem/g_camera_frontend[0].u_camera/stats_snapshot_video_seen_reg_0[0]
    SLR Crossing[1->2]   
    SLICE_X111Y610       FDRE                                         r  pblock_dvp_sync_slr3 u_camera_hdmi/u_camera_subsystem/g_camera_frontend[0].u_camera/dvp_vsync_sync_reg/R  (IS_INVERTED)
  -------------------------------------------------------------------    ----------------------------------------

                         (clock mmcm_clkout0 rise edge)
                                                      3.332     3.332 r                       
                         clock source latency         1.402     4.734                         
                         propagated clock network latency
                                                      3.056     7.790                         
                         clock pessimism             -0.454     7.336                           
                         inter-SLR compensation      -0.262     7.073                           
                         clock uncertainty           -0.052     7.021                           
    SLICE_X111Y610       FDRE (Setup_AFF_SLICEM_C_R)
                                                     -0.074     6.947    pblock_dvp_sync_slr3   u_camera_hdmi/u_camera_subsystem/g_camera_frontend[0].u_camera/dvp_vsync_sync_reg
  -------------------------------------------------------------------
                         required time                          6.947                           
                         arrival time                          -7.794                           
  -------------------------------------------------------------------
                         slack                                 -0.847                           

Slack (VIOLATED) :        -0.812ns  (required time - arrival time)
  Source:                 u_camera_hdmi/u_camera_subsystem/g_camera_frontend[0].u_camera/dvp_data_iob_reg[4]/C
                            (rising edge-triggered cell FDRE clocked by mmcm_clkout0  {rise@0.000ns fall@1.666ns period=3.332ns})
  Destination:            u_camera_hdmi/u_camera_subsystem/g_camera_frontend[0].u_camera/dvp_data_sync_reg[4]/D
                            (rising edge-triggered cell FDRE clocked by mmcm_clkout0  {rise@0.000ns fall@1.666ns period=3.332ns})
  Path Group:             mmcm_clkout0
  Path Type:              Setup (Max at Slow Process Corner)
  Requirement:            3.332ns  (mmcm_clkout0 rise@3.332ns - mmcm_clkout0 rise@0.000ns)
  Data Path Delay:        3.253ns  (logic 0.349ns (10.729%)  route 2.904ns (89.271%))
  Logic Levels:           0  
  Clock Path Skew:        -0.715ns (DCD - SCD + CPR)
    Destination Clock Delay (DCD):    4.438ns = ( 7.770 - 3.332 ) 
    Source Clock Delay      (SCD):    4.772ns
    Clock Pessimism Removal (CPR):    -0.381ns
  Clock Uncertainty:      0.052ns  ((TSJ^2 + DJ^2)^1/2) / 2 + PE
    Total System Jitter     (TSJ):    0.071ns
    Discrete Jitter          (DJ):    0.077ns
    Phase Error              (PE):    0.000ns
  Inter-SLR Compensation: 0.149ns  ((DCD - CCD) * PF)
    Destination Clock Delay (DCD):    4.438ns
    Common Clock Delay      (CCD):    3.444ns
    Prorating Factor         (PF):    0.150

    Location             Delay type                Incr(ns)  Path(ns)    PBlock               Netlist Resource(s)
  -------------------------------------------------------------------    ----------------------------------------
                         (clock mmcm_clkout0 rise edge)
                                                      0.000     0.000 r                       
                         clock source latency         0.804     0.804                         
                         propagated clock network latency
                                                      3.968     4.772                         
    BITSLICE_RX_TX_X0Y690
                         FDRE                         0.000     4.772 r                       u_camera_hdmi/u_camera_subsystem/g_camera_frontend[0].u_camera/dvp_data_iob_reg[4]/C
    BITSLICE_RX_TX_X0Y690
                         FDRE (Prop_IN_FF_BITSLICE_COMPONENT_RX_TX_C_Q)
                                                      0.349     5.121 r                       u_camera_hdmi/u_camera_subsystem/g_camera_frontend[0].u_camera/dvp_data_iob_reg[4]/Q
                         net (fo=1, estimated)        2.904     8.025                         u_camera_hdmi/u_camera_subsystem/g_camera_frontend[0].u_camera/dvp_data_iob[4]
    SLR Crossing[3->2]   
    SLICE_X107Y584       FDRE                                         r  pblock_dvp_sync_slr3 u_camera_hdmi/u_camera_subsystem/g_camera_frontend[0].u_camera/dvp_data_sync_reg[4]/D
  -------------------------------------------------------------------    ----------------------------------------

                         (clock mmcm_clkout0 rise edge)
                                                      3.332     3.332 r                       
                         clock source latency         1.402     4.734                         
                         propagated clock network latency
                                                      3.036     7.770                         
                         clock pessimism             -0.381     7.389                           
                         inter-SLR compensation      -0.149     7.239                           
                         clock uncertainty           -0.052     7.187                           
    SLICE_X107Y584       FDRE (Setup_AFF_SLICEM_C_D)
                                                      0.025     7.212    pblock_dvp_sync_slr3   u_camera_hdmi/u_camera_subsystem/g_camera_frontend[0].u_camera/dvp_data_sync_reg[4]
  -------------------------------------------------------------------
                         required time                          7.212                           
                         arrival time                          -8.025                           
  -------------------------------------------------------------------
                         slack                                 -0.812                           

Slack (VIOLATED) :        -0.771ns  (required time - arrival time)
  Source:                 u_camera_hdmi/u_camera_subsystem/g_camera_frontend[0].u_camera/dvp_data_iob_reg[2]/C
                            (rising edge-triggered cell FDRE clocked by mmcm_clkout0  {rise@0.000ns fall@1.666ns period=3.332ns})
  Destination:            u_camera_hdmi/u_camera_subsystem/g_camera_frontend[0].u_camera/dvp_data_sync_reg[2]/D
                            (rising edge-triggered cell FDRE clocked by mmcm_clkout0  {rise@0.000ns fall@1.666ns period=3.332ns})
  Path Group:             mmcm_clkout0
  Path Type:              Setup (Max at Slow Process Corner)
  Requirement:            3.332ns  (mmcm_clkout0 rise@3.332ns - mmcm_clkout0 rise@0.000ns)
  Data Path Delay:        3.199ns  (logic 0.428ns (13.379%)  route 2.771ns (86.621%))
  Logic Levels:           0  
  Clock Path Skew:        -0.728ns (DCD - SCD + CPR)
    Destination Clock Delay (DCD):    4.433ns = ( 7.765 - 3.332 ) 
    Source Clock Delay      (SCD):    4.780ns
    Clock Pessimism Removal (CPR):    -0.381ns
  Clock Uncertainty:      0.052ns  ((TSJ^2 + DJ^2)^1/2) / 2 + PE
    Total System Jitter     (TSJ):    0.071ns
    Discrete Jitter          (DJ):    0.077ns
    Phase Error              (PE):    0.000ns
  Inter-SLR Compensation: 0.148ns  ((DCD - CCD) * PF)
    Destination Clock Delay (DCD):    4.433ns
    Common Clock Delay      (CCD):    3.444ns
    Prorating Factor         (PF):    0.150

    Location             Delay type                Incr(ns)  Path(ns)    PBlock               Netlist Resource(s)
  -------------------------------------------------------------------    ----------------------------------------
                         (clock mmcm_clkout0 rise edge)
                                                      0.000     0.000 r                       
                         clock source latency         0.804     0.804                         
                         propagated clock network latency
                                                      3.976     4.780                         
    BITSLICE_RX_TX_X0Y692
                         FDRE                         0.000     4.780 r                       u_camera_hdmi/u_camera_subsystem/g_camera_frontend[0].u_camera/dvp_data_iob_reg[2]/C
    BITSLICE_RX_TX_X0Y692
                         FDRE (Prop_IN_FF_BITSLICE_COMPONENT_RX_TX_C_Q)
                                                      0.428     5.208 r                       u_camera_hdmi/u_camera_subsystem/g_camera_frontend[0].u_camera/dvp_data_iob_reg[2]/Q
                         net (fo=1, estimated)        2.771     7.979                         u_camera_hdmi/u_camera_subsystem/g_camera_frontend[0].u_camera/dvp_data_iob[2]
    SLR Crossing[3->2]   
    SLICE_X112Y597       FDRE                                         r  pblock_dvp_sync_slr3 u_camera_hdmi/u_camera_subsystem/g_camera_frontend[0].u_camera/dvp_data_sync_reg[2]/D
  -------------------------------------------------------------------    ----------------------------------------

                         (clock mmcm_clkout0 rise edge)
                                                      3.332     3.332 r                       
                         clock source latency         1.402     4.734                         
                         propagated clock network latency
                                                      3.031     7.765                         
                         clock pessimism             -0.381     7.384                           
                         inter-SLR compensation      -0.148     7.235                           
                         clock uncertainty           -0.052     7.183                           
    SLICE_X112Y597       FDRE (Setup_FFF2_SLICEL_C_D)
                                                      0.025     7.208    pblock_dvp_sync_slr3   u_camera_hdmi/u_camera_subsystem/g_camera_frontend[0].u_camera/dvp_data_sync_reg[2]
  -------------------------------------------------------------------
                         required time                          7.208                           
                         arrival time                          -7.979                           
  -------------------------------------------------------------------
                         slack                                 -0.771                           

Slack (VIOLATED) :        -0.768ns  (required time - arrival time)
  Source:                 u_camera_hdmi/u_camera_subsystem/g_camera_frontend[0].capture_resetn_local_sync_reg[1]/C
                            (rising edge-triggered cell FDRE clocked by mmcm_clkout0  {rise@0.000ns fall@1.666ns period=3.332ns})
  Destination:            u_camera_hdmi/u_camera_subsystem/g_camera_frontend[0].u_camera/dvp_data_sync_reg[2]/R
                            (rising edge-triggered cell FDRE clocked by mmcm_clkout0  {rise@0.000ns fall@1.666ns period=3.332ns})
  Path Group:             mmcm_clkout0
  Path Type:              Setup (Max at Slow Process Corner)
  Requirement:            3.332ns  (mmcm_clkout0 rise@3.332ns - mmcm_clkout0 rise@0.000ns)
  Data Path Delay:        3.434ns  (logic 0.080ns (2.330%)  route 3.354ns (97.670%))
  Logic Levels:           0  
  Clock Path Skew:        -0.281ns (DCD - SCD + CPR)
    Destination Clock Delay (DCD):    4.433ns = ( 7.765 - 3.332 ) 
    Source Clock Delay      (SCD):    4.260ns
    Clock Pessimism Removal (CPR):    -0.454ns
  Clock Uncertainty:      0.052ns  ((TSJ^2 + DJ^2)^1/2) / 2 + PE
    Total System Jitter     (TSJ):    0.071ns
    Discrete Jitter          (DJ):    0.077ns
    Phase Error              (PE):    0.000ns
  Inter-SLR Compensation: 0.259ns  ((DCD - CCD) * PF)
    Destination Clock Delay (DCD):    4.433ns
    Common Clock Delay      (CCD):    2.708ns
    Prorating Factor         (PF):    0.150

    Location             Delay type                Incr(ns)  Path(ns)    PBlock               Netlist Resource(s)
  -------------------------------------------------------------------    ----------------------------------------
                         (clock mmcm_clkout0 rise edge)
                                                      0.000     0.000 r                       
                         clock source latency         0.804     0.804                         
                         propagated clock network latency
                                                      3.456     4.260                         
    SLICE_X79Y347        FDRE                         0.000     4.260 r                       u_camera_hdmi/u_camera_subsystem/g_camera_frontend[0].capture_resetn_local_sync_reg[1]/C
    SLICE_X79Y347        FDRE (Prop_BFF2_SLICEL_C_Q)
                                                      0.080     4.340 f                       u_camera_hdmi/u_camera_subsystem/g_camera_frontend[0].capture_resetn_local_sync_reg[1]/Q
                         net (fo=3490, estimated)     3.354     7.694                         u_camera_hdmi/u_camera_subsystem/g_camera_frontend[0].u_camera/stats_snapshot_video_seen_reg_0[0]
    SLR Crossing[1->2]   
    SLICE_X112Y597       FDRE                                         r  pblock_dvp_sync_slr3 u_camera_hdmi/u_camera_subsystem/g_camera_frontend[0].u_camera/dvp_data_sync_reg[2]/R  (IS_INVERTED)
  -------------------------------------------------------------------    ----------------------------------------

                         (clock mmcm_clkout0 rise edge)
                                                      3.332     3.332 r                       
                         clock source latency         1.402     4.734                         
                         propagated clock network latency
                                                      3.031     7.765                         
                         clock pessimism             -0.454     7.311                           
                         inter-SLR compensation      -0.259     7.052                           
                         clock uncertainty           -0.052     6.999                           
    SLICE_X112Y597       FDRE (Setup_FFF2_SLICEL_C_R)
                                                     -0.074     6.925    pblock_dvp_sync_slr3   u_camera_hdmi/u_camera_subsystem/g_camera_frontend[0].u_camera/dvp_data_sync_reg[2]
  -------------------------------------------------------------------
                         required time                          6.925                           
                         arrival time                          -7.694                           
  -------------------------------------------------------------------
                         slack                                 -0.768                           

Slack (VIOLATED) :        -0.747ns  (required time - arrival time)
  Source:                 u_camera_hdmi/u_camera_subsystem/g_camera_frontend[0].u_camera/dvp_data_iob_reg[3]/C
                            (rising edge-triggered cell FDRE clocked by mmcm_clkout0  {rise@0.000ns fall@1.666ns period=3.332ns})
  Destination:            u_camera_hdmi/u_camera_subsystem/g_camera_frontend[0].u_camera/dvp_data_sync_reg[3]/D
                            (rising edge-triggered cell FDRE clocked by mmcm_clkout0  {rise@0.000ns fall@1.666ns period=3.332ns})
  Path Group:             mmcm_clkout0
  Path Type:              Setup (Max at Slow Process Corner)
  Requirement:            3.332ns  (mmcm_clkout0 rise@3.332ns - mmcm_clkout0 rise@0.000ns)
  Data Path Delay:        3.172ns  (logic 0.431ns (13.588%)  route 2.741ns (86.412%))
  Logic Levels:           0  
  Clock Path Skew:        -0.731ns (DCD - SCD + CPR)
    Destination Clock Delay (DCD):    4.433ns = ( 7.765 - 3.332 ) 
    Source Clock Delay      (SCD):    4.783ns
    Clock Pessimism Removal (CPR):    -0.381ns
  Clock Uncertainty:      0.052ns  ((TSJ^2 + DJ^2)^1/2) / 2 + PE
    Total System Jitter     (TSJ):    0.071ns
    Discrete Jitter          (DJ):    0.077ns
    Phase Error              (PE):    0.000ns
  Inter-SLR Compensation: 0.148ns  ((DCD - CCD) * PF)
    Destination Clock Delay (DCD):    4.433ns
    Common Clock Delay      (CCD):    3.444ns
    Prorating Factor         (PF):    0.150

    Location             Delay type                Incr(ns)  Path(ns)    PBlock               Netlist Resource(s)
  -------------------------------------------------------------------    ----------------------------------------
                         (clock mmcm_clkout0 rise edge)
                                                      0.000     0.000 r                       
                         clock source latency         0.804     0.804                         
                         propagated clock network latency
                                                      3.979     4.783                         
    BITSLICE_RX_TX_X0Y691
                         FDRE                         0.000     4.783 r                       u_camera_hdmi/u_camera_subsystem/g_camera_frontend[0].u_camera/dvp_data_iob_reg[3]/C
    BITSLICE_RX_TX_X0Y691
                         FDRE (Prop_IN_FF_BITSLICE_COMPONENT_RX_TX_C_Q)
                                                      0.431     5.214 r                       u_camera_hdmi/u_camera_subsystem/g_camera_frontend[0].u_camera/dvp_data_iob_reg[3]/Q
                         net (fo=1, estimated)        2.741     7.955                         u_camera_hdmi/u_camera_subsystem/g_camera_frontend[0].u_camera/dvp_data_iob[3]
    SLR Crossing[3->2]   
    SLICE_X112Y596       FDRE                                         r  pblock_dvp_sync_slr3 u_camera_hdmi/u_camera_subsystem/g_camera_frontend[0].u_camera/dvp_data_sync_reg[3]/D
  -------------------------------------------------------------------    ----------------------------------------

                         (clock mmcm_clkout0 rise edge)
                                                      3.332     3.332 r                       
                         clock source latency         1.402     4.734                         
                         propagated clock network latency
                                                      3.031     7.765                         
                         clock pessimism             -0.381     7.384                           
                         inter-SLR compensation      -0.148     7.235                           
                         clock uncertainty           -0.052     7.183                           
    SLICE_X112Y596       FDRE (Setup_FFF2_SLICEL_C_D)
                                                      0.025     7.208    pblock_dvp_sync_slr3   u_camera_hdmi/u_camera_subsystem/g_camera_frontend[0].u_camera/dvp_data_sync_reg[3]
  -------------------------------------------------------------------
                         required time                          7.208                           
                         arrival time                          -7.955                           
  -------------------------------------------------------------------
                         slack                                 -0.747                           

Slack (VIOLATED) :        -0.736ns  (required time - arrival time)
  Source:                 u_camera_hdmi/u_camera_subsystem/g_camera_frontend[0].capture_resetn_local_sync_reg[1]/C
                            (rising edge-triggered cell FDRE clocked by mmcm_clkout0  {rise@0.000ns fall@1.666ns period=3.332ns})
  Destination:            u_camera_hdmi/u_camera_subsystem/g_camera_frontend[0].u_camera/dvp_data_sync_reg[3]/R
                            (rising edge-triggered cell FDRE clocked by mmcm_clkout0  {rise@0.000ns fall@1.666ns period=3.332ns})
  Path Group:             mmcm_clkout0
  Path Type:              Setup (Max at Slow Process Corner)
  Requirement:            3.332ns  (mmcm_clkout0 rise@3.332ns - mmcm_clkout0 rise@0.000ns)
  Data Path Delay:        3.402ns  (logic 0.080ns (2.352%)  route 3.322ns (97.648%))
  Logic Levels:           0  
  Clock Path Skew:        -0.281ns (DCD - SCD + CPR)
    Destination Clock Delay (DCD):    4.433ns = ( 7.765 - 3.332 ) 
    Source Clock Delay      (SCD):    4.260ns
    Clock Pessimism Removal (CPR):    -0.454ns
  Clock Uncertainty:      0.052ns  ((TSJ^2 + DJ^2)^1/2) / 2 + PE
    Total System Jitter     (TSJ):    0.071ns
    Discrete Jitter          (DJ):    0.077ns
    Phase Error              (PE):    0.000ns
  Inter-SLR Compensation: 0.259ns  ((DCD - CCD) * PF)
    Destination Clock Delay (DCD):    4.433ns
    Common Clock Delay      (CCD):    2.708ns
    Prorating Factor         (PF):    0.150

    Location             Delay type                Incr(ns)  Path(ns)    PBlock               Netlist Resource(s)
  -------------------------------------------------------------------    ----------------------------------------
                         (clock mmcm_clkout0 rise edge)
                                                      0.000     0.000 r                       
                         clock source latency         0.804     0.804                         
                         propagated clock network latency
                                                      3.456     4.260                         
    SLICE_X79Y347        FDRE                         0.000     4.260 r                       u_camera_hdmi/u_camera_subsystem/g_camera_frontend[0].capture_resetn_local_sync_reg[1]/C
    SLICE_X79Y347        FDRE (Prop_BFF2_SLICEL_C_Q)
                                                      0.080     4.340 f                       u_camera_hdmi/u_camera_subsystem/g_camera_frontend[0].capture_resetn_local_sync_reg[1]/Q
                         net (fo=3490, estimated)     3.322     7.662                         u_camera_hdmi/u_camera_subsystem/g_camera_frontend[0].u_camera/stats_snapshot_video_seen_reg_0[0]
    SLR Crossing[1->2]   
    SLICE_X112Y596       FDRE                                         r  pblock_dvp_sync_slr3 u_camera_hdmi/u_camera_subsystem/g_camera_frontend[0].u_camera/dvp_data_sync_reg[3]/R  (IS_INVERTED)
  -------------------------------------------------------------------    ----------------------------------------

                         (clock mmcm_clkout0 rise edge)
                                                      3.332     3.332 r                       
                         clock source latency         1.402     4.734                         
                         propagated clock network latency
                                                      3.031     7.765                         
                         clock pessimism             -0.454     7.311                           
                         inter-SLR compensation      -0.259     7.052                           
                         clock uncertainty           -0.052     6.999                           
    SLICE_X112Y596       FDRE (Setup_FFF2_SLICEL_C_R)
                                                     -0.074     6.925    pblock_dvp_sync_slr3   u_camera_hdmi/u_camera_subsystem/g_camera_frontend[0].u_camera/dvp_data_sync_reg[3]
  -------------------------------------------------------------------
                         required time                          6.925                           
                         arrival time                          -7.662                           
  -------------------------------------------------------------------
                         slack                                 -0.736                           

Slack (VIOLATED) :        -0.736ns  (required time - arrival time)
  Source:                 u_camera_hdmi/u_camera_subsystem/g_camera_frontend[0].capture_resetn_local_sync_reg[1]/C
                            (rising edge-triggered cell FDRE clocked by mmcm_clkout0  {rise@0.000ns fall@1.666ns period=3.332ns})
  Destination:            u_camera_hdmi/u_camera_subsystem/g_camera_frontend[0].u_camera/dvp_href_sync_reg/R
                            (rising edge-triggered cell FDRE clocked by mmcm_clkout0  {rise@0.000ns fall@1.666ns period=3.332ns})
  Path Group:             mmcm_clkout0
  Path Type:              Setup (Max at Slow Process Corner)
  Requirement:            3.332ns  (mmcm_clkout0 rise@3.332ns - mmcm_clkout0 rise@0.000ns)
  Data Path Delay:        3.402ns  (logic 0.080ns (2.352%)  route 3.322ns (97.648%))
  Logic Levels:           0  
  Clock Path Skew:        -0.281ns (DCD - SCD + CPR)
    Destination Clock Delay (DCD):    4.433ns = ( 7.765 - 3.332 ) 
    Source Clock Delay      (SCD):    4.260ns
    Clock Pessimism Removal (CPR):    -0.454ns
  Clock Uncertainty:      0.052ns  ((TSJ^2 + DJ^2)^1/2) / 2 + PE
    Total System Jitter     (TSJ):    0.071ns
    Discrete Jitter          (DJ):    0.077ns
    Phase Error              (PE):    0.000ns
  Inter-SLR Compensation: 0.259ns  ((DCD - CCD) * PF)
    Destination Clock Delay (DCD):    4.433ns
    Common Clock Delay      (CCD):    2.708ns
    Prorating Factor         (PF):    0.150

    Location             Delay type                Incr(ns)  Path(ns)    PBlock               Netlist Resource(s)
  -------------------------------------------------------------------    ----------------------------------------
                         (clock mmcm_clkout0 rise edge)
                                                      0.000     0.000 r                       
                         clock source latency         0.804     0.804                         
                         propagated clock network latency
                                                      3.456     4.260                         
    SLICE_X79Y347        FDRE                         0.000     4.260 r                       u_camera_hdmi/u_camera_subsystem/g_camera_frontend[0].capture_resetn_local_sync_reg[1]/C
    SLICE_X79Y347        FDRE (Prop_BFF2_SLICEL_C_Q)
                                                      0.080     4.340 f                       u_camera_hdmi/u_camera_subsystem/g_camera_frontend[0].capture_resetn_local_sync_reg[1]/Q
                         net (fo=3490, estimated)     3.322     7.662                         u_camera_hdmi/u_camera_subsystem/g_camera_frontend[0].u_camera/stats_snapshot_video_seen_reg_0[0]
    SLR Crossing[1->2]   
    SLICE_X112Y596       FDRE                                         r  pblock_dvp_sync_slr3 u_camera_hdmi/u_camera_subsystem/g_camera_frontend[0].u_camera/dvp_href_sync_reg/R  (IS_INVERTED)
  -------------------------------------------------------------------    ----------------------------------------

                         (clock mmcm_clkout0 rise edge)
                                                      3.332     3.332 r                       
                         clock source latency         1.402     4.734                         
                         propagated clock network latency
                                                      3.031     7.765                         
                         clock pessimism             -0.454     7.311                           
                         inter-SLR compensation      -0.259     7.052                           
                         clock uncertainty           -0.052     6.999                           
    SLICE_X112Y596       FDRE (Setup_GFF2_SLICEL_C_R)
                                                     -0.074     6.925    pblock_dvp_sync_slr3   u_camera_hdmi/u_camera_subsystem/g_camera_frontend[0].u_camera/dvp_href_sync_reg
  -------------------------------------------------------------------
                         required time                          6.925                           
                         arrival time                          -7.662                           
  -------------------------------------------------------------------
                         slack                                 -0.736                           

Slack (VIOLATED) :        -0.725ns  (required time - arrival time)
  Source:                 u_camera_hdmi/u_camera_subsystem/g_camera_frontend[1].u_camera/dvp_data_iob_reg[3]/C
                            (rising edge-triggered cell FDRE clocked by mmcm_clkout0  {rise@0.000ns fall@1.666ns period=3.332ns})
  Destination:            u_camera_hdmi/u_camera_subsystem/g_camera_frontend[1].u_camera/dvp_data_sync_reg[3]/D
                            (rising edge-triggered cell FDRE clocked by mmcm_clkout0  {rise@0.000ns fall@1.666ns period=3.332ns})
  Path Group:             mmcm_clkout0
  Path Type:              Setup (Max at Slow Process Corner)
  Requirement:            3.332ns  (mmcm_clkout0 rise@3.332ns - mmcm_clkout0 rise@0.000ns)
  Data Path Delay:        3.148ns  (logic 0.369ns (11.722%)  route 2.779ns (88.278%))
  Logic Levels:           0  
  Clock Path Skew:        -0.762ns (DCD - SCD + CPR)
    Destination Clock Delay (DCD):    4.422ns = ( 7.754 - 3.332 ) 
    Source Clock Delay      (SCD):    4.821ns
    Clock Pessimism Removal (CPR):    -0.363ns
  Clock Uncertainty:      0.052ns  ((TSJ^2 + DJ^2)^1/2) / 2 + PE
    Total System Jitter     (TSJ):    0.071ns
    Discrete Jitter          (DJ):    0.077ns
    Phase Error              (PE):    0.000ns
  Inter-SLR Compensation: 0.119ns  ((DCD - CCD) * PF)
    Destination Clock Delay (DCD):    4.422ns
    Common Clock Delay      (CCD):    3.627ns
    Prorating Factor         (PF):    0.150

    Location             Delay type                Incr(ns)  Path(ns)    PBlock               Netlist Resource(s)
  -------------------------------------------------------------------    ----------------------------------------
                         (clock mmcm_clkout0 rise edge)
                                                      0.000     0.000 r                       
                         clock source latency         0.804     0.804                         
                         propagated clock network latency
                                                      4.017     4.821                         
    BITSLICE_RX_TX_X0Y710
                         FDRE                         0.000     4.821 r                       u_camera_hdmi/u_camera_subsystem/g_camera_frontend[1].u_camera/dvp_data_iob_reg[3]/C
    BITSLICE_RX_TX_X0Y710
                         FDRE (Prop_IN_FF_BITSLICE_COMPONENT_RX_TX_C_Q)
                                                      0.369     5.190 r                       u_camera_hdmi/u_camera_subsystem/g_camera_frontend[1].u_camera/dvp_data_iob_reg[3]/Q
                         net (fo=1, estimated)        2.779     7.969                         u_camera_hdmi/u_camera_subsystem/g_camera_frontend[1].u_camera/dvp_data_iob[3]
    SLR Crossing[3->2]   
    SLICE_X113Y628       FDRE                                         r  pblock_dvp_sync_slr3 u_camera_hdmi/u_camera_subsystem/g_camera_frontend[1].u_camera/dvp_data_sync_reg[3]/D
  -------------------------------------------------------------------    ----------------------------------------

                         (clock mmcm_clkout0 rise edge)
                                                      3.332     3.332 r                       
                         clock source latency         1.402     4.734                         
                         propagated clock network latency
                                                      3.020     7.754                         
                         clock pessimism             -0.363     7.391                           
                         inter-SLR compensation      -0.119     7.271                           
                         clock uncertainty           -0.052     7.219                           
    SLICE_X113Y628       FDRE (Setup_DFF_SLICEL_C_D)
                                                      0.025     7.244    pblock_dvp_sync_slr3   u_camera_hdmi/u_camera_subsystem/g_camera_frontend[1].u_camera/dvp_data_sync_reg[3]
  -------------------------------------------------------------------
                         required time                          7.244                           
                         arrival time                          -7.969                           
  -------------------------------------------------------------------
                         slack                                 -0.725                           

Slack (VIOLATED) :        -0.718ns  (required time - arrival time)
  Source:                 u_camera_hdmi/u_camera_subsystem/g_camera_frontend[0].capture_resetn_local_sync_reg[1]/C
                            (rising edge-triggered cell FDRE clocked by mmcm_clkout0  {rise@0.000ns fall@1.666ns period=3.332ns})
  Destination:            u_camera_hdmi/u_camera_subsystem/g_camera_frontend[0].u_camera/dvp_pclk_sync_reg/R
                            (rising edge-triggered cell FDRE clocked by mmcm_clkout0  {rise@0.000ns fall@1.666ns period=3.332ns})
  Path Group:             mmcm_clkout0
  Path Type:              Setup (Max at Slow Process Corner)
  Requirement:            3.332ns  (mmcm_clkout0 rise@3.332ns - mmcm_clkout0 rise@0.000ns)
  Data Path Delay:        3.384ns  (logic 0.080ns (2.364%)  route 3.304ns (97.636%))
  Logic Levels:           0  
  Clock Path Skew:        -0.281ns (DCD - SCD + CPR)
    Destination Clock Delay (DCD):    4.433ns = ( 7.765 - 3.332 ) 
    Source Clock Delay      (SCD):    4.260ns
    Clock Pessimism Removal (CPR):    -0.454ns
  Clock Uncertainty:      0.052ns  ((TSJ^2 + DJ^2)^1/2) / 2 + PE
    Total System Jitter     (TSJ):    0.071ns
    Discrete Jitter          (DJ):    0.077ns
    Phase Error              (PE):    0.000ns
  Inter-SLR Compensation: 0.259ns  ((DCD - CCD) * PF)
    Destination Clock Delay (DCD):    4.433ns
    Common Clock Delay      (CCD):    2.708ns
    Prorating Factor         (PF):    0.150

    Location             Delay type                Incr(ns)  Path(ns)    PBlock               Netlist Resource(s)
  -------------------------------------------------------------------    ----------------------------------------
                         (clock mmcm_clkout0 rise edge)
                                                      0.000     0.000 r                       
                         clock source latency         0.804     0.804                         
                         propagated clock network latency
                                                      3.456     4.260                         
    SLICE_X79Y347        FDRE                         0.000     4.260 r                       u_camera_hdmi/u_camera_subsystem/g_camera_frontend[0].capture_resetn_local_sync_reg[1]/C
    SLICE_X79Y347        FDRE (Prop_BFF2_SLICEL_C_Q)
                                                      0.080     4.340 f                       u_camera_hdmi/u_camera_subsystem/g_camera_frontend[0].capture_resetn_local_sync_reg[1]/Q
                         net (fo=3490, estimated)     3.304     7.644                         u_camera_hdmi/u_camera_subsystem/g_camera_frontend[0].u_camera/stats_snapshot_video_seen_reg_0[0]
    SLR Crossing[1->2]   
    SLICE_X112Y594       FDRE                                         r  pblock_dvp_sync_slr3 u_camera_hdmi/u_camera_subsystem/g_camera_frontend[0].u_camera/dvp_pclk_sync_reg/R  (IS_INVERTED)
  -------------------------------------------------------------------    ----------------------------------------

                         (clock mmcm_clkout0 rise edge)
                                                      3.332     3.332 r                       
                         clock source latency         1.402     4.734                         
                         propagated clock network latency
                                                      3.031     7.765                         
                         clock pessimism             -0.454     7.311                           
                         inter-SLR compensation      -0.259     7.052                           
                         clock uncertainty           -0.052     6.999                           
    SLICE_X112Y594       FDRE (Setup_EFF_SLICEL_C_R)
                                                     -0.074     6.925    pblock_dvp_sync_slr3   u_camera_hdmi/u_camera_subsystem/g_camera_frontend[0].u_camera/dvp_pclk_sync_reg
  -------------------------------------------------------------------
                         required time                          6.925                           
                         arrival time                          -7.644                           
  -------------------------------------------------------------------
                         slack                                 -0.718                           

Slack (VIOLATED) :        -0.703ns  (required time - arrival time)
  Source:                 u_camera_hdmi/u_camera_subsystem/g_camera_frontend[0].u_camera/dvp_pclk_iob_reg/C
                            (rising edge-triggered cell FDRE clocked by mmcm_clkout0  {rise@0.000ns fall@1.666ns period=3.332ns})
  Destination:            u_camera_hdmi/u_camera_subsystem/g_camera_frontend[0].u_camera/dvp_pclk_sync_reg/D
                            (rising edge-triggered cell FDRE clocked by mmcm_clkout0  {rise@0.000ns fall@1.666ns period=3.332ns})
  Path Group:             mmcm_clkout0
  Path Type:              Setup (Max at Slow Process Corner)
  Requirement:            3.332ns  (mmcm_clkout0 rise@3.332ns - mmcm_clkout0 rise@0.000ns)
  Data Path Delay:        3.139ns  (logic 0.251ns (7.996%)  route 2.888ns (92.004%))
  Logic Levels:           0  
  Clock Path Skew:        -0.720ns (DCD - SCD + CPR)
    Destination Clock Delay (DCD):    4.433ns = ( 7.765 - 3.332 ) 
    Source Clock Delay      (SCD):    4.772ns
    Clock Pessimism Removal (CPR):    -0.381ns
  Clock Uncertainty:      0.052ns  ((TSJ^2 + DJ^2)^1/2) / 2 + PE
    Total System Jitter     (TSJ):    0.071ns
    Discrete Jitter          (DJ):    0.077ns
    Phase Error              (PE):    0.000ns
  Inter-SLR Compensation: 0.148ns  ((DCD - CCD) * PF)
    Destination Clock Delay (DCD):    4.433ns
    Common Clock Delay      (CCD):    3.444ns
    Prorating Factor         (PF):    0.150

    Location             Delay type                Incr(ns)  Path(ns)    PBlock               Netlist Resource(s)
  -------------------------------------------------------------------    ----------------------------------------
                         (clock mmcm_clkout0 rise edge)
                                                      0.000     0.000 r                       
                         clock source latency         0.804     0.804                         
                         propagated clock network latency
                                                      3.968     4.772                         
    BITSLICE_RX_TX_X0Y702
                         FDRE                         0.000     4.772 r                       u_camera_hdmi/u_camera_subsystem/g_camera_frontend[0].u_camera/dvp_pclk_iob_reg/C
    BITSLICE_RX_TX_X0Y702
                         FDRE (Prop_IN_FF_BITSLICE_COMPONENT_RX_TX_C_Q)
                                                      0.251     5.023 r                       u_camera_hdmi/u_camera_subsystem/g_camera_frontend[0].u_camera/dvp_pclk_iob_reg/Q
                         net (fo=1, estimated)        2.888     7.911                         u_camera_hdmi/u_camera_subsystem/g_camera_frontend[0].u_camera/dvp_pclk_iob
    SLR Crossing[3->2]   
    SLICE_X112Y594       FDRE                                         r  pblock_dvp_sync_slr3 u_camera_hdmi/u_camera_subsystem/g_camera_frontend[0].u_camera/dvp_pclk_sync_reg/D
  -------------------------------------------------------------------    ----------------------------------------

                         (clock mmcm_clkout0 rise edge)
                                                      3.332     3.332 r                       
                         clock source latency         1.402     4.734                         
                         propagated clock network latency
                                                      3.031     7.765                         
                         clock pessimism             -0.381     7.384                           
                         inter-SLR compensation      -0.148     7.235                           
                         clock uncertainty           -0.052     7.183                           
    SLICE_X112Y594       FDRE (Setup_EFF_SLICEL_C_D)
                                                      0.025     7.208    pblock_dvp_sync_slr3   u_camera_hdmi/u_camera_subsystem/g_camera_frontend[0].u_camera/dvp_pclk_sync_reg
  -------------------------------------------------------------------
                         required time                          7.208                           
                         arrival time                          -7.911                           
  -------------------------------------------------------------------
                         slack                                 -0.703                           

Slack (VIOLATED) :        -0.701ns  (required time - arrival time)
  Source:                 u_camera_hdmi/u_camera_subsystem/g_camera_frontend[0].u_camera/dvp_href_iob_reg/C
                            (rising edge-triggered cell FDRE clocked by mmcm_clkout0  {rise@0.000ns fall@1.666ns period=3.332ns})
  Destination:            u_camera_hdmi/u_camera_subsystem/g_camera_frontend[0].u_camera/dvp_href_sync_reg/D
                            (rising edge-triggered cell FDRE clocked by mmcm_clkout0  {rise@0.000ns fall@1.666ns period=3.332ns})
  Path Group:             mmcm_clkout0
  Path Type:              Setup (Max at Slow Process Corner)
  Requirement:            3.332ns  (mmcm_clkout0 rise@3.332ns - mmcm_clkout0 rise@0.000ns)
  Data Path Delay:        3.138ns  (logic 0.294ns (9.369%)  route 2.844ns (90.631%))
  Logic Levels:           0  
  Clock Path Skew:        -0.719ns (DCD - SCD + CPR)
    Destination Clock Delay (DCD):    4.433ns = ( 7.765 - 3.332 ) 
    Source Clock Delay      (SCD):    4.771ns
    Clock Pessimism Removal (CPR):    -0.381ns
  Clock Uncertainty:      0.052ns  ((TSJ^2 + DJ^2)^1/2) / 2 + PE
    Total System Jitter     (TSJ):    0.071ns
    Discrete Jitter          (DJ):    0.077ns
    Phase Error              (PE):    0.000ns
  Inter-SLR Compensation: 0.148ns  ((DCD - CCD) * PF)
    Destination Clock Delay (DCD):    4.433ns
    Common Clock Delay      (CCD):    3.444ns
    Prorating Factor         (PF):    0.150

    Location             Delay type                Incr(ns)  Path(ns)    PBlock               Netlist Resource(s)
  -------------------------------------------------------------------    ----------------------------------------
                         (clock mmcm_clkout0 rise edge)
                                                      0.000     0.000 r                       
                         clock source latency         0.804     0.804                         
                         propagated clock network latency
                                                      3.967     4.771                         
    BITSLICE_RX_TX_X0Y708
                         FDRE                         0.000     4.771 r                       u_camera_hdmi/u_camera_subsystem/g_camera_frontend[0].u_camera/dvp_href_iob_reg/C
    BITSLICE_RX_TX_X0Y708
                         FDRE (Prop_IN_FF_BITSLICE_COMPONENT_RX_TX_C_Q)
                                                      0.294     5.065 r                       u_camera_hdmi/u_camera_subsystem/g_camera_frontend[0].u_camera/dvp_href_iob_reg/Q
                         net (fo=1, estimated)        2.844     7.909                         u_camera_hdmi/u_camera_subsystem/g_camera_frontend[0].u_camera/dvp_href_iob
    SLR Crossing[3->2]   
    SLICE_X112Y596       FDRE                                         r  pblock_dvp_sync_slr3 u_camera_hdmi/u_camera_subsystem/g_camera_frontend[0].u_camera/dvp_href_sync_reg/D
  -------------------------------------------------------------------    ----------------------------------------

                         (clock mmcm_clkout0 rise edge)
                                                      3.332     3.332 r                       
                         clock source latency         1.402     4.734                         
                         propagated clock network latency
                                                      3.031     7.765                         
                         clock pessimism             -0.381     7.384                           
                         inter-SLR compensation      -0.148     7.235                           
                         clock uncertainty           -0.052     7.183                           
    SLICE_X112Y596       FDRE (Setup_GFF2_SLICEL_C_D)
                                                      0.025     7.208    pblock_dvp_sync_slr3   u_camera_hdmi/u_camera_subsystem/g_camera_frontend[0].u_camera/dvp_href_sync_reg
  -------------------------------------------------------------------
                         required time                          7.208                           
                         arrival time                          -7.909                           
  -------------------------------------------------------------------
                         slack                                 -0.701                           

Slack (VIOLATED) :        -0.696ns  (required time - arrival time)
  Source:                 u_camera_hdmi/u_camera_subsystem/g_camera_frontend[0].u_camera/dvp_data_iob_reg[1]/C
                            (rising edge-triggered cell FDRE clocked by mmcm_clkout0  {rise@0.000ns fall@1.666ns period=3.332ns})
  Destination:            u_camera_hdmi/u_camera_subsystem/g_camera_frontend[0].u_camera/dvp_data_sync_reg[1]/D
                            (rising edge-triggered cell FDRE clocked by mmcm_clkout0  {rise@0.000ns fall@1.666ns period=3.332ns})
  Path Group:             mmcm_clkout0
  Path Type:              Setup (Max at Slow Process Corner)
  Requirement:            3.332ns  (mmcm_clkout0 rise@3.332ns - mmcm_clkout0 rise@0.000ns)
  Data Path Delay:        3.200ns  (logic 0.310ns (9.687%)  route 2.890ns (90.312%))
  Logic Levels:           0  
  Clock Path Skew:        -0.675ns (DCD - SCD + CPR)
    Destination Clock Delay (DCD):    4.466ns = ( 7.798 - 3.332 ) 
    Source Clock Delay      (SCD):    4.778ns
    Clock Pessimism Removal (CPR):    -0.363ns
  Clock Uncertainty:      0.052ns  ((TSJ^2 + DJ^2)^1/2) / 2 + PE
    Total System Jitter     (TSJ):    0.071ns
    Discrete Jitter          (DJ):    0.077ns
    Phase Error              (PE):    0.000ns
  Inter-SLR Compensation: 0.126ns  ((DCD - CCD) * PF)
    Destination Clock Delay (DCD):    4.466ns
    Common Clock Delay      (CCD):    3.627ns
    Prorating Factor         (PF):    0.150

    Location             Delay type                Incr(ns)  Path(ns)    PBlock               Netlist Resource(s)
  -------------------------------------------------------------------    ----------------------------------------
                         (clock mmcm_clkout0 rise edge)
                                                      0.000     0.000 r                       
                         clock source latency         0.804     0.804                         
                         propagated clock network latency
                                                      3.974     4.778                         
    BITSLICE_RX_TX_X0Y680
                         FDRE                         0.000     4.778 r                       u_camera_hdmi/u_camera_subsystem/g_camera_frontend[0].u_camera/dvp_data_iob_reg[1]/C
    BITSLICE_RX_TX_X0Y680
                         FDRE (Prop_IN_FF_BITSLICE_COMPONENT_RX_TX_C_Q)
                                                      0.310     5.088 r                       u_camera_hdmi/u_camera_subsystem/g_camera_frontend[0].u_camera/dvp_data_iob_reg[1]/Q
                         net (fo=1, estimated)        2.890     7.978                         u_camera_hdmi/u_camera_subsystem/g_camera_frontend[0].u_camera/dvp_data_iob[1]
    SLR Crossing[3->2]   
    SLICE_X103Y600       FDRE                                         r  pblock_dvp_sync_slr3 u_camera_hdmi/u_camera_subsystem/g_camera_frontend[0].u_camera/dvp_data_sync_reg[1]/D
  -------------------------------------------------------------------    ----------------------------------------

                         (clock mmcm_clkout0 rise edge)
                                                      3.332     3.332 r                       
                         clock source latency         1.402     4.734                         
                         propagated clock network latency
                                                      3.064     7.798                         
                         clock pessimism             -0.363     7.435                           
                         inter-SLR compensation      -0.126     7.309                           
                         clock uncertainty           -0.052     7.256                           
    SLICE_X103Y600       FDRE (Setup_AFF_SLICEL_C_D)
                                                      0.025     7.281    pblock_dvp_sync_slr3   u_camera_hdmi/u_camera_subsystem/g_camera_frontend[0].u_camera/dvp_data_sync_reg[1]
  -------------------------------------------------------------------
                         required time                          7.281                           
                         arrival time                          -7.978                           
  -------------------------------------------------------------------
                         slack                                 -0.696                           

Slack (VIOLATED) :        -0.682ns  (required time - arrival time)
  Source:                 u_camera_hdmi/u_camera_subsystem/g_camera_frontend[0].capture_resetn_local_sync_reg[1]/C
                            (rising edge-triggered cell FDRE clocked by mmcm_clkout0  {rise@0.000ns fall@1.666ns period=3.332ns})
  Destination:            u_camera_hdmi/u_camera_subsystem/g_camera_frontend[0].u_camera/dvp_data_sync_reg[6]/R
                            (rising edge-triggered cell FDRE clocked by mmcm_clkout0  {rise@0.000ns fall@1.666ns period=3.332ns})
  Path Group:             mmcm_clkout0
  Path Type:              Setup (Max at Slow Process Corner)
  Requirement:            3.332ns  (mmcm_clkout0 rise@3.332ns - mmcm_clkout0 rise@0.000ns)
  Data Path Delay:        3.347ns  (logic 0.080ns (2.390%)  route 3.267ns (97.610%))
  Logic Levels:           0  
  Clock Path Skew:        -0.282ns (DCD - SCD + CPR)
    Destination Clock Delay (DCD):    4.432ns = ( 7.764 - 3.332 ) 
    Source Clock Delay      (SCD):    4.260ns
    Clock Pessimism Removal (CPR):    -0.454ns
  Clock Uncertainty:      0.052ns  ((TSJ^2 + DJ^2)^1/2) / 2 + PE
    Total System Jitter     (TSJ):    0.071ns
    Discrete Jitter          (DJ):    0.077ns
    Phase Error              (PE):    0.000ns
  Inter-SLR Compensation: 0.259ns  ((DCD - CCD) * PF)
    Destination Clock Delay (DCD):    4.432ns
    Common Clock Delay      (CCD):    2.708ns
    Prorating Factor         (PF):    0.150

    Location             Delay type                Incr(ns)  Path(ns)    PBlock               Netlist Resource(s)
  -------------------------------------------------------------------    ----------------------------------------
                         (clock mmcm_clkout0 rise edge)
                                                      0.000     0.000 r                       
                         clock source latency         0.804     0.804                         
                         propagated clock network latency
                                                      3.456     4.260                         
    SLICE_X79Y347        FDRE                         0.000     4.260 r                       u_camera_hdmi/u_camera_subsystem/g_camera_frontend[0].capture_resetn_local_sync_reg[1]/C
    SLICE_X79Y347        FDRE (Prop_BFF2_SLICEL_C_Q)
                                                      0.080     4.340 f                       u_camera_hdmi/u_camera_subsystem/g_camera_frontend[0].capture_resetn_local_sync_reg[1]/Q
                         net (fo=3490, estimated)     3.267     7.607                         u_camera_hdmi/u_camera_subsystem/g_camera_frontend[0].u_camera/stats_snapshot_video_seen_reg_0[0]
    SLR Crossing[1->2]   
    SLICE_X112Y591       FDRE                                         r  pblock_dvp_sync_slr3 u_camera_hdmi/u_camera_subsystem/g_camera_frontend[0].u_camera/dvp_data_sync_reg[6]/R  (IS_INVERTED)
  -------------------------------------------------------------------    ----------------------------------------

                         (clock mmcm_clkout0 rise edge)
                                                      3.332     3.332 r                       
                         clock source latency         1.402     4.734                         
                         propagated clock network latency
                                                      3.030     7.764                         
                         clock pessimism             -0.454     7.310                           
                         inter-SLR compensation      -0.259     7.051                           
                         clock uncertainty           -0.052     6.999                           
    SLICE_X112Y591       FDRE (Setup_FFF2_SLICEL_C_R)
                                                     -0.074     6.925    pblock_dvp_sync_slr3   u_camera_hdmi/u_camera_subsystem/g_camera_frontend[0].u_camera/dvp_data_sync_reg[6]
  -------------------------------------------------------------------
                         required time                          6.925                           
                         arrival time                          -7.607                           
  -------------------------------------------------------------------
                         slack                                 -0.682                           

Slack (VIOLATED) :        -0.681ns  (required time - arrival time)
  Source:                 u_camera_hdmi/u_camera_subsystem/g_camera_frontend[0].u_camera/dvp_data_iob_reg[6]/C
                            (rising edge-triggered cell FDRE clocked by mmcm_clkout0  {rise@0.000ns fall@1.666ns period=3.332ns})
  Destination:            u_camera_hdmi/u_camera_subsystem/g_camera_frontend[0].u_camera/dvp_data_sync_reg[6]/D
                            (rising edge-triggered cell FDRE clocked by mmcm_clkout0  {rise@0.000ns fall@1.666ns period=3.332ns})
  Path Group:             mmcm_clkout0
  Path Type:              Setup (Max at Slow Process Corner)
  Requirement:            3.332ns  (mmcm_clkout0 rise@3.332ns - mmcm_clkout0 rise@0.000ns)
  Data Path Delay:        3.107ns  (logic 0.428ns (13.775%)  route 2.679ns (86.225%))
  Logic Levels:           0  
  Clock Path Skew:        -0.730ns (DCD - SCD + CPR)
    Destination Clock Delay (DCD):    4.432ns = ( 7.764 - 3.332 ) 
    Source Clock Delay      (SCD):    4.781ns
    Clock Pessimism Removal (CPR):    -0.381ns
  Clock Uncertainty:      0.052ns  ((TSJ^2 + DJ^2)^1/2) / 2 + PE
    Total System Jitter     (TSJ):    0.071ns
    Discrete Jitter          (DJ):    0.077ns
    Phase Error              (PE):    0.000ns
  Inter-SLR Compensation: 0.148ns  ((DCD - CCD) * PF)
    Destination Clock Delay (DCD):    4.432ns
    Common Clock Delay      (CCD):    3.444ns
    Prorating Factor         (PF):    0.150

    Location             Delay type                Incr(ns)  Path(ns)    PBlock               Netlist Resource(s)
  -------------------------------------------------------------------    ----------------------------------------
                         (clock mmcm_clkout0 rise edge)
                                                      0.000     0.000 r                       
                         clock source latency         0.804     0.804                         
                         propagated clock network latency
                                                      3.977     4.781                         
    BITSLICE_RX_TX_X0Y679
                         FDRE                         0.000     4.781 r                       u_camera_hdmi/u_camera_subsystem/g_camera_frontend[0].u_camera/dvp_data_iob_reg[6]/C
    BITSLICE_RX_TX_X0Y679
                         FDRE (Prop_IN_FF_BITSLICE_COMPONENT_RX_TX_C_Q)
                                                      0.428     5.209 r                       u_camera_hdmi/u_camera_subsystem/g_camera_frontend[0].u_camera/dvp_data_iob_reg[6]/Q
                         net (fo=1, estimated)        2.679     7.888                         u_camera_hdmi/u_camera_subsystem/g_camera_frontend[0].u_camera/dvp_data_iob[6]
    SLR Crossing[3->2]   
    SLICE_X112Y591       FDRE                                         r  pblock_dvp_sync_slr3 u_camera_hdmi/u_camera_subsystem/g_camera_frontend[0].u_camera/dvp_data_sync_reg[6]/D
  -------------------------------------------------------------------    ----------------------------------------

                         (clock mmcm_clkout0 rise edge)
                                                      3.332     3.332 r                       
                         clock source latency         1.402     4.734                         
                         propagated clock network latency
                                                      3.030     7.764                         
                         clock pessimism             -0.381     7.383                           
                         inter-SLR compensation      -0.148     7.234                           
                         clock uncertainty           -0.052     7.182                           
    SLICE_X112Y591       FDRE (Setup_FFF2_SLICEL_C_D)
                                                      0.025     7.207    pblock_dvp_sync_slr3   u_camera_hdmi/u_camera_subsystem/g_camera_frontend[0].u_camera/dvp_data_sync_reg[6]
  -------------------------------------------------------------------
                         required time                          7.207                           
                         arrival time                          -7.888                           
  -------------------------------------------------------------------
                         slack                                 -0.681                           

Slack (VIOLATED) :        -0.664ns  (required time - arrival time)
  Source:                 u_camera_hdmi/u_camera_subsystem/g_camera_frontend[0].capture_resetn_local_sync_reg[1]/C
                            (rising edge-triggered cell FDRE clocked by mmcm_clkout0  {rise@0.000ns fall@1.666ns period=3.332ns})
  Destination:            u_camera_hdmi/u_camera_subsystem/g_camera_frontend[0].u_camera/dvp_data_sync_reg[1]/R
                            (rising edge-triggered cell FDRE clocked by mmcm_clkout0  {rise@0.000ns fall@1.666ns period=3.332ns})
  Path Group:             mmcm_clkout0
  Path Type:              Setup (Max at Slow Process Corner)
  Requirement:            3.332ns  (mmcm_clkout0 rise@3.332ns - mmcm_clkout0 rise@0.000ns)
  Data Path Delay:        3.358ns  (logic 0.080ns (2.382%)  route 3.278ns (97.618%))
  Logic Levels:           0  
  Clock Path Skew:        -0.248ns (DCD - SCD + CPR)
    Destination Clock Delay (DCD):    4.466ns = ( 7.798 - 3.332 ) 
    Source Clock Delay      (SCD):    4.260ns
    Clock Pessimism Removal (CPR):    -0.454ns
  Clock Uncertainty:      0.052ns  ((TSJ^2 + DJ^2)^1/2) / 2 + PE
    Total System Jitter     (TSJ):    0.071ns
    Discrete Jitter          (DJ):    0.077ns
    Phase Error              (PE):    0.000ns
  Inter-SLR Compensation: 0.264ns  ((DCD - CCD) * PF)
    Destination Clock Delay (DCD):    4.466ns
    Common Clock Delay      (CCD):    2.708ns
    Prorating Factor         (PF):    0.150

    Location             Delay type                Incr(ns)  Path(ns)    PBlock               Netlist Resource(s)
  -------------------------------------------------------------------    ----------------------------------------
                         (clock mmcm_clkout0 rise edge)
                                                      0.000     0.000 r                       
                         clock source latency         0.804     0.804                         
                         propagated clock network latency
                                                      3.456     4.260                         
    SLICE_X79Y347        FDRE                         0.000     4.260 r                       u_camera_hdmi/u_camera_subsystem/g_camera_frontend[0].capture_resetn_local_sync_reg[1]/C
    SLICE_X79Y347        FDRE (Prop_BFF2_SLICEL_C_Q)
                                                      0.080     4.340 f                       u_camera_hdmi/u_camera_subsystem/g_camera_frontend[0].capture_resetn_local_sync_reg[1]/Q
                         net (fo=3490, estimated)     3.278     7.618                         u_camera_hdmi/u_camera_subsystem/g_camera_frontend[0].u_camera/stats_snapshot_video_seen_reg_0[0]
    SLR Crossing[1->2]   
    SLICE_X103Y600       FDRE                                         r  pblock_dvp_sync_slr3 u_camera_hdmi/u_camera_subsystem/g_camera_frontend[0].u_camera/dvp_data_sync_reg[1]/R  (IS_INVERTED)
  -------------------------------------------------------------------    ----------------------------------------

                         (clock mmcm_clkout0 rise edge)
                                                      3.332     3.332 r                       
                         clock source latency         1.402     4.734                         
                         propagated clock network latency
                                                      3.064     7.798                         
                         clock pessimism             -0.454     7.344                           
                         inter-SLR compensation      -0.264     7.080                           
                         clock uncertainty           -0.052     7.028                           
    SLICE_X103Y600       FDRE (Setup_AFF_SLICEL_C_R)
                                                     -0.074     6.954    pblock_dvp_sync_slr3   u_camera_hdmi/u_camera_subsystem/g_camera_frontend[0].u_camera/dvp_data_sync_reg[1]
  -------------------------------------------------------------------
                         required time                          6.954                           
                         arrival time                          -7.618                           
  -------------------------------------------------------------------
                         slack                                 -0.664                           

Slack (VIOLATED) :        -0.653ns  (required time - arrival time)
  Source:                 u_camera_hdmi/u_camera_subsystem/g_camera_frontend[0].capture_resetn_local_sync_reg[1]/C
                            (rising edge-triggered cell FDRE clocked by mmcm_clkout0  {rise@0.000ns fall@1.666ns period=3.332ns})
  Destination:            u_camera_hdmi/u_camera_subsystem/g_camera_frontend[0].u_camera/dvp_data_sync_reg[0]/R
                            (rising edge-triggered cell FDRE clocked by mmcm_clkout0  {rise@0.000ns fall@1.666ns period=3.332ns})
  Path Group:             mmcm_clkout0
  Path Type:              Setup (Max at Slow Process Corner)
  Requirement:            3.332ns  (mmcm_clkout0 rise@3.332ns - mmcm_clkout0 rise@0.000ns)
  Data Path Delay:        3.327ns  (logic 0.080ns (2.405%)  route 3.247ns (97.595%))
  Logic Levels:           0  
  Clock Path Skew:        -0.272ns (DCD - SCD + CPR)
    Destination Clock Delay (DCD):    4.442ns = ( 7.774 - 3.332 ) 
    Source Clock Delay      (SCD):    4.260ns
    Clock Pessimism Removal (CPR):    -0.454ns
  Clock Uncertainty:      0.052ns  ((TSJ^2 + DJ^2)^1/2) / 2 + PE
    Total System Jitter     (TSJ):    0.071ns
    Discrete Jitter          (DJ):    0.077ns
    Phase Error              (PE):    0.000ns
  Inter-SLR Compensation: 0.260ns  ((DCD - CCD) * PF)
    Destination Clock Delay (DCD):    4.442ns
    Common Clock Delay      (CCD):    2.708ns
    Prorating Factor         (PF):    0.150

    Location             Delay type                Incr(ns)  Path(ns)    PBlock               Netlist Resource(s)
  -------------------------------------------------------------------    ----------------------------------------
                         (clock mmcm_clkout0 rise edge)
                                                      0.000     0.000 r                       
                         clock source latency         0.804     0.804                         
                         propagated clock network latency
                                                      3.456     4.260                         
    SLICE_X79Y347        FDRE                         0.000     4.260 r                       u_camera_hdmi/u_camera_subsystem/g_camera_frontend[0].capture_resetn_local_sync_reg[1]/C
    SLICE_X79Y347        FDRE (Prop_BFF2_SLICEL_C_Q)
                                                      0.080     4.340 f                       u_camera_hdmi/u_camera_subsystem/g_camera_frontend[0].capture_resetn_local_sync_reg[1]/Q
                         net (fo=3490, estimated)     3.247     7.587                         u_camera_hdmi/u_camera_subsystem/g_camera_frontend[0].u_camera/stats_snapshot_video_seen_reg_0[0]
    SLR Crossing[1->2]   
    SLICE_X105Y594       FDRE                                         r  pblock_dvp_sync_slr3 u_camera_hdmi/u_camera_subsystem/g_camera_frontend[0].u_camera/dvp_data_sync_reg[0]/R  (IS_INVERTED)
  -------------------------------------------------------------------    ----------------------------------------

                         (clock mmcm_clkout0 rise edge)
                                                      3.332     3.332 r                       
                         clock source latency         1.402     4.734                         
                         propagated clock network latency
                                                      3.040     7.774                         
                         clock pessimism             -0.454     7.320                           
                         inter-SLR compensation      -0.260     7.059                           
                         clock uncertainty           -0.052     7.007                           
    SLICE_X105Y594       FDRE (Setup_AFF_SLICEL_C_R)
                                                     -0.074     6.933    pblock_dvp_sync_slr3   u_camera_hdmi/u_camera_subsystem/g_camera_frontend[0].u_camera/dvp_data_sync_reg[0]
  -------------------------------------------------------------------
                         required time                          6.933                           
                         arrival time                          -7.587                           
  -------------------------------------------------------------------
                         slack                                 -0.653                           

Slack (VIOLATED) :        -0.650ns  (required time - arrival time)
  Source:                 u_camera_hdmi/u_camera_subsystem/g_camera_frontend[0].capture_resetn_local_sync_reg[1]/C
                            (rising edge-triggered cell FDRE clocked by mmcm_clkout0  {rise@0.000ns fall@1.666ns period=3.332ns})
  Destination:            u_camera_hdmi/u_camera_subsystem/g_camera_frontend[0].u_camera/dvp_data_sync_reg[7]/R
                            (rising edge-triggered cell FDRE clocked by mmcm_clkout0  {rise@0.000ns fall@1.666ns period=3.332ns})
  Path Group:             mmcm_clkout0
  Path Type:              Setup (Max at Slow Process Corner)
  Requirement:            3.332ns  (mmcm_clkout0 rise@3.332ns - mmcm_clkout0 rise@0.000ns)
  Data Path Delay:        3.320ns  (logic 0.080ns (2.410%)  route 3.240ns (97.590%))
  Logic Levels:           0  
  Clock Path Skew:        -0.276ns (DCD - SCD + CPR)
    Destination Clock Delay (DCD):    4.438ns = ( 7.770 - 3.332 ) 
    Source Clock Delay      (SCD):    4.260ns
    Clock Pessimism Removal (CPR):    -0.454ns
  Clock Uncertainty:      0.052ns  ((TSJ^2 + DJ^2)^1/2) / 2 + PE
    Total System Jitter     (TSJ):    0.071ns
    Discrete Jitter          (DJ):    0.077ns
    Phase Error              (PE):    0.000ns
  Inter-SLR Compensation: 0.259ns  ((DCD - CCD) * PF)
    Destination Clock Delay (DCD):    4.438ns
    Common Clock Delay      (CCD):    2.708ns
    Prorating Factor         (PF):    0.150

    Location             Delay type                Incr(ns)  Path(ns)    PBlock               Netlist Resource(s)
  -------------------------------------------------------------------    ----------------------------------------
                         (clock mmcm_clkout0 rise edge)
                                                      0.000     0.000 r                       
                         clock source latency         0.804     0.804                         
                         propagated clock network latency
                                                      3.456     4.260                         
    SLICE_X79Y347        FDRE                         0.000     4.260 r                       u_camera_hdmi/u_camera_subsystem/g_camera_frontend[0].capture_resetn_local_sync_reg[1]/C
    SLICE_X79Y347        FDRE (Prop_BFF2_SLICEL_C_Q)
                                                      0.080     4.340 f                       u_camera_hdmi/u_camera_subsystem/g_camera_frontend[0].capture_resetn_local_sync_reg[1]/Q
                         net (fo=3490, estimated)     3.240     7.580                         u_camera_hdmi/u_camera_subsystem/g_camera_frontend[0].u_camera/stats_snapshot_video_seen_reg_0[0]
    SLR Crossing[1->2]   
    SLICE_X107Y583       FDRE                                         r  pblock_dvp_sync_slr3 u_camera_hdmi/u_camera_subsystem/g_camera_frontend[0].u_camera/dvp_data_sync_reg[7]/R  (IS_INVERTED)
  -------------------------------------------------------------------    ----------------------------------------

                         (clock mmcm_clkout0 rise edge)
                                                      3.332     3.332 r                       
                         clock source latency         1.402     4.734                         
                         propagated clock network latency
                                                      3.036     7.770                         
                         clock pessimism             -0.454     7.316                           
                         inter-SLR compensation      -0.259     7.056                           
                         clock uncertainty           -0.052     7.004                           
    SLICE_X107Y583       FDRE (Setup_AFF_SLICEM_C_R)
                                                     -0.074     6.930    pblock_dvp_sync_slr3   u_camera_hdmi/u_camera_subsystem/g_camera_frontend[0].u_camera/dvp_data_sync_reg[7]
  -------------------------------------------------------------------
                         required time                          6.930                           
                         arrival time                          -7.580                           
  -------------------------------------------------------------------
                         slack                                 -0.650                           

Slack (VIOLATED) :        -0.647ns  (required time - arrival time)
  Source:                 u_camera_hdmi/u_camera_subsystem/g_camera_frontend[0].capture_resetn_local_sync_reg[1]/C
                            (rising edge-triggered cell FDRE clocked by mmcm_clkout0  {rise@0.000ns fall@1.666ns period=3.332ns})
  Destination:            u_camera_hdmi/u_camera_subsystem/g_camera_frontend[0].u_camera/dvp_data_sync_reg[4]/R
                            (rising edge-triggered cell FDRE clocked by mmcm_clkout0  {rise@0.000ns fall@1.666ns period=3.332ns})
  Path Group:             mmcm_clkout0
  Path Type:              Setup (Max at Slow Process Corner)
  Requirement:            3.332ns  (mmcm_clkout0 rise@3.332ns - mmcm_clkout0 rise@0.000ns)
  Data Path Delay:        3.317ns  (logic 0.080ns (2.412%)  route 3.237ns (97.588%))
  Logic Levels:           0  
  Clock Path Skew:        -0.276ns (DCD - SCD + CPR)
    Destination Clock Delay (DCD):    4.438ns = ( 7.770 - 3.332 ) 
    Source Clock Delay      (SCD):    4.260ns
    Clock Pessimism Removal (CPR):    -0.454ns
  Clock Uncertainty:      0.052ns  ((TSJ^2 + DJ^2)^1/2) / 2 + PE
    Total System Jitter     (TSJ):    0.071ns
    Discrete Jitter          (DJ):    0.077ns
    Phase Error              (PE):    0.000ns
  Inter-SLR Compensation: 0.259ns  ((DCD - CCD) * PF)
    Destination Clock Delay (DCD):    4.438ns
    Common Clock Delay      (CCD):    2.708ns
    Prorating Factor         (PF):    0.150

    Location             Delay type                Incr(ns)  Path(ns)    PBlock               Netlist Resource(s)
  -------------------------------------------------------------------    ----------------------------------------
                         (clock mmcm_clkout0 rise edge)
                                                      0.000     0.000 r                       
                         clock source latency         0.804     0.804                         
                         propagated clock network latency
                                                      3.456     4.260                         
    SLICE_X79Y347        FDRE                         0.000     4.260 r                       u_camera_hdmi/u_camera_subsystem/g_camera_frontend[0].capture_resetn_local_sync_reg[1]/C
    SLICE_X79Y347        FDRE (Prop_BFF2_SLICEL_C_Q)
                                                      0.080     4.340 f                       u_camera_hdmi/u_camera_subsystem/g_camera_frontend[0].capture_resetn_local_sync_reg[1]/Q
                         net (fo=3490, estimated)     3.237     7.577                         u_camera_hdmi/u_camera_subsystem/g_camera_frontend[0].u_camera/stats_snapshot_video_seen_reg_0[0]
    SLR Crossing[1->2]   
    SLICE_X107Y584       FDRE                                         r  pblock_dvp_sync_slr3 u_camera_hdmi/u_camera_subsystem/g_camera_frontend[0].u_camera/dvp_data_sync_reg[4]/R  (IS_INVERTED)
  -------------------------------------------------------------------    ----------------------------------------

                         (clock mmcm_clkout0 rise edge)
                                                      3.332     3.332 r                       
                         clock source latency         1.402     4.734                         
                         propagated clock network latency
                                                      3.036     7.770                         
                         clock pessimism             -0.454     7.316                           
                         inter-SLR compensation      -0.259     7.056                           
                         clock uncertainty           -0.052     7.004                           
    SLICE_X107Y584       FDRE (Setup_AFF_SLICEM_C_R)
                                                     -0.074     6.930    pblock_dvp_sync_slr3   u_camera_hdmi/u_camera_subsystem/g_camera_frontend[0].u_camera/dvp_data_sync_reg[4]
  -------------------------------------------------------------------
                         required time                          6.930                           
                         arrival time                          -7.577                           
  -------------------------------------------------------------------
                         slack                                 -0.647                           

Slack (VIOLATED) :        -0.642ns  (required time - arrival time)
  Source:                 u_camera_hdmi/u_camera_subsystem/g_camera_frontend[1].u_camera/dvp_data_iob_reg[2]/C
                            (rising edge-triggered cell FDRE clocked by mmcm_clkout0  {rise@0.000ns fall@1.666ns period=3.332ns})
  Destination:            u_camera_hdmi/u_camera_subsystem/g_camera_frontend[1].u_camera/dvp_data_sync_reg[2]/D
                            (rising edge-triggered cell FDRE clocked by mmcm_clkout0  {rise@0.000ns fall@1.666ns period=3.332ns})
  Path Group:             mmcm_clkout0
  Path Type:              Setup (Max at Slow Process Corner)
  Requirement:            3.332ns  (mmcm_clkout0 rise@3.332ns - mmcm_clkout0 rise@0.000ns)
  Data Path Delay:        3.101ns  (logic 0.402ns (12.964%)  route 2.699ns (87.036%))
  Logic Levels:           0  
  Clock Path Skew:        -0.724ns (DCD - SCD + CPR)
    Destination Clock Delay (DCD):    4.438ns = ( 7.770 - 3.332 ) 
    Source Clock Delay      (SCD):    4.799ns
    Clock Pessimism Removal (CPR):    -0.363ns
  Clock Uncertainty:      0.052ns  ((TSJ^2 + DJ^2)^1/2) / 2 + PE
    Total System Jitter     (TSJ):    0.071ns
    Discrete Jitter          (DJ):    0.077ns
    Phase Error              (PE):    0.000ns
  Inter-SLR Compensation: 0.122ns  ((DCD - CCD) * PF)
    Destination Clock Delay (DCD):    4.438ns
    Common Clock Delay      (CCD):    3.627ns
    Prorating Factor         (PF):    0.150

    Location             Delay type                Incr(ns)  Path(ns)    PBlock               Netlist Resource(s)
  -------------------------------------------------------------------    ----------------------------------------
                         (clock mmcm_clkout0 rise edge)
                                                      0.000     0.000 r                       
                         clock source latency         0.804     0.804                         
                         propagated clock network latency
                                                      3.995     4.799                         
    BITSLICE_RX_TX_X0Y711
                         FDRE                         0.000     4.799 r                       u_camera_hdmi/u_camera_subsystem/g_camera_frontend[1].u_camera/dvp_data_iob_reg[2]/C
    BITSLICE_RX_TX_X0Y711
                         FDRE (Prop_IN_FF_BITSLICE_COMPONENT_RX_TX_C_Q)
                                                      0.402     5.201 r                       u_camera_hdmi/u_camera_subsystem/g_camera_frontend[1].u_camera/dvp_data_iob_reg[2]/Q
                         net (fo=1, estimated)        2.699     7.900                         u_camera_hdmi/u_camera_subsystem/g_camera_frontend[1].u_camera/dvp_data_iob[2]
    SLR Crossing[3->2]   
    SLICE_X112Y638       FDRE                                         r  pblock_dvp_sync_slr3 u_camera_hdmi/u_camera_subsystem/g_camera_frontend[1].u_camera/dvp_data_sync_reg[2]/D
  -------------------------------------------------------------------    ----------------------------------------

                         (clock mmcm_clkout0 rise edge)
                                                      3.332     3.332 r                       
                         clock source latency         1.402     4.734                         
                         propagated clock network latency
                                                      3.036     7.770                         
                         clock pessimism             -0.363     7.407                           
                         inter-SLR compensation      -0.122     7.285                           
                         clock uncertainty           -0.052     7.233                           
    SLICE_X112Y638       FDRE (Setup_AFF_SLICEL_C_D)
                                                      0.025     7.258    pblock_dvp_sync_slr3   u_camera_hdmi/u_camera_subsystem/g_camera_frontend[1].u_camera/dvp_data_sync_reg[2]
  -------------------------------------------------------------------
                         required time                          7.258                           
                         arrival time                          -7.900                           
  -------------------------------------------------------------------
                         slack                                 -0.642                           

Slack (VIOLATED) :        -0.632ns  (required time - arrival time)
  Source:                 u_camera_hdmi/u_camera_subsystem/g_camera_frontend[0].u_camera/dvp_data_iob_reg[0]/C
                            (rising edge-triggered cell FDRE clocked by mmcm_clkout0  {rise@0.000ns fall@1.666ns period=3.332ns})
  Destination:            u_camera_hdmi/u_camera_subsystem/g_camera_frontend[0].u_camera/dvp_data_sync_reg[0]/D
                            (rising edge-triggered cell FDRE clocked by mmcm_clkout0  {rise@0.000ns fall@1.666ns period=3.332ns})
  Path Group:             mmcm_clkout0
  Path Type:              Setup (Max at Slow Process Corner)
  Requirement:            3.332ns  (mmcm_clkout0 rise@3.332ns - mmcm_clkout0 rise@0.000ns)
  Data Path Delay:        3.073ns  (logic 0.271ns (8.819%)  route 2.802ns (91.181%))
  Logic Levels:           0  
  Clock Path Skew:        -0.714ns (DCD - SCD + CPR)
    Destination Clock Delay (DCD):    4.442ns = ( 7.774 - 3.332 ) 
    Source Clock Delay      (SCD):    4.775ns
    Clock Pessimism Removal (CPR):    -0.381ns
  Clock Uncertainty:      0.052ns  ((TSJ^2 + DJ^2)^1/2) / 2 + PE
    Total System Jitter     (TSJ):    0.071ns
    Discrete Jitter          (DJ):    0.077ns
    Phase Error              (PE):    0.000ns
  Inter-SLR Compensation: 0.150ns  ((DCD - CCD) * PF)
    Destination Clock Delay (DCD):    4.442ns
    Common Clock Delay      (CCD):    3.444ns
    Prorating Factor         (PF):    0.150

    Location             Delay type                Incr(ns)  Path(ns)    PBlock               Netlist Resource(s)
  -------------------------------------------------------------------    ----------------------------------------
                         (clock mmcm_clkout0 rise edge)
                                                      0.000     0.000 r                       
                         clock source latency         0.804     0.804                         
                         propagated clock network latency
                                                      3.971     4.775                         
    BITSLICE_RX_TX_X0Y681
                         FDRE                         0.000     4.775 r                       u_camera_hdmi/u_camera_subsystem/g_camera_frontend[0].u_camera/dvp_data_iob_reg[0]/C
    BITSLICE_RX_TX_X0Y681
                         FDRE (Prop_IN_FF_BITSLICE_COMPONENT_RX_TX_C_Q)
                                                      0.271     5.046 r                       u_camera_hdmi/u_camera_subsystem/g_camera_frontend[0].u_camera/dvp_data_iob_reg[0]/Q
                         net (fo=1, estimated)        2.802     7.848                         u_camera_hdmi/u_camera_subsystem/g_camera_frontend[0].u_camera/dvp_data_iob[0]
    SLR Crossing[3->2]   
    SLICE_X105Y594       FDRE                                         r  pblock_dvp_sync_slr3 u_camera_hdmi/u_camera_subsystem/g_camera_frontend[0].u_camera/dvp_data_sync_reg[0]/D
  -------------------------------------------------------------------    ----------------------------------------

                         (clock mmcm_clkout0 rise edge)
                                                      3.332     3.332 r                       
                         clock source latency         1.402     4.734                         
                         propagated clock network latency
                                                      3.040     7.774                         
                         clock pessimism             -0.381     7.393                           
                         inter-SLR compensation      -0.150     7.243                           
                         clock uncertainty           -0.052     7.191                           
    SLICE_X105Y594       FDRE (Setup_AFF_SLICEL_C_D)
                                                      0.025     7.216    pblock_dvp_sync_slr3   u_camera_hdmi/u_camera_subsystem/g_camera_frontend[0].u_camera/dvp_data_sync_reg[0]
  -------------------------------------------------------------------
                         required time                          7.216                           
                         arrival time                          -7.848                           
  -------------------------------------------------------------------
                         slack                                 -0.632                           

Slack (VIOLATED) :        -0.622ns  (required time - arrival time)
  Source:                 u_camera_hdmi/u_camera_subsystem/g_camera_frontend[0].u_camera/dvp_data_iob_reg[5]/C
                            (rising edge-triggered cell FDRE clocked by mmcm_clkout0  {rise@0.000ns fall@1.666ns period=3.332ns})
  Destination:            u_camera_hdmi/u_camera_subsystem/g_camera_frontend[0].u_camera/dvp_data_sync_reg[5]/D
                            (rising edge-triggered cell FDRE clocked by mmcm_clkout0  {rise@0.000ns fall@1.666ns period=3.332ns})
  Path Group:             mmcm_clkout0
  Path Type:              Setup (Max at Slow Process Corner)
  Requirement:            3.332ns  (mmcm_clkout0 rise@3.332ns - mmcm_clkout0 rise@0.000ns)
  Data Path Delay:        3.202ns  (logic 0.251ns (7.839%)  route 2.951ns (92.161%))
  Logic Levels:           0  
  Clock Path Skew:        -0.586ns (DCD - SCD + CPR)
    Destination Clock Delay (DCD):    4.550ns = ( 7.882 - 3.332 ) 
    Source Clock Delay      (SCD):    4.773ns
    Clock Pessimism Removal (CPR):    -0.363ns
  Clock Uncertainty:      0.052ns  ((TSJ^2 + DJ^2)^1/2) / 2 + PE
    Total System Jitter     (TSJ):    0.071ns
    Discrete Jitter          (DJ):    0.077ns
    Phase Error              (PE):    0.000ns
  Inter-SLR Compensation: 0.138ns  ((DCD - CCD) * PF)
    Destination Clock Delay (DCD):    4.550ns
    Common Clock Delay      (CCD):    3.627ns
    Prorating Factor         (PF):    0.150

    Location             Delay type                Incr(ns)  Path(ns)    PBlock               Netlist Resource(s)
  -------------------------------------------------------------------    ----------------------------------------
                         (clock mmcm_clkout0 rise edge)
                                                      0.000     0.000 r                       
                         clock source latency         0.804     0.804                         
                         propagated clock network latency
                                                      3.969     4.773                         
    BITSLICE_RX_TX_X0Y689
                         FDRE                         0.000     4.773 r                       u_camera_hdmi/u_camera_subsystem/g_camera_frontend[0].u_camera/dvp_data_iob_reg[5]/C
    BITSLICE_RX_TX_X0Y689
                         FDRE (Prop_IN_FF_BITSLICE_COMPONENT_RX_TX_C_Q)
                                                      0.251     5.024 r                       u_camera_hdmi/u_camera_subsystem/g_camera_frontend[0].u_camera/dvp_data_iob_reg[5]/Q
                         net (fo=1, estimated)        2.951     7.975                         u_camera_hdmi/u_camera_subsystem/g_camera_frontend[0].u_camera/dvp_data_iob[5]
    SLR Crossing[3->2]   
    SLICE_X83Y628        FDRE                                         r  pblock_dvp_sync_slr3 u_camera_hdmi/u_camera_subsystem/g_camera_frontend[0].u_camera/dvp_data_sync_reg[5]/D
  -------------------------------------------------------------------    ----------------------------------------

                         (clock mmcm_clkout0 rise edge)
                                                      3.332     3.332 r                       
                         clock source latency         1.402     4.734                         
                         propagated clock network latency
                                                      3.148     7.882                         
                         clock pessimism             -0.363     7.519                           
                         inter-SLR compensation      -0.138     7.380                           
                         clock uncertainty           -0.052     7.328                           
    SLICE_X83Y628        FDRE (Setup_HFF2_SLICEL_C_D)
                                                      0.025     7.353    pblock_dvp_sync_slr3   u_camera_hdmi/u_camera_subsystem/g_camera_frontend[0].u_camera/dvp_data_sync_reg[5]
  -------------------------------------------------------------------
                         required time                          7.353                           
                         arrival time                          -7.975                           
  -------------------------------------------------------------------
                         slack                                 -0.622                           

Slack (VIOLATED) :        -0.608ns  (required time - arrival time)
  Source:                 u_camera_hdmi/u_camera_subsystem/g_camera_frontend[1].u_camera/dvp_pclk_iob_reg/C
                            (rising edge-triggered cell FDRE clocked by mmcm_clkout0  {rise@0.000ns fall@1.666ns period=3.332ns})
  Destination:            u_camera_hdmi/u_camera_subsystem/g_camera_frontend[1].u_camera/dvp_pclk_sync_reg/D
                            (rising edge-triggered cell FDRE clocked by mmcm_clkout0  {rise@0.000ns fall@1.666ns period=3.332ns})
  Path Group:             mmcm_clkout0
  Path Type:              Setup (Max at Slow Process Corner)
  Requirement:            3.332ns  (mmcm_clkout0 rise@3.332ns - mmcm_clkout0 rise@0.000ns)
  Data Path Delay:        3.090ns  (logic 0.431ns (13.948%)  route 2.659ns (86.052%))
  Logic Levels:           0  
  Clock Path Skew:        -0.700ns (DCD - SCD + CPR)
    Destination Clock Delay (DCD):    4.445ns = ( 7.777 - 3.332 ) 
    Source Clock Delay      (SCD):    4.782ns
    Clock Pessimism Removal (CPR):    -0.363ns
  Clock Uncertainty:      0.052ns  ((TSJ^2 + DJ^2)^1/2) / 2 + PE
    Total System Jitter     (TSJ):    0.071ns
    Discrete Jitter          (DJ):    0.077ns
    Phase Error              (PE):    0.000ns
  Inter-SLR Compensation: 0.123ns  ((DCD - CCD) * PF)
    Destination Clock Delay (DCD):    4.445ns
    Common Clock Delay      (CCD):    3.627ns
    Prorating Factor         (PF):    0.150

    Location             Delay type                Incr(ns)  Path(ns)    PBlock               Netlist Resource(s)
  -------------------------------------------------------------------    ----------------------------------------
                         (clock mmcm_clkout0 rise edge)
                                                      0.000     0.000 r                       
                         clock source latency         0.804     0.804                         
                         propagated clock network latency
                                                      3.978     4.782                         
    BITSLICE_RX_TX_X0Y704
                         FDRE                         0.000     4.782 r                       u_camera_hdmi/u_camera_subsystem/g_camera_frontend[1].u_camera/dvp_pclk_iob_reg/C
    BITSLICE_RX_TX_X0Y704
                         FDRE (Prop_IN_FF_BITSLICE_COMPONENT_RX_TX_C_Q)
                                                      0.431     5.213 r                       u_camera_hdmi/u_camera_subsystem/g_camera_frontend[1].u_camera/dvp_pclk_iob_reg/Q
                         net (fo=1, estimated)        2.659     7.872                         u_camera_hdmi/u_camera_subsystem/g_camera_frontend[1].u_camera/dvp_pclk_iob
    SLR Crossing[3->2]   
    SLICE_X110Y640       FDRE                                         r  pblock_dvp_sync_slr3 u_camera_hdmi/u_camera_subsystem/g_camera_frontend[1].u_camera/dvp_pclk_sync_reg/D
  -------------------------------------------------------------------    ----------------------------------------

                         (clock mmcm_clkout0 rise edge)
                                                      3.332     3.332 r                       
                         clock source latency         1.402     4.734                         
                         propagated clock network latency
                                                      3.043     7.777                         
                         clock pessimism             -0.363     7.414                           
                         inter-SLR compensation      -0.123     7.291                           
                         clock uncertainty           -0.052     7.239                           
    SLICE_X110Y640       FDRE (Setup_FFF2_SLICEL_C_D)
                                                      0.025     7.264    pblock_dvp_sync_slr3   u_camera_hdmi/u_camera_subsystem/g_camera_frontend[1].u_camera/dvp_pclk_sync_reg
  -------------------------------------------------------------------
                         required time                          7.264                           
                         arrival time                          -7.872                           
  -------------------------------------------------------------------
                         slack                                 -0.608                           

Slack (VIOLATED) :        -0.607ns  (required time - arrival time)
  Source:                 u_camera_hdmi/u_camera_subsystem/g_camera_frontend[1].u_camera/dvp_data_iob_reg[4]/C
                            (rising edge-triggered cell FDRE clocked by mmcm_clkout0  {rise@0.000ns fall@1.666ns period=3.332ns})
  Destination:            u_camera_hdmi/u_camera_subsystem/g_camera_frontend[1].u_camera/dvp_data_sync_reg[4]/D
                            (rising edge-triggered cell FDRE clocked by mmcm_clkout0  {rise@0.000ns fall@1.666ns period=3.332ns})
  Path Group:             mmcm_clkout0
  Path Type:              Setup (Max at Slow Process Corner)
  Requirement:            3.332ns  (mmcm_clkout0 rise@3.332ns - mmcm_clkout0 rise@0.000ns)
  Data Path Delay:        3.075ns  (logic 0.402ns (13.073%)  route 2.673ns (86.927%))
  Logic Levels:           0  
  Clock Path Skew:        -0.713ns (DCD - SCD + CPR)
    Destination Clock Delay (DCD):    4.451ns = ( 7.783 - 3.332 ) 
    Source Clock Delay      (SCD):    4.801ns
    Clock Pessimism Removal (CPR):    -0.363ns
  Clock Uncertainty:      0.052ns  ((TSJ^2 + DJ^2)^1/2) / 2 + PE
    Total System Jitter     (TSJ):    0.071ns
    Discrete Jitter          (DJ):    0.077ns
    Phase Error              (PE):    0.000ns
  Inter-SLR Compensation: 0.124ns  ((DCD - CCD) * PF)
    Destination Clock Delay (DCD):    4.451ns
    Common Clock Delay      (CCD):    3.627ns
    Prorating Factor         (PF):    0.150

    Location             Delay type                Incr(ns)  Path(ns)    PBlock               Netlist Resource(s)
  -------------------------------------------------------------------    ----------------------------------------
                         (clock mmcm_clkout0 rise edge)
                                                      0.000     0.000 r                       
                         clock source latency         0.804     0.804                         
                         propagated clock network latency
                                                      3.997     4.801                         
    BITSLICE_RX_TX_X0Y685
                         FDRE                         0.000     4.801 r                       u_camera_hdmi/u_camera_subsystem/g_camera_frontend[1].u_camera/dvp_data_iob_reg[4]/C
    BITSLICE_RX_TX_X0Y685
                         FDRE (Prop_IN_FF_BITSLICE_COMPONENT_RX_TX_C_Q)
                                                      0.402     5.203 r                       u_camera_hdmi/u_camera_subsystem/g_camera_frontend[1].u_camera/dvp_data_iob_reg[4]/Q
                         net (fo=1, estimated)        2.673     7.876                         u_camera_hdmi/u_camera_subsystem/g_camera_frontend[1].u_camera/dvp_data_iob[4]
    SLR Crossing[3->2]   
    SLICE_X112Y610       FDRE                                         r  pblock_dvp_sync_slr3 u_camera_hdmi/u_camera_subsystem/g_camera_frontend[1].u_camera/dvp_data_sync_reg[4]/D
  -------------------------------------------------------------------    ----------------------------------------

                         (clock mmcm_clkout0 rise edge)
                                                      3.332     3.332 r                       
                         clock source latency         1.402     4.734                         
                         propagated clock network latency
                                                      3.049     7.783                         
                         clock pessimism             -0.363     7.420                           
                         inter-SLR compensation      -0.124     7.296                           
                         clock uncertainty           -0.052     7.244                           
    SLICE_X112Y610       FDRE (Setup_CFF_SLICEL_C_D)
                                                      0.025     7.269    pblock_dvp_sync_slr3   u_camera_hdmi/u_camera_subsystem/g_camera_frontend[1].u_camera/dvp_data_sync_reg[4]
  -------------------------------------------------------------------
                         required time                          7.269                           
                         arrival time                          -7.876                           
  -------------------------------------------------------------------
                         slack                                 -0.607                           

Slack (VIOLATED) :        -0.565ns  (required time - arrival time)
  Source:                 u_camera_hdmi/u_camera_subsystem/g_camera_frontend[1].capture_resetn_local_sync_reg[1]/C
                            (rising edge-triggered cell FDRE clocked by mmcm_clkout0  {rise@0.000ns fall@1.666ns period=3.332ns})
  Destination:            u_camera_hdmi/u_camera_subsystem/g_camera_frontend[1].u_camera/dvp_data_sync_reg[2]/R
                            (rising edge-triggered cell FDRE clocked by mmcm_clkout0  {rise@0.000ns fall@1.666ns period=3.332ns})
  Path Group:             mmcm_clkout0
  Path Type:              Setup (Max at Slow Process Corner)
  Requirement:            3.332ns  (mmcm_clkout0 rise@3.332ns - mmcm_clkout0 rise@0.000ns)
  Data Path Delay:        3.238ns  (logic 0.079ns (2.440%)  route 3.159ns (97.560%))
  Logic Levels:           0  
  Clock Path Skew:        -0.301ns (DCD - SCD + CPR)
    Destination Clock Delay (DCD):    4.438ns = ( 7.770 - 3.332 ) 
    Source Clock Delay      (SCD):    4.303ns
    Clock Pessimism Removal (CPR):    -0.436ns
  Clock Uncertainty:      0.052ns  ((TSJ^2 + DJ^2)^1/2) / 2 + PE
    Total System Jitter     (TSJ):    0.071ns
    Discrete Jitter          (DJ):    0.077ns
    Phase Error              (PE):    0.000ns
  Inter-SLR Compensation: 0.232ns  ((DCD - CCD) * PF)
    Destination Clock Delay (DCD):    4.438ns
    Common Clock Delay      (CCD):    2.891ns
    Prorating Factor         (PF):    0.150

    Location             Delay type                Incr(ns)  Path(ns)    PBlock               Netlist Resource(s)
  -------------------------------------------------------------------    ----------------------------------------
                         (clock mmcm_clkout0 rise edge)
                                                      0.000     0.000 r                       
                         clock source latency         0.804     0.804                         
                         propagated clock network latency
                                                      3.499     4.303                         
    SLICE_X76Y417        FDRE                         0.000     4.303 r                       u_camera_hdmi/u_camera_subsystem/g_camera_frontend[1].capture_resetn_local_sync_reg[1]/C
    SLICE_X76Y417        FDRE (Prop_EFF2_SLICEM_C_Q)
                                                      0.079     4.382 f                       u_camera_hdmi/u_camera_subsystem/g_camera_frontend[1].capture_resetn_local_sync_reg[1]/Q
                         net (fo=1443, estimated)     3.159     7.541                         u_camera_hdmi/u_camera_subsystem/g_camera_frontend[1].u_camera/out[0]
    SLR Crossing[1->2]   
    SLICE_X112Y638       FDRE                                         r  pblock_dvp_sync_slr3 u_camera_hdmi/u_camera_subsystem/g_camera_frontend[1].u_camera/dvp_data_sync_reg[2]/R  (IS_INVERTED)
  -------------------------------------------------------------------    ----------------------------------------

                         (clock mmcm_clkout0 rise edge)
                                                      3.332     3.332 r                       
                         clock source latency         1.402     4.734                         
                         propagated clock network latency
                                                      3.036     7.770                         
                         clock pessimism             -0.436     7.334                           
                         inter-SLR compensation      -0.232     7.102                           
                         clock uncertainty           -0.052     7.049                           
    SLICE_X112Y638       FDRE (Setup_AFF_SLICEL_C_R)
                                                     -0.074     6.975    pblock_dvp_sync_slr3   u_camera_hdmi/u_camera_subsystem/g_camera_frontend[1].u_camera/dvp_data_sync_reg[2]
  -------------------------------------------------------------------
                         required time                          6.975                           
                         arrival time                          -7.541                           
  -------------------------------------------------------------------
                         slack                                 -0.565                           

Slack (VIOLATED) :        -0.507ns  (required time - arrival time)
  Source:                 u_camera_hdmi/u_camera_subsystem/g_camera_frontend[1].capture_resetn_local_sync_reg[1]/C
                            (rising edge-triggered cell FDRE clocked by mmcm_clkout0  {rise@0.000ns fall@1.666ns period=3.332ns})
  Destination:            u_camera_hdmi/u_camera_subsystem/g_camera_frontend[1].u_camera/dvp_href_sync_reg/R
                            (rising edge-triggered cell FDRE clocked by mmcm_clkout0  {rise@0.000ns fall@1.666ns period=3.332ns})
  Path Group:             mmcm_clkout0
  Path Type:              Setup (Max at Slow Process Corner)
  Requirement:            3.332ns  (mmcm_clkout0 rise@3.332ns - mmcm_clkout0 rise@0.000ns)
  Data Path Delay:        3.189ns  (logic 0.079ns (2.477%)  route 3.110ns (97.523%))
  Logic Levels:           0  
  Clock Path Skew:        -0.290ns (DCD - SCD + CPR)
    Destination Clock Delay (DCD):    4.449ns = ( 7.781 - 3.332 ) 
    Source Clock Delay      (SCD):    4.303ns
    Clock Pessimism Removal (CPR):    -0.436ns
  Clock Uncertainty:      0.052ns  ((TSJ^2 + DJ^2)^1/2) / 2 + PE
    Total System Jitter     (TSJ):    0.071ns
    Discrete Jitter          (DJ):    0.077ns
    Phase Error              (PE):    0.000ns
  Inter-SLR Compensation: 0.234ns  ((DCD - CCD) * PF)
    Destination Clock Delay (DCD):    4.449ns
    Common Clock Delay      (CCD):    2.891ns
    Prorating Factor         (PF):    0.150

    Location             Delay type                Incr(ns)  Path(ns)    PBlock               Netlist Resource(s)
  -------------------------------------------------------------------    ----------------------------------------
                         (clock mmcm_clkout0 rise edge)
                                                      0.000     0.000 r                       
                         clock source latency         0.804     0.804                         
                         propagated clock network latency
                                                      3.499     4.303                         
    SLICE_X76Y417        FDRE                         0.000     4.303 r                       u_camera_hdmi/u_camera_subsystem/g_camera_frontend[1].capture_resetn_local_sync_reg[1]/C
    SLICE_X76Y417        FDRE (Prop_EFF2_SLICEM_C_Q)
                                                      0.079     4.382 f                       u_camera_hdmi/u_camera_subsystem/g_camera_frontend[1].capture_resetn_local_sync_reg[1]/Q
                         net (fo=1443, estimated)     3.110     7.492                         u_camera_hdmi/u_camera_subsystem/g_camera_frontend[1].u_camera/out[0]
    SLR Crossing[1->2]   
    SLICE_X108Y641       FDRE                                         r  pblock_dvp_sync_slr3 u_camera_hdmi/u_camera_subsystem/g_camera_frontend[1].u_camera/dvp_href_sync_reg/R  (IS_INVERTED)
  -------------------------------------------------------------------    ----------------------------------------

                         (clock mmcm_clkout0 rise edge)
                                                      3.332     3.332 r                       
                         clock source latency         1.402     4.734                         
                         propagated clock network latency
                                                      3.047     7.781                         
                         clock pessimism             -0.436     7.345                           
                         inter-SLR compensation      -0.234     7.111                           
                         clock uncertainty           -0.052     7.059                           
    SLICE_X108Y641       FDRE (Setup_EFF_SLICEL_C_R)
                                                     -0.074     6.985    pblock_dvp_sync_slr3   u_camera_hdmi/u_camera_subsystem/g_camera_frontend[1].u_camera/dvp_href_sync_reg
  -------------------------------------------------------------------
                         required time                          6.985                           
                         arrival time                          -7.492                           
  -------------------------------------------------------------------
                         slack                                 -0.507                           

Slack (VIOLATED) :        -0.504ns  (required time - arrival time)
  Source:                 u_camera_hdmi/u_camera_subsystem/g_camera_frontend[1].u_camera/dvp_href_iob_reg/C
                            (rising edge-triggered cell FDRE clocked by mmcm_clkout0  {rise@0.000ns fall@1.666ns period=3.332ns})
  Destination:            u_camera_hdmi/u_camera_subsystem/g_camera_frontend[1].u_camera/dvp_href_sync_reg/D
                            (rising edge-triggered cell FDRE clocked by mmcm_clkout0  {rise@0.000ns fall@1.666ns period=3.332ns})
  Path Group:             mmcm_clkout0
  Path Type:              Setup (Max at Slow Process Corner)
  Requirement:            3.332ns  (mmcm_clkout0 rise@3.332ns - mmcm_clkout0 rise@0.000ns)
  Data Path Delay:        2.978ns  (logic 0.478ns (16.051%)  route 2.500ns (83.949%))
  Logic Levels:           0  
  Clock Path Skew:        -0.707ns (DCD - SCD + CPR)
    Destination Clock Delay (DCD):    4.449ns = ( 7.781 - 3.332 ) 
    Source Clock Delay      (SCD):    4.793ns
    Clock Pessimism Removal (CPR):    -0.363ns
  Clock Uncertainty:      0.052ns  ((TSJ^2 + DJ^2)^1/2) / 2 + PE
    Total System Jitter     (TSJ):    0.071ns
    Discrete Jitter          (DJ):    0.077ns
    Phase Error              (PE):    0.000ns
  Inter-SLR Compensation: 0.123ns  ((DCD - CCD) * PF)
    Destination Clock Delay (DCD):    4.449ns
    Common Clock Delay      (CCD):    3.627ns
    Prorating Factor         (PF):    0.150

    Location             Delay type                Incr(ns)  Path(ns)    PBlock               Netlist Resource(s)
  -------------------------------------------------------------------    ----------------------------------------
                         (clock mmcm_clkout0 rise edge)
                                                      0.000     0.000 r                       
                         clock source latency         0.804     0.804                         
                         propagated clock network latency
                                                      3.989     4.793                         
    BITSLICE_RX_TX_X0Y686
                         FDRE                         0.000     4.793 r                       u_camera_hdmi/u_camera_subsystem/g_camera_frontend[1].u_camera/dvp_href_iob_reg/C
    BITSLICE_RX_TX_X0Y686
                         FDRE (Prop_IN_FF_BITSLICE_COMPONENT_RX_TX_C_Q)
                                                      0.478     5.271 r                       u_camera_hdmi/u_camera_subsystem/g_camera_frontend[1].u_camera/dvp_href_iob_reg/Q
                         net (fo=1, estimated)        2.500     7.771                         u_camera_hdmi/u_camera_subsystem/g_camera_frontend[1].u_camera/dvp_href_iob
    SLR Crossing[3->2]   
    SLICE_X108Y641       FDRE                                         r  pblock_dvp_sync_slr3 u_camera_hdmi/u_camera_subsystem/g_camera_frontend[1].u_camera/dvp_href_sync_reg/D
  -------------------------------------------------------------------    ----------------------------------------

                         (clock mmcm_clkout0 rise edge)
                                                      3.332     3.332 r                       
                         clock source latency         1.402     4.734                         
                         propagated clock network latency
                                                      3.047     7.781                         
                         clock pessimism             -0.363     7.418                           
                         inter-SLR compensation      -0.123     7.294                           
                         clock uncertainty           -0.052     7.242                           
    SLICE_X108Y641       FDRE (Setup_EFF_SLICEL_C_D)
                                                      0.025     7.267    pblock_dvp_sync_slr3   u_camera_hdmi/u_camera_subsystem/g_camera_frontend[1].u_camera/dvp_href_sync_reg
  -------------------------------------------------------------------
                         required time                          7.267                           
                         arrival time                          -7.771                           
  -------------------------------------------------------------------
                         slack                                 -0.504                           

Slack (VIOLATED) :        -0.485ns  (required time - arrival time)
  Source:                 u_camera_hdmi/u_camera_subsystem/g_camera_frontend[1].capture_resetn_local_sync_reg[1]/C
                            (rising edge-triggered cell FDRE clocked by mmcm_clkout0  {rise@0.000ns fall@1.666ns period=3.332ns})
  Destination:            u_camera_hdmi/u_camera_subsystem/g_camera_frontend[1].u_camera/dvp_pclk_sync_reg/R
                            (rising edge-triggered cell FDRE clocked by mmcm_clkout0  {rise@0.000ns fall@1.666ns period=3.332ns})
  Path Group:             mmcm_clkout0
  Path Type:              Setup (Max at Slow Process Corner)
  Requirement:            3.332ns  (mmcm_clkout0 rise@3.332ns - mmcm_clkout0 rise@0.000ns)
  Data Path Delay:        3.164ns  (logic 0.079ns (2.497%)  route 3.085ns (97.503%))
  Logic Levels:           0  
  Clock Path Skew:        -0.294ns (DCD - SCD + CPR)
    Destination Clock Delay (DCD):    4.445ns = ( 7.777 - 3.332 ) 
    Source Clock Delay      (SCD):    4.303ns
    Clock Pessimism Removal (CPR):    -0.436ns
  Clock Uncertainty:      0.052ns  ((TSJ^2 + DJ^2)^1/2) / 2 + PE
    Total System Jitter     (TSJ):    0.071ns
    Discrete Jitter          (DJ):    0.077ns
    Phase Error              (PE):    0.000ns
  Inter-SLR Compensation: 0.233ns  ((DCD - CCD) * PF)
    Destination Clock Delay (DCD):    4.445ns
    Common Clock Delay      (CCD):    2.891ns
    Prorating Factor         (PF):    0.150

    Location             Delay type                Incr(ns)  Path(ns)    PBlock               Netlist Resource(s)
  -------------------------------------------------------------------    ----------------------------------------
                         (clock mmcm_clkout0 rise edge)
                                                      0.000     0.000 r                       
                         clock source latency         0.804     0.804                         
                         propagated clock network latency
                                                      3.499     4.303                         
    SLICE_X76Y417        FDRE                         0.000     4.303 r                       u_camera_hdmi/u_camera_subsystem/g_camera_frontend[1].capture_resetn_local_sync_reg[1]/C
    SLICE_X76Y417        FDRE (Prop_EFF2_SLICEM_C_Q)
                                                      0.079     4.382 f                       u_camera_hdmi/u_camera_subsystem/g_camera_frontend[1].capture_resetn_local_sync_reg[1]/Q
                         net (fo=1443, estimated)     3.085     7.467                         u_camera_hdmi/u_camera_subsystem/g_camera_frontend[1].u_camera/out[0]
    SLR Crossing[1->2]   
    SLICE_X110Y640       FDRE                                         r  pblock_dvp_sync_slr3 u_camera_hdmi/u_camera_subsystem/g_camera_frontend[1].u_camera/dvp_pclk_sync_reg/R  (IS_INVERTED)
  -------------------------------------------------------------------    ----------------------------------------

                         (clock mmcm_clkout0 rise edge)
                                                      3.332     3.332 r                       
                         clock source latency         1.402     4.734                         
                         propagated clock network latency
                                                      3.043     7.777                         
                         clock pessimism             -0.436     7.341                           
                         inter-SLR compensation      -0.233     7.107                           
                         clock uncertainty           -0.052     7.055                           
    SLICE_X110Y640       FDRE (Setup_FFF2_SLICEL_C_R)
                                                     -0.074     6.981    pblock_dvp_sync_slr3   u_camera_hdmi/u_camera_subsystem/g_camera_frontend[1].u_camera/dvp_pclk_sync_reg
  -------------------------------------------------------------------
                         required time                          6.981                           
                         arrival time                          -7.467                           
  -------------------------------------------------------------------
                         slack                                 -0.485                           

Slack (VIOLATED) :        -0.470ns  (required time - arrival time)
  Source:                 u_camera_hdmi/u_camera_subsystem/g_camera_frontend[1].capture_resetn_local_sync_reg[1]/C
                            (rising edge-triggered cell FDRE clocked by mmcm_clkout0  {rise@0.000ns fall@1.666ns period=3.332ns})
  Destination:            u_camera_hdmi/u_camera_subsystem/g_camera_frontend[1].u_camera/dvp_data_sync_reg[3]/R
                            (rising edge-triggered cell FDRE clocked by mmcm_clkout0  {rise@0.000ns fall@1.666ns period=3.332ns})
  Path Group:             mmcm_clkout0
  Path Type:              Setup (Max at Slow Process Corner)
  Requirement:            3.332ns  (mmcm_clkout0 rise@3.332ns - mmcm_clkout0 rise@0.000ns)
  Data Path Delay:        3.129ns  (logic 0.079ns (2.525%)  route 3.050ns (97.475%))
  Logic Levels:           0  
  Clock Path Skew:        -0.317ns (DCD - SCD + CPR)
    Destination Clock Delay (DCD):    4.422ns = ( 7.754 - 3.332 ) 
    Source Clock Delay      (SCD):    4.303ns
    Clock Pessimism Removal (CPR):    -0.436ns
  Clock Uncertainty:      0.052ns  ((TSJ^2 + DJ^2)^1/2) / 2 + PE
    Total System Jitter     (TSJ):    0.071ns
    Discrete Jitter          (DJ):    0.077ns
    Phase Error              (PE):    0.000ns
  Inter-SLR Compensation: 0.230ns  ((DCD - CCD) * PF)
    Destination Clock Delay (DCD):    4.422ns
    Common Clock Delay      (CCD):    2.891ns
    Prorating Factor         (PF):    0.150

    Location             Delay type                Incr(ns)  Path(ns)    PBlock               Netlist Resource(s)
  -------------------------------------------------------------------    ----------------------------------------
                         (clock mmcm_clkout0 rise edge)
                                                      0.000     0.000 r                       
                         clock source latency         0.804     0.804                         
                         propagated clock network latency
                                                      3.499     4.303                         
    SLICE_X76Y417        FDRE                         0.000     4.303 r                       u_camera_hdmi/u_camera_subsystem/g_camera_frontend[1].capture_resetn_local_sync_reg[1]/C
    SLICE_X76Y417        FDRE (Prop_EFF2_SLICEM_C_Q)
                                                      0.079     4.382 f                       u_camera_hdmi/u_camera_subsystem/g_camera_frontend[1].capture_resetn_local_sync_reg[1]/Q
                         net (fo=1443, estimated)     3.050     7.432                         u_camera_hdmi/u_camera_subsystem/g_camera_frontend[1].u_camera/out[0]
    SLR Crossing[1->2]   
    SLICE_X113Y628       FDRE                                         r  pblock_dvp_sync_slr3 u_camera_hdmi/u_camera_subsystem/g_camera_frontend[1].u_camera/dvp_data_sync_reg[3]/R  (IS_INVERTED)
  -------------------------------------------------------------------    ----------------------------------------

                         (clock mmcm_clkout0 rise edge)
                                                      3.332     3.332 r                       
                         clock source latency         1.402     4.734                         
                         propagated clock network latency
                                                      3.020     7.754                         
                         clock pessimism             -0.436     7.318                           
                         inter-SLR compensation      -0.230     7.088                           
                         clock uncertainty           -0.052     7.036                           
    SLICE_X113Y628       FDRE (Setup_DFF_SLICEL_C_R)
                                                     -0.074     6.962    pblock_dvp_sync_slr3   u_camera_hdmi/u_camera_subsystem/g_camera_frontend[1].u_camera/dvp_data_sync_reg[3]
  -------------------------------------------------------------------
                         required time                          6.962                           
                         arrival time                          -7.432                           
  -------------------------------------------------------------------
                         slack                                 -0.470                           




