Copyright 1986-2022 Xilinx, Inc. All Rights Reserved. Copyright 2022-2023 Advanced Micro Devices, Inc. All Rights Reserved.
--------------------------------------------------------------------------------------------------------------------------------------------------
| Tool Version      : Vivado v.2023.2 (lin64) Build 4029153 Fri Oct 13 20:13:54 MDT 2023
| Date              : Tue Aug 25 10:09:09 2026
| Host              : tsmc184 running 64-bit Ubuntu 22.04.5 LTS
| Command           : report_timing_summary -delay_type max -file /mnt/data/wzr/13p/ov7670/sixteen_camera/prj/timing_placed_resetfix.rpt
| Design            : top_wrapper
| Device            : xcvu13p-fhga2104
| Speed File        : -2  PRODUCTION 1.28 03-30-2022
| Design State      : Fully Placed
| Temperature Grade : I
--------------------------------------------------------------------------------------------------------------------------------------------------

Timing Summary Report

------------------------------------------------------------------------------------------------
| Timer Settings
| --------------
------------------------------------------------------------------------------------------------

  Enable Multi Corner Analysis               :  Yes
  Enable Pessimism Removal                   :  Yes
  Pessimism Removal Resolution               :  Nearest Common Node
  Enable Input Delay Default Clock           :  No
  Enable Preset / Clear Arcs                 :  No
  Disable Flight Delays                      :  No
  Ignore I/O Paths                           :  No
  Timing Early Launch at Borrowing Latches   :  No
  Borrow Time for Max Delay Exceptions       :  Yes
  Merge Timing Exceptions                    :  Yes
  Inter-SLR Compensation                     :  Conservative

  Corner  Analyze    Analyze    
  Name    Max Paths  Min Paths  
  ------  ---------  ---------  
  Slow    Yes        Yes        
  Fast    Yes        Yes        


------------------------------------------------------------------------------------------------
| Report Methodology
| ------------------
------------------------------------------------------------------------------------------------

No report available as report_methodology has not been run prior. Run report_methodology on the current design for the summary of methodology violations.



check_timing report

Table of Contents
-----------------
1. checking no_clock (0)
2. checking constant_clock (0)
3. checking pulse_width_clock (0)
4. checking unconstrained_internal_endpoints (58)
5. checking no_input_delay (22)
6. checking no_output_delay (57)
7. checking multiple_clock (0)
8. checking generated_clocks (0)
9. checking loops (0)
10. checking partial_input_delay (0)
11. checking partial_output_delay (0)
12. checking latch_loops (0)

1. checking no_clock (0)
------------------------
 There are 0 register/latch pins with no clock.


2. checking constant_clock (0)
------------------------------
 There are 0 register/latch pins with constant_clock.


3. checking pulse_width_clock (0)
---------------------------------
 There are 0 register/latch pins which need pulse_width check


4. checking unconstrained_internal_endpoints (58)
-------------------------------------------------
 There are 0 pins that are not constrained for maximum delay.

 There are 58 pins that are not constrained for maximum delay due to constant clock. (MEDIUM)


5. checking no_input_delay (22)
-------------------------------
 There are 22 input ports with no input delay specified. (HIGH)

 There are 0 input ports with no input delay but user has a false path constraint.


6. checking no_output_delay (57)
--------------------------------
 There are 57 ports with no output delay specified. (HIGH)

 There are 0 ports with no output delay but user has a false path constraint

 There are 0 ports with no output delay but with a timing clock defined on it or propagating through it


7. checking multiple_clock (0)
------------------------------
 There are 0 register/latch pins with multiple clocks.


8. checking generated_clocks (0)
--------------------------------
 There are 0 generated clocks that are not connected to a clock source.


9. checking loops (0)
---------------------
 There are 0 combinational loops in the design.


10. checking partial_input_delay (0)
------------------------------------
 There are 0 input ports with partial input delay specified.


11. checking partial_output_delay (0)
-------------------------------------
 There are 0 ports with partial output delay specified.


12. checking latch_loops (0)
----------------------------
 There are 0 combinational latch loops in the design through latch input



------------------------------------------------------------------------------------------------
| Design Timing Summary
| ---------------------
------------------------------------------------------------------------------------------------

    WNS(ns)      TNS(ns)  TNS Failing Endpoints  TNS Total Endpoints     WPWS(ns)     TPWS(ns)  TPWS Failing Endpoints  TPWS Total Endpoints  
    -------      -------  ---------------------  -------------------     --------     --------  ----------------------  --------------------  
     -0.896     -368.673                   3398               494613        0.039        0.000                       0                228992  


Timing constraints are not met.


------------------------------------------------------------------------------------------------
| Clock Summary
| -------------
------------------------------------------------------------------------------------------------

Clock                                                                                                                                                                                                                                                                                                                                                        Waveform(ns)           Period(ns)      Frequency(MHz)
-----                                                                                                                                                                                                                                                                                                                                                        ------------           ----------      --------------
c0_sys_clk_p                                                                                                                                                                                                                                                                                                                                                 {0.000 4.998}          9.996           100.040         
  mmcm_clkout0                                                                                                                                                                                                                                                                                                                                               {0.000 1.666}          3.332           300.120         
    pll_clk[0]                                                                                                                                                                                                                                                                                                                                               {0.000 0.208}          0.417           2400.960        
      pll_clk[0]_DIV                                                                                                                                                                                                                                                                                                                                         {0.000 1.666}          3.332           300.120         
    pll_clk[1]                                                                                                                                                                                                                                                                                                                                               {0.000 0.208}          0.417           2400.960        
      pll_clk[1]_DIV                                                                                                                                                                                                                                                                                                                                         {0.000 1.666}          3.332           300.120         
    pll_clk[2]                                                                                                                                                                                                                                                                                                                                               {0.000 0.208}          0.417           2400.960        
      pll_clk[2]_DIV                                                                                                                                                                                                                                                                                                                                         {0.000 1.666}          3.332           300.120         
  mmcm_clkout5                                                                                                                                                                                                                                                                                                                                               {0.000 6.664}          13.328          75.030          
  mmcm_clkout6                                                                                                                                                                                                                                                                                                                                               {0.000 3.332}          6.664           150.060         
cam_pclk_1                                                                                                                                                                                                                                                                                                                                                   {0.000 20.833}         41.667          24.000          
cam_pclk_2                                                                                                                                                                                                                                                                                                                                                   {0.000 20.833}         41.667          24.000          
cam_pclk_3                                                                                                                                                                                                                                                                                                                                                   {0.000 20.833}         41.667          24.000          
cam_pclk_4                                                                                                                                                                                                                                                                                                                                                   {0.000 20.833}         41.667          24.000          
cam_pclk_5                                                                                                                                                                                                                                                                                                                                                   {0.000 20.833}         41.667          24.000          
cam_pclk_6                                                                                                                                                                                                                                                                                                                                                   {0.000 20.833}         41.667          24.000          
cam_pclk_7                                                                                                                                                                                                                                                                                                                                                   {0.000 20.833}         41.667          24.000          
cam_pclk_8                                                                                                                                                                                                                                                                                                                                                   {0.000 20.833}         41.667          24.000          
clk_100m_p                                                                                                                                                                                                                                                                                                                                                   {0.000 5.000}          10.000          100.000         
  clk_out1_clk_wiz_ov7670                                                                                                                                                                                                                                                                                                                                    {0.000 20.833}         41.667          24.000          
clk_25m                                                                                                                                                                                                                                                                                                                                                      {0.000 20.000}         40.000          25.000          
dbg_hub/inst/BSCANID.u_xsdbm_id/SWITCH_N_EXT_BSCAN.bscan_inst/SERIES7_BSCAN.bscan_inst/INTERNAL_TCK                                                                                                                                                                                                                                                          {0.000 25.000}         50.000          20.000          
hdmi_rx_mgt_refclk                                                                                                                                                                                                                                                                                                                                           {0.000 1.684}          3.367           297.000         
  GTYE4_CHANNEL_RXOUTCLK[0]                                                                                                                                                                                                                                                                                                                                  {0.000 1.684}          3.367           297.000         
    rxoutclk                                                                                                                                                                                                                                                                                                                                                 {0.000 1.684}          3.367           297.000         
  GTYE4_CHANNEL_RXOUTCLK[1]                                                                                                                                                                                                                                                                                                                                  {0.000 1.684}          3.367           297.000         
  GTYE4_CHANNEL_RXOUTCLK[2]                                                                                                                                                                                                                                                                                                                                  {0.000 1.684}          3.367           297.000         
  GTYE4_CHANNEL_RXOUTCLK[3]                                                                                                                                                                                                                                                                                                                                  {0.000 1.684}          3.367           297.000         
  clkout1                                                                                                                                                                                                                                                                                                                                                    {0.000 1.684}          3.367           297.000         
  clkout2                                                                                                                                                                                                                                                                                                                                                    {0.000 1.684}          3.367           297.000         
  qpll0clk_in[0]                                                                                                                                                                                                                                                                                                                                             {0.000 0.084}          0.168           5940.006        
    GTYE4_CHANNEL_TXOUTCLKPCS[0]                                                                                                                                                                                                                                                                                                                             {0.000 1.684}          3.367           297.000         
    GTYE4_CHANNEL_TXOUTCLKPCS[1]                                                                                                                                                                                                                                                                                                                             {0.000 1.684}          3.367           297.000         
    GTYE4_CHANNEL_TXOUTCLKPCS[2]                                                                                                                                                                                                                                                                                                                             {0.000 1.684}          3.367           297.000         
    GTYE4_CHANNEL_TXOUTCLKPCS[3]                                                                                                                                                                                                                                                                                                                             {0.000 1.684}          3.367           297.000         
    GTYE4_CHANNEL_TXOUTCLK[0]                                                                                                                                                                                                                                                                                                                                {0.000 1.684}          3.367           297.000         
      txoutclk                                                                                                                                                                                                                                                                                                                                               {0.000 1.684}          3.367           297.000         
    GTYE4_CHANNEL_TXOUTCLK[1]                                                                                                                                                                                                                                                                                                                                {0.000 1.684}          3.367           297.000         
    GTYE4_CHANNEL_TXOUTCLK[2]                                                                                                                                                                                                                                                                                                                                {0.000 1.684}          3.367           297.000         
    GTYE4_CHANNEL_TXOUTCLK[3]                                                                                                                                                                                                                                                                                                                                {0.000 1.684}          3.367           297.000         
  qpll0refclk_in[0]                                                                                                                                                                                                                                                                                                                                          {0.000 1.684}          3.367           297.000         
  qpll1clk_in[0]                                                                                                                                                                                                                                                                                                                                             {0.000 0.084}          0.168           5940.006        
  qpll1refclk_in[0]                                                                                                                                                                                                                                                                                                                                          {0.000 1.684}          3.367           297.000         
hdmi_tx_mgt_refclk                                                                                                                                                                                                                                                                                                                                           {0.000 1.684}          3.367           297.000         
  clkout2_1                                                                                                                                                                                                                                                                                                                                                  {0.000 1.684}          3.367           297.000         
rocket_bscan_tck                                                                                                                                                                                                                                                                                                                                             {0.000 33.333}         66.667          15.000          
u_camera_hdmi/u_hdmi/u_phy/u_vphy/inst/gt_wrapper_inst/inst/gen_gtwizard_gtye4_top.vid_phy_controller_0_gtwrapper_gtwizard_gtye4_inst/gen_gtwizard_gtye4.gen_cpll_cal_gtye4.gen_cpll_cal_inst[0].gen_inst_cpll_cal.gtwizard_ultrascale_v1_7_17_gtye4_cpll_cal_inst/gtwizard_ultrascale_v1_7_17_gtye4_cpll_cal_rx_i/gen_cal_rx_en.bufg_gt_rxoutclkmon_inst/O  {0.000 1.684}          3.367           297.000         
u_camera_hdmi/u_hdmi/u_phy/u_vphy/inst/gt_wrapper_inst/inst/gen_gtwizard_gtye4_top.vid_phy_controller_0_gtwrapper_gtwizard_gtye4_inst/gen_gtwizard_gtye4.gen_cpll_cal_gtye4.gen_cpll_cal_inst[0].gen_inst_cpll_cal.gtwizard_ultrascale_v1_7_17_gtye4_cpll_cal_inst/gtwizard_ultrascale_v1_7_17_gtye4_cpll_cal_tx_i/bufg_gt_txoutclkmon_inst/O                {0.000 1.684}          3.367           297.000         
u_camera_hdmi/u_hdmi/u_phy/u_vphy/inst/gt_wrapper_inst/inst/gen_gtwizard_gtye4_top.vid_phy_controller_0_gtwrapper_gtwizard_gtye4_inst/gen_gtwizard_gtye4.gen_cpll_cal_gtye4.gen_cpll_cal_inst[1].gen_inst_cpll_cal.gtwizard_ultrascale_v1_7_17_gtye4_cpll_cal_inst/gtwizard_ultrascale_v1_7_17_gtye4_cpll_cal_rx_i/gen_cal_rx_en.bufg_gt_rxoutclkmon_inst/O  {0.000 1.684}          3.367           297.000         
u_camera_hdmi/u_hdmi/u_phy/u_vphy/inst/gt_wrapper_inst/inst/gen_gtwizard_gtye4_top.vid_phy_controller_0_gtwrapper_gtwizard_gtye4_inst/gen_gtwizard_gtye4.gen_cpll_cal_gtye4.gen_cpll_cal_inst[1].gen_inst_cpll_cal.gtwizard_ultrascale_v1_7_17_gtye4_cpll_cal_inst/gtwizard_ultrascale_v1_7_17_gtye4_cpll_cal_tx_i/bufg_gt_txoutclkmon_inst/O                {0.000 1.684}          3.367           297.000         
u_camera_hdmi/u_hdmi/u_phy/u_vphy/inst/gt_wrapper_inst/inst/gen_gtwizard_gtye4_top.vid_phy_controller_0_gtwrapper_gtwizard_gtye4_inst/gen_gtwizard_gtye4.gen_cpll_cal_gtye4.gen_cpll_cal_inst[2].gen_inst_cpll_cal.gtwizard_ultrascale_v1_7_17_gtye4_cpll_cal_inst/gtwizard_ultrascale_v1_7_17_gtye4_cpll_cal_rx_i/gen_cal_rx_en.bufg_gt_rxoutclkmon_inst/O  {0.000 1.684}          3.367           297.000         
u_camera_hdmi/u_hdmi/u_phy/u_vphy/inst/gt_wrapper_inst/inst/gen_gtwizard_gtye4_top.vid_phy_controller_0_gtwrapper_gtwizard_gtye4_inst/gen_gtwizard_gtye4.gen_cpll_cal_gtye4.gen_cpll_cal_inst[2].gen_inst_cpll_cal.gtwizard_ultrascale_v1_7_17_gtye4_cpll_cal_inst/gtwizard_ultrascale_v1_7_17_gtye4_cpll_cal_tx_i/bufg_gt_txoutclkmon_inst/O                {0.000 1.684}          3.367           297.000         
u_camera_hdmi/u_hdmi/u_phy/u_vphy/inst/gt_wrapper_inst/inst/gen_gtwizard_gtye4_top.vid_phy_controller_0_gtwrapper_gtwizard_gtye4_inst/gen_gtwizard_gtye4.gen_cpll_cal_gtye4.gen_cpll_cal_inst[3].gen_inst_cpll_cal.gtwizard_ultrascale_v1_7_17_gtye4_cpll_cal_inst/gtwizard_ultrascale_v1_7_17_gtye4_cpll_cal_rx_i/gen_cal_rx_en.bufg_gt_rxoutclkmon_inst/O  {0.000 1.684}          3.367           297.000         
u_camera_hdmi/u_hdmi/u_phy/u_vphy/inst/gt_wrapper_inst/inst/gen_gtwizard_gtye4_top.vid_phy_controller_0_gtwrapper_gtwizard_gtye4_inst/gen_gtwizard_gtye4.gen_cpll_cal_gtye4.gen_cpll_cal_inst[3].gen_inst_cpll_cal.gtwizard_ultrascale_v1_7_17_gtye4_cpll_cal_inst/gtwizard_ultrascale_v1_7_17_gtye4_cpll_cal_tx_i/bufg_gt_txoutclkmon_inst/O                {0.000 1.684}          3.367           297.000         


------------------------------------------------------------------------------------------------
| Intra Clock Table
| -----------------
------------------------------------------------------------------------------------------------

Clock                                                                                                                                                                                                                                                                                                                                                            WNS(ns)      TNS(ns)  TNS Failing Endpoints  TNS Total Endpoints     WPWS(ns)     TPWS(ns)  TPWS Failing Endpoints  TPWS Total Endpoints  
-----                                                                                                                                                                                                                                                                                                                                                            -------      -------  ---------------------  -------------------     --------     --------  ----------------------  --------------------  
c0_sys_clk_p                                                                                                                                                                                                                                                                                                                                                       8.245        0.000                      0                   23        1.999        0.000                       0                    19  
  mmcm_clkout0                                                                                                                                                                                                                                                                                                                                                    -0.896     -368.138                   3395               313399        0.137        0.000                       0                112214  
    pll_clk[0]                                                                                                                                                                                                                                                                                                                                                                                                                           0.039        0.000                       0                     9  
      pll_clk[0]_DIV                                                                                                                                                                                                                                                                                                                                                                                                                     0.466        0.000                       0                    40  
    pll_clk[1]                                                                                                                                                                                                                                                                                                                                                                                                                           0.039        0.000                       0                     8  
      pll_clk[1]_DIV                                                                                                                                                                                                                                                                                                                                                                                                                     0.466        0.000                       0                    25  
    pll_clk[2]                                                                                                                                                                                                                                                                                                                                                                                                                           0.039        0.000                       0                     9  
      pll_clk[2]_DIV                                                                                                                                                                                                                                                                                                                                                                                                                     0.466        0.000                       0                    40  
  mmcm_clkout5                                                                                                                                                                                                                                                                                                                                                    11.387        0.000                      0                  827        6.132        0.000                       0                   570  
  mmcm_clkout6                                                                                                                                                                                                                                                                                                                                                     3.515        0.000                      0                 5684        0.972        0.000                       0                  1743  
clk_100m_p                                                                                                                                                                                                                                                                                                                                                         1.816        0.000                      0               117437        2.000        0.000                       0                 91745  
  clk_out1_clk_wiz_ov7670                                                                                                                                                                                                                                                                                                                                         37.688        0.000                      0                12051       20.291        0.000                       0                  6334  
clk_25m                                                                                                                                                                                                                                                                                                                                                           37.094        0.000                      0                  588       19.458        0.000                       0                   285  
dbg_hub/inst/BSCANID.u_xsdbm_id/SWITCH_N_EXT_BSCAN.bscan_inst/SERIES7_BSCAN.bscan_inst/INTERNAL_TCK                                                                                                                                                                                                                                                               11.535        0.000                      0                  992       24.468        0.000                       0                   479  
hdmi_rx_mgt_refclk                                                                                                                                                                                                                                                                                                                                                 2.709        0.000                      0                   40        0.505        0.000                       0                    26  
  GTYE4_CHANNEL_RXOUTCLK[0]                                                                                                                                                                                                                                                                                                                                                                                                              2.077        0.000                       0                     2  
    rxoutclk                                                                                                                                                                                                                                                                                                                                                       0.237        0.000                      0                11387        0.439        0.000                       0                  5018  
  GTYE4_CHANNEL_RXOUTCLK[1]                                                                                                                                                                                                                                                                                                                                                                                                              2.077        0.000                       0                     1  
  GTYE4_CHANNEL_RXOUTCLK[2]                                                                                                                                                                                                                                                                                                                                                                                                              2.077        0.000                       0                     1  
  GTYE4_CHANNEL_RXOUTCLK[3]                                                                                                                                                                                                                                                                                                                                                                                                              2.077        0.000                       0                     1  
  clkout1                                                                                                                                                                                                                                                                                                                                                                                                                                0.136        0.000                       0                     4  
  clkout2                                                                                                                                                                                                                                                                                                                                                          0.563        0.000                      0                 2303        1.141        0.000                       0                  1375  
    GTYE4_CHANNEL_TXOUTCLKPCS[0]                                                                                                                                                                                                                                                                                                                                   2.302        0.000                      0                   34        1.408        0.000                       0                    15  
    GTYE4_CHANNEL_TXOUTCLKPCS[1]                                                                                                                                                                                                                                                                                                                                   2.523        0.000                      0                   34        1.408        0.000                       0                    15  
    GTYE4_CHANNEL_TXOUTCLKPCS[2]                                                                                                                                                                                                                                                                                                                                   2.465        0.000                      0                   34        1.408        0.000                       0                    15  
    GTYE4_CHANNEL_TXOUTCLKPCS[3]                                                                                                                                                                                                                                                                                                                                   2.390        0.000                      0                   34        1.408        0.000                       0                    15  
    GTYE4_CHANNEL_TXOUTCLK[0]                                                                                                                                                                                                                                                                                                                                                                                                            2.077        0.000                       0                     2  
      txoutclk                                                                                                                                                                                                                                                                                                                                                     0.978        0.000                      0                11690        0.585        0.000                       0                  4833  
    GTYE4_CHANNEL_TXOUTCLK[1]                                                                                                                                                                                                                                                                                                                                                                                                            2.077        0.000                       0                     1  
    GTYE4_CHANNEL_TXOUTCLK[2]                                                                                                                                                                                                                                                                                                                                                                                                            2.077        0.000                       0                     1  
    GTYE4_CHANNEL_TXOUTCLK[3]                                                                                                                                                                                                                                                                                                                                                                                                            2.077        0.000                       0                     1  
hdmi_tx_mgt_refclk                                                                                                                                                                                                                                                                                                                                                 2.369        0.000                      0                   40        0.505        0.000                       0                    26  
  clkout2_1                                                                                                                                                                                                                                                                                                                                                        0.979        0.000                      0                 7959        1.141        0.000                       0                  3558  
rocket_bscan_tck                                                                                                                                                                                                                                                                                                                                                  27.849        0.000                      0                  658       33.058        0.000                       0                   314  
u_camera_hdmi/u_hdmi/u_phy/u_vphy/inst/gt_wrapper_inst/inst/gen_gtwizard_gtye4_top.vid_phy_controller_0_gtwrapper_gtwizard_gtye4_inst/gen_gtwizard_gtye4.gen_cpll_cal_gtye4.gen_cpll_cal_inst[0].gen_inst_cpll_cal.gtwizard_ultrascale_v1_7_17_gtye4_cpll_cal_inst/gtwizard_ultrascale_v1_7_17_gtye4_cpll_cal_rx_i/gen_cal_rx_en.bufg_gt_rxoutclkmon_inst/O        2.333        0.000                      0                   50        1.408        0.000                       0                    31  
u_camera_hdmi/u_hdmi/u_phy/u_vphy/inst/gt_wrapper_inst/inst/gen_gtwizard_gtye4_top.vid_phy_controller_0_gtwrapper_gtwizard_gtye4_inst/gen_gtwizard_gtye4.gen_cpll_cal_gtye4.gen_cpll_cal_inst[0].gen_inst_cpll_cal.gtwizard_ultrascale_v1_7_17_gtye4_cpll_cal_inst/gtwizard_ultrascale_v1_7_17_gtye4_cpll_cal_tx_i/bufg_gt_txoutclkmon_inst/O                      2.147        0.000                      0                   50        1.408        0.000                       0                    31  
u_camera_hdmi/u_hdmi/u_phy/u_vphy/inst/gt_wrapper_inst/inst/gen_gtwizard_gtye4_top.vid_phy_controller_0_gtwrapper_gtwizard_gtye4_inst/gen_gtwizard_gtye4.gen_cpll_cal_gtye4.gen_cpll_cal_inst[1].gen_inst_cpll_cal.gtwizard_ultrascale_v1_7_17_gtye4_cpll_cal_inst/gtwizard_ultrascale_v1_7_17_gtye4_cpll_cal_rx_i/gen_cal_rx_en.bufg_gt_rxoutclkmon_inst/O        2.339        0.000                      0                   50        1.408        0.000                       0                    31  
u_camera_hdmi/u_hdmi/u_phy/u_vphy/inst/gt_wrapper_inst/inst/gen_gtwizard_gtye4_top.vid_phy_controller_0_gtwrapper_gtwizard_gtye4_inst/gen_gtwizard_gtye4.gen_cpll_cal_gtye4.gen_cpll_cal_inst[1].gen_inst_cpll_cal.gtwizard_ultrascale_v1_7_17_gtye4_cpll_cal_inst/gtwizard_ultrascale_v1_7_17_gtye4_cpll_cal_tx_i/bufg_gt_txoutclkmon_inst/O                      2.325        0.000                      0                   50        1.408        0.000                       0                    31  
u_camera_hdmi/u_hdmi/u_phy/u_vphy/inst/gt_wrapper_inst/inst/gen_gtwizard_gtye4_top.vid_phy_controller_0_gtwrapper_gtwizard_gtye4_inst/gen_gtwizard_gtye4.gen_cpll_cal_gtye4.gen_cpll_cal_inst[2].gen_inst_cpll_cal.gtwizard_ultrascale_v1_7_17_gtye4_cpll_cal_inst/gtwizard_ultrascale_v1_7_17_gtye4_cpll_cal_rx_i/gen_cal_rx_en.bufg_gt_rxoutclkmon_inst/O        2.300        0.000                      0                   50        1.408        0.000                       0                    31  
u_camera_hdmi/u_hdmi/u_phy/u_vphy/inst/gt_wrapper_inst/inst/gen_gtwizard_gtye4_top.vid_phy_controller_0_gtwrapper_gtwizard_gtye4_inst/gen_gtwizard_gtye4.gen_cpll_cal_gtye4.gen_cpll_cal_inst[2].gen_inst_cpll_cal.gtwizard_ultrascale_v1_7_17_gtye4_cpll_cal_inst/gtwizard_ultrascale_v1_7_17_gtye4_cpll_cal_tx_i/bufg_gt_txoutclkmon_inst/O                      2.390        0.000                      0                   50        1.408        0.000                       0                    31  
u_camera_hdmi/u_hdmi/u_phy/u_vphy/inst/gt_wrapper_inst/inst/gen_gtwizard_gtye4_top.vid_phy_controller_0_gtwrapper_gtwizard_gtye4_inst/gen_gtwizard_gtye4.gen_cpll_cal_gtye4.gen_cpll_cal_inst[3].gen_inst_cpll_cal.gtwizard_ultrascale_v1_7_17_gtye4_cpll_cal_inst/gtwizard_ultrascale_v1_7_17_gtye4_cpll_cal_rx_i/gen_cal_rx_en.bufg_gt_rxoutclkmon_inst/O        2.292        0.000                      0                   50        1.408        0.000                       0                    31  
u_camera_hdmi/u_hdmi/u_phy/u_vphy/inst/gt_wrapper_inst/inst/gen_gtwizard_gtye4_top.vid_phy_controller_0_gtwrapper_gtwizard_gtye4_inst/gen_gtwizard_gtye4.gen_cpll_cal_gtye4.gen_cpll_cal_inst[3].gen_inst_cpll_cal.gtwizard_ultrascale_v1_7_17_gtye4_cpll_cal_inst/gtwizard_ultrascale_v1_7_17_gtye4_cpll_cal_tx_i/bufg_gt_txoutclkmon_inst/O                      2.256        0.000                      0                   50        1.408        0.000                       0                    31  


------------------------------------------------------------------------------------------------
| Inter Clock Table
| -----------------
------------------------------------------------------------------------------------------------

From Clock                                                                                           To Clock                                                                                                 WNS(ns)      TNS(ns)  TNS Failing Endpoints  TNS Total Endpoints  
----------                                                                                           --------                                                                                                 -------      -------  ---------------------  -------------------  
mmcm_clkout5                                                                                         mmcm_clkout0                                                                                               2.609        0.000                      0                   28  
mmcm_clkout6                                                                                         mmcm_clkout0                                                                                               2.325        0.000                      0                  131  
clk_100m_p                                                                                           mmcm_clkout0                                                                                               0.168        0.000                      0                   26  
clkout2                                                                                              mmcm_clkout0                                                                                               3.023        0.000                      0                   10  
clkout2_1                                                                                            mmcm_clkout0                                                                                               2.955        0.000                      0                   10  
mmcm_clkout0                                                                                         pll_clk[0]_DIV                                                                                             0.882        0.000                      0                  352  
mmcm_clkout0                                                                                         pll_clk[1]_DIV                                                                                             1.588        0.000                      0                  220  
mmcm_clkout0                                                                                         pll_clk[2]_DIV                                                                                             1.135        0.000                      0                  352  
mmcm_clkout0                                                                                         mmcm_clkout5                                                                                              11.710        0.000                      0                   10  
dbg_hub/inst/BSCANID.u_xsdbm_id/SWITCH_N_EXT_BSCAN.bscan_inst/SERIES7_BSCAN.bscan_inst/INTERNAL_TCK  mmcm_clkout5                                                                                              49.635        0.000                      0                    8  
mmcm_clkout0                                                                                         mmcm_clkout6                                                                                               2.561        0.000                      0                   36  
mmcm_clkout0                                                                                         clk_100m_p                                                                                                 2.886        0.000                      0                   20  
rxoutclk                                                                                             clk_100m_p                                                                                                 2.975        0.000                      0                  133  
clkout2                                                                                              clk_100m_p                                                                                                 2.892        0.000                      0                   25  
txoutclk                                                                                             clk_100m_p                                                                                                 3.033        0.000                      0                    9  
clkout2_1                                                                                            clk_100m_p                                                                                                 2.802        0.000                      0                   37  
mmcm_clkout5                                                                                         dbg_hub/inst/BSCANID.u_xsdbm_id/SWITCH_N_EXT_BSCAN.bscan_inst/SERIES7_BSCAN.bscan_inst/INTERNAL_TCK       13.022        0.000                      0                    8  
clk_100m_p                                                                                           rxoutclk                                                                                                   6.293        0.000                      0                   14  
clkout2                                                                                              clkout1                                                                                                    0.951        0.000                      0                    1  
mmcm_clkout0                                                                                         clkout2                                                                                                    2.868        0.000                      0                   10  
clk_100m_p                                                                                           clkout2                                                                                                    6.275        0.000                      0                   10  
rxoutclk                                                                                             clkout2                                                                                                    2.947        0.000                      0                  148  
clk_100m_p                                                                                           txoutclk                                                                                                   6.377        0.000                      0                  262  
clkout2_1                                                                                            txoutclk                                                                                                   2.996        0.000                      0                  180  
mmcm_clkout0                                                                                         clkout2_1                                                                                                  2.973        0.000                      0                   21  
clk_100m_p                                                                                           clkout2_1                                                                                                  6.413        0.000                      0                   72  


------------------------------------------------------------------------------------------------
| Other Path Groups Table
| -----------------------
------------------------------------------------------------------------------------------------

Path Group                                                                                                                                                                                                                                                                                                                                                   From Clock                                                                                                                                                                                                                                                                                                                                                   To Clock                                                                                                                                                                                                                                                                                                                                                         WNS(ns)      TNS(ns)  TNS Failing Endpoints  TNS Total Endpoints  
----------                                                                                                                                                                                                                                                                                                                                                   ----------                                                                                                                                                                                                                                                                                                                                                   --------                                                                                                                                                                                                                                                                                                                                                         -------      -------  ---------------------  -------------------  
**async_default**                                                                                                                                                                                                                                                                                                                                            clk_100m_p                                                                                                                                                                                                                                                                                                                                                   clk_100m_p                                                                                                                                                                                                                                                                                                                                                         6.419        0.000                      0                 1870  
**async_default**                                                                                                                                                                                                                                                                                                                                            clkout2                                                                                                                                                                                                                                                                                                                                                      clkout2                                                                                                                                                                                                                                                                                                                                                            2.190        0.000                      0                  534  
**async_default**                                                                                                                                                                                                                                                                                                                                            clkout2_1                                                                                                                                                                                                                                                                                                                                                    clkout2_1                                                                                                                                                                                                                                                                                                                                                          2.385        0.000                      0                  259  
**async_default**                                                                                                                                                                                                                                                                                                                                            dbg_hub/inst/BSCANID.u_xsdbm_id/SWITCH_N_EXT_BSCAN.bscan_inst/SERIES7_BSCAN.bscan_inst/INTERNAL_TCK                                                                                                                                                                                                                                                          dbg_hub/inst/BSCANID.u_xsdbm_id/SWITCH_N_EXT_BSCAN.bscan_inst/SERIES7_BSCAN.bscan_inst/INTERNAL_TCK                                                                                                                                                                                                                                                               44.781        0.000                      0                  100  
**async_default**                                                                                                                                                                                                                                                                                                                                            hdmi_rx_mgt_refclk                                                                                                                                                                                                                                                                                                                                           hdmi_rx_mgt_refclk                                                                                                                                                                                                                                                                                                                                                 2.691        0.000                      0                   18  
**async_default**                                                                                                                                                                                                                                                                                                                                            hdmi_tx_mgt_refclk                                                                                                                                                                                                                                                                                                                                           hdmi_tx_mgt_refclk                                                                                                                                                                                                                                                                                                                                                 2.548        0.000                      0                   18  
**async_default**                                                                                                                                                                                                                                                                                                                                            mmcm_clkout0                                                                                                                                                                                                                                                                                                                                                 mmcm_clkout0                                                                                                                                                                                                                                                                                                                                                      -0.178       -0.535                      3                  130  
**async_default**                                                                                                                                                                                                                                                                                                                                            mmcm_clkout5                                                                                                                                                                                                                                                                                                                                                 mmcm_clkout5                                                                                                                                                                                                                                                                                                                                                      12.503        0.000                      0                  105  
**async_default**                                                                                                                                                                                                                                                                                                                                            rocket_bscan_tck                                                                                                                                                                                                                                                                                                                                             rocket_bscan_tck                                                                                                                                                                                                                                                                                                                                                  32.484        0.000                      0                   54  
**async_default**                                                                                                                                                                                                                                                                                                                                            rxoutclk                                                                                                                                                                                                                                                                                                                                                     rxoutclk                                                                                                                                                                                                                                                                                                                                                           1.436        0.000                      0                 3128  
**async_default**                                                                                                                                                                                                                                                                                                                                            txoutclk                                                                                                                                                                                                                                                                                                                                                     txoutclk                                                                                                                                                                                                                                                                                                                                                           2.020        0.000                      0                 1050  
**async_default**                                                                                                                                                                                                                                                                                                                                            u_camera_hdmi/u_hdmi/u_phy/u_vphy/inst/gt_wrapper_inst/inst/gen_gtwizard_gtye4_top.vid_phy_controller_0_gtwrapper_gtwizard_gtye4_inst/gen_gtwizard_gtye4.gen_cpll_cal_gtye4.gen_cpll_cal_inst[0].gen_inst_cpll_cal.gtwizard_ultrascale_v1_7_17_gtye4_cpll_cal_inst/gtwizard_ultrascale_v1_7_17_gtye4_cpll_cal_rx_i/gen_cal_rx_en.bufg_gt_rxoutclkmon_inst/O  u_camera_hdmi/u_hdmi/u_phy/u_vphy/inst/gt_wrapper_inst/inst/gen_gtwizard_gtye4_top.vid_phy_controller_0_gtwrapper_gtwizard_gtye4_inst/gen_gtwizard_gtye4.gen_cpll_cal_gtye4.gen_cpll_cal_inst[0].gen_inst_cpll_cal.gtwizard_ultrascale_v1_7_17_gtye4_cpll_cal_inst/gtwizard_ultrascale_v1_7_17_gtye4_cpll_cal_rx_i/gen_cal_rx_en.bufg_gt_rxoutclkmon_inst/O        2.672        0.000                      0                   18  
**async_default**                                                                                                                                                                                                                                                                                                                                            u_camera_hdmi/u_hdmi/u_phy/u_vphy/inst/gt_wrapper_inst/inst/gen_gtwizard_gtye4_top.vid_phy_controller_0_gtwrapper_gtwizard_gtye4_inst/gen_gtwizard_gtye4.gen_cpll_cal_gtye4.gen_cpll_cal_inst[0].gen_inst_cpll_cal.gtwizard_ultrascale_v1_7_17_gtye4_cpll_cal_inst/gtwizard_ultrascale_v1_7_17_gtye4_cpll_cal_tx_i/bufg_gt_txoutclkmon_inst/O                u_camera_hdmi/u_hdmi/u_phy/u_vphy/inst/gt_wrapper_inst/inst/gen_gtwizard_gtye4_top.vid_phy_controller_0_gtwrapper_gtwizard_gtye4_inst/gen_gtwizard_gtye4.gen_cpll_cal_gtye4.gen_cpll_cal_inst[0].gen_inst_cpll_cal.gtwizard_ultrascale_v1_7_17_gtye4_cpll_cal_inst/gtwizard_ultrascale_v1_7_17_gtye4_cpll_cal_tx_i/bufg_gt_txoutclkmon_inst/O                      2.762        0.000                      0                   18  
**async_default**                                                                                                                                                                                                                                                                                                                                            u_camera_hdmi/u_hdmi/u_phy/u_vphy/inst/gt_wrapper_inst/inst/gen_gtwizard_gtye4_top.vid_phy_controller_0_gtwrapper_gtwizard_gtye4_inst/gen_gtwizard_gtye4.gen_cpll_cal_gtye4.gen_cpll_cal_inst[1].gen_inst_cpll_cal.gtwizard_ultrascale_v1_7_17_gtye4_cpll_cal_inst/gtwizard_ultrascale_v1_7_17_gtye4_cpll_cal_rx_i/gen_cal_rx_en.bufg_gt_rxoutclkmon_inst/O  u_camera_hdmi/u_hdmi/u_phy/u_vphy/inst/gt_wrapper_inst/inst/gen_gtwizard_gtye4_top.vid_phy_controller_0_gtwrapper_gtwizard_gtye4_inst/gen_gtwizard_gtye4.gen_cpll_cal_gtye4.gen_cpll_cal_inst[1].gen_inst_cpll_cal.gtwizard_ultrascale_v1_7_17_gtye4_cpll_cal_inst/gtwizard_ultrascale_v1_7_17_gtye4_cpll_cal_rx_i/gen_cal_rx_en.bufg_gt_rxoutclkmon_inst/O        2.707        0.000                      0                   18  
**async_default**                                                                                                                                                                                                                                                                                                                                            u_camera_hdmi/u_hdmi/u_phy/u_vphy/inst/gt_wrapper_inst/inst/gen_gtwizard_gtye4_top.vid_phy_controller_0_gtwrapper_gtwizard_gtye4_inst/gen_gtwizard_gtye4.gen_cpll_cal_gtye4.gen_cpll_cal_inst[1].gen_inst_cpll_cal.gtwizard_ultrascale_v1_7_17_gtye4_cpll_cal_inst/gtwizard_ultrascale_v1_7_17_gtye4_cpll_cal_tx_i/bufg_gt_txoutclkmon_inst/O                u_camera_hdmi/u_hdmi/u_phy/u_vphy/inst/gt_wrapper_inst/inst/gen_gtwizard_gtye4_top.vid_phy_controller_0_gtwrapper_gtwizard_gtye4_inst/gen_gtwizard_gtye4.gen_cpll_cal_gtye4.gen_cpll_cal_inst[1].gen_inst_cpll_cal.gtwizard_ultrascale_v1_7_17_gtye4_cpll_cal_inst/gtwizard_ultrascale_v1_7_17_gtye4_cpll_cal_tx_i/bufg_gt_txoutclkmon_inst/O                      2.630        0.000                      0                   18  
**async_default**                                                                                                                                                                                                                                                                                                                                            u_camera_hdmi/u_hdmi/u_phy/u_vphy/inst/gt_wrapper_inst/inst/gen_gtwizard_gtye4_top.vid_phy_controller_0_gtwrapper_gtwizard_gtye4_inst/gen_gtwizard_gtye4.gen_cpll_cal_gtye4.gen_cpll_cal_inst[2].gen_inst_cpll_cal.gtwizard_ultrascale_v1_7_17_gtye4_cpll_cal_inst/gtwizard_ultrascale_v1_7_17_gtye4_cpll_cal_rx_i/gen_cal_rx_en.bufg_gt_rxoutclkmon_inst/O  u_camera_hdmi/u_hdmi/u_phy/u_vphy/inst/gt_wrapper_inst/inst/gen_gtwizard_gtye4_top.vid_phy_controller_0_gtwrapper_gtwizard_gtye4_inst/gen_gtwizard_gtye4.gen_cpll_cal_gtye4.gen_cpll_cal_inst[2].gen_inst_cpll_cal.gtwizard_ultrascale_v1_7_17_gtye4_cpll_cal_inst/gtwizard_ultrascale_v1_7_17_gtye4_cpll_cal_rx_i/gen_cal_rx_en.bufg_gt_rxoutclkmon_inst/O        2.470        0.000                      0                   18  
**async_default**                                                                                                                                                                                                                                                                                                                                            u_camera_hdmi/u_hdmi/u_phy/u_vphy/inst/gt_wrapper_inst/inst/gen_gtwizard_gtye4_top.vid_phy_controller_0_gtwrapper_gtwizard_gtye4_inst/gen_gtwizard_gtye4.gen_cpll_cal_gtye4.gen_cpll_cal_inst[2].gen_inst_cpll_cal.gtwizard_ultrascale_v1_7_17_gtye4_cpll_cal_inst/gtwizard_ultrascale_v1_7_17_gtye4_cpll_cal_tx_i/bufg_gt_txoutclkmon_inst/O                u_camera_hdmi/u_hdmi/u_phy/u_vphy/inst/gt_wrapper_inst/inst/gen_gtwizard_gtye4_top.vid_phy_controller_0_gtwrapper_gtwizard_gtye4_inst/gen_gtwizard_gtye4.gen_cpll_cal_gtye4.gen_cpll_cal_inst[2].gen_inst_cpll_cal.gtwizard_ultrascale_v1_7_17_gtye4_cpll_cal_inst/gtwizard_ultrascale_v1_7_17_gtye4_cpll_cal_tx_i/bufg_gt_txoutclkmon_inst/O                      2.801        0.000                      0                   18  
**async_default**                                                                                                                                                                                                                                                                                                                                            u_camera_hdmi/u_hdmi/u_phy/u_vphy/inst/gt_wrapper_inst/inst/gen_gtwizard_gtye4_top.vid_phy_controller_0_gtwrapper_gtwizard_gtye4_inst/gen_gtwizard_gtye4.gen_cpll_cal_gtye4.gen_cpll_cal_inst[3].gen_inst_cpll_cal.gtwizard_ultrascale_v1_7_17_gtye4_cpll_cal_inst/gtwizard_ultrascale_v1_7_17_gtye4_cpll_cal_rx_i/gen_cal_rx_en.bufg_gt_rxoutclkmon_inst/O  u_camera_hdmi/u_hdmi/u_phy/u_vphy/inst/gt_wrapper_inst/inst/gen_gtwizard_gtye4_top.vid_phy_controller_0_gtwrapper_gtwizard_gtye4_inst/gen_gtwizard_gtye4.gen_cpll_cal_gtye4.gen_cpll_cal_inst[3].gen_inst_cpll_cal.gtwizard_ultrascale_v1_7_17_gtye4_cpll_cal_inst/gtwizard_ultrascale_v1_7_17_gtye4_cpll_cal_rx_i/gen_cal_rx_en.bufg_gt_rxoutclkmon_inst/O        2.370        0.000                      0                   18  
**async_default**                                                                                                                                                                                                                                                                                                                                            u_camera_hdmi/u_hdmi/u_phy/u_vphy/inst/gt_wrapper_inst/inst/gen_gtwizard_gtye4_top.vid_phy_controller_0_gtwrapper_gtwizard_gtye4_inst/gen_gtwizard_gtye4.gen_cpll_cal_gtye4.gen_cpll_cal_inst[3].gen_inst_cpll_cal.gtwizard_ultrascale_v1_7_17_gtye4_cpll_cal_inst/gtwizard_ultrascale_v1_7_17_gtye4_cpll_cal_tx_i/bufg_gt_txoutclkmon_inst/O                u_camera_hdmi/u_hdmi/u_phy/u_vphy/inst/gt_wrapper_inst/inst/gen_gtwizard_gtye4_top.vid_phy_controller_0_gtwrapper_gtwizard_gtye4_inst/gen_gtwizard_gtye4.gen_cpll_cal_gtye4.gen_cpll_cal_inst[3].gen_inst_cpll_cal.gtwizard_ultrascale_v1_7_17_gtye4_cpll_cal_inst/gtwizard_ultrascale_v1_7_17_gtye4_cpll_cal_tx_i/bufg_gt_txoutclkmon_inst/O                      2.385        0.000                      0                   18  


------------------------------------------------------------------------------------------------
| Timing Details
| --------------
------------------------------------------------------------------------------------------------


---------------------------------------------------------------------------------------------------
From Clock:  c0_sys_clk_p
  To Clock:  c0_sys_clk_p

Setup :            0  Failing Endpoints,  Worst Slack        8.245ns,  Total Violation        0.000ns
Hold  :           NA  Failing Endpoints,  Worst Slack           NA  ,  Total Violation           NA
PW    :            0  Failing Endpoints,  Worst Slack        1.999ns,  Total Violation        0.000ns
---------------------------------------------------------------------------------------------------


Max Delay Paths
--------------------------------------------------------------------------------------
Slack (MET) :             8.245ns  (required time - arrival time)
  Source:                 u_ddr_memory/u_ddr_bd/design_1_i/ddr4_0/inst/u_ddr4_infrastructure/input_rst_design_reg/C
                            (rising edge-triggered cell FDRE clocked by c0_sys_clk_p  {rise@0.000ns fall@4.998ns period=9.996ns})
  Destination:            u_ddr_memory/u_ddr_bd/design_1_i/ddr4_0/inst/u_ddr4_infrastructure/rst_async_mb_reg/D
                            (rising edge-triggered cell FDRE clocked by c0_sys_clk_p  {rise@0.000ns fall@4.998ns period=9.996ns})
  Path Group:             c0_sys_clk_p
  Path Type:              Setup (Max at Slow Process Corner)
  Requirement:            9.996ns  (c0_sys_clk_p rise@9.996ns - c0_sys_clk_p rise@0.000ns)
  Data Path Delay:        1.551ns  (logic 0.192ns (12.379%)  route 1.359ns (87.621%))
  Logic Levels:           1  (LUT2=1)
  Clock Path Skew:        -0.190ns (DCD - SCD + CPR)
    Destination Clock Delay (DCD):    1.713ns = ( 11.709 - 9.996 ) 
    Source Clock Delay      (SCD):    2.072ns
    Clock Pessimism Removal (CPR):    0.169ns
  Clock Uncertainty:      0.035ns  ((TSJ^2 + TIJ^2)^1/2 + DJ) / 2 + PE
    Total System Jitter     (TSJ):    0.071ns
    Total Input Jitter      (TIJ):    0.000ns
    Discrete Jitter          (DJ):    0.000ns
    Phase Error              (PE):    0.000ns
  Clock Net Delay (Source):      1.162ns (routing 0.210ns, distribution 0.952ns)
  Clock Net Delay (Destination): 0.952ns (routing 0.190ns, distribution 0.762ns)

    Location             Delay type                Incr(ns)  Path(ns)    Netlist Resource(s)
  -------------------------------------------------------------------    -------------------
                         (clock c0_sys_clk_p rise edge)
                                                      0.000     0.000 r  
    BA27                                              0.000     0.000 r  c0_sys_clk_p (IN)
                         net (fo=0)                   0.000     0.000    u_ddr_memory/u_ddr_bd/design_1_i/ddr4_0/inst/u_ddr4_mem_intfc/u_mig_ddr4_phy/inst/u_ddr4_phy_pll/diff_input_clk.u_ibufg_sys_clk/I
    HPIOBDIFFINBUF_X0Y35 DIFFINBUF (Prop_DIFFINBUF_HPIOBDIFFINBUF_DIFF_IN_P_O)
                                                      0.484     0.484 r  u_ddr_memory/u_ddr_bd/design_1_i/ddr4_0/inst/u_ddr4_mem_intfc/u_mig_ddr4_phy/inst/u_ddr4_phy_pll/diff_input_clk.u_ibufg_sys_clk/DIFFINBUF_INST/O
                         net (fo=1, estimated)        0.050     0.534    u_ddr_memory/u_ddr_bd/design_1_i/ddr4_0/inst/u_ddr4_mem_intfc/u_mig_ddr4_phy/inst/u_ddr4_phy_pll/diff_input_clk.u_ibufg_sys_clk/OUT
    BA27                 IBUFCTRL (Prop_IBUFCTRL_HPIOB_M_I_O)
                                                      0.000     0.534 r  u_ddr_memory/u_ddr_bd/design_1_i/ddr4_0/inst/u_ddr4_mem_intfc/u_mig_ddr4_phy/inst/u_ddr4_phy_pll/diff_input_clk.u_ibufg_sys_clk/IBUFCTRL_INST/O
                         net (fo=2, estimated)        0.348     0.882    u_ddr_memory/u_ddr_bd/design_1_i/ddr4_0/inst/u_ddr4_infrastructure/sys_clk_in
    BUFGCE_X0Y26         BUFGCE (Prop_BUFCE_BUFGCE_I_O)
                                                      0.028     0.910 r  u_ddr_memory/u_ddr_bd/design_1_i/ddr4_0/inst/u_ddr4_infrastructure/u_bufg_inst/O
    X4Y1 (CLOCK_ROOT)    net (fo=17, estimated)       1.162     2.072    u_ddr_memory/u_ddr_bd/design_1_i/ddr4_0/inst/u_ddr4_infrastructure/sys_clk_in_bufg
    SLICE_X131Y161       FDRE                                         r  u_ddr_memory/u_ddr_bd/design_1_i/ddr4_0/inst/u_ddr4_infrastructure/input_rst_design_reg/C
  -------------------------------------------------------------------    -------------------
    SLICE_X131Y161       FDRE (Prop_HFF2_SLICEL_C_Q)
                                                      0.080     2.152 r  u_ddr_memory/u_ddr_bd/design_1_i/ddr4_0/inst/u_ddr4_infrastructure/input_rst_design_reg/Q
                         net (fo=2, estimated)        0.798     2.950    u_ddr_memory/u_ddr_bd/design_1_i/ddr4_0/inst/u_ddr4_infrastructure/input_rst_design
    SLICE_X123Y103       LUT2 (Prop_A5LUT_SLICEL_I0_O)
                                                      0.112     3.062 r  u_ddr_memory/u_ddr_bd/design_1_i/ddr4_0/inst/u_ddr4_infrastructure/rst_async_mb_i_1/O
                         net (fo=1, estimated)        0.561     3.623    u_ddr_memory/u_ddr_bd/design_1_i/ddr4_0/inst/u_ddr4_infrastructure/rst_async_mb_reg0
    SLICE_X129Y101       FDRE                                         r  u_ddr_memory/u_ddr_bd/design_1_i/ddr4_0/inst/u_ddr4_infrastructure/rst_async_mb_reg/D
  -------------------------------------------------------------------    -------------------

                         (clock c0_sys_clk_p rise edge)
                                                      9.996     9.996 r  
    BA27                                              0.000     9.996 r  c0_sys_clk_p (IN)
                         net (fo=0)                   0.000     9.996    u_ddr_memory/u_ddr_bd/design_1_i/ddr4_0/inst/u_ddr4_mem_intfc/u_mig_ddr4_phy/inst/u_ddr4_phy_pll/diff_input_clk.u_ibufg_sys_clk/I
    HPIOBDIFFINBUF_X0Y35 DIFFINBUF (Prop_DIFFINBUF_HPIOBDIFFINBUF_DIFF_IN_P_O)
                                                      0.388    10.384 r  u_ddr_memory/u_ddr_bd/design_1_i/ddr4_0/inst/u_ddr4_mem_intfc/u_mig_ddr4_phy/inst/u_ddr4_phy_pll/diff_input_clk.u_ibufg_sys_clk/DIFFINBUF_INST/O
                         net (fo=1, estimated)        0.040    10.424    u_ddr_memory/u_ddr_bd/design_1_i/ddr4_0/inst/u_ddr4_mem_intfc/u_mig_ddr4_phy/inst/u_ddr4_phy_pll/diff_input_clk.u_ibufg_sys_clk/OUT
    BA27                 IBUFCTRL (Prop_IBUFCTRL_HPIOB_M_I_O)
                                                      0.000    10.424 r  u_ddr_memory/u_ddr_bd/design_1_i/ddr4_0/inst/u_ddr4_mem_intfc/u_mig_ddr4_phy/inst/u_ddr4_phy_pll/diff_input_clk.u_ibufg_sys_clk/IBUFCTRL_INST/O
                         net (fo=2, estimated)        0.309    10.733    u_ddr_memory/u_ddr_bd/design_1_i/ddr4_0/inst/u_ddr4_infrastructure/sys_clk_in
    BUFGCE_X0Y26         BUFGCE (Prop_BUFCE_BUFGCE_I_O)
                                                      0.024    10.757 r  u_ddr_memory/u_ddr_bd/design_1_i/ddr4_0/inst/u_ddr4_infrastructure/u_bufg_inst/O
    X4Y1 (CLOCK_ROOT)    net (fo=17, estimated)       0.952    11.709    u_ddr_memory/u_ddr_bd/design_1_i/ddr4_0/inst/u_ddr4_infrastructure/sys_clk_in_bufg
    SLICE_X129Y101       FDRE                                         r  u_ddr_memory/u_ddr_bd/design_1_i/ddr4_0/inst/u_ddr4_infrastructure/rst_async_mb_reg/C
                         clock pessimism              0.169    11.878    
                         clock uncertainty           -0.035    11.842    
    SLICE_X129Y101       FDRE (Setup_AFF2_SLICEM_C_D)
                                                      0.025    11.867    u_ddr_memory/u_ddr_bd/design_1_i/ddr4_0/inst/u_ddr4_infrastructure/rst_async_mb_reg
  -------------------------------------------------------------------
                         required time                         11.867    
                         arrival time                          -3.623    
  -------------------------------------------------------------------
                         slack                                  8.245    





Pulse Width Checks
--------------------------------------------------------------------------------------
Clock Name:         c0_sys_clk_p
Waveform(ns):       { 0.000 4.998 }
Period(ns):         9.996
Sources:            { c0_sys_clk_p }

Check Type        Corner  Lib Pin            Reference Pin  Required(ns)  Actual(ns)  Slack(ns)  Location      Pin
Min Period        n/a     BUFGCE/I           n/a            1.290         9.996       8.706      BUFGCE_X0Y26  u_ddr_memory/u_ddr_bd/design_1_i/ddr4_0/inst/u_ddr4_infrastructure/u_bufg_inst/I
Max Period        n/a     MMCME4_ADV/CLKIN1  n/a            100.000       9.996       90.004     MMCM_X0Y1     u_ddr_memory/u_ddr_bd/design_1_i/ddr4_0/inst/u_ddr4_infrastructure/gen_mmcme4.u_mmcme_adv_inst/CLKIN1
Low Pulse Width   Slow    MMCME4_ADV/CLKIN1  n/a            2.999         4.998       1.999      MMCM_X0Y1     u_ddr_memory/u_ddr_bd/design_1_i/ddr4_0/inst/u_ddr4_infrastructure/gen_mmcme4.u_mmcme_adv_inst/CLKIN1
High Pulse Width  Slow    MMCME4_ADV/CLKIN1  n/a            2.999         4.998       1.999      MMCM_X0Y1     u_ddr_memory/u_ddr_bd/design_1_i/ddr4_0/inst/u_ddr4_infrastructure/gen_mmcme4.u_mmcme_adv_inst/CLKIN1



---------------------------------------------------------------------------------------------------
From Clock:  mmcm_clkout0
  To Clock:  mmcm_clkout0

Setup :         3395  Failing Endpoints,  Worst Slack       -0.896ns,  Total Violation     -368.138ns
Hold  :           NA  Failing Endpoints,  Worst Slack           NA  ,  Total Violation           NA
PW    :            0  Failing Endpoints,  Worst Slack        0.137ns,  Total Violation        0.000ns
---------------------------------------------------------------------------------------------------


Max Delay Paths
--------------------------------------------------------------------------------------
Slack (VIOLATED) :        -0.896ns  (required time - arrival time)
  Source:                 u_camera_hdmi/u_camera_subsystem/g_camera_frontend[0].u_camera/dvp_vsync_iob_reg/C
                            (rising edge-triggered cell FDRE clocked by mmcm_clkout0  {rise@0.000ns fall@1.666ns period=3.332ns})
  Destination:            u_camera_hdmi/u_camera_subsystem/g_camera_frontend[0].u_camera/dvp_vsync_sync_reg/D
                            (rising edge-triggered cell FDRE clocked by mmcm_clkout0  {rise@0.000ns fall@1.666ns period=3.332ns})
  Path Group:             mmcm_clkout0
  Path Type:              Setup (Max at Slow Process Corner)
  Requirement:            3.332ns  (mmcm_clkout0 rise@3.332ns - mmcm_clkout0 rise@0.000ns)
  Data Path Delay:        3.380ns  (logic 0.478ns (14.142%)  route 2.902ns (85.858%))
  Logic Levels:           0  
  Clock Path Skew:        -0.696ns (DCD - SCD + CPR)
    Destination Clock Delay (DCD):    4.458ns = ( 7.790 - 3.332 ) 
    Source Clock Delay      (SCD):    4.791ns
    Clock Pessimism Removal (CPR):    -0.363ns
  Clock Uncertainty:      0.052ns  ((TSJ^2 + DJ^2)^1/2) / 2 + PE
    Total System Jitter     (TSJ):    0.071ns
    Discrete Jitter          (DJ):    0.077ns
    Phase Error              (PE):    0.000ns
  Inter-SLR Compensation: 0.125ns  ((DCD - CCD) * PF)
    Destination Clock Delay (DCD):    4.458ns
    Common Clock Delay      (CCD):    3.627ns
    Prorating Factor         (PF):    0.150
  Clock Net Delay (Source):      3.715ns (routing 0.927ns, distribution 2.788ns)
  Clock Net Delay (Destination): 2.818ns (routing 0.839ns, distribution 1.979ns)

    Location             Delay type                Incr(ns)  Path(ns)    PBlock               Netlist Resource(s)
  -------------------------------------------------------------------    ----------------------------------------
                         (clock mmcm_clkout0 rise edge)
                                                      0.000     0.000 r                       
    BA27                                              0.000     0.000 r                       c0_sys_clk_p (IN)
                         net (fo=0)                   0.000     0.000                         u_ddr_memory/u_ddr_bd/design_1_i/ddr4_0/inst/u_ddr4_mem_intfc/u_mig_ddr4_phy/inst/u_ddr4_phy_pll/diff_input_clk.u_ibufg_sys_clk/I
    HPIOBDIFFINBUF_X0Y35 DIFFINBUF (Prop_DIFFINBUF_HPIOBDIFFINBUF_DIFF_IN_P_O)
                                                      0.484     0.484 r                       u_ddr_memory/u_ddr_bd/design_1_i/ddr4_0/inst/u_ddr4_mem_intfc/u_mig_ddr4_phy/inst/u_ddr4_phy_pll/diff_input_clk.u_ibufg_sys_clk/DIFFINBUF_INST/O
                         net (fo=1, estimated)        0.050     0.534                         u_ddr_memory/u_ddr_bd/design_1_i/ddr4_0/inst/u_ddr4_mem_intfc/u_mig_ddr4_phy/inst/u_ddr4_phy_pll/diff_input_clk.u_ibufg_sys_clk/OUT
    BA27                 IBUFCTRL (Prop_IBUFCTRL_HPIOB_M_I_O)
                                                      0.000     0.534 r                       u_ddr_memory/u_ddr_bd/design_1_i/ddr4_0/inst/u_ddr4_mem_intfc/u_mig_ddr4_phy/inst/u_ddr4_phy_pll/diff_input_clk.u_ibufg_sys_clk/IBUFCTRL_INST/O
                         net (fo=2, estimated)        0.397     0.931                         u_ddr_memory/u_ddr_bd/design_1_i/ddr4_0/inst/u_ddr4_infrastructure/mmcm_clk_in
    MMCM_X0Y1            MMCME4_ADV (Prop_MMCM_CLKIN1_CLKOUT0)
                                                     -0.127     0.804 r                       u_ddr_memory/u_ddr_bd/design_1_i/ddr4_0/inst/u_ddr4_infrastructure/gen_mmcme4.u_mmcme_adv_inst/CLKOUT0
                         net (fo=1, estimated)        0.244     1.048                         u_ddr_memory/u_ddr_bd/design_1_i/ddr4_0/inst/u_ddr4_infrastructure/mmcm_clkout0
    BUFGCE_X0Y38         BUFGCE (Prop_BUFCE_BUFGCE_I_O)
                                                      0.028     1.076 r                       u_ddr_memory/u_ddr_bd/design_1_i/ddr4_0/inst/u_ddr4_infrastructure/u_bufg_divClk/O
    X4Y3 (CLOCK_ROOT)    net (fo=112236, estimated)
                                                      3.715     4.791                         u_camera_hdmi/u_camera_subsystem/g_camera_frontend[0].u_camera/ddr4_ui_clk
    SLR Crossing[0->3]   
    BITSLICE_RX_TX_X0Y712
                         FDRE                                         r                       u_camera_hdmi/u_camera_subsystem/g_camera_frontend[0].u_camera/dvp_vsync_iob_reg/C
  -------------------------------------------------------------------    ----------------------------------------
    BITSLICE_RX_TX_X0Y712
                         FDRE (Prop_IN_FF_BITSLICE_COMPONENT_RX_TX_C_Q)
                                                      0.478     5.269 r                       u_camera_hdmi/u_camera_subsystem/g_camera_frontend[0].u_camera/dvp_vsync_iob_reg/Q
                         net (fo=1, estimated)        2.902     8.171                         u_camera_hdmi/u_camera_subsystem/g_camera_frontend[0].u_camera/dvp_vsync_iob
    SLR Crossing[3->2]   
    SLICE_X111Y610       FDRE                                         r  pblock_dvp_sync_slr3 u_camera_hdmi/u_camera_subsystem/g_camera_frontend[0].u_camera/dvp_vsync_sync_reg/D
  -------------------------------------------------------------------    ----------------------------------------

                         (clock mmcm_clkout0 rise edge)
                                                      3.332     3.332 r                       
    BA27                                              0.000     3.332 r                       c0_sys_clk_p (IN)
                         net (fo=0)                   0.000     3.332                         u_ddr_memory/u_ddr_bd/design_1_i/ddr4_0/inst/u_ddr4_mem_intfc/u_mig_ddr4_phy/inst/u_ddr4_phy_pll/diff_input_clk.u_ibufg_sys_clk/I
    HPIOBDIFFINBUF_X0Y35 DIFFINBUF (Prop_DIFFINBUF_HPIOBDIFFINBUF_DIFF_IN_P_O)
                                                      0.388     3.720 r                       u_ddr_memory/u_ddr_bd/design_1_i/ddr4_0/inst/u_ddr4_mem_intfc/u_mig_ddr4_phy/inst/u_ddr4_phy_pll/diff_input_clk.u_ibufg_sys_clk/DIFFINBUF_INST/O
                         net (fo=1, estimated)        0.040     3.760                         u_ddr_memory/u_ddr_bd/design_1_i/ddr4_0/inst/u_ddr4_mem_intfc/u_mig_ddr4_phy/inst/u_ddr4_phy_pll/diff_input_clk.u_ibufg_sys_clk/OUT
    BA27                 IBUFCTRL (Prop_IBUFCTRL_HPIOB_M_I_O)
                                                      0.000     3.760 r                       u_ddr_memory/u_ddr_bd/design_1_i/ddr4_0/inst/u_ddr4_mem_intfc/u_mig_ddr4_phy/inst/u_ddr4_phy_pll/diff_input_clk.u_ibufg_sys_clk/IBUFCTRL_INST/O
                         net (fo=2, estimated)        0.344     4.104                         u_ddr_memory/u_ddr_bd/design_1_i/ddr4_0/inst/u_ddr4_infrastructure/mmcm_clk_in
    MMCM_X0Y1            MMCME4_ADV (Prop_MMCM_CLKIN1_CLKOUT0)
                                                      0.630     4.734 r                       u_ddr_memory/u_ddr_bd/design_1_i/ddr4_0/inst/u_ddr4_infrastructure/gen_mmcme4.u_mmcme_adv_inst/CLKOUT0
                         net (fo=1, estimated)        0.214     4.948                         u_ddr_memory/u_ddr_bd/design_1_i/ddr4_0/inst/u_ddr4_infrastructure/mmcm_clkout0
    BUFGCE_X0Y38         BUFGCE (Prop_BUFCE_BUFGCE_I_O)
                                                      0.024     4.972 r                       u_ddr_memory/u_ddr_bd/design_1_i/ddr4_0/inst/u_ddr4_infrastructure/u_bufg_divClk/O
    X4Y3 (CLOCK_ROOT)    net (fo=112236, estimated)
                                                      2.818     7.790                         u_camera_hdmi/u_camera_subsystem/g_camera_frontend[0].u_camera/ddr4_ui_clk
    SLR Crossing[0->2]   
    SLICE_X111Y610       FDRE                                         r  pblock_dvp_sync_slr3 u_camera_hdmi/u_camera_subsystem/g_camera_frontend[0].u_camera/dvp_vsync_sync_reg/C
                         clock pessimism             -0.363     7.427                           
                         inter-SLR compensation      -0.125     7.302                           
                         clock uncertainty           -0.052     7.250                           
    SLICE_X111Y610       FDRE (Setup_AFF_SLICEM_C_D)
                                                      0.025     7.275    pblock_dvp_sync_slr3   u_camera_hdmi/u_camera_subsystem/g_camera_frontend[0].u_camera/dvp_vsync_sync_reg
  -------------------------------------------------------------------
                         required time                          7.275                           
                         arrival time                          -8.171                           
  -------------------------------------------------------------------
                         slack                                 -0.896                           





Pulse Width Checks
--------------------------------------------------------------------------------------
Clock Name:         mmcm_clkout0
Waveform(ns):       { 0.000 1.666 }
Period(ns):         3.332
Sources:            { u_ddr_memory/u_ddr_bd/design_1_i/ddr4_0/inst/u_ddr4_infrastructure/gen_mmcme4.u_mmcme_adv_inst/CLKOUT0 }

Check Type        Corner  Lib Pin          Reference Pin  Required(ns)  Actual(ns)  Slack(ns)  Location               Pin
Min Period        n/a     FDRE/C           n/a            3.195         3.332       0.137      BITSLICE_RX_TX_X0Y681  u_camera_hdmi/u_camera_subsystem/g_camera_frontend[0].u_camera/dvp_data_iob_reg[0]/C
Max Period        n/a     PLLE4_ADV/CLKIN  n/a            14.286        3.332       10.954     PLL_X0Y1               u_ddr_memory/u_ddr_bd/design_1_i/ddr4_0/inst/u_ddr4_mem_intfc/u_mig_ddr4_phy/inst/u_ddr4_phy_pll/plle_loop[0].gen_plle4.PLLE4_BASE_INST_OTHER/CLKIN
Low Pulse Width   Slow    FDRE/C           n/a            1.438         1.666       0.228      BITSLICE_RX_TX_X0Y681  u_camera_hdmi/u_camera_subsystem/g_camera_frontend[0].u_camera/dvp_data_iob_reg[0]/C
High Pulse Width  Slow    FDRE/C           n/a            1.438         1.666       0.228      BITSLICE_RX_TX_X0Y681  u_camera_hdmi/u_camera_subsystem/g_camera_frontend[0].u_camera/dvp_data_iob_reg[0]/C



---------------------------------------------------------------------------------------------------
From Clock:  pll_clk[0]
  To Clock:  pll_clk[0]

Setup :           NA  Failing Endpoints,  Worst Slack           NA  ,  Total Violation           NA
Hold  :           NA  Failing Endpoints,  Worst Slack           NA  ,  Total Violation           NA
PW    :            0  Failing Endpoints,  Worst Slack        0.039ns,  Total Violation        0.000ns
---------------------------------------------------------------------------------------------------


Pulse Width Checks
--------------------------------------------------------------------------------------
Clock Name:         pll_clk[0]
Waveform(ns):       { 0.000 0.208 }
Period(ns):         0.417
Sources:            { u_ddr_memory/u_ddr_bd/design_1_i/ddr4_0/inst/u_ddr4_mem_intfc/u_mig_ddr4_phy/inst/u_ddr4_phy_pll/plle_loop[0].gen_plle4.PLLE4_BASE_INST_OTHER/CLKOUTPHY }

Check Type        Corner  Lib Pin                   Reference Pin             Required(ns)  Actual(ns)  Slack(ns)  Location               Pin
Min Period        n/a     BITSLICE_CONTROL/PLL_CLK  n/a                       0.375         0.417       0.042      BITSLICE_CONTROL_X0Y0  u_ddr_memory/u_ddr_bd/design_1_i/ddr4_0/inst/u_ddr4_mem_intfc/u_mig_ddr4_phy/inst/generate_block1.u_ddr_xiphy/byte_num[0].xiphy_byte_wrapper.u_xiphy_byte_wrapper/I_CONTROL[0].GEN_I_CONTROL.u_xiphy_control/xiphy_control/PLL_CLK
Low Pulse Width   Slow    BITSLICE_CONTROL/PLL_CLK  n/a                       0.169         0.208       0.039      BITSLICE_CONTROL_X0Y0  u_ddr_memory/u_ddr_bd/design_1_i/ddr4_0/inst/u_ddr4_mem_intfc/u_mig_ddr4_phy/inst/generate_block1.u_ddr_xiphy/byte_num[0].xiphy_byte_wrapper.u_xiphy_byte_wrapper/I_CONTROL[0].GEN_I_CONTROL.u_xiphy_control/xiphy_control/PLL_CLK
High Pulse Width  Slow    BITSLICE_CONTROL/PLL_CLK  n/a                       0.169         0.208       0.039      BITSLICE_CONTROL_X0Y0  u_ddr_memory/u_ddr_bd/design_1_i/ddr4_0/inst/u_ddr4_mem_intfc/u_mig_ddr4_phy/inst/generate_block1.u_ddr_xiphy/byte_num[0].xiphy_byte_wrapper.u_xiphy_byte_wrapper/I_CONTROL[0].GEN_I_CONTROL.u_xiphy_control/xiphy_control/PLL_CLK
Max Skew          Fast    BITSLICE_CONTROL/PLL_CLK  BITSLICE_CONTROL/RIU_CLK  -0.300        -1.400      1.100      BITSLICE_CONTROL_X0Y4  u_ddr_memory/u_ddr_bd/design_1_i/ddr4_0/inst/u_ddr4_mem_intfc/u_mig_ddr4_phy/inst/generate_block1.u_ddr_xiphy/byte_num[2].xiphy_byte_wrapper.u_xiphy_byte_wrapper/I_CONTROL[0].GEN_I_CONTROL.u_xiphy_control/xiphy_control/PLL_CLK



---------------------------------------------------------------------------------------------------
From Clock:  pll_clk[0]_DIV
  To Clock:  pll_clk[0]_DIV

Setup :           NA  Failing Endpoints,  Worst Slack           NA  ,  Total Violation           NA
Hold  :           NA  Failing Endpoints,  Worst Slack           NA  ,  Total Violation           NA
PW    :            0  Failing Endpoints,  Worst Slack        0.466ns,  Total Violation        0.000ns
---------------------------------------------------------------------------------------------------


Pulse Width Checks
--------------------------------------------------------------------------------------
Clock Name:         pll_clk[0]_DIV
Waveform(ns):       { 0.000 1.666 }
Period(ns):         3.332
Sources:            { u_ddr_memory/u_ddr_bd/design_1_i/ddr4_0/inst/u_ddr4_mem_intfc/u_mig_ddr4_phy/inst/generate_block1.u_ddr_xiphy/byte_num[0].xiphy_byte_wrapper.u_xiphy_byte_wrapper/I_CONTROL[0].GEN_I_CONTROL.u_xiphy_control/xiphy_control/RX_DIV4_CLK_Q u_ddr_memory/u_ddr_bd/design_1_i/ddr4_0/inst/u_ddr4_mem_intfc/u_mig_ddr4_phy/inst/generate_block1.u_ddr_xiphy/byte_num[0].xiphy_byte_wrapper.u_xiphy_byte_wrapper/I_CONTROL[0].GEN_I_CONTROL.u_xiphy_control/xiphy_control/TX_DIV4_CLK_Q u_ddr_memory/u_ddr_bd/design_1_i/ddr4_0/inst/u_ddr4_mem_intfc/u_mig_ddr4_phy/inst/generate_block1.u_ddr_xiphy/byte_num[0].xiphy_byte_wrapper.u_xiphy_byte_wrapper/I_CONTROL[1].GEN_I_CONTROL.u_xiphy_control/xiphy_control/RX_DIV4_CLK_Q u_ddr_memory/u_ddr_bd/design_1_i/ddr4_0/inst/u_ddr4_mem_intfc/u_mig_ddr4_phy/inst/generate_block1.u_ddr_xiphy/byte_num[0].xiphy_byte_wrapper.u_xiphy_byte_wrapper/I_CONTROL[1].GEN_I_CONTROL.u_xiphy_control/xiphy_control/TX_DIV4_CLK_Q u_ddr_memory/u_ddr_bd/design_1_i/ddr4_0/inst/u_ddr4_mem_intfc/u_mig_ddr4_phy/inst/generate_block1.u_ddr_xiphy/byte_num[1].xiphy_byte_wrapper.u_xiphy_byte_wrapper/I_CONTROL[0].GEN_I_CONTROL.u_xiphy_control/xiphy_control/RX_DIV4_CLK_Q u_ddr_memory/u_ddr_bd/design_1_i/ddr4_0/inst/u_ddr4_mem_intfc/u_mig_ddr4_phy/inst/generate_block1.u_ddr_xiphy/byte_num[1].xiphy_byte_wrapper.u_xiphy_byte_wrapper/I_CONTROL[0].GEN_I_CONTROL.u_xiphy_control/xiphy_control/TX_DIV4_CLK_Q u_ddr_memory/u_ddr_bd/design_1_i/ddr4_0/inst/u_ddr4_mem_intfc/u_mig_ddr4_phy/inst/generate_block1.u_ddr_xiphy/byte_num[1].xiphy_byte_wrapper.u_xiphy_byte_wrapper/I_CONTROL[1].GEN_I_CONTROL.u_xiphy_control/xiphy_control/RX_DIV4_CLK_Q u_ddr_memory/u_ddr_bd/design_1_i/ddr4_0/inst/u_ddr4_mem_intfc/u_mig_ddr4_phy/inst/generate_block1.u_ddr_xiphy/byte_num[1].xiphy_byte_wrapper.u_xiphy_byte_wrapper/I_CONTROL[1].GEN_I_CONTROL.u_xiphy_control/xiphy_control/TX_DIV4_CLK_Q u_ddr_memory/u_ddr_bd/design_1_i/ddr4_0/inst/u_ddr4_mem_intfc/u_mig_ddr4_phy/inst/generate_block1.u_ddr_xiphy/byte_num[2].xiphy_byte_wrapper.u_xiphy_byte_wrapper/I_CONTROL[0].GEN_I_CONTROL.u_xiphy_control/xiphy_control/RX_DIV4_CLK_Q u_ddr_memory/u_ddr_bd/design_1_i/ddr4_0/inst/u_ddr4_mem_intfc/u_mig_ddr4_phy/inst/generate_block1.u_ddr_xiphy/byte_num[2].xiphy_byte_wrapper.u_xiphy_byte_wrapper/I_CONTROL[0].GEN_I_CONTROL.u_xiphy_control/xiphy_control/TX_DIV4_CLK_Q u_ddr_memory/u_ddr_bd/design_1_i/ddr4_0/inst/u_ddr4_mem_intfc/u_mig_ddr4_phy/inst/generate_block1.u_ddr_xiphy/byte_num[2].xiphy_byte_wrapper.u_xiphy_byte_wrapper/I_CONTROL[1].GEN_I_CONTROL.u_xiphy_control/xiphy_control/RX_DIV4_CLK_Q u_ddr_memory/u_ddr_bd/design_1_i/ddr4_0/inst/u_ddr4_mem_intfc/u_mig_ddr4_phy/inst/generate_block1.u_ddr_xiphy/byte_num[2].xiphy_byte_wrapper.u_xiphy_byte_wrapper/I_CONTROL[1].GEN_I_CONTROL.u_xiphy_control/xiphy_control/TX_DIV4_CLK_Q u_ddr_memory/u_ddr_bd/design_1_i/ddr4_0/inst/u_ddr4_mem_intfc/u_mig_ddr4_phy/inst/generate_block1.u_ddr_xiphy/byte_num[3].xiphy_byte_wrapper.u_xiphy_byte_wrapper/I_CONTROL[0].GEN_I_CONTROL.u_xiphy_control/xiphy_control/RX_DIV4_CLK_Q u_ddr_memory/u_ddr_bd/design_1_i/ddr4_0/inst/u_ddr4_mem_intfc/u_mig_ddr4_phy/inst/generate_block1.u_ddr_xiphy/byte_num[3].xiphy_byte_wrapper.u_xiphy_byte_wrapper/I_CONTROL[0].GEN_I_CONTROL.u_xiphy_control/xiphy_control/TX_DIV4_CLK_Q u_ddr_memory/u_ddr_bd/design_1_i/ddr4_0/inst/u_ddr4_mem_intfc/u_mig_ddr4_phy/inst/generate_block1.u_ddr_xiphy/byte_num[3].xiphy_byte_wrapper.u_xiphy_byte_wrapper/I_CONTROL[1].GEN_I_CONTROL.u_xiphy_control/xiphy_control/RX_DIV4_CLK_Q u_ddr_memory/u_ddr_bd/design_1_i/ddr4_0/inst/u_ddr4_mem_intfc/u_mig_ddr4_phy/inst/generate_block1.u_ddr_xiphy/byte_num[3].xiphy_byte_wrapper.u_xiphy_byte_wrapper/I_CONTROL[1].GEN_I_CONTROL.u_xiphy_control/xiphy_control/TX_DIV4_CLK_Q }

Check Type        Corner  Lib Pin                           Reference Pin  Required(ns)  Actual(ns)  Slack(ns)  Location             Pin
Min Period        n/a     RXTX_BITSLICE/TX_BIT_CTRL_IN[26]  n/a            2.667         3.332       0.665      BITSLICE_RX_TX_X0Y0  u_ddr_memory/u_ddr_bd/design_1_i/ddr4_0/inst/u_ddr4_mem_intfc/u_mig_ddr4_phy/inst/generate_block1.u_ddr_xiphy/byte_num[0].xiphy_byte_wrapper.u_xiphy_byte_wrapper/I_BITSLICE_LOWER[0].GEN_RXTX_BITSLICE_EN.u_xiphy_bitslice_lower/xiphy_rxtx_bitslice/TX_BIT_CTRL_IN[26]
Low Pulse Width   Slow    RXTX_BITSLICE/TX_BIT_CTRL_IN[26]  n/a            1.200         1.666       0.466      BITSLICE_RX_TX_X0Y0  u_ddr_memory/u_ddr_bd/design_1_i/ddr4_0/inst/u_ddr4_mem_intfc/u_mig_ddr4_phy/inst/generate_block1.u_ddr_xiphy/byte_num[0].xiphy_byte_wrapper.u_xiphy_byte_wrapper/I_BITSLICE_LOWER[0].GEN_RXTX_BITSLICE_EN.u_xiphy_bitslice_lower/xiphy_rxtx_bitslice/TX_BIT_CTRL_IN[26]
High Pulse Width  Slow    RXTX_BITSLICE/TX_BIT_CTRL_IN[26]  n/a            1.200         1.666       0.466      BITSLICE_RX_TX_X0Y0  u_ddr_memory/u_ddr_bd/design_1_i/ddr4_0/inst/u_ddr4_mem_intfc/u_mig_ddr4_phy/inst/generate_block1.u_ddr_xiphy/byte_num[0].xiphy_byte_wrapper.u_xiphy_byte_wrapper/I_BITSLICE_LOWER[0].GEN_RXTX_BITSLICE_EN.u_xiphy_bitslice_lower/xiphy_rxtx_bitslice/TX_BIT_CTRL_IN[26]



---------------------------------------------------------------------------------------------------
From Clock:  pll_clk[1]
  To Clock:  pll_clk[1]

Setup :           NA  Failing Endpoints,  Worst Slack           NA  ,  Total Violation           NA
Hold  :           NA  Failing Endpoints,  Worst Slack           NA  ,  Total Violation           NA
PW    :            0  Failing Endpoints,  Worst Slack        0.039ns,  Total Violation        0.000ns
---------------------------------------------------------------------------------------------------


Pulse Width Checks
--------------------------------------------------------------------------------------
Clock Name:         pll_clk[1]
Waveform(ns):       { 0.000 0.208 }
Period(ns):         0.417
Sources:            { u_ddr_memory/u_ddr_bd/design_1_i/ddr4_0/inst/u_ddr4_mem_intfc/u_mig_ddr4_phy/inst/u_ddr4_phy_pll/plle_loop[1].gen_plle4.PLLE4_BASE_INST_OTHER/CLKOUTPHY }

Check Type        Corner  Lib Pin                   Reference Pin  Required(ns)  Actual(ns)  Slack(ns)  Location               Pin
Min Period        n/a     BITSLICE_CONTROL/PLL_CLK  n/a            0.375         0.417       0.042      BITSLICE_CONTROL_X0Y8  u_ddr_memory/u_ddr_bd/design_1_i/ddr4_0/inst/u_ddr4_mem_intfc/u_mig_ddr4_phy/inst/generate_block1.u_ddr_xiphy/byte_num[4].xiphy_byte_wrapper.u_xiphy_byte_wrapper/I_CONTROL[0].GEN_I_CONTROL.u_xiphy_control/xiphy_control/PLL_CLK
Low Pulse Width   Slow    BITSLICE_CONTROL/PLL_CLK  n/a            0.169         0.208       0.039      BITSLICE_CONTROL_X0Y8  u_ddr_memory/u_ddr_bd/design_1_i/ddr4_0/inst/u_ddr4_mem_intfc/u_mig_ddr4_phy/inst/generate_block1.u_ddr_xiphy/byte_num[4].xiphy_byte_wrapper.u_xiphy_byte_wrapper/I_CONTROL[0].GEN_I_CONTROL.u_xiphy_control/xiphy_control/PLL_CLK
High Pulse Width  Slow    BITSLICE_CONTROL/PLL_CLK  n/a            0.169         0.208       0.039      BITSLICE_CONTROL_X0Y8  u_ddr_memory/u_ddr_bd/design_1_i/ddr4_0/inst/u_ddr4_mem_intfc/u_mig_ddr4_phy/inst/generate_block1.u_ddr_xiphy/byte_num[4].xiphy_byte_wrapper.u_xiphy_byte_wrapper/I_CONTROL[0].GEN_I_CONTROL.u_xiphy_control/xiphy_control/PLL_CLK



---------------------------------------------------------------------------------------------------
From Clock:  pll_clk[1]_DIV
  To Clock:  pll_clk[1]_DIV

Setup :           NA  Failing Endpoints,  Worst Slack           NA  ,  Total Violation           NA
Hold  :           NA  Failing Endpoints,  Worst Slack           NA  ,  Total Violation           NA
PW    :            0  Failing Endpoints,  Worst Slack        0.466ns,  Total Violation        0.000ns
---------------------------------------------------------------------------------------------------


Pulse Width Checks
--------------------------------------------------------------------------------------
Clock Name:         pll_clk[1]_DIV
Waveform(ns):       { 0.000 1.666 }
Period(ns):         3.332
Sources:            { u_ddr_memory/u_ddr_bd/design_1_i/ddr4_0/inst/u_ddr4_mem_intfc/u_mig_ddr4_phy/inst/generate_block1.u_ddr_xiphy/byte_num[4].xiphy_byte_wrapper.u_xiphy_byte_wrapper/I_CONTROL[0].GEN_I_CONTROL.u_xiphy_control/xiphy_control/RX_DIV4_CLK_Q u_ddr_memory/u_ddr_bd/design_1_i/ddr4_0/inst/u_ddr4_mem_intfc/u_mig_ddr4_phy/inst/generate_block1.u_ddr_xiphy/byte_num[4].xiphy_byte_wrapper.u_xiphy_byte_wrapper/I_CONTROL[0].GEN_I_CONTROL.u_xiphy_control/xiphy_control/TX_DIV4_CLK_Q u_ddr_memory/u_ddr_bd/design_1_i/ddr4_0/inst/u_ddr4_mem_intfc/u_mig_ddr4_phy/inst/generate_block1.u_ddr_xiphy/byte_num[4].xiphy_byte_wrapper.u_xiphy_byte_wrapper/I_CONTROL[1].GEN_I_CONTROL.u_xiphy_control/xiphy_control/RX_DIV4_CLK_Q u_ddr_memory/u_ddr_bd/design_1_i/ddr4_0/inst/u_ddr4_mem_intfc/u_mig_ddr4_phy/inst/generate_block1.u_ddr_xiphy/byte_num[4].xiphy_byte_wrapper.u_xiphy_byte_wrapper/I_CONTROL[1].GEN_I_CONTROL.u_xiphy_control/xiphy_control/TX_DIV4_CLK_Q u_ddr_memory/u_ddr_bd/design_1_i/ddr4_0/inst/u_ddr4_mem_intfc/u_mig_ddr4_phy/inst/generate_block1.u_ddr_xiphy/byte_num[5].xiphy_byte_wrapper.u_xiphy_byte_wrapper/I_CONTROL[0].GEN_I_CONTROL.u_xiphy_control/xiphy_control/RX_DIV4_CLK_Q u_ddr_memory/u_ddr_bd/design_1_i/ddr4_0/inst/u_ddr4_mem_intfc/u_mig_ddr4_phy/inst/generate_block1.u_ddr_xiphy/byte_num[5].xiphy_byte_wrapper.u_xiphy_byte_wrapper/I_CONTROL[0].GEN_I_CONTROL.u_xiphy_control/xiphy_control/TX_DIV4_CLK_Q u_ddr_memory/u_ddr_bd/design_1_i/ddr4_0/inst/u_ddr4_mem_intfc/u_mig_ddr4_phy/inst/generate_block1.u_ddr_xiphy/byte_num[5].xiphy_byte_wrapper.u_xiphy_byte_wrapper/I_CONTROL[1].GEN_I_CONTROL.u_xiphy_control/xiphy_control/RX_DIV4_CLK_Q u_ddr_memory/u_ddr_bd/design_1_i/ddr4_0/inst/u_ddr4_mem_intfc/u_mig_ddr4_phy/inst/generate_block1.u_ddr_xiphy/byte_num[5].xiphy_byte_wrapper.u_xiphy_byte_wrapper/I_CONTROL[1].GEN_I_CONTROL.u_xiphy_control/xiphy_control/TX_DIV4_CLK_Q u_ddr_memory/u_ddr_bd/design_1_i/ddr4_0/inst/u_ddr4_mem_intfc/u_mig_ddr4_phy/inst/generate_block1.u_ddr_xiphy/byte_num[6].xiphy_byte_wrapper.u_xiphy_byte_wrapper/I_CONTROL[0].GEN_I_CONTROL.u_xiphy_control/xiphy_control/RX_DIV4_CLK_Q u_ddr_memory/u_ddr_bd/design_1_i/ddr4_0/inst/u_ddr4_mem_intfc/u_mig_ddr4_phy/inst/generate_block1.u_ddr_xiphy/byte_num[6].xiphy_byte_wrapper.u_xiphy_byte_wrapper/I_CONTROL[0].GEN_I_CONTROL.u_xiphy_control/xiphy_control/TX_DIV4_CLK_Q u_ddr_memory/u_ddr_bd/design_1_i/ddr4_0/inst/u_ddr4_mem_intfc/u_mig_ddr4_phy/inst/generate_block1.u_ddr_xiphy/byte_num[6].xiphy_byte_wrapper.u_xiphy_byte_wrapper/I_CONTROL[1].GEN_I_CONTROL.u_xiphy_control/xiphy_control/RX_DIV4_CLK_Q u_ddr_memory/u_ddr_bd/design_1_i/ddr4_0/inst/u_ddr4_mem_intfc/u_mig_ddr4_phy/inst/generate_block1.u_ddr_xiphy/byte_num[6].xiphy_byte_wrapper.u_xiphy_byte_wrapper/I_CONTROL[1].GEN_I_CONTROL.u_xiphy_control/xiphy_control/TX_DIV4_CLK_Q u_ddr_memory/u_ddr_bd/design_1_i/ddr4_0/inst/u_ddr4_mem_intfc/u_mig_ddr4_phy/inst/generate_block1.u_ddr_xiphy/byte_num[7].xiphy_byte_wrapper.u_xiphy_byte_wrapper/I_CONTROL[0].GEN_I_CONTROL.u_xiphy_control/xiphy_control/RX_DIV4_CLK_Q u_ddr_memory/u_ddr_bd/design_1_i/ddr4_0/inst/u_ddr4_mem_intfc/u_mig_ddr4_phy/inst/generate_block1.u_ddr_xiphy/byte_num[7].xiphy_byte_wrapper.u_xiphy_byte_wrapper/I_CONTROL[0].GEN_I_CONTROL.u_xiphy_control/xiphy_control/TX_DIV4_CLK_Q }

Check Type        Corner  Lib Pin                           Reference Pin  Required(ns)  Actual(ns)  Slack(ns)  Location              Pin
Min Period        n/a     RXTX_BITSLICE/TX_BIT_CTRL_IN[26]  n/a            2.667         3.332       0.665      BITSLICE_RX_TX_X0Y54  u_ddr_memory/u_ddr_bd/design_1_i/ddr4_0/inst/u_ddr4_mem_intfc/u_mig_ddr4_phy/inst/generate_block1.u_ddr_xiphy/byte_num[4].xiphy_byte_wrapper.u_xiphy_byte_wrapper/I_BITSLICE_LOWER[2].GEN_RXTX_BITSLICE_EN.u_xiphy_bitslice_lower/xiphy_rxtx_bitslice/TX_BIT_CTRL_IN[26]
Low Pulse Width   Slow    RXTX_BITSLICE/TX_BIT_CTRL_IN[26]  n/a            1.200         1.666       0.466      BITSLICE_RX_TX_X0Y54  u_ddr_memory/u_ddr_bd/design_1_i/ddr4_0/inst/u_ddr4_mem_intfc/u_mig_ddr4_phy/inst/generate_block1.u_ddr_xiphy/byte_num[4].xiphy_byte_wrapper.u_xiphy_byte_wrapper/I_BITSLICE_LOWER[2].GEN_RXTX_BITSLICE_EN.u_xiphy_bitslice_lower/xiphy_rxtx_bitslice/TX_BIT_CTRL_IN[26]
High Pulse Width  Slow    RXTX_BITSLICE/TX_BIT_CTRL_IN[26]  n/a            1.200         1.666       0.466      BITSLICE_RX_TX_X0Y54  u_ddr_memory/u_ddr_bd/design_1_i/ddr4_0/inst/u_ddr4_mem_intfc/u_mig_ddr4_phy/inst/generate_block1.u_ddr_xiphy/byte_num[4].xiphy_byte_wrapper.u_xiphy_byte_wrapper/I_BITSLICE_LOWER[2].GEN_RXTX_BITSLICE_EN.u_xiphy_bitslice_lower/xiphy_rxtx_bitslice/TX_BIT_CTRL_IN[26]



---------------------------------------------------------------------------------------------------
From Clock:  pll_clk[2]
  To Clock:  pll_clk[2]

Setup :           NA  Failing Endpoints,  Worst Slack           NA  ,  Total Violation           NA
Hold  :           NA  Failing Endpoints,  Worst Slack           NA  ,  Total Violation           NA
PW    :            0  Failing Endpoints,  Worst Slack        0.039ns,  Total Violation        0.000ns
---------------------------------------------------------------------------------------------------


Pulse Width Checks
--------------------------------------------------------------------------------------
Clock Name:         pll_clk[2]
Waveform(ns):       { 0.000 0.208 }
Period(ns):         0.417
Sources:            { u_ddr_memory/u_ddr_bd/design_1_i/ddr4_0/inst/u_ddr4_mem_intfc/u_mig_ddr4_phy/inst/u_ddr4_phy_pll/plle_loop[2].gen_plle4.PLLE4_BASE_INST_OTHER/CLKOUTPHY }

Check Type        Corner  Lib Pin                   Reference Pin             Required(ns)  Actual(ns)  Slack(ns)  Location                Pin
Min Period        n/a     BITSLICE_CONTROL/PLL_CLK  n/a                       0.375         0.417       0.042      BITSLICE_CONTROL_X0Y20  u_ddr_memory/u_ddr_bd/design_1_i/ddr4_0/inst/u_ddr4_mem_intfc/u_mig_ddr4_phy/inst/generate_block1.u_ddr_xiphy/byte_num[10].xiphy_byte_wrapper.u_xiphy_byte_wrapper/I_CONTROL[0].GEN_I_CONTROL.u_xiphy_control/xiphy_control/PLL_CLK
Low Pulse Width   Slow    BITSLICE_CONTROL/PLL_CLK  n/a                       0.169         0.208       0.039      BITSLICE_CONTROL_X0Y20  u_ddr_memory/u_ddr_bd/design_1_i/ddr4_0/inst/u_ddr4_mem_intfc/u_mig_ddr4_phy/inst/generate_block1.u_ddr_xiphy/byte_num[10].xiphy_byte_wrapper.u_xiphy_byte_wrapper/I_CONTROL[0].GEN_I_CONTROL.u_xiphy_control/xiphy_control/PLL_CLK
High Pulse Width  Slow    BITSLICE_CONTROL/PLL_CLK  n/a                       0.169         0.208       0.039      BITSLICE_CONTROL_X0Y20  u_ddr_memory/u_ddr_bd/design_1_i/ddr4_0/inst/u_ddr4_mem_intfc/u_mig_ddr4_phy/inst/generate_block1.u_ddr_xiphy/byte_num[10].xiphy_byte_wrapper.u_xiphy_byte_wrapper/I_CONTROL[0].GEN_I_CONTROL.u_xiphy_control/xiphy_control/PLL_CLK
Max Skew          Fast    BITSLICE_CONTROL/PLL_CLK  BITSLICE_CONTROL/RIU_CLK  -0.300        -1.408      1.108      BITSLICE_CONTROL_X0Y20  u_ddr_memory/u_ddr_bd/design_1_i/ddr4_0/inst/u_ddr4_mem_intfc/u_mig_ddr4_phy/inst/generate_block1.u_ddr_xiphy/byte_num[10].xiphy_byte_wrapper.u_xiphy_byte_wrapper/I_CONTROL[0].GEN_I_CONTROL.u_xiphy_control/xiphy_control/PLL_CLK



---------------------------------------------------------------------------------------------------
From Clock:  pll_clk[2]_DIV
  To Clock:  pll_clk[2]_DIV

Setup :           NA  Failing Endpoints,  Worst Slack           NA  ,  Total Violation           NA
Hold  :           NA  Failing Endpoints,  Worst Slack           NA  ,  Total Violation           NA
PW    :            0  Failing Endpoints,  Worst Slack        0.466ns,  Total Violation        0.000ns
---------------------------------------------------------------------------------------------------


Pulse Width Checks
--------------------------------------------------------------------------------------
Clock Name:         pll_clk[2]_DIV
Waveform(ns):       { 0.000 1.666 }
Period(ns):         3.332
Sources:            { u_ddr_memory/u_ddr_bd/design_1_i/ddr4_0/inst/u_ddr4_mem_intfc/u_mig_ddr4_phy/inst/generate_block1.u_ddr_xiphy/byte_num[10].xiphy_byte_wrapper.u_xiphy_byte_wrapper/I_CONTROL[0].GEN_I_CONTROL.u_xiphy_control/xiphy_control/RX_DIV4_CLK_Q u_ddr_memory/u_ddr_bd/design_1_i/ddr4_0/inst/u_ddr4_mem_intfc/u_mig_ddr4_phy/inst/generate_block1.u_ddr_xiphy/byte_num[10].xiphy_byte_wrapper.u_xiphy_byte_wrapper/I_CONTROL[0].GEN_I_CONTROL.u_xiphy_control/xiphy_control/TX_DIV4_CLK_Q u_ddr_memory/u_ddr_bd/design_1_i/ddr4_0/inst/u_ddr4_mem_intfc/u_mig_ddr4_phy/inst/generate_block1.u_ddr_xiphy/byte_num[10].xiphy_byte_wrapper.u_xiphy_byte_wrapper/I_CONTROL[1].GEN_I_CONTROL.u_xiphy_control/xiphy_control/RX_DIV4_CLK_Q u_ddr_memory/u_ddr_bd/design_1_i/ddr4_0/inst/u_ddr4_mem_intfc/u_mig_ddr4_phy/inst/generate_block1.u_ddr_xiphy/byte_num[10].xiphy_byte_wrapper.u_xiphy_byte_wrapper/I_CONTROL[1].GEN_I_CONTROL.u_xiphy_control/xiphy_control/TX_DIV4_CLK_Q u_ddr_memory/u_ddr_bd/design_1_i/ddr4_0/inst/u_ddr4_mem_intfc/u_mig_ddr4_phy/inst/generate_block1.u_ddr_xiphy/byte_num[11].xiphy_byte_wrapper.u_xiphy_byte_wrapper/I_CONTROL[0].GEN_I_CONTROL.u_xiphy_control/xiphy_control/RX_DIV4_CLK_Q u_ddr_memory/u_ddr_bd/design_1_i/ddr4_0/inst/u_ddr4_mem_intfc/u_mig_ddr4_phy/inst/generate_block1.u_ddr_xiphy/byte_num[11].xiphy_byte_wrapper.u_xiphy_byte_wrapper/I_CONTROL[0].GEN_I_CONTROL.u_xiphy_control/xiphy_control/TX_DIV4_CLK_Q u_ddr_memory/u_ddr_bd/design_1_i/ddr4_0/inst/u_ddr4_mem_intfc/u_mig_ddr4_phy/inst/generate_block1.u_ddr_xiphy/byte_num[11].xiphy_byte_wrapper.u_xiphy_byte_wrapper/I_CONTROL[1].GEN_I_CONTROL.u_xiphy_control/xiphy_control/RX_DIV4_CLK_Q u_ddr_memory/u_ddr_bd/design_1_i/ddr4_0/inst/u_ddr4_mem_intfc/u_mig_ddr4_phy/inst/generate_block1.u_ddr_xiphy/byte_num[11].xiphy_byte_wrapper.u_xiphy_byte_wrapper/I_CONTROL[1].GEN_I_CONTROL.u_xiphy_control/xiphy_control/TX_DIV4_CLK_Q u_ddr_memory/u_ddr_bd/design_1_i/ddr4_0/inst/u_ddr4_mem_intfc/u_mig_ddr4_phy/inst/generate_block1.u_ddr_xiphy/byte_num[8].xiphy_byte_wrapper.u_xiphy_byte_wrapper/I_CONTROL[0].GEN_I_CONTROL.u_xiphy_control/xiphy_control/RX_DIV4_CLK_Q u_ddr_memory/u_ddr_bd/design_1_i/ddr4_0/inst/u_ddr4_mem_intfc/u_mig_ddr4_phy/inst/generate_block1.u_ddr_xiphy/byte_num[8].xiphy_byte_wrapper.u_xiphy_byte_wrapper/I_CONTROL[0].GEN_I_CONTROL.u_xiphy_control/xiphy_control/TX_DIV4_CLK_Q u_ddr_memory/u_ddr_bd/design_1_i/ddr4_0/inst/u_ddr4_mem_intfc/u_mig_ddr4_phy/inst/generate_block1.u_ddr_xiphy/byte_num[8].xiphy_byte_wrapper.u_xiphy_byte_wrapper/I_CONTROL[1].GEN_I_CONTROL.u_xiphy_control/xiphy_control/RX_DIV4_CLK_Q u_ddr_memory/u_ddr_bd/design_1_i/ddr4_0/inst/u_ddr4_mem_intfc/u_mig_ddr4_phy/inst/generate_block1.u_ddr_xiphy/byte_num[8].xiphy_byte_wrapper.u_xiphy_byte_wrapper/I_CONTROL[1].GEN_I_CONTROL.u_xiphy_control/xiphy_control/TX_DIV4_CLK_Q u_ddr_memory/u_ddr_bd/design_1_i/ddr4_0/inst/u_ddr4_mem_intfc/u_mig_ddr4_phy/inst/generate_block1.u_ddr_xiphy/byte_num[9].xiphy_byte_wrapper.u_xiphy_byte_wrapper/I_CONTROL[0].GEN_I_CONTROL.u_xiphy_control/xiphy_control/RX_DIV4_CLK_Q u_ddr_memory/u_ddr_bd/design_1_i/ddr4_0/inst/u_ddr4_mem_intfc/u_mig_ddr4_phy/inst/generate_block1.u_ddr_xiphy/byte_num[9].xiphy_byte_wrapper.u_xiphy_byte_wrapper/I_CONTROL[0].GEN_I_CONTROL.u_xiphy_control/xiphy_control/TX_DIV4_CLK_Q u_ddr_memory/u_ddr_bd/design_1_i/ddr4_0/inst/u_ddr4_mem_intfc/u_mig_ddr4_phy/inst/generate_block1.u_ddr_xiphy/byte_num[9].xiphy_byte_wrapper.u_xiphy_byte_wrapper/I_CONTROL[1].GEN_I_CONTROL.u_xiphy_control/xiphy_control/RX_DIV4_CLK_Q u_ddr_memory/u_ddr_bd/design_1_i/ddr4_0/inst/u_ddr4_mem_intfc/u_mig_ddr4_phy/inst/generate_block1.u_ddr_xiphy/byte_num[9].xiphy_byte_wrapper.u_xiphy_byte_wrapper/I_CONTROL[1].GEN_I_CONTROL.u_xiphy_control/xiphy_control/TX_DIV4_CLK_Q }

Check Type        Corner  Lib Pin                           Reference Pin  Required(ns)  Actual(ns)  Slack(ns)  Location               Pin
Min Period        n/a     RXTX_BITSLICE/TX_BIT_CTRL_IN[26]  n/a            2.667         3.332       0.665      BITSLICE_RX_TX_X0Y130  u_ddr_memory/u_ddr_bd/design_1_i/ddr4_0/inst/u_ddr4_mem_intfc/u_mig_ddr4_phy/inst/generate_block1.u_ddr_xiphy/byte_num[10].xiphy_byte_wrapper.u_xiphy_byte_wrapper/I_BITSLICE_LOWER[0].GEN_RXTX_BITSLICE_EN.u_xiphy_bitslice_lower/xiphy_rxtx_bitslice/TX_BIT_CTRL_IN[26]
Low Pulse Width   Slow    RXTX_BITSLICE/TX_BIT_CTRL_IN[26]  n/a            1.200         1.666       0.466      BITSLICE_RX_TX_X0Y130  u_ddr_memory/u_ddr_bd/design_1_i/ddr4_0/inst/u_ddr4_mem_intfc/u_mig_ddr4_phy/inst/generate_block1.u_ddr_xiphy/byte_num[10].xiphy_byte_wrapper.u_xiphy_byte_wrapper/I_BITSLICE_LOWER[0].GEN_RXTX_BITSLICE_EN.u_xiphy_bitslice_lower/xiphy_rxtx_bitslice/TX_BIT_CTRL_IN[26]
High Pulse Width  Slow    RXTX_BITSLICE/TX_BIT_CTRL_IN[26]  n/a            1.200         1.666       0.466      BITSLICE_RX_TX_X0Y130  u_ddr_memory/u_ddr_bd/design_1_i/ddr4_0/inst/u_ddr4_mem_intfc/u_mig_ddr4_phy/inst/generate_block1.u_ddr_xiphy/byte_num[10].xiphy_byte_wrapper.u_xiphy_byte_wrapper/I_BITSLICE_LOWER[0].GEN_RXTX_BITSLICE_EN.u_xiphy_bitslice_lower/xiphy_rxtx_bitslice/TX_BIT_CTRL_IN[26]



---------------------------------------------------------------------------------------------------
From Clock:  mmcm_clkout5
  To Clock:  mmcm_clkout5

Setup :            0  Failing Endpoints,  Worst Slack       11.387ns,  Total Violation        0.000ns
Hold  :           NA  Failing Endpoints,  Worst Slack           NA  ,  Total Violation           NA
PW    :            0  Failing Endpoints,  Worst Slack        6.132ns,  Total Violation        0.000ns
---------------------------------------------------------------------------------------------------


Max Delay Paths
--------------------------------------------------------------------------------------
Slack (MET) :             11.387ns  (required time - arrival time)
  Source:                 dbg_hub/inst/BSCANID.u_xsdbm_id/CORE_XSDB.UUT_MASTER/U_ICON_INTERFACE/U_CMD6_RD/U_RD_FIFO/SUBCORE_FIFO.xsdbm_v3_0_0_rdfifo_inst/inst_fifo_gen/gconvfifo.rf/grf.rf/gntv_or_sync_fifo.gl0.wr/gwas.wsts/ram_full_i_reg/C
                            (rising edge-triggered cell FDCE clocked by mmcm_clkout5  {rise@0.000ns fall@6.664ns period=13.328ns})
  Destination:            dbg_hub/inst/BSCANID.u_xsdbm_id/CORE_XSDB.UUT_MASTER/U_XSDB_BUS_CONTROLLER/in_normal_mode_reg/CE
                            (rising edge-triggered cell FDCE clocked by mmcm_clkout5  {rise@0.000ns fall@6.664ns period=13.328ns})
  Path Group:             mmcm_clkout5
  Path Type:              Setup (Max at Slow Process Corner)
  Requirement:            13.328ns  (mmcm_clkout5 rise@13.328ns - mmcm_clkout5 rise@0.000ns)
  Data Path Delay:        1.709ns  (logic 0.460ns (26.916%)  route 1.249ns (73.084%))
  Logic Levels:           4  (LUT5=3 LUT6=1)
  Clock Path Skew:        -0.111ns (DCD - SCD + CPR)
    Destination Clock Delay (DCD):    2.934ns = ( 16.262 - 13.328 ) 
    Source Clock Delay      (SCD):    2.591ns
    Clock Pessimism Removal (CPR):    -0.454ns
  Clock Uncertainty:      0.061ns  ((TSJ^2 + DJ^2)^1/2) / 2 + PE
    Total System Jitter     (TSJ):    0.071ns
    Discrete Jitter          (DJ):    0.100ns
    Phase Error              (PE):    0.000ns
  Clock Net Delay (Source):      1.527ns (routing 0.708ns, distribution 0.819ns)
  Clock Net Delay (Destination): 1.304ns (routing 0.644ns, distribution 0.660ns)

    Location             Delay type                Incr(ns)  Path(ns)    Netlist Resource(s)
  -------------------------------------------------------------------    -------------------
                         (clock mmcm_clkout5 rise edge)
                                                      0.000     0.000 r  
    BA27                                              0.000     0.000 r  c0_sys_clk_p (IN)
                         net (fo=0)                   0.000     0.000    u_ddr_memory/u_ddr_bd/design_1_i/ddr4_0/inst/u_ddr4_mem_intfc/u_mig_ddr4_phy/inst/u_ddr4_phy_pll/diff_input_clk.u_ibufg_sys_clk/I
    HPIOBDIFFINBUF_X0Y35 DIFFINBUF (Prop_DIFFINBUF_HPIOBDIFFINBUF_DIFF_IN_P_O)
                                                      0.484     0.484 r  u_ddr_memory/u_ddr_bd/design_1_i/ddr4_0/inst/u_ddr4_mem_intfc/u_mig_ddr4_phy/inst/u_ddr4_phy_pll/diff_input_clk.u_ibufg_sys_clk/DIFFINBUF_INST/O
                         net (fo=1, estimated)        0.050     0.534    u_ddr_memory/u_ddr_bd/design_1_i/ddr4_0/inst/u_ddr4_mem_intfc/u_mig_ddr4_phy/inst/u_ddr4_phy_pll/diff_input_clk.u_ibufg_sys_clk/OUT
    BA27                 IBUFCTRL (Prop_IBUFCTRL_HPIOB_M_I_O)
                                                      0.000     0.534 r  u_ddr_memory/u_ddr_bd/design_1_i/ddr4_0/inst/u_ddr4_mem_intfc/u_mig_ddr4_phy/inst/u_ddr4_phy_pll/diff_input_clk.u_ibufg_sys_clk/IBUFCTRL_INST/O
                         net (fo=2, estimated)        0.397     0.931    u_ddr_memory/u_ddr_bd/design_1_i/ddr4_0/inst/u_ddr4_infrastructure/mmcm_clk_in
    MMCM_X0Y1            MMCME4_ADV (Prop_MMCM_CLKIN1_CLKOUT5)
                                                     -0.127     0.804 r  u_ddr_memory/u_ddr_bd/design_1_i/ddr4_0/inst/u_ddr4_infrastructure/gen_mmcme4.u_mmcme_adv_inst/CLKOUT5
                         net (fo=1, estimated)        0.232     1.036    u_ddr_memory/u_ddr_bd/design_1_i/ddr4_0/inst/u_ddr4_infrastructure/mmcm_clkout5
    BUFGCE_X0Y37         BUFGCE (Prop_BUFCE_BUFGCE_I_O)
                                                      0.028     1.064 r  u_ddr_memory/u_ddr_bd/design_1_i/ddr4_0/inst/u_ddr4_infrastructure/u_bufg_dbg_clk/O
    X4Y2 (CLOCK_ROOT)    net (fo=568, estimated)      1.527     2.591    dbg_hub/inst/BSCANID.u_xsdbm_id/CORE_XSDB.UUT_MASTER/U_ICON_INTERFACE/U_CMD6_RD/U_RD_FIFO/SUBCORE_FIFO.xsdbm_v3_0_0_rdfifo_inst/inst_fifo_gen/gconvfifo.rf/grf.rf/gntv_or_sync_fifo.gl0.wr/gwas.wsts/wr_clk
    SLICE_X142Y126       FDCE                                         r  dbg_hub/inst/BSCANID.u_xsdbm_id/CORE_XSDB.UUT_MASTER/U_ICON_INTERFACE/U_CMD6_RD/U_RD_FIFO/SUBCORE_FIFO.xsdbm_v3_0_0_rdfifo_inst/inst_fifo_gen/gconvfifo.rf/grf.rf/gntv_or_sync_fifo.gl0.wr/gwas.wsts/ram_full_i_reg/C
  -------------------------------------------------------------------    -------------------
    SLICE_X142Y126       FDCE (Prop_FFF_SLICEM_C_Q)
                                                      0.076     2.667 f  dbg_hub/inst/BSCANID.u_xsdbm_id/CORE_XSDB.UUT_MASTER/U_ICON_INTERFACE/U_CMD6_RD/U_RD_FIFO/SUBCORE_FIFO.xsdbm_v3_0_0_rdfifo_inst/inst_fifo_gen/gconvfifo.rf/grf.rf/gntv_or_sync_fifo.gl0.wr/gwas.wsts/ram_full_i_reg/Q
                         net (fo=8, estimated)        0.334     3.001    dbg_hub/inst/BSCANID.u_xsdbm_id/CORE_XSDB.UUT_MASTER/U_XSDB_BUS_CONTROLLER/U_RD_ABORT_FLAG/FULL_O
    SLICE_X143Y142       LUT5 (Prop_D6LUT_SLICEL_I0_O)
                                                      0.146     3.147 r  dbg_hub/inst/BSCANID.u_xsdbm_id/CORE_XSDB.UUT_MASTER/U_XSDB_BUS_CONTROLLER/U_RD_ABORT_FLAG/FSM_onehot_current_state[17]_i_1/O
                         net (fo=2, estimated)        0.141     3.288    dbg_hub/inst/BSCANID.u_xsdbm_id/CORE_XSDB.UUT_MASTER/U_XSDB_BUS_CONTROLLER/U_TIMER/in_normal_mode_reg_2[0]
    SLICE_X142Y142       LUT5 (Prop_D5LUT_SLICEM_I4_O)
                                                      0.135     3.423 r  dbg_hub/inst/BSCANID.u_xsdbm_id/CORE_XSDB.UUT_MASTER/U_XSDB_BUS_CONTROLLER/U_TIMER/in_normal_mode_i_2/O
                         net (fo=1, estimated)        0.217     3.640    dbg_hub/inst/BSCANID.u_xsdbm_id/CORE_XSDB.UUT_MASTER/U_XSDB_BUS_CONTROLLER/U_TIMER/in_normal_mode_i_2_n_0
    SLICE_X142Y142       LUT6 (Prop_C6LUT_SLICEM_I0_O)
                                                      0.051     3.691 r  dbg_hub/inst/BSCANID.u_xsdbm_id/CORE_XSDB.UUT_MASTER/U_XSDB_BUS_CONTROLLER/U_TIMER/in_normal_mode_i_1/O
                         net (fo=24, estimated)       0.308     3.999    dbg_hub/inst/BSCANID.u_xsdbm_id/CORE_XSDB.UUT_MASTER/U_XSDB_BUS_CONTROLLER/U_TIMER/FSM_onehot_current_state_reg[11]
    SLICE_X141Y137       LUT5 (Prop_G6LUT_SLICEM_I3_O)
                                                      0.052     4.051 r  dbg_hub/inst/BSCANID.u_xsdbm_id/CORE_XSDB.UUT_MASTER/U_XSDB_BUS_CONTROLLER/U_TIMER/sl_rst_r[0]_i_1/O
                         net (fo=2, estimated)        0.249     4.300    dbg_hub/inst/BSCANID.u_xsdbm_id/CORE_XSDB.UUT_MASTER/U_XSDB_BUS_CONTROLLER/in_normal_mode
    SLICE_X140Y136       FDCE                                         r  dbg_hub/inst/BSCANID.u_xsdbm_id/CORE_XSDB.UUT_MASTER/U_XSDB_BUS_CONTROLLER/in_normal_mode_reg/CE
  -------------------------------------------------------------------    -------------------

                         (clock mmcm_clkout5 rise edge)
                                                     13.328    13.328 r  
    BA27                                              0.000    13.328 r  c0_sys_clk_p (IN)
                         net (fo=0)                   0.000    13.328    u_ddr_memory/u_ddr_bd/design_1_i/ddr4_0/inst/u_ddr4_mem_intfc/u_mig_ddr4_phy/inst/u_ddr4_phy_pll/diff_input_clk.u_ibufg_sys_clk/I
    HPIOBDIFFINBUF_X0Y35 DIFFINBUF (Prop_DIFFINBUF_HPIOBDIFFINBUF_DIFF_IN_P_O)
                                                      0.388    13.716 r  u_ddr_memory/u_ddr_bd/design_1_i/ddr4_0/inst/u_ddr4_mem_intfc/u_mig_ddr4_phy/inst/u_ddr4_phy_pll/diff_input_clk.u_ibufg_sys_clk/DIFFINBUF_INST/O
                         net (fo=1, estimated)        0.040    13.756    u_ddr_memory/u_ddr_bd/design_1_i/ddr4_0/inst/u_ddr4_mem_intfc/u_mig_ddr4_phy/inst/u_ddr4_phy_pll/diff_input_clk.u_ibufg_sys_clk/OUT
    BA27                 IBUFCTRL (Prop_IBUFCTRL_HPIOB_M_I_O)
                                                      0.000    13.756 r  u_ddr_memory/u_ddr_bd/design_1_i/ddr4_0/inst/u_ddr4_mem_intfc/u_mig_ddr4_phy/inst/u_ddr4_phy_pll/diff_input_clk.u_ibufg_sys_clk/IBUFCTRL_INST/O
                         net (fo=2, estimated)        0.344    14.100    u_ddr_memory/u_ddr_bd/design_1_i/ddr4_0/inst/u_ddr4_infrastructure/mmcm_clk_in
    MMCM_X0Y1            MMCME4_ADV (Prop_MMCM_CLKIN1_CLKOUT5)
                                                      0.630    14.730 r  u_ddr_memory/u_ddr_bd/design_1_i/ddr4_0/inst/u_ddr4_infrastructure/gen_mmcme4.u_mmcme_adv_inst/CLKOUT5
                         net (fo=1, estimated)        0.204    14.934    u_ddr_memory/u_ddr_bd/design_1_i/ddr4_0/inst/u_ddr4_infrastructure/mmcm_clkout5
    BUFGCE_X0Y37         BUFGCE (Prop_BUFCE_BUFGCE_I_O)
                                                      0.024    14.958 r  u_ddr_memory/u_ddr_bd/design_1_i/ddr4_0/inst/u_ddr4_infrastructure/u_bufg_dbg_clk/O
    X4Y2 (CLOCK_ROOT)    net (fo=568, estimated)      1.304    16.262    dbg_hub/inst/BSCANID.u_xsdbm_id/CORE_XSDB.UUT_MASTER/U_XSDB_BUS_CONTROLLER/clk
    SLICE_X140Y136       FDCE                                         r  dbg_hub/inst/BSCANID.u_xsdbm_id/CORE_XSDB.UUT_MASTER/U_XSDB_BUS_CONTROLLER/in_normal_mode_reg/C
                         clock pessimism             -0.454    15.808    
                         clock uncertainty           -0.061    15.746    
    SLICE_X140Y136       FDCE (Setup_AFF_SLICEL_C_CE)
                                                     -0.060    15.686    dbg_hub/inst/BSCANID.u_xsdbm_id/CORE_XSDB.UUT_MASTER/U_XSDB_BUS_CONTROLLER/in_normal_mode_reg
  -------------------------------------------------------------------
                         required time                         15.686    
                         arrival time                          -4.300    
  -------------------------------------------------------------------
                         slack                                 11.387    





Pulse Width Checks
--------------------------------------------------------------------------------------
Clock Name:         mmcm_clkout5
Waveform(ns):       { 0.000 6.664 }
Period(ns):         13.328
Sources:            { u_ddr_memory/u_ddr_bd/design_1_i/ddr4_0/inst/u_ddr4_infrastructure/gen_mmcme4.u_mmcme_adv_inst/CLKOUT5 }

Check Type        Corner  Lib Pin     Reference Pin  Required(ns)  Actual(ns)  Slack(ns)  Location        Pin
Min Period        n/a     BUFGCE/I    n/a            1.290         13.328      12.038     BUFGCE_X0Y37    u_ddr_memory/u_ddr_bd/design_1_i/ddr4_0/inst/u_ddr4_infrastructure/u_bufg_dbg_clk/I
Low Pulse Width   Slow    RAMD32/CLK  n/a            0.532         6.664       6.132      SLICE_X145Y129  dbg_hub/inst/BSCANID.u_xsdbm_id/CORE_XSDB.UUT_MASTER/U_ICON_INTERFACE/U_CMD6_RD/U_RD_FIFO/SUBCORE_FIFO.xsdbm_v3_0_0_rdfifo_inst/inst_fifo_gen/gconvfifo.rf/grf.rf/gntv_or_sync_fifo.mem/gdm.dm_gen.dm/RAM_reg_0_15_0_13/RAMA/CLK
High Pulse Width  Slow    RAMD32/CLK  n/a            0.532         6.664       6.132      SLICE_X145Y129  dbg_hub/inst/BSCANID.u_xsdbm_id/CORE_XSDB.UUT_MASTER/U_ICON_INTERFACE/U_CMD6_RD/U_RD_FIFO/SUBCORE_FIFO.xsdbm_v3_0_0_rdfifo_inst/inst_fifo_gen/gconvfifo.rf/grf.rf/gntv_or_sync_fifo.mem/gdm.dm_gen.dm/RAM_reg_0_15_0_13/RAMA/CLK



---------------------------------------------------------------------------------------------------
From Clock:  mmcm_clkout6
  To Clock:  mmcm_clkout6

Setup :            0  Failing Endpoints,  Worst Slack        3.515ns,  Total Violation        0.000ns
Hold  :           NA  Failing Endpoints,  Worst Slack           NA  ,  Total Violation           NA
PW    :            0  Failing Endpoints,  Worst Slack        0.972ns,  Total Violation        0.000ns
---------------------------------------------------------------------------------------------------


Max Delay Paths
--------------------------------------------------------------------------------------
Slack (MET) :             3.515ns  (required time - arrival time)
  Source:                 u_ddr_memory/u_ddr_bd/design_1_i/ddr4_0/inst/u_ddr4_mem_intfc/u_ddr_cal_riu/mcs0/inst/microblaze_I/U0/MicroBlaze_Core_I/Performance.Core/Data_Flow_I/Operand_Select_I/EX_Branch_CMP_Op1_reg[3]/C
                            (rising edge-triggered cell FDRE clocked by mmcm_clkout6  {rise@0.000ns fall@3.332ns period=6.664ns})
  Destination:            u_ddr_memory/u_ddr_bd/design_1_i/ddr4_0/inst/u_ddr4_mem_intfc/u_ddr_cal_riu/mcs0/inst/lmb_bram_I/U0/inst_blk_mem_gen/gnbram.gnative_mem_map_bmg.native_mem_map_blk_mem_gen/valid.cstr/ramloop[4].ram.r/prim_noinit.ram/DEVICE_8SERIES.WITH_BMM_INFO.TRUE_DP.SIMPLE_PRIM36.SERIES8_TDP_SP36_NO_ECC_ATTR.ram/ENBWREN
                            (rising edge-triggered cell RAMB36E2 clocked by mmcm_clkout6  {rise@0.000ns fall@3.332ns period=6.664ns})
  Path Group:             mmcm_clkout6
  Path Type:              Setup (Max at Slow Process Corner)
  Requirement:            6.664ns  (mmcm_clkout6 rise@6.664ns - mmcm_clkout6 rise@0.000ns)
  Data Path Delay:        2.630ns  (logic 0.479ns (18.213%)  route 2.151ns (81.787%))
  Logic Levels:           5  (CARRY8=2 LUT2=1 LUT6=2)
  Clock Path Skew:        -0.121ns (DCD - SCD + CPR)
    Destination Clock Delay (DCD):    4.321ns = ( 10.985 - 6.664 ) 
    Source Clock Delay      (SCD):    4.002ns
    Clock Pessimism Removal (CPR):    -0.440ns
  Clock Uncertainty:      0.056ns  ((TSJ^2 + DJ^2)^1/2) / 2 + PE
    Total System Jitter     (TSJ):    0.071ns
    Discrete Jitter          (DJ):    0.088ns
    Phase Error              (PE):    0.000ns
  Clock Net Delay (Source):      2.908ns (routing 0.976ns, distribution 1.932ns)
  Clock Net Delay (Destination): 2.667ns (routing 0.888ns, distribution 1.779ns)

    Location             Delay type                Incr(ns)  Path(ns)    Netlist Resource(s)
  -------------------------------------------------------------------    -------------------
                         (clock mmcm_clkout6 rise edge)
                                                      0.000     0.000 r  
    BA27                                              0.000     0.000 r  c0_sys_clk_p (IN)
                         net (fo=0)                   0.000     0.000    u_ddr_memory/u_ddr_bd/design_1_i/ddr4_0/inst/u_ddr4_mem_intfc/u_mig_ddr4_phy/inst/u_ddr4_phy_pll/diff_input_clk.u_ibufg_sys_clk/I
    HPIOBDIFFINBUF_X0Y35 DIFFINBUF (Prop_DIFFINBUF_HPIOBDIFFINBUF_DIFF_IN_P_O)
                                                      0.484     0.484 r  u_ddr_memory/u_ddr_bd/design_1_i/ddr4_0/inst/u_ddr4_mem_intfc/u_mig_ddr4_phy/inst/u_ddr4_phy_pll/diff_input_clk.u_ibufg_sys_clk/DIFFINBUF_INST/O
                         net (fo=1, estimated)        0.050     0.534    u_ddr_memory/u_ddr_bd/design_1_i/ddr4_0/inst/u_ddr4_mem_intfc/u_mig_ddr4_phy/inst/u_ddr4_phy_pll/diff_input_clk.u_ibufg_sys_clk/OUT
    BA27                 IBUFCTRL (Prop_IBUFCTRL_HPIOB_M_I_O)
                                                      0.000     0.534 r  u_ddr_memory/u_ddr_bd/design_1_i/ddr4_0/inst/u_ddr4_mem_intfc/u_mig_ddr4_phy/inst/u_ddr4_phy_pll/diff_input_clk.u_ibufg_sys_clk/IBUFCTRL_INST/O
                         net (fo=2, estimated)        0.397     0.931    u_ddr_memory/u_ddr_bd/design_1_i/ddr4_0/inst/u_ddr4_infrastructure/mmcm_clk_in
    MMCM_X0Y1            MMCME4_ADV (Prop_MMCM_CLKIN1_CLKOUT6)
                                                     -0.127     0.804 r  u_ddr_memory/u_ddr_bd/design_1_i/ddr4_0/inst/u_ddr4_infrastructure/gen_mmcme4.u_mmcme_adv_inst/CLKOUT6
                         net (fo=1, estimated)        0.262     1.066    u_ddr_memory/u_ddr_bd/design_1_i/ddr4_0/inst/u_ddr4_infrastructure/mmcm_clkout6
    BUFGCE_X0Y47         BUFGCE (Prop_BUFCE_BUFGCE_I_O)
                                                      0.028     1.094 r  u_ddr_memory/u_ddr_bd/design_1_i/ddr4_0/inst/u_ddr4_infrastructure/u_bufg_riuClk/O
    X4Y3 (CLOCK_ROOT)    net (fo=1757, estimated)     2.908     4.002    u_ddr_memory/u_ddr_bd/design_1_i/ddr4_0/inst/u_ddr4_mem_intfc/u_ddr_cal_riu/mcs0/inst/microblaze_I/U0/MicroBlaze_Core_I/Performance.Core/Data_Flow_I/Operand_Select_I/Clk
    SLICE_X125Y91        FDRE                                         r  u_ddr_memory/u_ddr_bd/design_1_i/ddr4_0/inst/u_ddr4_mem_intfc/u_ddr_cal_riu/mcs0/inst/microblaze_I/U0/MicroBlaze_Core_I/Performance.Core/Data_Flow_I/Operand_Select_I/EX_Branch_CMP_Op1_reg[3]/C
  -------------------------------------------------------------------    -------------------
    SLICE_X125Y91        FDRE (Prop_AFF_SLICEL_C_Q)
                                                      0.079     4.081 f  u_ddr_memory/u_ddr_bd/design_1_i/ddr4_0/inst/u_ddr4_mem_intfc/u_ddr_cal_riu/mcs0/inst/microblaze_I/U0/MicroBlaze_Core_I/Performance.Core/Data_Flow_I/Operand_Select_I/EX_Branch_CMP_Op1_reg[3]/Q
                         net (fo=1, estimated)        0.452     4.533    u_ddr_memory/u_ddr_bd/design_1_i/ddr4_0/inst/u_ddr4_mem_intfc/u_ddr_cal_riu/mcs0/inst/microblaze_I/U0/MicroBlaze_Core_I/Performance.Core/Data_Flow_I/Zero_Detect_I/Using_FPGA.Native_3[26]
    SLICE_X131Y90        LUT6 (Prop_B6LUT_SLICEL_I5_O)
                                                      0.036     4.569 r  u_ddr_memory/u_ddr_bd/design_1_i/ddr4_0/inst/u_ddr4_mem_intfc/u_ddr_cal_riu/mcs0/inst/microblaze_I/U0/MicroBlaze_Core_I/Performance.Core/Data_Flow_I/Zero_Detect_I/S0_inferred__4/i_/O
                         net (fo=1, routed)           0.009     4.578    u_ddr_memory/u_ddr_bd/design_1_i/ddr4_0/inst/u_ddr4_mem_intfc/u_ddr_cal_riu/mcs0/inst/microblaze_I/U0/MicroBlaze_Core_I/Performance.Core/Data_Flow_I/Zero_Detect_I/Part_Of_Zero_Carry_Start/lopt_3
    SLICE_X131Y90        CARRY8 (Prop_CARRY8_SLICEL_S[1]_CO[7])
                                                      0.186     4.764 r  u_ddr_memory/u_ddr_bd/design_1_i/ddr4_0/inst/u_ddr4_mem_intfc/u_ddr_cal_riu/mcs0/inst/microblaze_I/U0/MicroBlaze_Core_I/Performance.Core/Data_Flow_I/Zero_Detect_I/Part_Of_Zero_Carry_Start/Using_FPGA.Native_CARRY4_CARRY8/CO[7]
                         net (fo=1, estimated)        0.026     4.790    u_ddr_memory/u_ddr_bd/design_1_i/ddr4_0/inst/u_ddr4_mem_intfc/u_ddr_cal_riu/mcs0/inst/microblaze_I/U0/MicroBlaze_Core_I/Performance.Core/Decode_I/jump_logic_I1/MUXCY_JUMP_CARRY2/jump_carry1
    SLICE_X131Y91        CARRY8 (Prop_CARRY8_SLICEL_CI_CO[4])
                                                      0.092     4.882 r  u_ddr_memory/u_ddr_bd/design_1_i/ddr4_0/inst/u_ddr4_mem_intfc/u_ddr_cal_riu/mcs0/inst/microblaze_I/U0/MicroBlaze_Core_I/Performance.Core/Decode_I/jump_logic_I1/MUXCY_JUMP_CARRY2/Using_FPGA.Native_CARRY4_CARRY8/CO[4]
                         net (fo=49, estimated)       0.289     5.171    u_ddr_memory/u_ddr_bd/design_1_i/ddr4_0/inst/u_ddr4_mem_intfc/u_ddr_cal_riu/mcs0/inst/microblaze_I/U0/MicroBlaze_Core_I/Performance.Core/Decode_I/PreFetch_Buffer_I1/Gen_Mux_Select_LUT6[2].Gen_Sel_DFF/ex_jump
    SLICE_X134Y92        LUT6 (Prop_G6LUT_SLICEL_I2_O)
                                                      0.035     5.206 r  u_ddr_memory/u_ddr_bd/design_1_i/ddr4_0/inst/u_ddr4_mem_intfc/u_ddr_cal_riu/mcs0/inst/microblaze_I/U0/MicroBlaze_Core_I/Performance.Core/Decode_I/PreFetch_Buffer_I1/Gen_Mux_Select_LUT6[2].Gen_Sel_DFF/I_AS_INST_0/O
                         net (fo=5, estimated)        0.397     5.603    u_ddr_memory/u_ddr_bd/design_1_i/ddr4_0/inst/u_ddr4_mem_intfc/u_ddr_cal_riu/mcs0/inst/lmb_bram_I/U0/inst_blk_mem_gen/gnbram.gnative_mem_map_bmg.native_mem_map_blk_mem_gen/valid.cstr/ramloop[9].ram.r/prim_noinit.ram/enb
    SLICE_X135Y79        LUT2 (Prop_B6LUT_SLICEL_I1_O)
                                                      0.051     5.654 r  u_ddr_memory/u_ddr_bd/design_1_i/ddr4_0/inst/u_ddr4_mem_intfc/u_ddr_cal_riu/mcs0/inst/lmb_bram_I/U0/inst_blk_mem_gen/gnbram.gnative_mem_map_bmg.native_mem_map_blk_mem_gen/valid.cstr/ramloop[9].ram.r/prim_noinit.ram/DEVICE_8SERIES.WITH_BMM_INFO.TRUE_DP.SIMPLE_PRIM36.SERIES8_TDP_SP36_NO_ECC_ATTR.ram_i_2/O
                         net (fo=16, estimated)       0.978     6.632    u_ddr_memory/u_ddr_bd/design_1_i/ddr4_0/inst/u_ddr4_mem_intfc/u_ddr_cal_riu/mcs0/inst/lmb_bram_I/U0/inst_blk_mem_gen/gnbram.gnative_mem_map_bmg.native_mem_map_blk_mem_gen/valid.cstr/ramloop[4].ram.r/prim_noinit.ram/ENB_I
    RAMB36_X8Y9          RAMB36E2                                     r  u_ddr_memory/u_ddr_bd/design_1_i/ddr4_0/inst/u_ddr4_mem_intfc/u_ddr_cal_riu/mcs0/inst/lmb_bram_I/U0/inst_blk_mem_gen/gnbram.gnative_mem_map_bmg.native_mem_map_blk_mem_gen/valid.cstr/ramloop[4].ram.r/prim_noinit.ram/DEVICE_8SERIES.WITH_BMM_INFO.TRUE_DP.SIMPLE_PRIM36.SERIES8_TDP_SP36_NO_ECC_ATTR.ram/ENBWREN
  -------------------------------------------------------------------    -------------------

                         (clock mmcm_clkout6 rise edge)
                                                      6.664     6.664 r  
    BA27                                              0.000     6.664 r  c0_sys_clk_p (IN)
                         net (fo=0)                   0.000     6.664    u_ddr_memory/u_ddr_bd/design_1_i/ddr4_0/inst/u_ddr4_mem_intfc/u_mig_ddr4_phy/inst/u_ddr4_phy_pll/diff_input_clk.u_ibufg_sys_clk/I
    HPIOBDIFFINBUF_X0Y35 DIFFINBUF (Prop_DIFFINBUF_HPIOBDIFFINBUF_DIFF_IN_P_O)
                                                      0.388     7.052 r  u_ddr_memory/u_ddr_bd/design_1_i/ddr4_0/inst/u_ddr4_mem_intfc/u_mig_ddr4_phy/inst/u_ddr4_phy_pll/diff_input_clk.u_ibufg_sys_clk/DIFFINBUF_INST/O
                         net (fo=1, estimated)        0.040     7.092    u_ddr_memory/u_ddr_bd/design_1_i/ddr4_0/inst/u_ddr4_mem_intfc/u_mig_ddr4_phy/inst/u_ddr4_phy_pll/diff_input_clk.u_ibufg_sys_clk/OUT
    BA27                 IBUFCTRL (Prop_IBUFCTRL_HPIOB_M_I_O)
                                                      0.000     7.092 r  u_ddr_memory/u_ddr_bd/design_1_i/ddr4_0/inst/u_ddr4_mem_intfc/u_mig_ddr4_phy/inst/u_ddr4_phy_pll/diff_input_clk.u_ibufg_sys_clk/IBUFCTRL_INST/O
                         net (fo=2, estimated)        0.344     7.436    u_ddr_memory/u_ddr_bd/design_1_i/ddr4_0/inst/u_ddr4_infrastructure/mmcm_clk_in
    MMCM_X0Y1            MMCME4_ADV (Prop_MMCM_CLKIN1_CLKOUT6)
                                                      0.630     8.066 r  u_ddr_memory/u_ddr_bd/design_1_i/ddr4_0/inst/u_ddr4_infrastructure/gen_mmcme4.u_mmcme_adv_inst/CLKOUT6
                         net (fo=1, estimated)        0.228     8.294    u_ddr_memory/u_ddr_bd/design_1_i/ddr4_0/inst/u_ddr4_infrastructure/mmcm_clkout6
    BUFGCE_X0Y47         BUFGCE (Prop_BUFCE_BUFGCE_I_O)
                                                      0.024     8.318 r  u_ddr_memory/u_ddr_bd/design_1_i/ddr4_0/inst/u_ddr4_infrastructure/u_bufg_riuClk/O
    X4Y3 (CLOCK_ROOT)    net (fo=1757, estimated)     2.667    10.985    u_ddr_memory/u_ddr_bd/design_1_i/ddr4_0/inst/u_ddr4_mem_intfc/u_ddr_cal_riu/mcs0/inst/lmb_bram_I/U0/inst_blk_mem_gen/gnbram.gnative_mem_map_bmg.native_mem_map_blk_mem_gen/valid.cstr/ramloop[4].ram.r/prim_noinit.ram/clkb
    RAMB36_X8Y9          RAMB36E2                                     r  u_ddr_memory/u_ddr_bd/design_1_i/ddr4_0/inst/u_ddr4_mem_intfc/u_ddr_cal_riu/mcs0/inst/lmb_bram_I/U0/inst_blk_mem_gen/gnbram.gnative_mem_map_bmg.native_mem_map_blk_mem_gen/valid.cstr/ramloop[4].ram.r/prim_noinit.ram/DEVICE_8SERIES.WITH_BMM_INFO.TRUE_DP.SIMPLE_PRIM36.SERIES8_TDP_SP36_NO_ECC_ATTR.ram/CLKBWRCLK
                         clock pessimism             -0.440    10.545    
                         clock uncertainty           -0.056    10.488    
    RAMB36_X8Y9          RAMB36E2 (Setup_RAMB36E2_RAMB36_CLKBWRCLK_ENBWREN)
                                                     -0.342    10.146    u_ddr_memory/u_ddr_bd/design_1_i/ddr4_0/inst/u_ddr4_mem_intfc/u_ddr_cal_riu/mcs0/inst/lmb_bram_I/U0/inst_blk_mem_gen/gnbram.gnative_mem_map_bmg.native_mem_map_blk_mem_gen/valid.cstr/ramloop[4].ram.r/prim_noinit.ram/DEVICE_8SERIES.WITH_BMM_INFO.TRUE_DP.SIMPLE_PRIM36.SERIES8_TDP_SP36_NO_ECC_ATTR.ram
  -------------------------------------------------------------------
                         required time                         10.146    
                         arrival time                          -6.632    
  -------------------------------------------------------------------
                         slack                                  3.515    





Pulse Width Checks
--------------------------------------------------------------------------------------
Clock Name:         mmcm_clkout6
Waveform(ns):       { 0.000 3.332 }
Period(ns):         6.664
Sources:            { u_ddr_memory/u_ddr_bd/design_1_i/ddr4_0/inst/u_ddr4_infrastructure/gen_mmcme4.u_mmcme_adv_inst/CLKOUT6 }

Check Type        Corner  Lib Pin                   Reference Pin             Required(ns)  Actual(ns)  Slack(ns)  Location               Pin
Min Period        n/a     BITSLICE_CONTROL/RIU_CLK  n/a                       3.846         6.664       2.818      BITSLICE_CONTROL_X0Y0  u_ddr_memory/u_ddr_bd/design_1_i/ddr4_0/inst/u_ddr4_mem_intfc/u_mig_ddr4_phy/inst/generate_block1.u_ddr_xiphy/byte_num[0].xiphy_byte_wrapper.u_xiphy_byte_wrapper/I_CONTROL[0].GEN_I_CONTROL.u_xiphy_control/xiphy_control/RIU_CLK
Low Pulse Width   Slow    BITSLICE_CONTROL/RIU_CLK  n/a                       1.731         3.332       1.601      BITSLICE_CONTROL_X0Y0  u_ddr_memory/u_ddr_bd/design_1_i/ddr4_0/inst/u_ddr4_mem_intfc/u_mig_ddr4_phy/inst/generate_block1.u_ddr_xiphy/byte_num[0].xiphy_byte_wrapper.u_xiphy_byte_wrapper/I_CONTROL[0].GEN_I_CONTROL.u_xiphy_control/xiphy_control/RIU_CLK
High Pulse Width  Slow    BITSLICE_CONTROL/RIU_CLK  n/a                       1.731         3.332       1.601      BITSLICE_CONTROL_X0Y0  u_ddr_memory/u_ddr_bd/design_1_i/ddr4_0/inst/u_ddr4_mem_intfc/u_mig_ddr4_phy/inst/generate_block1.u_ddr_xiphy/byte_num[0].xiphy_byte_wrapper.u_xiphy_byte_wrapper/I_CONTROL[0].GEN_I_CONTROL.u_xiphy_control/xiphy_control/RIU_CLK
Max Skew          Fast    BITSLICE_CONTROL/RIU_CLK  BITSLICE_CONTROL/PLL_CLK  1.984         1.012       0.972      BITSLICE_CONTROL_X0Y1  u_ddr_memory/u_ddr_bd/design_1_i/ddr4_0/inst/u_ddr4_mem_intfc/u_mig_ddr4_phy/inst/generate_block1.u_ddr_xiphy/byte_num[0].xiphy_byte_wrapper.u_xiphy_byte_wrapper/I_CONTROL[1].GEN_I_CONTROL.u_xiphy_control/xiphy_control/RIU_CLK



---------------------------------------------------------------------------------------------------
From Clock:  clk_100m_p
  To Clock:  clk_100m_p

Setup :            0  Failing Endpoints,  Worst Slack        1.816ns,  Total Violation        0.000ns
Hold  :           NA  Failing Endpoints,  Worst Slack           NA  ,  Total Violation           NA
PW    :            0  Failing Endpoints,  Worst Slack        2.000ns,  Total Violation        0.000ns
---------------------------------------------------------------------------------------------------


Max Delay Paths
--------------------------------------------------------------------------------------
Slack (MET) :             1.816ns  (required time - arrival time)
  Source:                 u_ddr_memory/u_ddr_bd/design_1_i/axi_interconnect_0/s00_couplers/auto_us/inst/gen_upsizer.gen_full_upsizer.axi_upsizer_inst/USE_READ.gen_non_fifo_r_upsizer.mi_register_slice_inst/r.r_pipe/m_valid_i_reg/C
                            (rising edge-triggered cell FDRE clocked by clk_100m_p  {rise@0.000ns fall@5.000ns period=10.000ns})
  Destination:            u_control_soc/u_rocket/chiptop0/system/tile_prci_domain/buffer/nodeIn_d_q/ram_ext/Memory_reg_0_1_56_69/RAMD_D1/I
                            (rising edge-triggered cell RAMD32 clocked by clk_100m_p  {rise@0.000ns fall@5.000ns period=10.000ns})
  Path Group:             clk_100m_p
  Path Type:              Setup (Max at Slow Process Corner)
  Requirement:            10.000ns  (clk_100m_p rise@10.000ns - clk_100m_p rise@0.000ns)
  Data Path Delay:        7.717ns  (logic 0.812ns (10.522%)  route 6.905ns (89.478%))
  Logic Levels:           11  (LUT2=1 LUT3=2 LUT4=1 LUT6=7)
  Clock Path Skew:        -0.351ns (DCD - SCD + CPR)
    Destination Clock Delay (DCD):    3.100ns = ( 13.100 - 10.000 ) 
    Source Clock Delay      (SCD):    3.805ns
    Clock Pessimism Removal (CPR):    0.354ns
  Clock Uncertainty:      0.035ns  ((TSJ^2 + TIJ^2)^1/2 + DJ) / 2 + PE
    Total System Jitter     (TSJ):    0.071ns
    Total Input Jitter      (TIJ):    0.000ns
    Discrete Jitter          (DJ):    0.000ns
    Phase Error              (PE):    0.000ns
  Clock Net Delay (Source):      2.720ns (routing 1.261ns, distribution 1.459ns)
  Clock Net Delay (Destination): 2.175ns (routing 1.148ns, distribution 1.027ns)

    Location             Delay type                Incr(ns)  Path(ns)    Netlist Resource(s)
  -------------------------------------------------------------------    -------------------
                         (clock clk_100m_p rise edge)
                                                      0.000     0.000 r  
    AY24                                              0.000     0.000 r  clk_100m_p (IN)
                         net (fo=0)                   0.000     0.000    u_control_soc/u_clk_100m_ibufds/I
    HPIOBDIFFINBUF_X0Y106
                         DIFFINBUF (Prop_DIFFINBUF_HPIOBDIFFINBUF_DIFF_IN_P_O)
                                                      0.688     0.688 r  u_control_soc/u_clk_100m_ibufds/DIFFINBUF_INST/O
                         net (fo=1, estimated)        0.050     0.738    u_control_soc/u_clk_100m_ibufds/OUT
    AY24                 IBUFCTRL (Prop_IBUFCTRL_HPIOB_M_I_O)
                                                      0.000     0.738 r  u_control_soc/u_clk_100m_ibufds/IBUFCTRL_INST/O
                         net (fo=1, estimated)        0.319     1.057    u_control_soc/clk_100m_ibuf
    BUFGCE_X0Y106        BUFGCE (Prop_BUFCE_BUFGCE_I_O)
                                                      0.028     1.085 r  u_control_soc/u_clk_100m_bufg/O
    X2Y6 (CLOCK_ROOT)    net (fo=91804, estimated)    2.720     3.805    u_ddr_memory/u_ddr_bd/design_1_i/axi_interconnect_0/s00_couplers/auto_us/inst/gen_upsizer.gen_full_upsizer.axi_upsizer_inst/USE_READ.gen_non_fifo_r_upsizer.mi_register_slice_inst/r.r_pipe/m_payload_i_reg[514]_0
    SLICE_X121Y328       FDRE                                         r  u_ddr_memory/u_ddr_bd/design_1_i/axi_interconnect_0/s00_couplers/auto_us/inst/gen_upsizer.gen_full_upsizer.axi_upsizer_inst/USE_READ.gen_non_fifo_r_upsizer.mi_register_slice_inst/r.r_pipe/m_valid_i_reg/C
  -------------------------------------------------------------------    -------------------
    SLICE_X121Y328       FDRE (Prop_BFF_SLICEM_C_Q)
                                                      0.078     3.883 f  u_ddr_memory/u_ddr_bd/design_1_i/axi_interconnect_0/s00_couplers/auto_us/inst/gen_upsizer.gen_full_upsizer.axi_upsizer_inst/USE_READ.gen_non_fifo_r_upsizer.mi_register_slice_inst/r.r_pipe/m_valid_i_reg/Q
                         net (fo=9, estimated)        0.288     4.171    u_ddr_memory/u_ddr_bd/design_1_i/axi_interconnect_0/s00_couplers/auto_us/inst/gen_upsizer.gen_full_upsizer.axi_upsizer_inst/USE_READ.read_addr_inst/GEN_CMD_QUEUE.cmd_queue/mr_rvalid
    SLICE_X123Y331       LUT3 (Prop_C6LUT_SLICEL_I1_O)
                                                      0.088     4.259 f  u_ddr_memory/u_ddr_bd/design_1_i/axi_interconnect_0/s00_couplers/auto_us/inst/gen_upsizer.gen_full_upsizer.axi_upsizer_inst/USE_READ.read_addr_inst/GEN_CMD_QUEUE.cmd_queue/s_axi_rvalid_INST_0/O
                         net (fo=12, estimated)       1.451     5.710    u_control_soc/u_rocket/chiptop0/system/mbus/coupler_to_memory_controller_port_named_axi4/tl2axi4/S00_AXI_rvalid
    SLICE_X64Y324        LUT6 (Prop_B6LUT_SLICEL_I5_O)
                                                      0.036     5.746 r  u_control_soc/u_rocket/chiptop0/system/mbus/coupler_to_memory_controller_port_named_axi4/tl2axi4/readys_mask[1]_i_3/O
                         net (fo=8, estimated)        0.113     5.859    u_control_soc/u_rocket/chiptop0/system/mbus/mbus_xbar/state_1_reg_11
    SLICE_X63Y324        LUT6 (Prop_C6LUT_SLICEM_I0_O)
                                                      0.037     5.896 r  u_control_soc/u_rocket/chiptop0/system/mbus/mbus_xbar/state_1_i_1__1/O
                         net (fo=401, estimated)      0.263     6.159    u_control_soc/u_rocket/chiptop0/system/mbus/mbus_xbar/muxState_1
    SLICE_X62Y323        LUT6 (Prop_H6LUT_SLICEL_I0_O)
                                                      0.099     6.258 r  u_control_soc/u_rocket/chiptop0/system/mbus/mbus_xbar/state_1_i_2__0/O
                         net (fo=12, estimated)       0.361     6.619    u_control_soc/u_rocket/chiptop0/system/mbus/mbus_xbar/_mbus_auto_bus_xing_in_d_bits_source[4]
    SLICE_X61Y331        LUT6 (Prop_A6LUT_SLICEM_I2_O)
                                                      0.053     6.672 r  u_control_soc/u_rocket/chiptop0/system/mbus/mbus_xbar/state_1_i_1__0/O
                         net (fo=147, estimated)      0.301     6.973    u_control_soc/u_rocket/chiptop0/system/sbus/coupler_to_bus_named_coh/widget/repeated_repeater/saved_opcode_reg[0]_0
    SLICE_X60Y330        LUT4 (Prop_B5LUT_SLICEM_I2_O)
                                                      0.072     7.045 f  u_control_soc/u_rocket/chiptop0/system/sbus/coupler_to_bus_named_coh/widget/repeated_repeater/readys_mask_3[2]_i_8/O
                         net (fo=7, estimated)        0.215     7.260    u_control_soc/u_rocket/chiptop0/system/sbus/coupler_to_bus_named_coh/widget/repeated_repeater/saved_source_reg[2]_0
    SLICE_X61Y332        LUT2 (Prop_D5LUT_SLICEM_I0_O)
                                                      0.097     7.357 f  u_control_soc/u_rocket/chiptop0/system/sbus/coupler_to_bus_named_coh/widget/repeated_repeater/repeat_sel_hold_r[1]_i_3/O
                         net (fo=2, estimated)        0.222     7.579    u_control_soc/u_rocket/chiptop0/system/sbus/coupler_to_bus_named_coh/widget/repeated_repeater/repeat_sel_hold_r[1]_i_3_n_0
    SLICE_X61Y332        LUT6 (Prop_H6LUT_SLICEM_I1_O)
                                                      0.090     7.669 r  u_control_soc/u_rocket/chiptop0/system/sbus/coupler_to_bus_named_coh/widget/repeated_repeater/repeat_sel_hold_r[0]_i_1/O
                         net (fo=2, estimated)        0.187     7.856    u_control_soc/u_rocket/chiptop0/system/sbus/coupler_to_bus_named_coh/widget/repeated_repeater/repeat_sel_sel_sources_4_reg[1][0]
    SLICE_X63Y333        LUT3 (Prop_F6LUT_SLICEM_I1_O)
                                                      0.037     7.893 r  u_control_soc/u_rocket/chiptop0/system/sbus/coupler_to_bus_named_coh/widget/repeated_repeater/Memory_reg_0_1_14_27_i_88/O
                         net (fo=192, estimated)      1.707     9.600    u_control_soc/u_rocket/chiptop0/system/sbus/coupler_to_bus_named_coh/widget/repeated_repeater/repeat_count_reg[0]
    SLICE_X130Y328       LUT6 (Prop_B6LUT_SLICEL_I4_O)
                                                      0.036     9.636 r  u_control_soc/u_rocket/chiptop0/system/sbus/coupler_to_bus_named_coh/widget/repeated_repeater/Memory_reg_0_1_56_69_i_46/O
                         net (fo=2, estimated)        1.411    11.047    u_control_soc/u_rocket/chiptop0/system/sbus/system_bus_xbar/ram_reg_147
    SLICE_X73Y330        LUT6 (Prop_F6LUT_SLICEL_I2_O)
                                                      0.089    11.136 r  u_control_soc/u_rocket/chiptop0/system/sbus/system_bus_xbar/Memory_reg_0_1_56_69_i_7__0/O
                         net (fo=1, estimated)        0.386    11.522    u_control_soc/u_rocket/chiptop0/system/tile_prci_domain/buffer/nodeIn_d_q/ram_ext/Memory_reg_0_1_56_69/DID1
    SLICE_X65Y335        RAMD32                                       r  u_control_soc/u_rocket/chiptop0/system/tile_prci_domain/buffer/nodeIn_d_q/ram_ext/Memory_reg_0_1_56_69/RAMD_D1/I
  -------------------------------------------------------------------    -------------------

                         (clock clk_100m_p rise edge)
                                                     10.000    10.000 r  
    AY24                                              0.000    10.000 r  clk_100m_p (IN)
                         net (fo=0)                   0.000    10.000    u_control_soc/u_clk_100m_ibufds/I
    HPIOBDIFFINBUF_X0Y106
                         DIFFINBUF (Prop_DIFFINBUF_HPIOBDIFFINBUF_DIFF_IN_P_O)
                                                      0.578    10.578 r  u_control_soc/u_clk_100m_ibufds/DIFFINBUF_INST/O
                         net (fo=1, estimated)        0.040    10.618    u_control_soc/u_clk_100m_ibufds/OUT
    AY24                 IBUFCTRL (Prop_IBUFCTRL_HPIOB_M_I_O)
                                                      0.000    10.618 r  u_control_soc/u_clk_100m_ibufds/IBUFCTRL_INST/O
                         net (fo=1, estimated)        0.283    10.901    u_control_soc/clk_100m_ibuf
    BUFGCE_X0Y106        BUFGCE (Prop_BUFCE_BUFGCE_I_O)
                                                      0.024    10.925 r  u_control_soc/u_clk_100m_bufg/O
    X2Y6 (CLOCK_ROOT)    net (fo=91804, estimated)    2.175    13.100    u_control_soc/u_rocket/chiptop0/system/tile_prci_domain/buffer/nodeIn_d_q/ram_ext/Memory_reg_0_1_56_69/WCLK
    SLICE_X65Y335        RAMD32                                       r  u_control_soc/u_rocket/chiptop0/system/tile_prci_domain/buffer/nodeIn_d_q/ram_ext/Memory_reg_0_1_56_69/RAMD_D1/CLK
                         clock pessimism              0.354    13.454    
                         clock uncertainty           -0.035    13.419    
    SLICE_X65Y335        RAMD32 (Setup_D6LUT_SLICEM_CLK_I)
                                                     -0.080    13.339    u_control_soc/u_rocket/chiptop0/system/tile_prci_domain/buffer/nodeIn_d_q/ram_ext/Memory_reg_0_1_56_69/RAMD_D1
  -------------------------------------------------------------------
                         required time                         13.339    
                         arrival time                         -11.522    
  -------------------------------------------------------------------
                         slack                                  1.816    





Pulse Width Checks
--------------------------------------------------------------------------------------
Clock Name:         clk_100m_p
Waveform(ns):       { 0.000 5.000 }
Period(ns):         10.000
Sources:            { clk_100m_p }

Check Type        Corner  Lib Pin              Reference Pin  Required(ns)  Actual(ns)  Slack(ns)  Location           Pin
Min Period        n/a     GTYE4_COMMON/DRPCLK  n/a            4.000         10.000      6.000      GTYE4_COMMON_X0Y5  u_camera_hdmi/u_hdmi/u_phy/u_vphy/inst/gt_common_inst/common_inst/gtye4_common_gen.GTYE4_COMMON_PRIM_INST/DRPCLK
Max Period        n/a     MMCME4_ADV/CLKIN1    n/a            100.000       10.000      90.000     MMCM_X0Y4          u_camera_hdmi/u_camera_subsystem/u_camera_clocking/u_ov7670_clk_wiz/inst/mmcme4_adv_inst/CLKIN1
Low Pulse Width   Slow    MMCME4_ADV/CLKIN1    n/a            3.000         5.000       2.000      MMCM_X0Y4          u_camera_hdmi/u_camera_subsystem/u_camera_clocking/u_ov7670_clk_wiz/inst/mmcme4_adv_inst/CLKIN1
High Pulse Width  Slow    MMCME4_ADV/CLKIN1    n/a            3.000         5.000       2.000      MMCM_X0Y4          u_camera_hdmi/u_camera_subsystem/u_camera_clocking/u_ov7670_clk_wiz/inst/mmcme4_adv_inst/CLKIN1



---------------------------------------------------------------------------------------------------
From Clock:  clk_out1_clk_wiz_ov7670
  To Clock:  clk_out1_clk_wiz_ov7670

Setup :            0  Failing Endpoints,  Worst Slack       37.688ns,  Total Violation        0.000ns
Hold  :           NA  Failing Endpoints,  Worst Slack           NA  ,  Total Violation           NA
PW    :            0  Failing Endpoints,  Worst Slack       20.291ns,  Total Violation        0.000ns
---------------------------------------------------------------------------------------------------


Max Delay Paths
--------------------------------------------------------------------------------------
Slack (MET) :             37.688ns  (required time - arrival time)
  Source:                 u_camera_hdmi/u_camera_subsystem/g_camera_frontend[3].u_camera/u_ov7670_ctrl/sreg_reg/CLKARDCLK
                            (rising edge-triggered cell RAMB18E2 clocked by clk_out1_clk_wiz_ov7670  {rise@0.000ns fall@20.833ns period=41.667ns})
  Destination:            u_camera_hdmi/u_camera_subsystem/g_camera_frontend[3].u_camera/u_ctrl_diag_cdc/src_ff_reg[107]/D
                            (rising edge-triggered cell FDRE clocked by clk_out1_clk_wiz_ov7670  {rise@0.000ns fall@20.833ns period=41.667ns})
  Path Group:             clk_out1_clk_wiz_ov7670
  Path Type:              Setup (Max at Slow Process Corner)
  Requirement:            41.667ns  (clk_out1_clk_wiz_ov7670 rise@41.667ns - clk_out1_clk_wiz_ov7670 rise@0.000ns)
  Data Path Delay:        3.409ns  (logic 0.879ns (25.785%)  route 2.530ns (74.215%))
  Logic Levels:           0  
  Clock Path Skew:        -0.512ns (DCD - SCD + CPR)
    Destination Clock Delay (DCD):    5.943ns = ( 47.609 - 41.667 ) 
    Source Clock Delay      (SCD):    6.235ns
    Clock Pessimism Removal (CPR):    -0.220ns
  Clock Uncertainty:      0.083ns  ((TSJ^2 + DJ^2)^1/2) / 2 + PE
    Total System Jitter     (TSJ):    0.071ns
    Discrete Jitter          (DJ):    0.149ns
    Phase Error              (PE):    0.000ns
  Clock Net Delay (Source):      2.513ns (routing 1.069ns, distribution 1.444ns)
  Clock Net Delay (Destination): 1.905ns (routing 0.973ns, distribution 0.932ns)

    Location             Delay type                Incr(ns)  Path(ns)    Netlist Resource(s)
  -------------------------------------------------------------------    -------------------
                         (clock clk_out1_clk_wiz_ov7670 rise edge)
                                                      0.000     0.000 r  
    AY24                                              0.000     0.000 r  clk_100m_p (IN)
                         net (fo=0)                   0.000     0.000    u_control_soc/u_clk_100m_ibufds/I
    HPIOBDIFFINBUF_X0Y106
                         DIFFINBUF (Prop_DIFFINBUF_HPIOBDIFFINBUF_DIFF_IN_P_O)
                                                      0.688     0.688 r  u_control_soc/u_clk_100m_ibufds/DIFFINBUF_INST/O
                         net (fo=1, estimated)        0.050     0.738    u_control_soc/u_clk_100m_ibufds/OUT
    AY24                 IBUFCTRL (Prop_IBUFCTRL_HPIOB_M_I_O)
                                                      0.000     0.738 r  u_control_soc/u_clk_100m_ibufds/IBUFCTRL_INST/O
                         net (fo=1, estimated)        0.319     1.057    u_control_soc/clk_100m_ibuf
    BUFGCE_X0Y106        BUFGCE (Prop_BUFCE_BUFGCE_I_O)
                                                      0.028     1.085 r  u_control_soc/u_clk_100m_bufg/O
                         net (fo=91804, estimated)    2.495     3.580    u_camera_hdmi/u_camera_subsystem/u_camera_clocking/u_ov7670_clk_wiz/inst/clk_in1
    MMCM_X0Y4            MMCME4_ADV (Prop_MMCM_CLKIN1_CLKOUT0)
                                                     -0.127     3.453 r  u_camera_hdmi/u_camera_subsystem/u_camera_clocking/u_ov7670_clk_wiz/inst/mmcme4_adv_inst/CLKOUT0
                         net (fo=1, estimated)        0.241     3.694    u_camera_hdmi/u_camera_subsystem/u_camera_clocking/u_ov7670_clk_wiz/inst/clk_out1_clk_wiz_ov7670
    BUFGCE_X0Y103        BUFGCE (Prop_BUFCE_BUFGCE_I_O)
                                                      0.028     3.722 r  u_camera_hdmi/u_camera_subsystem/u_camera_clocking/u_ov7670_clk_wiz/inst/clkout1_buf/O
    X2Y5 (CLOCK_ROOT)    net (fo=6332, estimated)     2.513     6.235    u_camera_hdmi/u_camera_subsystem/g_camera_frontend[3].u_camera/u_ov7670_ctrl/clk_out1
    RAMB18_X8Y190        RAMB18E2                                     r  u_camera_hdmi/u_camera_subsystem/g_camera_frontend[3].u_camera/u_ov7670_ctrl/sreg_reg/CLKARDCLK
  -------------------------------------------------------------------    -------------------
    RAMB18_X8Y190        RAMB18E2 (Prop_RAMB18E2_L_RAMB180_CLKARDCLK_DOUTADOUT[11])
                                                      0.879     7.114 r  u_camera_hdmi/u_camera_subsystem/g_camera_frontend[3].u_camera/u_ov7670_ctrl/sreg_reg/DOUTADOUT[11]
                         net (fo=3, estimated)        2.530     9.644    u_camera_hdmi/u_camera_subsystem/g_camera_frontend[3].u_camera/u_ctrl_diag_cdc/src_in[107]
    SLICE_X99Y280        FDRE                                         r  u_camera_hdmi/u_camera_subsystem/g_camera_frontend[3].u_camera/u_ctrl_diag_cdc/src_ff_reg[107]/D
  -------------------------------------------------------------------    -------------------

                         (clock clk_out1_clk_wiz_ov7670 rise edge)
                                                     41.667    41.667 r  
    AY24                                              0.000    41.667 r  clk_100m_p (IN)
                         net (fo=0)                   0.000    41.667    u_control_soc/u_clk_100m_ibufds/I
    HPIOBDIFFINBUF_X0Y106
                         DIFFINBUF (Prop_DIFFINBUF_HPIOBDIFFINBUF_DIFF_IN_P_O)
                                                      0.578    42.244 r  u_control_soc/u_clk_100m_ibufds/DIFFINBUF_INST/O
                         net (fo=1, estimated)        0.040    42.284    u_control_soc/u_clk_100m_ibufds/OUT
    AY24                 IBUFCTRL (Prop_IBUFCTRL_HPIOB_M_I_O)
                                                      0.000    42.284 r  u_control_soc/u_clk_100m_ibufds/IBUFCTRL_INST/O
                         net (fo=1, estimated)        0.283    42.567    u_control_soc/clk_100m_ibuf
    BUFGCE_X0Y106        BUFGCE (Prop_BUFCE_BUFGCE_I_O)
                                                      0.024    42.591 r  u_control_soc/u_clk_100m_bufg/O
                         net (fo=91804, estimated)    2.247    44.838    u_camera_hdmi/u_camera_subsystem/u_camera_clocking/u_ov7670_clk_wiz/inst/clk_in1
    MMCM_X0Y4            MMCME4_ADV (Prop_MMCM_CLKIN1_CLKOUT0)
                                                      0.630    45.468 r  u_camera_hdmi/u_camera_subsystem/u_camera_clocking/u_ov7670_clk_wiz/inst/mmcme4_adv_inst/CLKOUT0
                         net (fo=1, estimated)        0.212    45.680    u_camera_hdmi/u_camera_subsystem/u_camera_clocking/u_ov7670_clk_wiz/inst/clk_out1_clk_wiz_ov7670
    BUFGCE_X0Y103        BUFGCE (Prop_BUFCE_BUFGCE_I_O)
                                                      0.024    45.704 r  u_camera_hdmi/u_camera_subsystem/u_camera_clocking/u_ov7670_clk_wiz/inst/clkout1_buf/O
    X2Y5 (CLOCK_ROOT)    net (fo=6332, estimated)     1.905    47.609    u_camera_hdmi/u_camera_subsystem/g_camera_frontend[3].u_camera/u_ctrl_diag_cdc/src_clk
    SLICE_X99Y280        FDRE                                         r  u_camera_hdmi/u_camera_subsystem/g_camera_frontend[3].u_camera/u_ctrl_diag_cdc/src_ff_reg[107]/C
                         clock pessimism             -0.220    47.390    
                         clock uncertainty           -0.083    47.307    
    SLICE_X99Y280        FDRE (Setup_EFF_SLICEM_C_D)
                                                      0.025    47.332    u_camera_hdmi/u_camera_subsystem/g_camera_frontend[3].u_camera/u_ctrl_diag_cdc/src_ff_reg[107]
  -------------------------------------------------------------------
                         required time                         47.332    
                         arrival time                          -9.644    
  -------------------------------------------------------------------
                         slack                                 37.688    





Pulse Width Checks
--------------------------------------------------------------------------------------
Clock Name:         clk_out1_clk_wiz_ov7670
Waveform(ns):       { 0.000 20.833 }
Period(ns):         41.667
Sources:            { u_camera_hdmi/u_camera_subsystem/u_camera_clocking/u_ov7670_clk_wiz/inst/mmcme4_adv_inst/CLKOUT0 }

Check Type        Corner  Lib Pin             Reference Pin  Required(ns)  Actual(ns)  Slack(ns)  Location       Pin
Min Period        n/a     RAMB18E2/CLKARDCLK  n/a            1.355         41.667      40.312     RAMB18_X4Y182  u_camera_hdmi/u_camera_subsystem/g_camera_frontend[0].u_camera/u_ov7670_ctrl/sreg_reg/CLKARDCLK
Low Pulse Width   Slow    RAMB18E2/CLKARDCLK  n/a            0.542         20.833      20.291     RAMB18_X4Y182  u_camera_hdmi/u_camera_subsystem/g_camera_frontend[0].u_camera/u_ov7670_ctrl/sreg_reg/CLKARDCLK
High Pulse Width  Slow    RAMB18E2/CLKARDCLK  n/a            0.542         20.833      20.291     RAMB18_X4Y182  u_camera_hdmi/u_camera_subsystem/g_camera_frontend[0].u_camera/u_ov7670_ctrl/sreg_reg/CLKARDCLK



---------------------------------------------------------------------------------------------------
From Clock:  clk_25m
  To Clock:  clk_25m

Setup :            0  Failing Endpoints,  Worst Slack       37.094ns,  Total Violation        0.000ns
Hold  :           NA  Failing Endpoints,  Worst Slack           NA  ,  Total Violation           NA
PW    :            0  Failing Endpoints,  Worst Slack       19.458ns,  Total Violation        0.000ns
---------------------------------------------------------------------------------------------------


Max Delay Paths
--------------------------------------------------------------------------------------
Slack (MET) :             37.094ns  (required time - arrival time)
  Source:                 u_control_soc/u_si5338top/si5338_inst2/mem_data_reg/CLKARDCLK
                            (rising edge-triggered cell RAMB18E2 clocked by clk_25m  {rise@0.000ns fall@20.000ns period=40.000ns})
  Destination:            u_control_soc/u_si5338top/si5338_inst2/read_data_reg[3]/CE
                            (rising edge-triggered cell FDRE clocked by clk_25m  {rise@0.000ns fall@20.000ns period=40.000ns})
  Path Group:             clk_25m
  Path Type:              Setup (Max at Slow Process Corner)
  Requirement:            40.000ns  (clk_25m rise@40.000ns - clk_25m rise@0.000ns)
  Data Path Delay:        2.597ns  (logic 1.212ns (46.669%)  route 1.385ns (53.331%))
  Logic Levels:           4  (LUT4=2 LUT6=2)
  Clock Path Skew:        -0.212ns (DCD - SCD + CPR)
    Destination Clock Delay (DCD):    2.018ns = ( 42.018 - 40.000 ) 
    Source Clock Delay      (SCD):    2.639ns
    Clock Pessimism Removal (CPR):    0.409ns
  Clock Uncertainty:      0.035ns  ((TSJ^2 + TIJ^2)^1/2 + DJ) / 2 + PE
    Total System Jitter     (TSJ):    0.071ns
    Total Input Jitter      (TIJ):    0.000ns
    Discrete Jitter          (DJ):    0.000ns
    Phase Error              (PE):    0.000ns
  Clock Net Delay (Source):      1.749ns (routing 0.765ns, distribution 0.984ns)
  Clock Net Delay (Destination): 1.418ns (routing 0.697ns, distribution 0.721ns)

    Location             Delay type                Incr(ns)  Path(ns)    Netlist Resource(s)
  -------------------------------------------------------------------    -------------------
                         (clock clk_25m rise edge)    0.000     0.000 r  
    AM33                                              0.000     0.000 r  clk_25m (IN)
                         net (fo=0)                   0.000     0.000    clk_25m_IBUF_inst/I
    AM33                 INBUF (Prop_INBUF_HPIOB_M_PAD_O)
                                                      0.539     0.539 r  clk_25m_IBUF_inst/INBUF_INST/O
                         net (fo=1, routed)           0.000     0.539    clk_25m_IBUF_inst/OUT
    AM33                 IBUFCTRL (Prop_IBUFCTRL_HPIOB_M_I_O)
                                                      0.000     0.539 r  clk_25m_IBUF_inst/IBUFCTRL_INST/O
                         net (fo=1, estimated)        0.323     0.862    clk_25m_IBUF
    BUFGCE_X0Y92         BUFGCE (Prop_BUFCE_BUFGCE_I_O)
                                                      0.028     0.890 r  clk_25m_IBUF_BUFG_inst/O
    X4Y4 (CLOCK_ROOT)    net (fo=284, estimated)      1.749     2.639    u_control_soc/u_si5338top/si5338_inst2/clk_25m_IBUF_BUFG
    SLR Crossing[0->1]   
    RAMB18_X8Y99         RAMB18E2                                     r  u_control_soc/u_si5338top/si5338_inst2/mem_data_reg/CLKARDCLK
  -------------------------------------------------------------------    -------------------
    RAMB18_X8Y99         RAMB18E2 (Prop_RAMB18E2_U_RAMB181_CLKARDCLK_DOUTADOUT[0])
                                                      0.932     3.571 f  u_control_soc/u_si5338top/si5338_inst2/mem_data_reg/DOUTADOUT[0]
                         net (fo=3, estimated)        0.350     3.921    u_control_soc/u_si5338top/si5338_inst2/mem_data_reg__0[0]
    SLICE_X118Y250       LUT4 (Prop_H6LUT_SLICEM_I1_O)
                                                      0.090     4.011 f  u_control_soc/u_si5338top/si5338_inst2/bram_counter[8]_i_11__0/O
                         net (fo=4, estimated)        0.154     4.165    u_control_soc/u_si5338top/si5338_inst2/bram_counter[8]_i_11__0_n_0
    SLICE_X118Y251       LUT4 (Prop_D6LUT_SLICEM_I0_O)
                                                      0.051     4.216 r  u_control_soc/u_si5338top/si5338_inst2/bram_counter[8]_i_8__0/O
                         net (fo=20, estimated)       0.252     4.468    u_control_soc/u_si5338top/si5338_inst2/i2c_master_inst/bram_counter_reg[8]_0
    SLICE_X119Y257       LUT6 (Prop_C6LUT_SLICEL_I5_O)
                                                      0.088     4.556 r  u_control_soc/u_si5338top/si5338_inst2/i2c_master_inst/read_data[7]_i_2__0/O
                         net (fo=1, estimated)        0.145     4.701    u_control_soc/u_si5338top/si5338_inst2/i2c_master_inst/read_data[7]_i_2__0_n_0
    SLICE_X119Y257       LUT6 (Prop_H6LUT_SLICEL_I0_O)
                                                      0.051     4.752 r  u_control_soc/u_si5338top/si5338_inst2/i2c_master_inst/read_data[7]_i_1__0/O
                         net (fo=8, estimated)        0.484     5.236    u_control_soc/u_si5338top/si5338_inst2/i2c_master_inst_n_6
    SLICE_X122Y252       FDRE                                         r  u_control_soc/u_si5338top/si5338_inst2/read_data_reg[3]/CE
  -------------------------------------------------------------------    -------------------

                         (clock clk_25m rise edge)   40.000    40.000 r  
    AM33                                              0.000    40.000 r  clk_25m (IN)
                         net (fo=0)                   0.000    40.000    clk_25m_IBUF_inst/I
    AM33                 INBUF (Prop_INBUF_HPIOB_M_PAD_O)
                                                      0.289    40.289 r  clk_25m_IBUF_inst/INBUF_INST/O
                         net (fo=1, routed)           0.000    40.289    clk_25m_IBUF_inst/OUT
    AM33                 IBUFCTRL (Prop_IBUFCTRL_HPIOB_M_I_O)
                                                      0.000    40.289 r  clk_25m_IBUF_inst/IBUFCTRL_INST/O
                         net (fo=1, estimated)        0.287    40.576    clk_25m_IBUF
    BUFGCE_X0Y92         BUFGCE (Prop_BUFCE_BUFGCE_I_O)
                                                      0.024    40.600 r  clk_25m_IBUF_BUFG_inst/O
    X4Y4 (CLOCK_ROOT)    net (fo=284, estimated)      1.418    42.018    u_control_soc/u_si5338top/si5338_inst2/clk_25m_IBUF_BUFG
    SLR Crossing[0->1]   
    SLICE_X122Y252       FDRE                                         r  u_control_soc/u_si5338top/si5338_inst2/read_data_reg[3]/C
                         clock pessimism              0.409    42.426    
                         clock uncertainty           -0.035    42.391    
    SLICE_X122Y252       FDRE (Setup_HFF2_SLICEM_C_CE)
                                                     -0.061    42.330    u_control_soc/u_si5338top/si5338_inst2/read_data_reg[3]
  -------------------------------------------------------------------
                         required time                         42.330    
                         arrival time                          -5.236    
  -------------------------------------------------------------------
                         slack                                 37.094    





Pulse Width Checks
--------------------------------------------------------------------------------------
Clock Name:         clk_25m
Waveform(ns):       { 0.000 20.000 }
Period(ns):         40.000
Sources:            { clk_25m }

Check Type        Corner  Lib Pin             Reference Pin  Required(ns)  Actual(ns)  Slack(ns)  Location      Pin
Min Period        n/a     RAMB18E2/CLKARDCLK  n/a            1.355         40.000      38.645     RAMB18_X8Y98  u_control_soc/u_si5338top/si5338_inst1/mem_data_reg/CLKARDCLK
Low Pulse Width   Slow    RAMB18E2/CLKARDCLK  n/a            0.542         20.000      19.458     RAMB18_X8Y98  u_control_soc/u_si5338top/si5338_inst1/mem_data_reg/CLKARDCLK
High Pulse Width  Slow    RAMB18E2/CLKARDCLK  n/a            0.542         20.000      19.458     RAMB18_X8Y98  u_control_soc/u_si5338top/si5338_inst1/mem_data_reg/CLKARDCLK



---------------------------------------------------------------------------------------------------
From Clock:  dbg_hub/inst/BSCANID.u_xsdbm_id/SWITCH_N_EXT_BSCAN.bscan_inst/SERIES7_BSCAN.bscan_inst/INTERNAL_TCK
  To Clock:  dbg_hub/inst/BSCANID.u_xsdbm_id/SWITCH_N_EXT_BSCAN.bscan_inst/SERIES7_BSCAN.bscan_inst/INTERNAL_TCK

Setup :            0  Failing Endpoints,  Worst Slack       11.535ns,  Total Violation        0.000ns
Hold  :           NA  Failing Endpoints,  Worst Slack           NA  ,  Total Violation           NA
PW    :            0  Failing Endpoints,  Worst Slack       24.468ns,  Total Violation        0.000ns
---------------------------------------------------------------------------------------------------


Max Delay Paths
--------------------------------------------------------------------------------------
Slack (MET) :             11.535ns  (required time - arrival time)
  Source:                 dbg_hub/inst/BSCANID.u_xsdbm_id/CORE_XSDB.U_ICON/iTDO_reg/C
                            (rising edge-triggered cell FDRE clocked by dbg_hub/inst/BSCANID.u_xsdbm_id/SWITCH_N_EXT_BSCAN.bscan_inst/SERIES7_BSCAN.bscan_inst/INTERNAL_TCK  {rise@0.000ns fall@25.000ns period=50.000ns})
  Destination:            dbg_hub/inst/BSCANID.u_xsdbm_id/SWITCH_N_EXT_BSCAN.bscan_inst/SERIES7_BSCAN.bscan_inst/TDO
                            (falling edge-triggered cell BSCANE2 clocked by dbg_hub/inst/BSCANID.u_xsdbm_id/SWITCH_N_EXT_BSCAN.bscan_inst/SERIES7_BSCAN.bscan_inst/INTERNAL_TCK  {rise@0.000ns fall@25.000ns period=50.000ns})
  Path Group:             dbg_hub/inst/BSCANID.u_xsdbm_id/SWITCH_N_EXT_BSCAN.bscan_inst/SERIES7_BSCAN.bscan_inst/INTERNAL_TCK
  Path Type:              Setup (Max at Slow Process Corner)
  Requirement:            25.000ns  (dbg_hub/inst/BSCANID.u_xsdbm_id/SWITCH_N_EXT_BSCAN.bscan_inst/SERIES7_BSCAN.bscan_inst/INTERNAL_TCK fall@25.000ns - dbg_hub/inst/BSCANID.u_xsdbm_id/SWITCH_N_EXT_BSCAN.bscan_inst/SERIES7_BSCAN.bscan_inst/INTERNAL_TCK rise@0.000ns)
  Data Path Delay:        4.491ns  (logic 0.167ns (3.719%)  route 4.324ns (96.281%))
  Logic Levels:           2  (LUT3=1 LUT6=1)
  Clock Path Skew:        -8.739ns (DCD - SCD + CPR)
    Destination Clock Delay (DCD):    0.000ns = ( 25.000 - 25.000 ) 
    Source Clock Delay      (SCD):    8.739ns
    Clock Pessimism Removal (CPR):    0.000ns
  Clock Uncertainty:      0.235ns  ((TSJ^2 + TIJ^2)^1/2 + DJ) / 2 + PE + DCD
    Total System Jitter     (TSJ):    0.071ns
    Total Input Jitter      (TIJ):    0.000ns
    Discrete Jitter          (DJ):    0.000ns
    Phase Error              (PE):    0.000ns
    Duty Cycle Distortion   (DCD):    0.200ns
  Clock Net Delay (Source):      2.313ns (routing 1.260ns, distribution 1.053ns)

    Location             Delay type                Incr(ns)  Path(ns)    Netlist Resource(s)
  -------------------------------------------------------------------    -------------------
                         (clock dbg_hub/inst/BSCANID.u_xsdbm_id/SWITCH_N_EXT_BSCAN.bscan_inst/SERIES7_BSCAN.bscan_inst/INTERNAL_TCK rise edge)
                                                      0.000     0.000 r  
    CONFIG_SITE_X0Y1     BSCANE2                      0.000     0.000 r  dbg_hub/inst/BSCANID.u_xsdbm_id/SWITCH_N_EXT_BSCAN.bscan_inst/SERIES7_BSCAN.bscan_inst/INTERNAL_TCK
    CONFIG_SITE_X0Y1     BSCANE2 (Prop_BSCAN1_CONFIG_SITE_INTERNAL_TCK_TCK)
                                                      4.300     4.300 r  dbg_hub/inst/BSCANID.u_xsdbm_id/SWITCH_N_EXT_BSCAN.bscan_inst/SERIES7_BSCAN.bscan_inst/TCK
                         net (fo=1, estimated)        2.098     6.398    dbg_hub/inst/BSCANID.u_xsdbm_id/tck_bs
    BUFGCE_X0Y125        BUFGCE (Prop_BUFCE_BUFGCE_I_O)
                                                      0.028     6.426 r  dbg_hub/inst/BSCANID.u_xsdbm_id/SWITCH_N_EXT_BSCAN.u_bufg_icon_tck/O
    X5Y3 (CLOCK_ROOT)    net (fo=478, estimated)      2.313     8.739    dbg_hub/inst/BSCANID.u_xsdbm_id/CORE_XSDB.U_ICON/m_bscan_tck[0]
    SLR Crossing[1->0]   
    SLICE_X140Y135       FDRE                                         r  dbg_hub/inst/BSCANID.u_xsdbm_id/CORE_XSDB.U_ICON/iTDO_reg/C
  -------------------------------------------------------------------    -------------------
    SLICE_X140Y135       FDRE (Prop_CFF2_SLICEL_C_Q)
                                                      0.080     8.819 r  dbg_hub/inst/BSCANID.u_xsdbm_id/CORE_XSDB.U_ICON/iTDO_reg/Q
                         net (fo=1, estimated)        3.398    12.217    dbg_hub/inst/BSCANID.u_xsdbm_id/TDO
    SLR Crossing[0->1]   
    SLICE_X220Y342       LUT3 (Prop_E6LUT_SLICEM_I2_O)
                                                      0.052    12.269 r  dbg_hub/inst/BSCANID.u_xsdbm_id/SWITCH_N_EXT_BSCAN.bscan_switch_i_1/O
                         net (fo=2, estimated)        0.433    12.702    dbg_hub/inst/BSCANID.u_xsdbm_id/SWITCH_N_EXT_BSCAN.bscan_switch/m_bscan_tdo[0]
    SLICE_X221Y343       LUT6 (Prop_G6LUT_SLICEL_I5_O)
                                                      0.035    12.737 r  dbg_hub/inst/BSCANID.u_xsdbm_id/SWITCH_N_EXT_BSCAN.bscan_switch/s_bscan_tdo_INST_0/O
                         net (fo=1, estimated)        0.493    13.230    dbg_hub/inst/BSCANID.u_xsdbm_id/SWITCH_N_EXT_BSCAN.bscan_inst/TDO
    CONFIG_SITE_X0Y1     BSCANE2                                      r  dbg_hub/inst/BSCANID.u_xsdbm_id/SWITCH_N_EXT_BSCAN.bscan_inst/SERIES7_BSCAN.bscan_inst/TDO
  -------------------------------------------------------------------    -------------------

                         (clock dbg_hub/inst/BSCANID.u_xsdbm_id/SWITCH_N_EXT_BSCAN.bscan_inst/SERIES7_BSCAN.bscan_inst/INTERNAL_TCK fall edge)
                                                     25.000    25.000 f  
    CONFIG_SITE_X0Y1     BSCANE2                      0.000    25.000 f  dbg_hub/inst/BSCANID.u_xsdbm_id/SWITCH_N_EXT_BSCAN.bscan_inst/SERIES7_BSCAN.bscan_inst/INTERNAL_TCK
                         clock pessimism              0.000    25.000    
                         clock uncertainty           -0.235    24.765    
    CONFIG_SITE_X0Y1     BSCANE2 (Setup_BSCAN1_CONFIG_SITE_INTERNAL_TCK_TDO)
                                                      0.000    24.765    dbg_hub/inst/BSCANID.u_xsdbm_id/SWITCH_N_EXT_BSCAN.bscan_inst/SERIES7_BSCAN.bscan_inst
  -------------------------------------------------------------------
                         required time                         24.765    
                         arrival time                         -13.230    
  -------------------------------------------------------------------
                         slack                                 11.535    





Pulse Width Checks
--------------------------------------------------------------------------------------
Clock Name:         dbg_hub/inst/BSCANID.u_xsdbm_id/SWITCH_N_EXT_BSCAN.bscan_inst/SERIES7_BSCAN.bscan_inst/INTERNAL_TCK
Waveform(ns):       { 0.000 25.000 }
Period(ns):         50.000
Sources:            { dbg_hub/inst/BSCANID.u_xsdbm_id/SWITCH_N_EXT_BSCAN.bscan_inst/SERIES7_BSCAN.bscan_inst/INTERNAL_TCK }

Check Type        Corner  Lib Pin     Reference Pin  Required(ns)  Actual(ns)  Slack(ns)  Location        Pin
Min Period        n/a     BUFGCE/I    n/a            1.290         50.000      48.710     BUFGCE_X0Y125   dbg_hub/inst/BSCANID.u_xsdbm_id/SWITCH_N_EXT_BSCAN.u_bufg_icon_tck/I
Low Pulse Width   Slow    RAMD32/CLK  n/a            0.532         25.000      24.468     SLICE_X146Y135  dbg_hub/inst/BSCANID.u_xsdbm_id/CORE_XSDB.UUT_MASTER/U_ICON_INTERFACE/U_CMD6_WR/U_WR_FIFO/SUBCORE_FIFO.xsdbm_v3_0_0_wrfifo_inst/inst_fifo_gen/gconvfifo.rf/grf.rf/gntv_or_sync_fifo.mem/gdm.dm_gen.dm/RAM_reg_0_15_0_13/RAMA/CLK
High Pulse Width  Slow    RAMD32/CLK  n/a            0.532         25.000      24.468     SLICE_X146Y135  dbg_hub/inst/BSCANID.u_xsdbm_id/CORE_XSDB.UUT_MASTER/U_ICON_INTERFACE/U_CMD6_WR/U_WR_FIFO/SUBCORE_FIFO.xsdbm_v3_0_0_wrfifo_inst/inst_fifo_gen/gconvfifo.rf/grf.rf/gntv_or_sync_fifo.mem/gdm.dm_gen.dm/RAM_reg_0_15_0_13/RAMA/CLK



---------------------------------------------------------------------------------------------------
From Clock:  hdmi_rx_mgt_refclk
  To Clock:  hdmi_rx_mgt_refclk

Setup :            0  Failing Endpoints,  Worst Slack        2.709ns,  Total Violation        0.000ns
Hold  :           NA  Failing Endpoints,  Worst Slack           NA  ,  Total Violation           NA
PW    :            0  Failing Endpoints,  Worst Slack        0.505ns,  Total Violation        0.000ns
---------------------------------------------------------------------------------------------------


Max Delay Paths
--------------------------------------------------------------------------------------
Slack (MET) :             2.709ns  (required time - arrival time)
  Source:                 u_camera_hdmi/u_hdmi/u_phy/u_vphy/inst/clock_detector_inst/rxclk_freq_cnt_reg[0]/C
                            (rising edge-triggered cell FDCE clocked by hdmi_rx_mgt_refclk  {rise@0.000ns fall@1.684ns period=3.367ns})
  Destination:            u_camera_hdmi/u_hdmi/u_phy/u_vphy/inst/clock_detector_inst/rxclk_freq_cnt_reg[15]/D
                            (rising edge-triggered cell FDCE clocked by hdmi_rx_mgt_refclk  {rise@0.000ns fall@1.684ns period=3.367ns})
  Path Group:             hdmi_rx_mgt_refclk
  Path Type:              Setup (Max at Slow Process Corner)
  Requirement:            3.367ns  (hdmi_rx_mgt_refclk rise@3.367ns - hdmi_rx_mgt_refclk rise@0.000ns)
  Data Path Delay:        0.585ns  (logic 0.423ns (72.308%)  route 0.162ns (27.692%))
  Logic Levels:           3  (CARRY8=2 LUT1=1)
  Clock Path Skew:        -0.063ns (DCD - SCD + CPR)
    Destination Clock Delay (DCD):    2.197ns = ( 5.564 - 3.367 ) 
    Source Clock Delay      (SCD):    2.761ns
    Clock Pessimism Removal (CPR):    0.502ns
  Clock Uncertainty:      0.035ns  ((TSJ^2 + TIJ^2)^1/2 + DJ) / 2 + PE
    Total System Jitter     (TSJ):    0.071ns
    Total Input Jitter      (TIJ):    0.000ns
    Discrete Jitter          (DJ):    0.000ns
    Phase Error              (PE):    0.000ns
  Clock Net Delay (Source):      2.149ns (routing 1.062ns, distribution 1.087ns)
  Clock Net Delay (Destination): 1.882ns (routing 0.965ns, distribution 0.917ns)

    Location             Delay type                Incr(ns)  Path(ns)    Netlist Resource(s)
  -------------------------------------------------------------------    -------------------
                         (clock hdmi_rx_mgt_refclk rise edge)
                                                      0.000     0.000 r  
    GTYE4_COMMON_X0Y5                                 0.000     0.000 r  hdmi_rx_clk_p (IN)
                         net (fo=0)                   0.000     0.000    u_camera_hdmi/u_hdmi/u_phy/u_vphy/inst/gt_usrclk_source_inst/mgtrefclk0_pad_p_in
    GTYE4_COMMON_X0Y5    IBUFDS_GTE4 (Prop_IBUFDS0_GTYE4_GTYE4_COMMON_I_ODIV2)
                                                      0.397     0.397 r  u_camera_hdmi/u_hdmi/u_phy/u_vphy/inst/gt_usrclk_source_inst/IBUFDS_GTE4_MGTREFCLK0_INST/ODIV2
                         net (fo=2, estimated)        0.085     0.482    u_camera_hdmi/u_hdmi/u_phy/u_vphy/inst/gt_usrclk_source_inst/q0_clk0_gtrefclk_div1_i
    BUFG_GT_X0Y137       BUFG_GT (Prop_BUFG_GT_I_O)
                                                      0.130     0.612 r  u_camera_hdmi/u_hdmi/u_phy/u_vphy/inst/gt_usrclk_source_inst/bufg_gt_gtrefclk0_odiv2_inst/O
    X2Y6 (CLOCK_ROOT)    net (fo=25, estimated)       2.149     2.761    u_camera_hdmi/u_hdmi/u_phy/u_vphy/inst/clock_detector_inst/mgtrefclk0_odiv2_i
    SLICE_X13Y360        FDCE                                         r  u_camera_hdmi/u_hdmi/u_phy/u_vphy/inst/clock_detector_inst/rxclk_freq_cnt_reg[0]/C
  -------------------------------------------------------------------    -------------------
    SLICE_X13Y360        FDCE (Prop_AFF_SLICEM_C_Q)
                                                      0.077     2.838 f  u_camera_hdmi/u_hdmi/u_phy/u_vphy/inst/clock_detector_inst/rxclk_freq_cnt_reg[0]/Q
                         net (fo=1, estimated)        0.097     2.935    u_camera_hdmi/u_hdmi/u_phy/u_vphy/inst/clock_detector_inst/rxclk_freq_cnt_reg[0]
    SLICE_X13Y360        LUT1 (Prop_A6LUT_SLICEM_I0_O)
                                                      0.038     2.973 r  u_camera_hdmi/u_hdmi/u_phy/u_vphy/inst/clock_detector_inst/rxclk_freq_cnt[0]_i_2/O
                         net (fo=1, routed)           0.013     2.986    u_camera_hdmi/u_hdmi/u_phy/u_vphy/inst/clock_detector_inst/rxclk_freq_cnt[0]_i_2_n_0
    SLICE_X13Y360        CARRY8 (Prop_CARRY8_SLICEM_S[0]_CO[7])
                                                      0.192     3.178 r  u_camera_hdmi/u_hdmi/u_phy/u_vphy/inst/clock_detector_inst/rxclk_freq_cnt_reg[0]_i_1/CO[7]
                         net (fo=1, estimated)        0.026     3.204    u_camera_hdmi/u_hdmi/u_phy/u_vphy/inst/clock_detector_inst/rxclk_freq_cnt_reg[0]_i_1_n_0
    SLICE_X13Y361        CARRY8 (Prop_CARRY8_SLICEM_CI_O[7])
                                                      0.116     3.320 r  u_camera_hdmi/u_hdmi/u_phy/u_vphy/inst/clock_detector_inst/rxclk_freq_cnt_reg[8]_i_1/O[7]
                         net (fo=1, routed)           0.026     3.346    u_camera_hdmi/u_hdmi/u_phy/u_vphy/inst/clock_detector_inst/rxclk_freq_cnt_reg[8]_i_1_n_8
    SLICE_X13Y361        FDCE                                         r  u_camera_hdmi/u_hdmi/u_phy/u_vphy/inst/clock_detector_inst/rxclk_freq_cnt_reg[15]/D
  -------------------------------------------------------------------    -------------------

                         (clock hdmi_rx_mgt_refclk rise edge)
                                                      3.367     3.367 r  
    GTYE4_COMMON_X0Y5                                 0.000     3.367 r  hdmi_rx_clk_p (IN)
                         net (fo=0)                   0.000     3.367    u_camera_hdmi/u_hdmi/u_phy/u_vphy/inst/gt_usrclk_source_inst/mgtrefclk0_pad_p_in
    GTYE4_COMMON_X0Y5    IBUFDS_GTE4 (Prop_IBUFDS0_GTYE4_GTYE4_COMMON_I_ODIV2)
                                                      0.123     3.490 r  u_camera_hdmi/u_hdmi/u_phy/u_vphy/inst/gt_usrclk_source_inst/IBUFDS_GTE4_MGTREFCLK0_INST/ODIV2
                         net (fo=2, estimated)        0.078     3.568    u_camera_hdmi/u_hdmi/u_phy/u_vphy/inst/gt_usrclk_source_inst/q0_clk0_gtrefclk_div1_i
    BUFG_GT_X0Y137       BUFG_GT (Prop_BUFG_GT_I_O)
                                                      0.114     3.682 r  u_camera_hdmi/u_hdmi/u_phy/u_vphy/inst/gt_usrclk_source_inst/bufg_gt_gtrefclk0_odiv2_inst/O
    X2Y6 (CLOCK_ROOT)    net (fo=25, estimated)       1.882     5.564    u_camera_hdmi/u_hdmi/u_phy/u_vphy/inst/clock_detector_inst/mgtrefclk0_odiv2_i
    SLICE_X13Y361        FDCE                                         r  u_camera_hdmi/u_hdmi/u_phy/u_vphy/inst/clock_detector_inst/rxclk_freq_cnt_reg[15]/C
                         clock pessimism              0.502     6.065    
                         clock uncertainty           -0.035     6.030    
    SLICE_X13Y361        FDCE (Setup_HFF_SLICEM_C_D)
                                                      0.025     6.055    u_camera_hdmi/u_hdmi/u_phy/u_vphy/inst/clock_detector_inst/rxclk_freq_cnt_reg[15]
  -------------------------------------------------------------------
                         required time                          6.055    
                         arrival time                          -3.346    
  -------------------------------------------------------------------
                         slack                                  2.709    





Pulse Width Checks
--------------------------------------------------------------------------------------
Clock Name:         hdmi_rx_mgt_refclk
Waveform(ns):       { 0.000 1.684 }
Period(ns):         3.367
Sources:            { hdmi_rx_clk_p }

Check Type        Corner  Lib Pin            Reference Pin  Required(ns)  Actual(ns)  Slack(ns)  Location        Pin
Min Period        n/a     BUFG_GT/I          n/a            1.290         3.367       2.077      BUFG_GT_X0Y137  u_camera_hdmi/u_hdmi/u_phy/u_vphy/inst/gt_usrclk_source_inst/bufg_gt_gtrefclk0_odiv2_inst/I
Max Period        n/a     MMCME4_ADV/CLKIN1  n/a            100.000       3.367       96.633     MMCM_X0Y7       u_camera_hdmi/u_hdmi/u_phy/u_vphy/inst/gt_usrclk_source_inst/rx_mmcm.rxoutclk_mmcm0_i/mmcm_adv_inst/CLKIN1
Low Pulse Width   Slow    MMCME4_ADV/CLKIN1  n/a            1.178         1.684       0.505      MMCM_X0Y7       u_camera_hdmi/u_hdmi/u_phy/u_vphy/inst/gt_usrclk_source_inst/rx_mmcm.rxoutclk_mmcm0_i/mmcm_adv_inst/CLKIN1
High Pulse Width  Slow    MMCME4_ADV/CLKIN1  n/a            1.178         1.684       0.505      MMCM_X0Y7       u_camera_hdmi/u_hdmi/u_phy/u_vphy/inst/gt_usrclk_source_inst/rx_mmcm.rxoutclk_mmcm0_i/mmcm_adv_inst/CLKIN1



---------------------------------------------------------------------------------------------------
From Clock:  GTYE4_CHANNEL_RXOUTCLK[0]
  To Clock:  GTYE4_CHANNEL_RXOUTCLK[0]

Setup :           NA  Failing Endpoints,  Worst Slack           NA  ,  Total Violation           NA
Hold  :           NA  Failing Endpoints,  Worst Slack           NA  ,  Total Violation           NA
PW    :            0  Failing Endpoints,  Worst Slack        2.077ns,  Total Violation        0.000ns
---------------------------------------------------------------------------------------------------


Pulse Width Checks
--------------------------------------------------------------------------------------
Clock Name:         GTYE4_CHANNEL_RXOUTCLK[0]
Waveform(ns):       { 0.000 1.684 }
Period(ns):         3.367
Sources:            { u_camera_hdmi/u_hdmi/u_phy/u_vphy/inst/gt_wrapper_inst/inst/gen_gtwizard_gtye4_top.vid_phy_controller_0_gtwrapper_gtwizard_gtye4_inst/gen_gtwizard_gtye4.gen_channel_container[5].gen_enabled_channel.gtye4_channel_wrapper_inst/channel_inst/gtye4_channel_gen.gen_gtye4_channel_inst[0].GTYE4_CHANNEL_PRIM_INST/RXOUTCLK }

Check Type  Corner  Lib Pin    Reference Pin  Required(ns)  Actual(ns)  Slack(ns)  Location        Pin
Min Period  n/a     BUFG_GT/I  n/a            1.290         3.367       2.077      BUFG_GT_X0Y126  u_camera_hdmi/u_hdmi/u_phy/u_vphy/inst/gt_usrclk_source_inst/rx_mmcm.bufg_gt_rx_usrclk_inst/I



---------------------------------------------------------------------------------------------------
From Clock:  rxoutclk
  To Clock:  rxoutclk

Setup :            0  Failing Endpoints,  Worst Slack        0.237ns,  Total Violation        0.000ns
Hold  :           NA  Failing Endpoints,  Worst Slack           NA  ,  Total Violation           NA
PW    :            0  Failing Endpoints,  Worst Slack        0.439ns,  Total Violation        0.000ns
---------------------------------------------------------------------------------------------------


Max Delay Paths
--------------------------------------------------------------------------------------
Slack (MET) :             0.237ns  (required time - arrival time)
  Source:                 u_camera_hdmi/u_hdmi/u_phy/u_vphy/inst/gt_wrapper_inst/inst/gen_gtwizard_gtye4_top.vid_phy_controller_0_gtwrapper_gtwizard_gtye4_inst/gen_gtwizard_gtye4.gen_channel_container[5].gen_enabled_channel.gtye4_channel_wrapper_inst/channel_inst/gtye4_channel_gen.gen_gtye4_channel_inst[0].GTYE4_CHANNEL_PRIM_INST/RXUSRCLK2
                            (rising edge-triggered cell GTYE4_CHANNEL clocked by rxoutclk  {rise@0.000ns fall@1.684ns period=3.367ns})
  Destination:            u_camera_hdmi/u_hdmi/u_rx/u_hdmi_rx/inst/v_hdmi_rx/inst/SYS_INST/ALN_INST/FIFO_INST/clk_dpram_reg_0_15_0_13/RAMB_D1/I
                            (rising edge-triggered cell RAMD32 clocked by rxoutclk  {rise@0.000ns fall@1.684ns period=3.367ns})
  Path Group:             rxoutclk
  Path Type:              Setup (Max at Slow Process Corner)
  Requirement:            3.367ns  (rxoutclk rise@3.367ns - rxoutclk rise@0.000ns)
  Data Path Delay:        2.930ns  (logic 0.940ns (32.082%)  route 1.990ns (67.918%))
  Logic Levels:           0  
  Clock Path Skew:        -0.074ns (DCD - SCD + CPR)
    Destination Clock Delay (DCD):    1.659ns = ( 5.026 - 3.367 ) 
    Source Clock Delay      (SCD):    1.862ns
    Clock Pessimism Removal (CPR):    0.129ns
  Clock Uncertainty:      0.046ns  ((TSJ^2 + DJ^2)^1/2) / 2 + PE
    Total System Jitter     (TSJ):    0.071ns
    Discrete Jitter          (DJ):    0.060ns
    Phase Error              (PE):    0.000ns
  Clock Net Delay (Source):      1.646ns (routing 0.511ns, distribution 1.135ns)
  Clock Net Delay (Destination): 1.466ns (routing 0.467ns, distribution 0.999ns)

    Location             Delay type                Incr(ns)  Path(ns)    Netlist Resource(s)
  -------------------------------------------------------------------    -------------------
                         (clock rxoutclk rise edge)
                                                      0.000     0.000 r  
    GTYE4_CHANNEL_X0Y20  GTYE4_CHANNEL                0.000     0.000 r  u_camera_hdmi/u_hdmi/u_phy/u_vphy/inst/gt_wrapper_inst/inst/gen_gtwizard_gtye4_top.vid_phy_controller_0_gtwrapper_gtwizard_gtye4_inst/gen_gtwizard_gtye4.gen_channel_container[5].gen_enabled_channel.gtye4_channel_wrapper_inst/channel_inst/gtye4_channel_gen.gen_gtye4_channel_inst[0].GTYE4_CHANNEL_PRIM_INST/RXOUTCLK
                         net (fo=3, estimated)        0.086     0.086    u_camera_hdmi/u_hdmi/u_phy/u_vphy/inst/gt_usrclk_source_inst/rxoutclk_out[0]
    BUFG_GT_X0Y126       BUFG_GT (Prop_BUFG_GT_I_O)
                                                      0.130     0.216 r  u_camera_hdmi/u_hdmi/u_phy/u_vphy/inst/gt_usrclk_source_inst/rx_mmcm.bufg_gt_rx_usrclk_inst/O
    X1Y5 (CLOCK_ROOT)    net (fo=5018, estimated)     1.646     1.862    u_camera_hdmi/u_hdmi/u_phy/u_vphy/inst/gt_wrapper_inst/inst/gen_gtwizard_gtye4_top.vid_phy_controller_0_gtwrapper_gtwizard_gtye4_inst/gen_gtwizard_gtye4.gen_channel_container[5].gen_enabled_channel.gtye4_channel_wrapper_inst/channel_inst/rxusrclk_in[0]
    GTYE4_CHANNEL_X0Y20  GTYE4_CHANNEL                                r  u_camera_hdmi/u_hdmi/u_phy/u_vphy/inst/gt_wrapper_inst/inst/gen_gtwizard_gtye4_top.vid_phy_controller_0_gtwrapper_gtwizard_gtye4_inst/gen_gtwizard_gtye4.gen_channel_container[5].gen_enabled_channel.gtye4_channel_wrapper_inst/channel_inst/gtye4_channel_gen.gen_gtye4_channel_inst[0].GTYE4_CHANNEL_PRIM_INST/RXUSRCLK2
  -------------------------------------------------------------------    -------------------
    GTYE4_CHANNEL_X0Y20  GTYE4_CHANNEL (Prop_GTYE4_CHANNEL_RXUSRCLK2_RXDATA[3])
                                                      0.940     2.802 r  u_camera_hdmi/u_hdmi/u_phy/u_vphy/inst/gt_wrapper_inst/inst/gen_gtwizard_gtye4_top.vid_phy_controller_0_gtwrapper_gtwizard_gtye4_inst/gen_gtwizard_gtye4.gen_channel_container[5].gen_enabled_channel.gtye4_channel_wrapper_inst/channel_inst/gtye4_channel_gen.gen_gtye4_channel_inst[0].GTYE4_CHANNEL_PRIM_INST/RXDATA[3]
                         net (fo=1, estimated)        1.990     4.792    u_camera_hdmi/u_hdmi/u_rx/u_hdmi_rx/inst/v_hdmi_rx/inst/SYS_INST/ALN_INST/FIFO_INST/clk_dpram_reg_0_15_0_13/DIB1
    SLICE_X94Y325        RAMD32                                       r  u_camera_hdmi/u_hdmi/u_rx/u_hdmi_rx/inst/v_hdmi_rx/inst/SYS_INST/ALN_INST/FIFO_INST/clk_dpram_reg_0_15_0_13/RAMB_D1/I
  -------------------------------------------------------------------    -------------------

                         (clock rxoutclk rise edge)
                                                      3.367     3.367 r  
    GTYE4_CHANNEL_X0Y20  GTYE4_CHANNEL                0.000     3.367 r  u_camera_hdmi/u_hdmi/u_phy/u_vphy/inst/gt_wrapper_inst/inst/gen_gtwizard_gtye4_top.vid_phy_controller_0_gtwrapper_gtwizard_gtye4_inst/gen_gtwizard_gtye4.gen_channel_container[5].gen_enabled_channel.gtye4_channel_wrapper_inst/channel_inst/gtye4_channel_gen.gen_gtye4_channel_inst[0].GTYE4_CHANNEL_PRIM_INST/RXOUTCLK
                         net (fo=3, estimated)        0.079     3.446    u_camera_hdmi/u_hdmi/u_phy/u_vphy/inst/gt_usrclk_source_inst/rxoutclk_out[0]
    BUFG_GT_X0Y126       BUFG_GT (Prop_BUFG_GT_I_O)
                                                      0.114     3.560 r  u_camera_hdmi/u_hdmi/u_phy/u_vphy/inst/gt_usrclk_source_inst/rx_mmcm.bufg_gt_rx_usrclk_inst/O
    X1Y5 (CLOCK_ROOT)    net (fo=5018, estimated)     1.466     5.026    u_camera_hdmi/u_hdmi/u_rx/u_hdmi_rx/inst/v_hdmi_rx/inst/SYS_INST/ALN_INST/FIFO_INST/clk_dpram_reg_0_15_0_13/WCLK
    SLICE_X94Y325        RAMD32                                       r  u_camera_hdmi/u_hdmi/u_rx/u_hdmi_rx/inst/v_hdmi_rx/inst/SYS_INST/ALN_INST/FIFO_INST/clk_dpram_reg_0_15_0_13/RAMB_D1/CLK
                         clock pessimism              0.129     5.155    
                         clock uncertainty           -0.046     5.109    
    SLICE_X94Y325        RAMD32 (Setup_B6LUT_SLICEM_CLK_I)
                                                     -0.080     5.029    u_camera_hdmi/u_hdmi/u_rx/u_hdmi_rx/inst/v_hdmi_rx/inst/SYS_INST/ALN_INST/FIFO_INST/clk_dpram_reg_0_15_0_13/RAMB_D1
  -------------------------------------------------------------------
                         required time                          5.029    
                         arrival time                          -4.792    
  -------------------------------------------------------------------
                         slack                                  0.237    





Pulse Width Checks
--------------------------------------------------------------------------------------
Clock Name:         rxoutclk
Waveform(ns):       { 0.000 1.684 }
Period(ns):         3.367
Sources:            { u_camera_hdmi/u_hdmi/u_phy/u_vphy/inst/gt_usrclk_source_inst/rx_mmcm.bufg_gt_rx_usrclk_inst/O }

Check Type        Corner  Lib Pin                 Reference Pin            Required(ns)  Actual(ns)  Slack(ns)  Location             Pin
Min Period        n/a     GTYE4_CHANNEL/RXUSRCLK  n/a                      1.954         3.367       1.413      GTYE4_CHANNEL_X0Y20  u_camera_hdmi/u_hdmi/u_phy/u_vphy/inst/gt_wrapper_inst/inst/gen_gtwizard_gtye4_top.vid_phy_controller_0_gtwrapper_gtwizard_gtye4_inst/gen_gtwizard_gtye4.gen_channel_container[5].gen_enabled_channel.gtye4_channel_wrapper_inst/channel_inst/gtye4_channel_gen.gen_gtye4_channel_inst[0].GTYE4_CHANNEL_PRIM_INST/RXUSRCLK
Low Pulse Width   Slow    GTYE4_CHANNEL/RXUSRCLK  n/a                      0.880         1.683       0.803      GTYE4_CHANNEL_X0Y20  u_camera_hdmi/u_hdmi/u_phy/u_vphy/inst/gt_wrapper_inst/inst/gen_gtwizard_gtye4_top.vid_phy_controller_0_gtwrapper_gtwizard_gtye4_inst/gen_gtwizard_gtye4.gen_channel_container[5].gen_enabled_channel.gtye4_channel_wrapper_inst/channel_inst/gtye4_channel_gen.gen_gtye4_channel_inst[0].GTYE4_CHANNEL_PRIM_INST/RXUSRCLK
High Pulse Width  Slow    GTYE4_CHANNEL/RXUSRCLK  n/a                      0.880         1.684       0.804      GTYE4_CHANNEL_X0Y20  u_camera_hdmi/u_hdmi/u_phy/u_vphy/inst/gt_wrapper_inst/inst/gen_gtwizard_gtye4_top.vid_phy_controller_0_gtwrapper_gtwizard_gtye4_inst/gen_gtwizard_gtye4.gen_channel_container[5].gen_enabled_channel.gtye4_channel_wrapper_inst/channel_inst/gtye4_channel_gen.gen_gtye4_channel_inst[0].GTYE4_CHANNEL_PRIM_INST/RXUSRCLK
Max Skew          Slow    GTYE4_CHANNEL/RXUSRCLK  GTYE4_CHANNEL/RXUSRCLK2  0.478         0.039       0.439      GTYE4_CHANNEL_X0Y20  u_camera_hdmi/u_hdmi/u_phy/u_vphy/inst/gt_wrapper_inst/inst/gen_gtwizard_gtye4_top.vid_phy_controller_0_gtwrapper_gtwizard_gtye4_inst/gen_gtwizard_gtye4.gen_channel_container[5].gen_enabled_channel.gtye4_channel_wrapper_inst/channel_inst/gtye4_channel_gen.gen_gtye4_channel_inst[0].GTYE4_CHANNEL_PRIM_INST/RXUSRCLK



---------------------------------------------------------------------------------------------------
From Clock:  GTYE4_CHANNEL_RXOUTCLK[1]
  To Clock:  GTYE4_CHANNEL_RXOUTCLK[1]

Setup :           NA  Failing Endpoints,  Worst Slack           NA  ,  Total Violation           NA
Hold  :           NA  Failing Endpoints,  Worst Slack           NA  ,  Total Violation           NA
PW    :            0  Failing Endpoints,  Worst Slack        2.077ns,  Total Violation        0.000ns
---------------------------------------------------------------------------------------------------


Pulse Width Checks
--------------------------------------------------------------------------------------
Clock Name:         GTYE4_CHANNEL_RXOUTCLK[1]
Waveform(ns):       { 0.000 1.684 }
Period(ns):         3.367
Sources:            { u_camera_hdmi/u_hdmi/u_phy/u_vphy/inst/gt_wrapper_inst/inst/gen_gtwizard_gtye4_top.vid_phy_controller_0_gtwrapper_gtwizard_gtye4_inst/gen_gtwizard_gtye4.gen_channel_container[5].gen_enabled_channel.gtye4_channel_wrapper_inst/channel_inst/gtye4_channel_gen.gen_gtye4_channel_inst[1].GTYE4_CHANNEL_PRIM_INST/RXOUTCLK }

Check Type  Corner  Lib Pin    Reference Pin  Required(ns)  Actual(ns)  Slack(ns)  Location        Pin
Min Period  n/a     BUFG_GT/I  n/a            1.290         3.367       2.077      BUFG_GT_X0Y132  u_camera_hdmi/u_hdmi/u_phy/u_vphy/inst/gt_wrapper_inst/inst/gen_gtwizard_gtye4_top.vid_phy_controller_0_gtwrapper_gtwizard_gtye4_inst/gen_gtwizard_gtye4.gen_cpll_cal_gtye4.gen_cpll_cal_inst[1].gen_inst_cpll_cal.gtwizard_ultrascale_v1_7_17_gtye4_cpll_cal_inst/gtwizard_ultrascale_v1_7_17_gtye4_cpll_cal_rx_i/gen_cal_rx_en.bufg_gt_rxoutclkmon_inst/I



---------------------------------------------------------------------------------------------------
From Clock:  GTYE4_CHANNEL_RXOUTCLK[2]
  To Clock:  GTYE4_CHANNEL_RXOUTCLK[2]

Setup :           NA  Failing Endpoints,  Worst Slack           NA  ,  Total Violation           NA
Hold  :           NA  Failing Endpoints,  Worst Slack           NA  ,  Total Violation           NA
PW    :            0  Failing Endpoints,  Worst Slack        2.077ns,  Total Violation        0.000ns
---------------------------------------------------------------------------------------------------


Pulse Width Checks
--------------------------------------------------------------------------------------
Clock Name:         GTYE4_CHANNEL_RXOUTCLK[2]
Waveform(ns):       { 0.000 1.684 }
Period(ns):         3.367
Sources:            { u_camera_hdmi/u_hdmi/u_phy/u_vphy/inst/gt_wrapper_inst/inst/gen_gtwizard_gtye4_top.vid_phy_controller_0_gtwrapper_gtwizard_gtye4_inst/gen_gtwizard_gtye4.gen_channel_container[5].gen_enabled_channel.gtye4_channel_wrapper_inst/channel_inst/gtye4_channel_gen.gen_gtye4_channel_inst[2].GTYE4_CHANNEL_PRIM_INST/RXOUTCLK }

Check Type  Corner  Lib Pin    Reference Pin  Required(ns)  Actual(ns)  Slack(ns)  Location        Pin
Min Period  n/a     BUFG_GT/I  n/a            1.290         3.367       2.077      BUFG_GT_X0Y141  u_camera_hdmi/u_hdmi/u_phy/u_vphy/inst/gt_wrapper_inst/inst/gen_gtwizard_gtye4_top.vid_phy_controller_0_gtwrapper_gtwizard_gtye4_inst/gen_gtwizard_gtye4.gen_cpll_cal_gtye4.gen_cpll_cal_inst[2].gen_inst_cpll_cal.gtwizard_ultrascale_v1_7_17_gtye4_cpll_cal_inst/gtwizard_ultrascale_v1_7_17_gtye4_cpll_cal_rx_i/gen_cal_rx_en.bufg_gt_rxoutclkmon_inst/I



---------------------------------------------------------------------------------------------------
From Clock:  GTYE4_CHANNEL_RXOUTCLK[3]
  To Clock:  GTYE4_CHANNEL_RXOUTCLK[3]

Setup :           NA  Failing Endpoints,  Worst Slack           NA  ,  Total Violation           NA
Hold  :           NA  Failing Endpoints,  Worst Slack           NA  ,  Total Violation           NA
PW    :            0  Failing Endpoints,  Worst Slack        2.077ns,  Total Violation        0.000ns
---------------------------------------------------------------------------------------------------


Pulse Width Checks
--------------------------------------------------------------------------------------
Clock Name:         GTYE4_CHANNEL_RXOUTCLK[3]
Waveform(ns):       { 0.000 1.684 }
Period(ns):         3.367
Sources:            { u_camera_hdmi/u_hdmi/u_phy/u_vphy/inst/gt_wrapper_inst/inst/gen_gtwizard_gtye4_top.vid_phy_controller_0_gtwrapper_gtwizard_gtye4_inst/gen_gtwizard_gtye4.gen_channel_container[5].gen_enabled_channel.gtye4_channel_wrapper_inst/channel_inst/gtye4_channel_gen.gen_gtye4_channel_inst[3].GTYE4_CHANNEL_PRIM_INST/RXOUTCLK }

Check Type  Corner  Lib Pin    Reference Pin  Required(ns)  Actual(ns)  Slack(ns)  Location        Pin
Min Period  n/a     BUFG_GT/I  n/a            1.290         3.367       2.077      BUFG_GT_X0Y123  u_camera_hdmi/u_hdmi/u_phy/u_vphy/inst/gt_wrapper_inst/inst/gen_gtwizard_gtye4_top.vid_phy_controller_0_gtwrapper_gtwizard_gtye4_inst/gen_gtwizard_gtye4.gen_cpll_cal_gtye4.gen_cpll_cal_inst[3].gen_inst_cpll_cal.gtwizard_ultrascale_v1_7_17_gtye4_cpll_cal_inst/gtwizard_ultrascale_v1_7_17_gtye4_cpll_cal_rx_i/gen_cal_rx_en.bufg_gt_rxoutclkmon_inst/I



---------------------------------------------------------------------------------------------------
From Clock:  clkout1
  To Clock:  clkout1

Setup :           NA  Failing Endpoints,  Worst Slack           NA  ,  Total Violation           NA
Hold  :           NA  Failing Endpoints,  Worst Slack           NA  ,  Total Violation           NA
PW    :            0  Failing Endpoints,  Worst Slack        0.136ns,  Total Violation        0.000ns
---------------------------------------------------------------------------------------------------


Pulse Width Checks
--------------------------------------------------------------------------------------
Clock Name:         clkout1
Waveform(ns):       { 0.000 1.684 }
Period(ns):         3.367
Sources:            { u_camera_hdmi/u_hdmi/u_phy/u_vphy/inst/gt_usrclk_source_inst/rx_mmcm.rxoutclk_mmcm0_i/mmcm_adv_inst/CLKOUT1 }

Check Type        Corner  Lib Pin           Reference Pin     Required(ns)  Actual(ns)  Slack(ns)  Location               Pin
Min Period        n/a     OSERDESE3/CLKDIV  n/a               3.200         3.367       0.167      BITSLICE_RX_TX_X0Y333  u_camera_hdmi/u_hdmi/u_phy/u_vphy/inst/gt_usrclk_source_inst/rx_mmcm.GT0_RX_MMCM_CLKOUT1_ODDR_INST/CLKDIV
Low Pulse Width   Slow    OSERDESE3/CLKDIV  n/a               1.440         1.684       0.243      BITSLICE_RX_TX_X0Y333  u_camera_hdmi/u_hdmi/u_phy/u_vphy/inst/gt_usrclk_source_inst/rx_mmcm.GT0_RX_MMCM_CLKOUT1_ODDR_INST/CLKDIV
High Pulse Width  Slow    OSERDESE3/CLKDIV  n/a               1.440         1.684       0.243      BITSLICE_RX_TX_X0Y333  u_camera_hdmi/u_hdmi/u_phy/u_vphy/inst/gt_usrclk_source_inst/rx_mmcm.GT0_RX_MMCM_CLKOUT1_ODDR_INST/CLKDIV
Max Skew          Fast    OSERDESE3/CLK     OSERDESE3/CLKDIV  0.193         0.057       0.136      BITSLICE_RX_TX_X0Y333  u_camera_hdmi/u_hdmi/u_phy/u_vphy/inst/gt_usrclk_source_inst/rx_mmcm.GT0_RX_MMCM_CLKOUT1_ODDR_INST/CLK



---------------------------------------------------------------------------------------------------
From Clock:  clkout2
  To Clock:  clkout2

Setup :            0  Failing Endpoints,  Worst Slack        0.563ns,  Total Violation        0.000ns
Hold  :           NA  Failing Endpoints,  Worst Slack           NA  ,  Total Violation           NA
PW    :            0  Failing Endpoints,  Worst Slack        1.141ns,  Total Violation        0.000ns
---------------------------------------------------------------------------------------------------


Max Delay Paths
--------------------------------------------------------------------------------------
Slack (MET) :             0.563ns  (required time - arrival time)
  Source:                 u_camera_hdmi/u_hdmi/u_rx/u_hdmi_rx/inst/v_hdmi_rx/inst/VIDEO_RST_INST/XPM_RST_INST/syncstages_ff_reg[3]/C
                            (rising edge-triggered cell FDRE clocked by clkout2  {rise@0.000ns fall@1.684ns period=3.367ns})
  Destination:            u_camera_hdmi/u_hdmi/u_rx/u_hdmi_rx/inst/v_vid_in_axi4s/inst/COUPLER_INST/generate_async_fifo.FIFO_INST/XPM_FIFO_ASYNC_INST/gnuram_async_fifo.xpm_fifo_base_inst/gen_sdpram.xpm_memory_base_inst/gen_wr_a.gen_word_narrow.mem_reg_bram_0/ENARDEN
                            (rising edge-triggered cell RAMB36E2 clocked by clkout2  {rise@0.000ns fall@1.684ns period=3.367ns})
  Path Group:             clkout2
  Path Type:              Setup (Max at Slow Process Corner)
  Requirement:            3.367ns  (clkout2 rise@3.367ns - clkout2 rise@0.000ns)
  Data Path Delay:        2.188ns  (logic 0.325ns (14.854%)  route 1.863ns (85.146%))
  Logic Levels:           3  (LUT2=1 LUT4=2)
  Clock Path Skew:        -0.220ns (DCD - SCD + CPR)
    Destination Clock Delay (DCD):    4.944ns = ( 8.311 - 3.367 ) 
    Source Clock Delay      (SCD):    5.070ns
    Clock Pessimism Removal (CPR):    -0.093ns
  Clock Uncertainty:      0.054ns  ((TSJ^2 + DJ^2)^1/2) / 2 + PE
    Total System Jitter     (TSJ):    0.071ns
    Discrete Jitter          (DJ):    0.082ns
    Phase Error              (PE):    0.000ns
  Clock Net Delay (Source):      2.366ns (routing 1.458ns, distribution 0.908ns)
  Clock Net Delay (Destination): 2.013ns (routing 1.325ns, distribution 0.688ns)

    Location             Delay type                Incr(ns)  Path(ns)    Netlist Resource(s)
  -------------------------------------------------------------------    -------------------
                         (clock clkout2 rise edge)    0.000     0.000 r  
    GTYE4_COMMON_X0Y5                                 0.000     0.000 r  hdmi_rx_clk_p (IN)
                         net (fo=0)                   0.000     0.000    u_camera_hdmi/u_hdmi/u_phy/u_vphy/inst/gt_usrclk_source_inst/mgtrefclk0_pad_p_in
    GTYE4_COMMON_X0Y5    IBUFDS_GTE4 (Prop_IBUFDS0_GTYE4_GTYE4_COMMON_I_ODIV2)
                                                      0.397     0.397 r  u_camera_hdmi/u_hdmi/u_phy/u_vphy/inst/gt_usrclk_source_inst/IBUFDS_GTE4_MGTREFCLK0_INST/ODIV2
                         net (fo=2, estimated)        0.085     0.482    u_camera_hdmi/u_hdmi/u_phy/u_vphy/inst/gt_usrclk_source_inst/q0_clk0_gtrefclk_div1_i
    BUFG_GT_X0Y137       BUFG_GT (Prop_BUFG_GT_I_O)
                                                      0.130     0.612 r  u_camera_hdmi/u_hdmi/u_phy/u_vphy/inst/gt_usrclk_source_inst/bufg_gt_gtrefclk0_odiv2_inst/O
                         net (fo=25, estimated)       1.947     2.559    u_camera_hdmi/u_hdmi/u_phy/u_vphy/inst/gt_usrclk_source_inst/rx_mmcm.rxoutclk_mmcm0_i/CLK_IN
    MMCM_X0Y7            MMCME4_ADV (Prop_MMCM_CLKIN1_CLKOUT2)
                                                     -0.127     2.432 r  u_camera_hdmi/u_hdmi/u_phy/u_vphy/inst/gt_usrclk_source_inst/rx_mmcm.rxoutclk_mmcm0_i/mmcm_adv_inst/CLKOUT2
                         net (fo=2, estimated)        0.244     2.676    u_camera_hdmi/u_hdmi/u_phy/u_vphy/inst/gt_usrclk_source_inst/rx_mmcm.rxoutclk_mmcm0_i/clkout2
    BUFGCE_X0Y169        BUFGCE (Prop_BUFCE_BUFGCE_I_O)
                                                      0.028     2.704 r  u_camera_hdmi/u_hdmi/u_phy/u_vphy/inst/gt_usrclk_source_inst/rx_mmcm.rxoutclk_mmcm0_i/rx_clkout2_buf/O
    X2Y5 (CLOCK_ROOT)    net (fo=1369, estimated)     2.366     5.070    u_camera_hdmi/u_hdmi/u_rx/u_hdmi_rx/inst/v_hdmi_rx/inst/VIDEO_RST_INST/XPM_RST_INST/dest_clk
    SLICE_X91Y373        FDRE                                         r  u_camera_hdmi/u_hdmi/u_rx/u_hdmi_rx/inst/v_hdmi_rx/inst/VIDEO_RST_INST/XPM_RST_INST/syncstages_ff_reg[3]/C
  -------------------------------------------------------------------    -------------------
    SLICE_X91Y373        FDRE (Prop_CFF2_SLICEM_C_Q)
                                                      0.077     5.147 f  u_camera_hdmi/u_hdmi/u_rx/u_hdmi_rx/inst/v_hdmi_rx/inst/VIDEO_RST_INST/XPM_RST_INST/syncstages_ff_reg[3]/Q
                         net (fo=27, estimated)       0.456     5.603    u_camera_hdmi/u_hdmi/u_rx/u_hdmi_rx/inst/v_vid_in_axi4s/inst/COUPLER_INST/generate_async_fifo.FIFO_INST/vid_io_in_reset
    SLICE_X89Y363        LUT2 (Prop_D6LUT_SLICEL_I0_O)
                                                      0.089     5.692 f  u_camera_hdmi/u_hdmi/u_rx/u_hdmi_rx/inst/v_vid_in_axi4s/inst/COUPLER_INST/generate_async_fifo.FIFO_INST/de_1_i_1/O
                         net (fo=157, estimated)      0.322     6.014    u_camera_hdmi/u_hdmi/u_rx/u_hdmi_rx/inst/v_vid_in_axi4s/inst/COUPLER_INST/VID_RESET0
    SLICE_X90Y362        LUT4 (Prop_F6LUT_SLICEL_I1_O)
                                                      0.049     6.063 r  u_camera_hdmi/u_hdmi/u_rx/u_hdmi_rx/inst/v_vid_in_axi4s/inst/COUPLER_INST/wr_en_i/O
                         net (fo=5, estimated)        0.245     6.308    u_camera_hdmi/u_hdmi/u_rx/u_hdmi_rx/inst/v_vid_in_axi4s/inst/COUPLER_INST/generate_async_fifo.FIFO_INST/XPM_FIFO_ASYNC_INST/gnuram_async_fifo.xpm_fifo_base_inst/xpm_fifo_rst_inst/wr_en
    SLICE_X89Y362        LUT4 (Prop_C5LUT_SLICEL_I0_O)
                                                      0.110     6.418 r  u_camera_hdmi/u_hdmi/u_rx/u_hdmi_rx/inst/v_vid_in_axi4s/inst/COUPLER_INST/generate_async_fifo.FIFO_INST/XPM_FIFO_ASYNC_INST/gnuram_async_fifo.xpm_fifo_base_inst/xpm_fifo_rst_inst/gen_sdpram.xpm_memory_base_inst_i_1/O
                         net (fo=40, estimated)       0.840     7.258    u_camera_hdmi/u_hdmi/u_rx/u_hdmi_rx/inst/v_vid_in_axi4s/inst/COUPLER_INST/generate_async_fifo.FIFO_INST/XPM_FIFO_ASYNC_INST/gnuram_async_fifo.xpm_fifo_base_inst/gen_sdpram.xpm_memory_base_inst/wea[0]
    RAMB36_X4Y71         RAMB36E2                                     r  u_camera_hdmi/u_hdmi/u_rx/u_hdmi_rx/inst/v_vid_in_axi4s/inst/COUPLER_INST/generate_async_fifo.FIFO_INST/XPM_FIFO_ASYNC_INST/gnuram_async_fifo.xpm_fifo_base_inst/gen_sdpram.xpm_memory_base_inst/gen_wr_a.gen_word_narrow.mem_reg_bram_0/ENARDEN
  -------------------------------------------------------------------    -------------------

                         (clock clkout2 rise edge)    3.367     3.367 r  
    GTYE4_COMMON_X0Y5                                 0.000     3.367 r  hdmi_rx_clk_p (IN)
                         net (fo=0)                   0.000     3.367    u_camera_hdmi/u_hdmi/u_phy/u_vphy/inst/gt_usrclk_source_inst/mgtrefclk0_pad_p_in
    GTYE4_COMMON_X0Y5    IBUFDS_GTE4 (Prop_IBUFDS0_GTYE4_GTYE4_COMMON_I_ODIV2)
                                                      0.123     3.490 r  u_camera_hdmi/u_hdmi/u_phy/u_vphy/inst/gt_usrclk_source_inst/IBUFDS_GTE4_MGTREFCLK0_INST/ODIV2
                         net (fo=2, estimated)        0.078     3.568    u_camera_hdmi/u_hdmi/u_phy/u_vphy/inst/gt_usrclk_source_inst/q0_clk0_gtrefclk_div1_i
    BUFG_GT_X0Y137       BUFG_GT (Prop_BUFG_GT_I_O)
                                                      0.114     3.682 r  u_camera_hdmi/u_hdmi/u_phy/u_vphy/inst/gt_usrclk_source_inst/bufg_gt_gtrefclk0_odiv2_inst/O
                         net (fo=25, estimated)       1.748     5.430    u_camera_hdmi/u_hdmi/u_phy/u_vphy/inst/gt_usrclk_source_inst/rx_mmcm.rxoutclk_mmcm0_i/CLK_IN
    MMCM_X0Y7            MMCME4_ADV (Prop_MMCM_CLKIN1_CLKOUT2)
                                                      0.630     6.060 r  u_camera_hdmi/u_hdmi/u_phy/u_vphy/inst/gt_usrclk_source_inst/rx_mmcm.rxoutclk_mmcm0_i/mmcm_adv_inst/CLKOUT2
                         net (fo=2, estimated)        0.214     6.274    u_camera_hdmi/u_hdmi/u_phy/u_vphy/inst/gt_usrclk_source_inst/rx_mmcm.rxoutclk_mmcm0_i/clkout2
    BUFGCE_X0Y169        BUFGCE (Prop_BUFCE_BUFGCE_I_O)
                                                      0.024     6.298 r  u_camera_hdmi/u_hdmi/u_phy/u_vphy/inst/gt_usrclk_source_inst/rx_mmcm.rxoutclk_mmcm0_i/rx_clkout2_buf/O
    X2Y5 (CLOCK_ROOT)    net (fo=1369, estimated)     2.013     8.311    u_camera_hdmi/u_hdmi/u_rx/u_hdmi_rx/inst/v_vid_in_axi4s/inst/COUPLER_INST/generate_async_fifo.FIFO_INST/XPM_FIFO_ASYNC_INST/gnuram_async_fifo.xpm_fifo_base_inst/gen_sdpram.xpm_memory_base_inst/clka
    RAMB36_X4Y71         RAMB36E2                                     r  u_camera_hdmi/u_hdmi/u_rx/u_hdmi_rx/inst/v_vid_in_axi4s/inst/COUPLER_INST/generate_async_fifo.FIFO_INST/XPM_FIFO_ASYNC_INST/gnuram_async_fifo.xpm_fifo_base_inst/gen_sdpram.xpm_memory_base_inst/gen_wr_a.gen_word_narrow.mem_reg_bram_0/CLKARDCLK
                         clock pessimism             -0.093     8.217    
                         clock uncertainty           -0.054     8.163    
    RAMB36_X4Y71         RAMB36E2 (Setup_RAMB36E2_RAMB36_CLKARDCLK_ENARDEN)
                                                     -0.342     7.821    u_camera_hdmi/u_hdmi/u_rx/u_hdmi_rx/inst/v_vid_in_axi4s/inst/COUPLER_INST/generate_async_fifo.FIFO_INST/XPM_FIFO_ASYNC_INST/gnuram_async_fifo.xpm_fifo_base_inst/gen_sdpram.xpm_memory_base_inst/gen_wr_a.gen_word_narrow.mem_reg_bram_0
  -------------------------------------------------------------------
                         required time                          7.821    
                         arrival time                          -7.258    
  -------------------------------------------------------------------
                         slack                                  0.563    





Pulse Width Checks
--------------------------------------------------------------------------------------
Clock Name:         clkout2
Waveform(ns):       { 0.000 1.684 }
Period(ns):         3.367
Sources:            { u_camera_hdmi/u_hdmi/u_phy/u_vphy/inst/gt_usrclk_source_inst/rx_mmcm.rxoutclk_mmcm0_i/mmcm_adv_inst/CLKOUT2 }

Check Type        Corner  Lib Pin             Reference Pin  Required(ns)  Actual(ns)  Slack(ns)  Location      Pin
Min Period        n/a     RAMB36E2/CLKARDCLK  n/a            1.355         3.367       2.012      RAMB36_X4Y71  u_camera_hdmi/u_hdmi/u_rx/u_hdmi_rx/inst/v_vid_in_axi4s/inst/COUPLER_INST/generate_async_fifo.FIFO_INST/XPM_FIFO_ASYNC_INST/gnuram_async_fifo.xpm_fifo_base_inst/gen_sdpram.xpm_memory_base_inst/gen_wr_a.gen_word_narrow.mem_reg_bram_0/CLKARDCLK
Low Pulse Width   Slow    RAMB36E2/CLKARDCLK  n/a            0.542         1.684       1.142      RAMB36_X4Y71  u_camera_hdmi/u_hdmi/u_rx/u_hdmi_rx/inst/v_vid_in_axi4s/inst/COUPLER_INST/generate_async_fifo.FIFO_INST/XPM_FIFO_ASYNC_INST/gnuram_async_fifo.xpm_fifo_base_inst/gen_sdpram.xpm_memory_base_inst/gen_wr_a.gen_word_narrow.mem_reg_bram_0/CLKARDCLK
High Pulse Width  Slow    RAMB36E2/CLKARDCLK  n/a            0.542         1.684       1.142      RAMB36_X4Y71  u_camera_hdmi/u_hdmi/u_rx/u_hdmi_rx/inst/v_vid_in_axi4s/inst/COUPLER_INST/generate_async_fifo.FIFO_INST/XPM_FIFO_ASYNC_INST/gnuram_async_fifo.xpm_fifo_base_inst/gen_sdpram.xpm_memory_base_inst/gen_wr_a.gen_word_narrow.mem_reg_bram_0/CLKARDCLK



---------------------------------------------------------------------------------------------------
From Clock:  GTYE4_CHANNEL_TXOUTCLKPCS[0]
  To Clock:  GTYE4_CHANNEL_TXOUTCLKPCS[0]

Setup :            0  Failing Endpoints,  Worst Slack        2.302ns,  Total Violation        0.000ns
Hold  :           NA  Failing Endpoints,  Worst Slack           NA  ,  Total Violation           NA
PW    :            0  Failing Endpoints,  Worst Slack        1.408ns,  Total Violation        0.000ns
---------------------------------------------------------------------------------------------------


Max Delay Paths
--------------------------------------------------------------------------------------
Slack (MET) :             2.302ns  (required time - arrival time)
  Source:                 u_camera_hdmi/u_hdmi/u_phy/u_vphy/inst/gt_wrapper_inst/inst/gen_gtwizard_gtye4_top.vid_phy_controller_0_gtwrapper_gtwizard_gtye4_inst/gen_gtwizard_gtye4.gen_pwrgood_delay_inst[0].delay_powergood_inst/gen_powergood_delay.int_pwr_on_fsm_reg/C
                            (rising edge-triggered cell FDCE clocked by GTYE4_CHANNEL_TXOUTCLKPCS[0]  {rise@0.000ns fall@1.684ns period=3.367ns})
  Destination:            u_camera_hdmi/u_hdmi/u_phy/u_vphy/inst/gt_wrapper_inst/inst/gen_gtwizard_gtye4_top.vid_phy_controller_0_gtwrapper_gtwizard_gtye4_inst/gen_gtwizard_gtye4.gen_pwrgood_delay_inst[0].delay_powergood_inst/gen_powergood_delay.wait_cnt_reg[0]/CE
                            (rising edge-triggered cell FDRE clocked by GTYE4_CHANNEL_TXOUTCLKPCS[0]  {rise@0.000ns fall@1.684ns period=3.367ns})
  Path Group:             GTYE4_CHANNEL_TXOUTCLKPCS[0]
  Path Type:              Setup (Max at Slow Process Corner)
  Requirement:            3.367ns  (GTYE4_CHANNEL_TXOUTCLKPCS[0] rise@3.367ns - GTYE4_CHANNEL_TXOUTCLKPCS[0] rise@0.000ns)
  Data Path Delay:        0.584ns  (logic 0.176ns (30.137%)  route 0.408ns (69.863%))
  Logic Levels:           1  (LUT2=1)
  Clock Path Skew:        -0.376ns (DCD - SCD + CPR)
    Destination Clock Delay (DCD):    0.516ns = ( 3.883 - 3.367 ) 
    Source Clock Delay      (SCD):    0.892ns
    Clock Pessimism Removal (CPR):    0.000ns
  Clock Uncertainty:      0.046ns  ((TSJ^2 + DJ^2)^1/2) / 2 + PE
    Total System Jitter     (TSJ):    0.071ns
    Discrete Jitter          (DJ):    0.060ns
    Phase Error              (PE):    0.000ns

    Location             Delay type                Incr(ns)  Path(ns)    Netlist Resource(s)
  -------------------------------------------------------------------    -------------------
                         (clock GTYE4_CHANNEL_TXOUTCLKPCS[0] rise edge)
                                                      0.000     0.000 r  
    GTYE4_CHANNEL_X0Y20  GTYE4_CHANNEL                0.000     0.000 r  u_camera_hdmi/u_hdmi/u_phy/u_vphy/inst/gt_wrapper_inst/inst/gen_gtwizard_gtye4_top.vid_phy_controller_0_gtwrapper_gtwizard_gtye4_inst/gen_gtwizard_gtye4.gen_channel_container[5].gen_enabled_channel.gtye4_channel_wrapper_inst/channel_inst/gtye4_channel_gen.gen_gtye4_channel_inst[0].GTYE4_CHANNEL_PRIM_INST/TXOUTCLKPCS
                         net (fo=15, estimated)       0.892     0.892    u_camera_hdmi/u_hdmi/u_phy/u_vphy/inst/gt_wrapper_inst/inst/gen_gtwizard_gtye4_top.vid_phy_controller_0_gtwrapper_gtwizard_gtye4_inst/gen_gtwizard_gtye4.gen_pwrgood_delay_inst[0].delay_powergood_inst/GTYE4_CHANNEL_TXOUTCLKPCS[0]
    SLICE_X1Y341         FDCE                                         r  u_camera_hdmi/u_hdmi/u_phy/u_vphy/inst/gt_wrapper_inst/inst/gen_gtwizard_gtye4_top.vid_phy_controller_0_gtwrapper_gtwizard_gtye4_inst/gen_gtwizard_gtye4.gen_pwrgood_delay_inst[0].delay_powergood_inst/gen_powergood_delay.int_pwr_on_fsm_reg/C
  -------------------------------------------------------------------    -------------------
    SLICE_X1Y341         FDCE (Prop_AFF2_SLICEM_C_Q)
                                                      0.080     0.972 f  u_camera_hdmi/u_hdmi/u_phy/u_vphy/inst/gt_wrapper_inst/inst/gen_gtwizard_gtye4_top.vid_phy_controller_0_gtwrapper_gtwizard_gtye4_inst/gen_gtwizard_gtye4.gen_pwrgood_delay_inst[0].delay_powergood_inst/gen_powergood_delay.int_pwr_on_fsm_reg/Q
                         net (fo=4, estimated)        0.161     1.133    u_camera_hdmi/u_hdmi/u_phy/u_vphy/inst/gt_wrapper_inst/inst/gen_gtwizard_gtye4_top.vid_phy_controller_0_gtwrapper_gtwizard_gtye4_inst/gen_gtwizard_gtye4.gen_pwrgood_delay_inst[0].delay_powergood_inst/gen_powergood_delay.int_pwr_on_fsm
    SLICE_X0Y341         LUT2 (Prop_D5LUT_SLICEL_I1_O)
                                                      0.096     1.229 r  u_camera_hdmi/u_hdmi/u_phy/u_vphy/inst/gt_wrapper_inst/inst/gen_gtwizard_gtye4_top.vid_phy_controller_0_gtwrapper_gtwizard_gtye4_inst/gen_gtwizard_gtye4.gen_pwrgood_delay_inst[0].delay_powergood_inst/gen_powergood_delay.wait_cnt[0]_i_1/O
                         net (fo=1, estimated)        0.247     1.476    u_camera_hdmi/u_hdmi/u_phy/u_vphy/inst/gt_wrapper_inst/inst/gen_gtwizard_gtye4_top.vid_phy_controller_0_gtwrapper_gtwizard_gtye4_inst/gen_gtwizard_gtye4.gen_pwrgood_delay_inst[0].delay_powergood_inst/gen_powergood_delay.wait_cnt[0]_i_1_n_0
    SLICE_X0Y342         FDRE                                         r  u_camera_hdmi/u_hdmi/u_phy/u_vphy/inst/gt_wrapper_inst/inst/gen_gtwizard_gtye4_top.vid_phy_controller_0_gtwrapper_gtwizard_gtye4_inst/gen_gtwizard_gtye4.gen_pwrgood_delay_inst[0].delay_powergood_inst/gen_powergood_delay.wait_cnt_reg[0]/CE
  -------------------------------------------------------------------    -------------------

                         (clock GTYE4_CHANNEL_TXOUTCLKPCS[0] rise edge)
                                                      3.367     3.367 r  
    GTYE4_CHANNEL_X0Y20  GTYE4_CHANNEL                0.000     3.367 r  u_camera_hdmi/u_hdmi/u_phy/u_vphy/inst/gt_wrapper_inst/inst/gen_gtwizard_gtye4_top.vid_phy_controller_0_gtwrapper_gtwizard_gtye4_inst/gen_gtwizard_gtye4.gen_channel_container[5].gen_enabled_channel.gtye4_channel_wrapper_inst/channel_inst/gtye4_channel_gen.gen_gtye4_channel_inst[0].GTYE4_CHANNEL_PRIM_INST/TXOUTCLKPCS
                         net (fo=15, estimated)       0.516     3.883    u_camera_hdmi/u_hdmi/u_phy/u_vphy/inst/gt_wrapper_inst/inst/gen_gtwizard_gtye4_top.vid_phy_controller_0_gtwrapper_gtwizard_gtye4_inst/gen_gtwizard_gtye4.gen_pwrgood_delay_inst[0].delay_powergood_inst/GTYE4_CHANNEL_TXOUTCLKPCS[0]
    SLICE_X0Y342         FDRE                                         r  u_camera_hdmi/u_hdmi/u_phy/u_vphy/inst/gt_wrapper_inst/inst/gen_gtwizard_gtye4_top.vid_phy_controller_0_gtwrapper_gtwizard_gtye4_inst/gen_gtwizard_gtye4.gen_pwrgood_delay_inst[0].delay_powergood_inst/gen_powergood_delay.wait_cnt_reg[0]/C
                         clock pessimism              0.000     3.883    
                         clock uncertainty           -0.046     3.837    
    SLICE_X0Y342         FDRE (Setup_AFF2_SLICEL_C_CE)
                                                     -0.059     3.778    u_camera_hdmi/u_hdmi/u_phy/u_vphy/inst/gt_wrapper_inst/inst/gen_gtwizard_gtye4_top.vid_phy_controller_0_gtwrapper_gtwizard_gtye4_inst/gen_gtwizard_gtye4.gen_pwrgood_delay_inst[0].delay_powergood_inst/gen_powergood_delay.wait_cnt_reg[0]
  -------------------------------------------------------------------
                         required time                          3.778    
                         arrival time                          -1.476    
  -------------------------------------------------------------------
                         slack                                  2.302    





Pulse Width Checks
--------------------------------------------------------------------------------------
Clock Name:         GTYE4_CHANNEL_TXOUTCLKPCS[0]
Waveform(ns):       { 0.000 1.684 }
Period(ns):         3.367
Sources:            { u_camera_hdmi/u_hdmi/u_phy/u_vphy/inst/gt_wrapper_inst/inst/gen_gtwizard_gtye4_top.vid_phy_controller_0_gtwrapper_gtwizard_gtye4_inst/gen_gtwizard_gtye4.gen_channel_container[5].gen_enabled_channel.gtye4_channel_wrapper_inst/channel_inst/gtye4_channel_gen.gen_gtye4_channel_inst[0].GTYE4_CHANNEL_PRIM_INST/TXOUTCLKPCS }

Check Type        Corner  Lib Pin  Reference Pin  Required(ns)  Actual(ns)  Slack(ns)  Location      Pin
Min Period        n/a     FDCE/C   n/a            0.550         3.367       2.817      SLICE_X1Y341  u_camera_hdmi/u_hdmi/u_phy/u_vphy/inst/gt_wrapper_inst/inst/gen_gtwizard_gtye4_top.vid_phy_controller_0_gtwrapper_gtwizard_gtye4_inst/gen_gtwizard_gtye4.gen_pwrgood_delay_inst[0].delay_powergood_inst/gen_powergood_delay.int_pwr_on_fsm_reg/C
Low Pulse Width   Slow    FDCE/C   n/a            0.275         1.683       1.408      SLICE_X1Y341  u_camera_hdmi/u_hdmi/u_phy/u_vphy/inst/gt_wrapper_inst/inst/gen_gtwizard_gtye4_top.vid_phy_controller_0_gtwrapper_gtwizard_gtye4_inst/gen_gtwizard_gtye4.gen_pwrgood_delay_inst[0].delay_powergood_inst/gen_powergood_delay.int_pwr_on_fsm_reg/C
High Pulse Width  Slow    FDCE/C   n/a            0.275         1.684       1.408      SLICE_X1Y341  u_camera_hdmi/u_hdmi/u_phy/u_vphy/inst/gt_wrapper_inst/inst/gen_gtwizard_gtye4_top.vid_phy_controller_0_gtwrapper_gtwizard_gtye4_inst/gen_gtwizard_gtye4.gen_pwrgood_delay_inst[0].delay_powergood_inst/gen_powergood_delay.int_pwr_on_fsm_reg/C



---------------------------------------------------------------------------------------------------
From Clock:  GTYE4_CHANNEL_TXOUTCLKPCS[1]
  To Clock:  GTYE4_CHANNEL_TXOUTCLKPCS[1]

Setup :            0  Failing Endpoints,  Worst Slack        2.523ns,  Total Violation        0.000ns
Hold  :           NA  Failing Endpoints,  Worst Slack           NA  ,  Total Violation           NA
PW    :            0  Failing Endpoints,  Worst Slack        1.408ns,  Total Violation        0.000ns
---------------------------------------------------------------------------------------------------


Max Delay Paths
--------------------------------------------------------------------------------------
Slack (MET) :             2.523ns  (required time - arrival time)
  Source:                 u_camera_hdmi/u_hdmi/u_phy/u_vphy/inst/gt_wrapper_inst/inst/gen_gtwizard_gtye4_top.vid_phy_controller_0_gtwrapper_gtwizard_gtye4_inst/gen_gtwizard_gtye4.gen_pwrgood_delay_inst[1].delay_powergood_inst/gen_powergood_delay.int_pwr_on_fsm_reg/C
                            (rising edge-triggered cell FDCE clocked by GTYE4_CHANNEL_TXOUTCLKPCS[1]  {rise@0.000ns fall@1.684ns period=3.367ns})
  Destination:            u_camera_hdmi/u_hdmi/u_phy/u_vphy/inst/gt_wrapper_inst/inst/gen_gtwizard_gtye4_top.vid_phy_controller_0_gtwrapper_gtwizard_gtye4_inst/gen_gtwizard_gtye4.gen_pwrgood_delay_inst[1].delay_powergood_inst/gen_powergood_delay.intclk_rrst_n_r_reg[4]/CE
                            (rising edge-triggered cell FDCE clocked by GTYE4_CHANNEL_TXOUTCLKPCS[1]  {rise@0.000ns fall@1.684ns period=3.367ns})
  Path Group:             GTYE4_CHANNEL_TXOUTCLKPCS[1]
  Path Type:              Setup (Max at Slow Process Corner)
  Requirement:            3.367ns  (GTYE4_CHANNEL_TXOUTCLKPCS[1] rise@3.367ns - GTYE4_CHANNEL_TXOUTCLKPCS[1] rise@0.000ns)
  Data Path Delay:        0.494ns  (logic 0.116ns (23.482%)  route 0.378ns (76.518%))
  Logic Levels:           1  (LUT1=1)
  Clock Path Skew:        -0.244ns (DCD - SCD + CPR)
    Destination Clock Delay (DCD):    0.391ns = ( 3.758 - 3.367 ) 
    Source Clock Delay      (SCD):    0.635ns
    Clock Pessimism Removal (CPR):    0.000ns
  Clock Uncertainty:      0.046ns  ((TSJ^2 + DJ^2)^1/2) / 2 + PE
    Total System Jitter     (TSJ):    0.071ns
    Discrete Jitter          (DJ):    0.060ns
    Phase Error              (PE):    0.000ns

    Location             Delay type                Incr(ns)  Path(ns)    Netlist Resource(s)
  -------------------------------------------------------------------    -------------------
                         (clock GTYE4_CHANNEL_TXOUTCLKPCS[1] rise edge)
                                                      0.000     0.000 r  
    GTYE4_CHANNEL_X0Y21  GTYE4_CHANNEL                0.000     0.000 r  u_camera_hdmi/u_hdmi/u_phy/u_vphy/inst/gt_wrapper_inst/inst/gen_gtwizard_gtye4_top.vid_phy_controller_0_gtwrapper_gtwizard_gtye4_inst/gen_gtwizard_gtye4.gen_channel_container[5].gen_enabled_channel.gtye4_channel_wrapper_inst/channel_inst/gtye4_channel_gen.gen_gtye4_channel_inst[1].GTYE4_CHANNEL_PRIM_INST/TXOUTCLKPCS
                         net (fo=15, estimated)       0.635     0.635    u_camera_hdmi/u_hdmi/u_phy/u_vphy/inst/gt_wrapper_inst/inst/gen_gtwizard_gtye4_top.vid_phy_controller_0_gtwrapper_gtwizard_gtye4_inst/gen_gtwizard_gtye4.gen_pwrgood_delay_inst[1].delay_powergood_inst/GTYE4_CHANNEL_TXOUTCLKPCS[0]
    SLICE_X0Y335         FDCE                                         r  u_camera_hdmi/u_hdmi/u_phy/u_vphy/inst/gt_wrapper_inst/inst/gen_gtwizard_gtye4_top.vid_phy_controller_0_gtwrapper_gtwizard_gtye4_inst/gen_gtwizard_gtye4.gen_pwrgood_delay_inst[1].delay_powergood_inst/gen_powergood_delay.int_pwr_on_fsm_reg/C
  -------------------------------------------------------------------    -------------------
    SLICE_X0Y335         FDCE (Prop_AFF2_SLICEL_C_Q)
                                                      0.081     0.716 f  u_camera_hdmi/u_hdmi/u_phy/u_vphy/inst/gt_wrapper_inst/inst/gen_gtwizard_gtye4_top.vid_phy_controller_0_gtwrapper_gtwizard_gtye4_inst/gen_gtwizard_gtye4.gen_pwrgood_delay_inst[1].delay_powergood_inst/gen_powergood_delay.int_pwr_on_fsm_reg/Q
                         net (fo=4, estimated)        0.108     0.824    u_camera_hdmi/u_hdmi/u_phy/u_vphy/inst/gt_wrapper_inst/inst/gen_gtwizard_gtye4_top.vid_phy_controller_0_gtwrapper_gtwizard_gtye4_inst/gen_gtwizard_gtye4.gen_pwrgood_delay_inst[1].delay_powergood_inst/gen_powergood_delay.int_pwr_on_fsm
    SLICE_X0Y333         LUT1 (Prop_F6LUT_SLICEL_I0_O)
                                                      0.035     0.859 r  u_camera_hdmi/u_hdmi/u_phy/u_vphy/inst/gt_wrapper_inst/inst/gen_gtwizard_gtye4_top.vid_phy_controller_0_gtwrapper_gtwizard_gtye4_inst/gen_gtwizard_gtye4.gen_pwrgood_delay_inst[1].delay_powergood_inst/gen_powergood_delay.intclk_rrst_n_r[4]_i_1__0/O
                         net (fo=12, estimated)       0.270     1.129    u_camera_hdmi/u_hdmi/u_phy/u_vphy/inst/gt_wrapper_inst/inst/gen_gtwizard_gtye4_top.vid_phy_controller_0_gtwrapper_gtwizard_gtye4_inst/gen_gtwizard_gtye4.gen_pwrgood_delay_inst[1].delay_powergood_inst/gen_powergood_delay.intclk_rrst_n_r[4]_i_1__0_n_0
    SLICE_X0Y332         FDCE                                         r  u_camera_hdmi/u_hdmi/u_phy/u_vphy/inst/gt_wrapper_inst/inst/gen_gtwizard_gtye4_top.vid_phy_controller_0_gtwrapper_gtwizard_gtye4_inst/gen_gtwizard_gtye4.gen_pwrgood_delay_inst[1].delay_powergood_inst/gen_powergood_delay.intclk_rrst_n_r_reg[4]/CE
  -------------------------------------------------------------------    -------------------

                         (clock GTYE4_CHANNEL_TXOUTCLKPCS[1] rise edge)
                                                      3.367     3.367 r  
    GTYE4_CHANNEL_X0Y21  GTYE4_CHANNEL                0.000     3.367 r  u_camera_hdmi/u_hdmi/u_phy/u_vphy/inst/gt_wrapper_inst/inst/gen_gtwizard_gtye4_top.vid_phy_controller_0_gtwrapper_gtwizard_gtye4_inst/gen_gtwizard_gtye4.gen_channel_container[5].gen_enabled_channel.gtye4_channel_wrapper_inst/channel_inst/gtye4_channel_gen.gen_gtye4_channel_inst[1].GTYE4_CHANNEL_PRIM_INST/TXOUTCLKPCS
                         net (fo=15, estimated)       0.391     3.758    u_camera_hdmi/u_hdmi/u_phy/u_vphy/inst/gt_wrapper_inst/inst/gen_gtwizard_gtye4_top.vid_phy_controller_0_gtwrapper_gtwizard_gtye4_inst/gen_gtwizard_gtye4.gen_pwrgood_delay_inst[1].delay_powergood_inst/GTYE4_CHANNEL_TXOUTCLKPCS[0]
    SLICE_X0Y332         FDCE                                         r  u_camera_hdmi/u_hdmi/u_phy/u_vphy/inst/gt_wrapper_inst/inst/gen_gtwizard_gtye4_top.vid_phy_controller_0_gtwrapper_gtwizard_gtye4_inst/gen_gtwizard_gtye4.gen_pwrgood_delay_inst[1].delay_powergood_inst/gen_powergood_delay.intclk_rrst_n_r_reg[4]/C
                         clock pessimism              0.000     3.758    
                         clock uncertainty           -0.046     3.712    
    SLICE_X0Y332         FDCE (Setup_EFF2_SLICEL_C_CE)
                                                     -0.060     3.652    u_camera_hdmi/u_hdmi/u_phy/u_vphy/inst/gt_wrapper_inst/inst/gen_gtwizard_gtye4_top.vid_phy_controller_0_gtwrapper_gtwizard_gtye4_inst/gen_gtwizard_gtye4.gen_pwrgood_delay_inst[1].delay_powergood_inst/gen_powergood_delay.intclk_rrst_n_r_reg[4]
  -------------------------------------------------------------------
                         required time                          3.652    
                         arrival time                          -1.129    
  -------------------------------------------------------------------
                         slack                                  2.523    





Pulse Width Checks
--------------------------------------------------------------------------------------
Clock Name:         GTYE4_CHANNEL_TXOUTCLKPCS[1]
Waveform(ns):       { 0.000 1.684 }
Period(ns):         3.367
Sources:            { u_camera_hdmi/u_hdmi/u_phy/u_vphy/inst/gt_wrapper_inst/inst/gen_gtwizard_gtye4_top.vid_phy_controller_0_gtwrapper_gtwizard_gtye4_inst/gen_gtwizard_gtye4.gen_channel_container[5].gen_enabled_channel.gtye4_channel_wrapper_inst/channel_inst/gtye4_channel_gen.gen_gtye4_channel_inst[1].GTYE4_CHANNEL_PRIM_INST/TXOUTCLKPCS }

Check Type        Corner  Lib Pin  Reference Pin  Required(ns)  Actual(ns)  Slack(ns)  Location      Pin
Min Period        n/a     FDCE/C   n/a            0.550         3.367       2.817      SLICE_X0Y335  u_camera_hdmi/u_hdmi/u_phy/u_vphy/inst/gt_wrapper_inst/inst/gen_gtwizard_gtye4_top.vid_phy_controller_0_gtwrapper_gtwizard_gtye4_inst/gen_gtwizard_gtye4.gen_pwrgood_delay_inst[1].delay_powergood_inst/gen_powergood_delay.int_pwr_on_fsm_reg/C
Low Pulse Width   Slow    FDCE/C   n/a            0.275         1.683       1.408      SLICE_X0Y335  u_camera_hdmi/u_hdmi/u_phy/u_vphy/inst/gt_wrapper_inst/inst/gen_gtwizard_gtye4_top.vid_phy_controller_0_gtwrapper_gtwizard_gtye4_inst/gen_gtwizard_gtye4.gen_pwrgood_delay_inst[1].delay_powergood_inst/gen_powergood_delay.int_pwr_on_fsm_reg/C
High Pulse Width  Slow    FDCE/C   n/a            0.275         1.684       1.408      SLICE_X0Y335  u_camera_hdmi/u_hdmi/u_phy/u_vphy/inst/gt_wrapper_inst/inst/gen_gtwizard_gtye4_top.vid_phy_controller_0_gtwrapper_gtwizard_gtye4_inst/gen_gtwizard_gtye4.gen_pwrgood_delay_inst[1].delay_powergood_inst/gen_powergood_delay.int_pwr_on_fsm_reg/C



---------------------------------------------------------------------------------------------------
From Clock:  GTYE4_CHANNEL_TXOUTCLKPCS[2]
  To Clock:  GTYE4_CHANNEL_TXOUTCLKPCS[2]

Setup :            0  Failing Endpoints,  Worst Slack        2.465ns,  Total Violation        0.000ns
Hold  :           NA  Failing Endpoints,  Worst Slack           NA  ,  Total Violation           NA
PW    :            0  Failing Endpoints,  Worst Slack        1.408ns,  Total Violation        0.000ns
---------------------------------------------------------------------------------------------------


Max Delay Paths
--------------------------------------------------------------------------------------
Slack (MET) :             2.465ns  (required time - arrival time)
  Source:                 u_camera_hdmi/u_hdmi/u_phy/u_vphy/inst/gt_wrapper_inst/inst/gen_gtwizard_gtye4_top.vid_phy_controller_0_gtwrapper_gtwizard_gtye4_inst/gen_gtwizard_gtye4.gen_pwrgood_delay_inst[2].delay_powergood_inst/gen_powergood_delay.intclk_rrst_n_r_reg[4]/C
                            (rising edge-triggered cell FDCE clocked by GTYE4_CHANNEL_TXOUTCLKPCS[2]  {rise@0.000ns fall@1.684ns period=3.367ns})
  Destination:            u_camera_hdmi/u_hdmi/u_phy/u_vphy/inst/gt_wrapper_inst/inst/gen_gtwizard_gtye4_top.vid_phy_controller_0_gtwrapper_gtwizard_gtye4_inst/gen_gtwizard_gtye4.gen_pwrgood_delay_inst[2].delay_powergood_inst/gen_powergood_delay.wait_cnt_reg[0]/CE
                            (rising edge-triggered cell FDRE clocked by GTYE4_CHANNEL_TXOUTCLKPCS[2]  {rise@0.000ns fall@1.684ns period=3.367ns})
  Path Group:             GTYE4_CHANNEL_TXOUTCLKPCS[2]
  Path Type:              Setup (Max at Slow Process Corner)
  Requirement:            3.367ns  (GTYE4_CHANNEL_TXOUTCLKPCS[2] rise@3.367ns - GTYE4_CHANNEL_TXOUTCLKPCS[2] rise@0.000ns)
  Data Path Delay:        0.585ns  (logic 0.189ns (32.308%)  route 0.396ns (67.692%))
  Logic Levels:           1  (LUT2=1)
  Clock Path Skew:        -0.211ns (DCD - SCD + CPR)
    Destination Clock Delay (DCD):    0.452ns = ( 3.819 - 3.367 ) 
    Source Clock Delay      (SCD):    0.663ns
    Clock Pessimism Removal (CPR):    0.000ns
  Clock Uncertainty:      0.046ns  ((TSJ^2 + DJ^2)^1/2) / 2 + PE
    Total System Jitter     (TSJ):    0.071ns
    Discrete Jitter          (DJ):    0.060ns
    Phase Error              (PE):    0.000ns

    Location             Delay type                Incr(ns)  Path(ns)    Netlist Resource(s)
  -------------------------------------------------------------------    -------------------
                         (clock GTYE4_CHANNEL_TXOUTCLKPCS[2] rise edge)
                                                      0.000     0.000 r  
    GTYE4_CHANNEL_X0Y22  GTYE4_CHANNEL                0.000     0.000 r  u_camera_hdmi/u_hdmi/u_phy/u_vphy/inst/gt_wrapper_inst/inst/gen_gtwizard_gtye4_top.vid_phy_controller_0_gtwrapper_gtwizard_gtye4_inst/gen_gtwizard_gtye4.gen_channel_container[5].gen_enabled_channel.gtye4_channel_wrapper_inst/channel_inst/gtye4_channel_gen.gen_gtye4_channel_inst[2].GTYE4_CHANNEL_PRIM_INST/TXOUTCLKPCS
                         net (fo=15, estimated)       0.663     0.663    u_camera_hdmi/u_hdmi/u_phy/u_vphy/inst/gt_wrapper_inst/inst/gen_gtwizard_gtye4_top.vid_phy_controller_0_gtwrapper_gtwizard_gtye4_inst/gen_gtwizard_gtye4.gen_pwrgood_delay_inst[2].delay_powergood_inst/GTYE4_CHANNEL_TXOUTCLKPCS[0]
    SLICE_X1Y338         FDCE                                         r  u_camera_hdmi/u_hdmi/u_phy/u_vphy/inst/gt_wrapper_inst/inst/gen_gtwizard_gtye4_top.vid_phy_controller_0_gtwrapper_gtwizard_gtye4_inst/gen_gtwizard_gtye4.gen_pwrgood_delay_inst[2].delay_powergood_inst/gen_powergood_delay.intclk_rrst_n_r_reg[4]/C
  -------------------------------------------------------------------    -------------------
    SLICE_X1Y338         FDCE (Prop_EFF2_SLICEM_C_Q)
                                                      0.079     0.742 f  u_camera_hdmi/u_hdmi/u_phy/u_vphy/inst/gt_wrapper_inst/inst/gen_gtwizard_gtye4_top.vid_phy_controller_0_gtwrapper_gtwizard_gtye4_inst/gen_gtwizard_gtye4.gen_pwrgood_delay_inst[2].delay_powergood_inst/gen_powergood_delay.intclk_rrst_n_r_reg[4]/Q
                         net (fo=9, estimated)        0.175     0.917    u_camera_hdmi/u_hdmi/u_phy/u_vphy/inst/gt_wrapper_inst/inst/gen_gtwizard_gtye4_top.vid_phy_controller_0_gtwrapper_gtwizard_gtye4_inst/gen_gtwizard_gtye4.gen_pwrgood_delay_inst[2].delay_powergood_inst/gen_powergood_delay.intclk_rrst_n_r[4]
    SLICE_X0Y339         LUT2 (Prop_D5LUT_SLICEL_I0_O)
                                                      0.110     1.027 r  u_camera_hdmi/u_hdmi/u_phy/u_vphy/inst/gt_wrapper_inst/inst/gen_gtwizard_gtye4_top.vid_phy_controller_0_gtwrapper_gtwizard_gtye4_inst/gen_gtwizard_gtye4.gen_pwrgood_delay_inst[2].delay_powergood_inst/gen_powergood_delay.wait_cnt[0]_i_1__1/O
                         net (fo=1, estimated)        0.221     1.248    u_camera_hdmi/u_hdmi/u_phy/u_vphy/inst/gt_wrapper_inst/inst/gen_gtwizard_gtye4_top.vid_phy_controller_0_gtwrapper_gtwizard_gtye4_inst/gen_gtwizard_gtye4.gen_pwrgood_delay_inst[2].delay_powergood_inst/gen_powergood_delay.wait_cnt[0]_i_1__1_n_0
    SLICE_X1Y339         FDRE                                         r  u_camera_hdmi/u_hdmi/u_phy/u_vphy/inst/gt_wrapper_inst/inst/gen_gtwizard_gtye4_top.vid_phy_controller_0_gtwrapper_gtwizard_gtye4_inst/gen_gtwizard_gtye4.gen_pwrgood_delay_inst[2].delay_powergood_inst/gen_powergood_delay.wait_cnt_reg[0]/CE
  -------------------------------------------------------------------    -------------------

                         (clock GTYE4_CHANNEL_TXOUTCLKPCS[2] rise edge)
                                                      3.367     3.367 r  
    GTYE4_CHANNEL_X0Y22  GTYE4_CHANNEL                0.000     3.367 r  u_camera_hdmi/u_hdmi/u_phy/u_vphy/inst/gt_wrapper_inst/inst/gen_gtwizard_gtye4_top.vid_phy_controller_0_gtwrapper_gtwizard_gtye4_inst/gen_gtwizard_gtye4.gen_channel_container[5].gen_enabled_channel.gtye4_channel_wrapper_inst/channel_inst/gtye4_channel_gen.gen_gtye4_channel_inst[2].GTYE4_CHANNEL_PRIM_INST/TXOUTCLKPCS
                         net (fo=15, estimated)       0.452     3.819    u_camera_hdmi/u_hdmi/u_phy/u_vphy/inst/gt_wrapper_inst/inst/gen_gtwizard_gtye4_top.vid_phy_controller_0_gtwrapper_gtwizard_gtye4_inst/gen_gtwizard_gtye4.gen_pwrgood_delay_inst[2].delay_powergood_inst/GTYE4_CHANNEL_TXOUTCLKPCS[0]
    SLICE_X1Y339         FDRE                                         r  u_camera_hdmi/u_hdmi/u_phy/u_vphy/inst/gt_wrapper_inst/inst/gen_gtwizard_gtye4_top.vid_phy_controller_0_gtwrapper_gtwizard_gtye4_inst/gen_gtwizard_gtye4.gen_pwrgood_delay_inst[2].delay_powergood_inst/gen_powergood_delay.wait_cnt_reg[0]/C
                         clock pessimism              0.000     3.819    
                         clock uncertainty           -0.046     3.773    
    SLICE_X1Y339         FDRE (Setup_AFF2_SLICEM_C_CE)
                                                     -0.060     3.713    u_camera_hdmi/u_hdmi/u_phy/u_vphy/inst/gt_wrapper_inst/inst/gen_gtwizard_gtye4_top.vid_phy_controller_0_gtwrapper_gtwizard_gtye4_inst/gen_gtwizard_gtye4.gen_pwrgood_delay_inst[2].delay_powergood_inst/gen_powergood_delay.wait_cnt_reg[0]
  -------------------------------------------------------------------
                         required time                          3.713    
                         arrival time                          -1.248    
  -------------------------------------------------------------------
                         slack                                  2.465    





Pulse Width Checks
--------------------------------------------------------------------------------------
Clock Name:         GTYE4_CHANNEL_TXOUTCLKPCS[2]
Waveform(ns):       { 0.000 1.684 }
Period(ns):         3.367
Sources:            { u_camera_hdmi/u_hdmi/u_phy/u_vphy/inst/gt_wrapper_inst/inst/gen_gtwizard_gtye4_top.vid_phy_controller_0_gtwrapper_gtwizard_gtye4_inst/gen_gtwizard_gtye4.gen_channel_container[5].gen_enabled_channel.gtye4_channel_wrapper_inst/channel_inst/gtye4_channel_gen.gen_gtye4_channel_inst[2].GTYE4_CHANNEL_PRIM_INST/TXOUTCLKPCS }

Check Type        Corner  Lib Pin  Reference Pin  Required(ns)  Actual(ns)  Slack(ns)  Location      Pin
Min Period        n/a     FDCE/C   n/a            0.550         3.367       2.817      SLICE_X0Y339  u_camera_hdmi/u_hdmi/u_phy/u_vphy/inst/gt_wrapper_inst/inst/gen_gtwizard_gtye4_top.vid_phy_controller_0_gtwrapper_gtwizard_gtye4_inst/gen_gtwizard_gtye4.gen_pwrgood_delay_inst[2].delay_powergood_inst/gen_powergood_delay.int_pwr_on_fsm_reg/C
Low Pulse Width   Slow    FDCE/C   n/a            0.275         1.684       1.409      SLICE_X0Y339  u_camera_hdmi/u_hdmi/u_phy/u_vphy/inst/gt_wrapper_inst/inst/gen_gtwizard_gtye4_top.vid_phy_controller_0_gtwrapper_gtwizard_gtye4_inst/gen_gtwizard_gtye4.gen_pwrgood_delay_inst[2].delay_powergood_inst/gen_powergood_delay.int_pwr_on_fsm_reg/C
High Pulse Width  Slow    FDCE/C   n/a            0.275         1.684       1.408      SLICE_X0Y339  u_camera_hdmi/u_hdmi/u_phy/u_vphy/inst/gt_wrapper_inst/inst/gen_gtwizard_gtye4_top.vid_phy_controller_0_gtwrapper_gtwizard_gtye4_inst/gen_gtwizard_gtye4.gen_pwrgood_delay_inst[2].delay_powergood_inst/gen_powergood_delay.int_pwr_on_fsm_reg/C



---------------------------------------------------------------------------------------------------
From Clock:  GTYE4_CHANNEL_TXOUTCLKPCS[3]
  To Clock:  GTYE4_CHANNEL_TXOUTCLKPCS[3]

Setup :            0  Failing Endpoints,  Worst Slack        2.390ns,  Total Violation        0.000ns
Hold  :           NA  Failing Endpoints,  Worst Slack           NA  ,  Total Violation           NA
PW    :            0  Failing Endpoints,  Worst Slack        1.408ns,  Total Violation        0.000ns
---------------------------------------------------------------------------------------------------


Max Delay Paths
--------------------------------------------------------------------------------------
Slack (MET) :             2.390ns  (required time - arrival time)
  Source:                 u_camera_hdmi/u_hdmi/u_phy/u_vphy/inst/gt_wrapper_inst/inst/gen_gtwizard_gtye4_top.vid_phy_controller_0_gtwrapper_gtwizard_gtye4_inst/gen_gtwizard_gtye4.gen_pwrgood_delay_inst[3].delay_powergood_inst/gen_powergood_delay.int_pwr_on_fsm_reg/C
                            (rising edge-triggered cell FDCE clocked by GTYE4_CHANNEL_TXOUTCLKPCS[3]  {rise@0.000ns fall@1.684ns period=3.367ns})
  Destination:            u_camera_hdmi/u_hdmi/u_phy/u_vphy/inst/gt_wrapper_inst/inst/gen_gtwizard_gtye4_top.vid_phy_controller_0_gtwrapper_gtwizard_gtye4_inst/gen_gtwizard_gtye4.gen_pwrgood_delay_inst[3].delay_powergood_inst/gen_powergood_delay.wait_cnt_reg[5]/CE
                            (rising edge-triggered cell FDRE clocked by GTYE4_CHANNEL_TXOUTCLKPCS[3]  {rise@0.000ns fall@1.684ns period=3.367ns})
  Path Group:             GTYE4_CHANNEL_TXOUTCLKPCS[3]
  Path Type:              Setup (Max at Slow Process Corner)
  Requirement:            3.367ns  (GTYE4_CHANNEL_TXOUTCLKPCS[3] rise@3.367ns - GTYE4_CHANNEL_TXOUTCLKPCS[3] rise@0.000ns)
  Data Path Delay:        0.590ns  (logic 0.117ns (19.831%)  route 0.473ns (80.169%))
  Logic Levels:           1  (LUT1=1)
  Clock Path Skew:        -0.280ns (DCD - SCD + CPR)
    Destination Clock Delay (DCD):    0.453ns = ( 3.820 - 3.367 ) 
    Source Clock Delay      (SCD):    0.733ns
    Clock Pessimism Removal (CPR):    0.000ns
  Clock Uncertainty:      0.046ns  ((TSJ^2 + DJ^2)^1/2) / 2 + PE
    Total System Jitter     (TSJ):    0.071ns
    Discrete Jitter          (DJ):    0.060ns
    Phase Error              (PE):    0.000ns

    Location             Delay type                Incr(ns)  Path(ns)    Netlist Resource(s)
  -------------------------------------------------------------------    -------------------
                         (clock GTYE4_CHANNEL_TXOUTCLKPCS[3] rise edge)
                                                      0.000     0.000 r  
    GTYE4_CHANNEL_X0Y23  GTYE4_CHANNEL                0.000     0.000 r  u_camera_hdmi/u_hdmi/u_phy/u_vphy/inst/gt_wrapper_inst/inst/gen_gtwizard_gtye4_top.vid_phy_controller_0_gtwrapper_gtwizard_gtye4_inst/gen_gtwizard_gtye4.gen_channel_container[5].gen_enabled_channel.gtye4_channel_wrapper_inst/channel_inst/gtye4_channel_gen.gen_gtye4_channel_inst[3].GTYE4_CHANNEL_PRIM_INST/TXOUTCLKPCS
                         net (fo=15, estimated)       0.733     0.733    u_camera_hdmi/u_hdmi/u_phy/u_vphy/inst/gt_wrapper_inst/inst/gen_gtwizard_gtye4_top.vid_phy_controller_0_gtwrapper_gtwizard_gtye4_inst/gen_gtwizard_gtye4.gen_pwrgood_delay_inst[3].delay_powergood_inst/GTYE4_CHANNEL_TXOUTCLKPCS[0]
    SLICE_X1Y346         FDCE                                         r  u_camera_hdmi/u_hdmi/u_phy/u_vphy/inst/gt_wrapper_inst/inst/gen_gtwizard_gtye4_top.vid_phy_controller_0_gtwrapper_gtwizard_gtye4_inst/gen_gtwizard_gtye4.gen_pwrgood_delay_inst[3].delay_powergood_inst/gen_powergood_delay.int_pwr_on_fsm_reg/C
  -------------------------------------------------------------------    -------------------
    SLICE_X1Y346         FDCE (Prop_AFF2_SLICEM_C_Q)
                                                      0.080     0.813 f  u_camera_hdmi/u_hdmi/u_phy/u_vphy/inst/gt_wrapper_inst/inst/gen_gtwizard_gtye4_top.vid_phy_controller_0_gtwrapper_gtwizard_gtye4_inst/gen_gtwizard_gtye4.gen_pwrgood_delay_inst[3].delay_powergood_inst/gen_powergood_delay.int_pwr_on_fsm_reg/Q
                         net (fo=4, estimated)        0.155     0.968    u_camera_hdmi/u_hdmi/u_phy/u_vphy/inst/gt_wrapper_inst/inst/gen_gtwizard_gtye4_top.vid_phy_controller_0_gtwrapper_gtwizard_gtye4_inst/gen_gtwizard_gtye4.gen_pwrgood_delay_inst[3].delay_powergood_inst/gen_powergood_delay.int_pwr_on_fsm
    SLICE_X1Y348         LUT1 (Prop_C6LUT_SLICEM_I0_O)
                                                      0.037     1.005 r  u_camera_hdmi/u_hdmi/u_phy/u_vphy/inst/gt_wrapper_inst/inst/gen_gtwizard_gtye4_top.vid_phy_controller_0_gtwrapper_gtwizard_gtye4_inst/gen_gtwizard_gtye4.gen_pwrgood_delay_inst[3].delay_powergood_inst/gen_powergood_delay.intclk_rrst_n_r[4]_i_1__2/O
                         net (fo=12, estimated)       0.318     1.323    u_camera_hdmi/u_hdmi/u_phy/u_vphy/inst/gt_wrapper_inst/inst/gen_gtwizard_gtye4_top.vid_phy_controller_0_gtwrapper_gtwizard_gtye4_inst/gen_gtwizard_gtye4.gen_pwrgood_delay_inst[3].delay_powergood_inst/gen_powergood_delay.intclk_rrst_n_r[4]_i_1__2_n_0
    SLICE_X1Y350         FDRE                                         r  u_camera_hdmi/u_hdmi/u_phy/u_vphy/inst/gt_wrapper_inst/inst/gen_gtwizard_gtye4_top.vid_phy_controller_0_gtwrapper_gtwizard_gtye4_inst/gen_gtwizard_gtye4.gen_pwrgood_delay_inst[3].delay_powergood_inst/gen_powergood_delay.wait_cnt_reg[5]/CE
  -------------------------------------------------------------------    -------------------

                         (clock GTYE4_CHANNEL_TXOUTCLKPCS[3] rise edge)
                                                      3.367     3.367 r  
    GTYE4_CHANNEL_X0Y23  GTYE4_CHANNEL                0.000     3.367 r  u_camera_hdmi/u_hdmi/u_phy/u_vphy/inst/gt_wrapper_inst/inst/gen_gtwizard_gtye4_top.vid_phy_controller_0_gtwrapper_gtwizard_gtye4_inst/gen_gtwizard_gtye4.gen_channel_container[5].gen_enabled_channel.gtye4_channel_wrapper_inst/channel_inst/gtye4_channel_gen.gen_gtye4_channel_inst[3].GTYE4_CHANNEL_PRIM_INST/TXOUTCLKPCS
                         net (fo=15, estimated)       0.453     3.820    u_camera_hdmi/u_hdmi/u_phy/u_vphy/inst/gt_wrapper_inst/inst/gen_gtwizard_gtye4_top.vid_phy_controller_0_gtwrapper_gtwizard_gtye4_inst/gen_gtwizard_gtye4.gen_pwrgood_delay_inst[3].delay_powergood_inst/GTYE4_CHANNEL_TXOUTCLKPCS[0]
    SLICE_X1Y350         FDRE                                         r  u_camera_hdmi/u_hdmi/u_phy/u_vphy/inst/gt_wrapper_inst/inst/gen_gtwizard_gtye4_top.vid_phy_controller_0_gtwrapper_gtwizard_gtye4_inst/gen_gtwizard_gtye4.gen_pwrgood_delay_inst[3].delay_powergood_inst/gen_powergood_delay.wait_cnt_reg[5]/C
                         clock pessimism              0.000     3.820    
                         clock uncertainty           -0.046     3.774    
    SLICE_X1Y350         FDRE (Setup_EFF2_SLICEM_C_CE)
                                                     -0.061     3.713    u_camera_hdmi/u_hdmi/u_phy/u_vphy/inst/gt_wrapper_inst/inst/gen_gtwizard_gtye4_top.vid_phy_controller_0_gtwrapper_gtwizard_gtye4_inst/gen_gtwizard_gtye4.gen_pwrgood_delay_inst[3].delay_powergood_inst/gen_powergood_delay.wait_cnt_reg[5]
  -------------------------------------------------------------------
                         required time                          3.713    
                         arrival time                          -1.323    
  -------------------------------------------------------------------
                         slack                                  2.390    





Pulse Width Checks
--------------------------------------------------------------------------------------
Clock Name:         GTYE4_CHANNEL_TXOUTCLKPCS[3]
Waveform(ns):       { 0.000 1.684 }
Period(ns):         3.367
Sources:            { u_camera_hdmi/u_hdmi/u_phy/u_vphy/inst/gt_wrapper_inst/inst/gen_gtwizard_gtye4_top.vid_phy_controller_0_gtwrapper_gtwizard_gtye4_inst/gen_gtwizard_gtye4.gen_channel_container[5].gen_enabled_channel.gtye4_channel_wrapper_inst/channel_inst/gtye4_channel_gen.gen_gtye4_channel_inst[3].GTYE4_CHANNEL_PRIM_INST/TXOUTCLKPCS }

Check Type        Corner  Lib Pin  Reference Pin  Required(ns)  Actual(ns)  Slack(ns)  Location      Pin
Min Period        n/a     FDCE/C   n/a            0.550         3.367       2.817      SLICE_X1Y346  u_camera_hdmi/u_hdmi/u_phy/u_vphy/inst/gt_wrapper_inst/inst/gen_gtwizard_gtye4_top.vid_phy_controller_0_gtwrapper_gtwizard_gtye4_inst/gen_gtwizard_gtye4.gen_pwrgood_delay_inst[3].delay_powergood_inst/gen_powergood_delay.int_pwr_on_fsm_reg/C
Low Pulse Width   Slow    FDCE/C   n/a            0.275         1.684       1.409      SLICE_X1Y346  u_camera_hdmi/u_hdmi/u_phy/u_vphy/inst/gt_wrapper_inst/inst/gen_gtwizard_gtye4_top.vid_phy_controller_0_gtwrapper_gtwizard_gtye4_inst/gen_gtwizard_gtye4.gen_pwrgood_delay_inst[3].delay_powergood_inst/gen_powergood_delay.int_pwr_on_fsm_reg/C
High Pulse Width  Slow    FDCE/C   n/a            0.275         1.683       1.408      SLICE_X1Y346  u_camera_hdmi/u_hdmi/u_phy/u_vphy/inst/gt_wrapper_inst/inst/gen_gtwizard_gtye4_top.vid_phy_controller_0_gtwrapper_gtwizard_gtye4_inst/gen_gtwizard_gtye4.gen_pwrgood_delay_inst[3].delay_powergood_inst/gen_powergood_delay.int_pwr_on_fsm_reg/C



---------------------------------------------------------------------------------------------------
From Clock:  GTYE4_CHANNEL_TXOUTCLK[0]
  To Clock:  GTYE4_CHANNEL_TXOUTCLK[0]

Setup :           NA  Failing Endpoints,  Worst Slack           NA  ,  Total Violation           NA
Hold  :           NA  Failing Endpoints,  Worst Slack           NA  ,  Total Violation           NA
PW    :            0  Failing Endpoints,  Worst Slack        2.077ns,  Total Violation        0.000ns
---------------------------------------------------------------------------------------------------


Pulse Width Checks
--------------------------------------------------------------------------------------
Clock Name:         GTYE4_CHANNEL_TXOUTCLK[0]
Waveform(ns):       { 0.000 1.684 }
Period(ns):         3.367
Sources:            { u_camera_hdmi/u_hdmi/u_phy/u_vphy/inst/gt_wrapper_inst/inst/gen_gtwizard_gtye4_top.vid_phy_controller_0_gtwrapper_gtwizard_gtye4_inst/gen_gtwizard_gtye4.gen_channel_container[5].gen_enabled_channel.gtye4_channel_wrapper_inst/channel_inst/gtye4_channel_gen.gen_gtye4_channel_inst[0].GTYE4_CHANNEL_PRIM_INST/TXOUTCLK }

Check Type  Corner  Lib Pin    Reference Pin  Required(ns)  Actual(ns)  Slack(ns)  Location        Pin
Min Period  n/a     BUFG_GT/I  n/a            1.290         3.367       2.077      BUFG_GT_X0Y139  u_camera_hdmi/u_hdmi/u_phy/u_vphy/inst/gt_usrclk_source_inst/tx_mmcm.bufg_gt_tx_usrclk_inst/I



---------------------------------------------------------------------------------------------------
From Clock:  txoutclk
  To Clock:  txoutclk

Setup :            0  Failing Endpoints,  Worst Slack        0.978ns,  Total Violation        0.000ns
Hold  :           NA  Failing Endpoints,  Worst Slack           NA  ,  Total Violation           NA
PW    :            0  Failing Endpoints,  Worst Slack        0.585ns,  Total Violation        0.000ns
---------------------------------------------------------------------------------------------------


Max Delay Paths
--------------------------------------------------------------------------------------
Slack (MET) :             0.978ns  (required time - arrival time)
  Source:                 u_camera_hdmi/u_hdmi/u_tx/u_hdmi_tx/inst/v_hdmi_tx/inst/SYS_INST/CORE_INST/CH0_INST/VID_WO_ARB.VID_INST/lclk_cfg_cd_reg[0]/C
                            (rising edge-triggered cell FDCE clocked by txoutclk  {rise@0.000ns fall@1.684ns period=3.367ns})
  Destination:            u_camera_hdmi/u_hdmi/u_tx/u_hdmi_tx/inst/v_hdmi_tx/inst/SYS_INST/CORE_INST/CH0_INST/VID_WO_ARB.VID_INST/lclk_lnk_reg[ctl][0][1]/CE
                            (rising edge-triggered cell FDCE clocked by txoutclk  {rise@0.000ns fall@1.684ns period=3.367ns})
  Path Group:             txoutclk
  Path Type:              Setup (Max at Slow Process Corner)
  Requirement:            3.367ns  (txoutclk rise@3.367ns - txoutclk rise@0.000ns)
  Data Path Delay:        2.168ns  (logic 0.346ns (15.959%)  route 1.822ns (84.041%))
  Logic Levels:           4  (LUT2=1 LUT3=1 LUT6=2)
  Clock Path Skew:        -0.115ns (DCD - SCD + CPR)
    Destination Clock Delay (DCD):    1.579ns = ( 4.946 - 3.367 ) 
    Source Clock Delay      (SCD):    1.772ns
    Clock Pessimism Removal (CPR):    0.078ns
  Clock Uncertainty:      0.046ns  ((TSJ^2 + DJ^2)^1/2) / 2 + PE
    Total System Jitter     (TSJ):    0.071ns
    Discrete Jitter          (DJ):    0.060ns
    Phase Error              (PE):    0.000ns
  Clock Net Delay (Source):      1.557ns (routing 0.629ns, distribution 0.928ns)
  Clock Net Delay (Destination): 1.387ns (routing 0.574ns, distribution 0.813ns)

    Location             Delay type                Incr(ns)  Path(ns)    Netlist Resource(s)
  -------------------------------------------------------------------    -------------------
                         (clock txoutclk rise edge)
                                                      0.000     0.000 r  
    GTYE4_CHANNEL_X0Y20  GTYE4_CHANNEL                0.000     0.000 r  u_camera_hdmi/u_hdmi/u_phy/u_vphy/inst/gt_wrapper_inst/inst/gen_gtwizard_gtye4_top.vid_phy_controller_0_gtwrapper_gtwizard_gtye4_inst/gen_gtwizard_gtye4.gen_channel_container[5].gen_enabled_channel.gtye4_channel_wrapper_inst/channel_inst/gtye4_channel_gen.gen_gtye4_channel_inst[0].GTYE4_CHANNEL_PRIM_INST/TXOUTCLK
                         net (fo=3, estimated)        0.085     0.085    u_camera_hdmi/u_hdmi/u_phy/u_vphy/inst/gt_usrclk_source_inst/txoutclk_out[0]
    BUFG_GT_X0Y139       BUFG_GT (Prop_BUFG_GT_I_O)
                                                      0.130     0.215 r  u_camera_hdmi/u_hdmi/u_phy/u_vphy/inst/gt_usrclk_source_inst/tx_mmcm.bufg_gt_tx_usrclk_inst/O
    X1Y5 (CLOCK_ROOT)    net (fo=4833, estimated)     1.557     1.772    u_camera_hdmi/u_hdmi/u_tx/u_hdmi_tx/inst/v_hdmi_tx/inst/SYS_INST/CORE_INST/CH0_INST/VID_WO_ARB.VID_INST/link_clk
    SLICE_X78Y350        FDCE                                         r  u_camera_hdmi/u_hdmi/u_tx/u_hdmi_tx/inst/v_hdmi_tx/inst/SYS_INST/CORE_INST/CH0_INST/VID_WO_ARB.VID_INST/lclk_cfg_cd_reg[0]/C
  -------------------------------------------------------------------    -------------------
    SLICE_X78Y350        FDCE (Prop_AFF_SLICEL_C_Q)
                                                      0.079     1.851 f  u_camera_hdmi/u_hdmi/u_tx/u_hdmi_tx/inst/v_hdmi_tx/inst/SYS_INST/CORE_INST/CH0_INST/VID_WO_ARB.VID_INST/lclk_cfg_cd_reg[0]/Q
                         net (fo=104, estimated)      0.577     2.428    u_camera_hdmi/u_hdmi/u_tx/u_hdmi_tx/inst/v_hdmi_tx/inst/SYS_INST/CORE_INST/CH0_INST/VID_WO_ARB.VID_INST/lclk_cfg_cd_reg[0]_0
    SLICE_X70Y373        LUT2 (Prop_D6LUT_SLICEL_I0_O)
                                                      0.089     2.517 f  u_camera_hdmi/u_hdmi/u_tx/u_hdmi_tx/inst/v_hdmi_tx/inst/SYS_INST/CORE_INST/CH0_INST/VID_WO_ARB.VID_INST/lclk_lnk[ctl][0][1]_i_5__1/O
                         net (fo=31, estimated)       0.395     2.912    u_camera_hdmi/u_hdmi/u_tx/u_hdmi_tx/inst/v_hdmi_tx/inst/SYS_INST/CORE_INST/CH0_INST/VID_WO_ARB.VID_INST/FIFO_INST/lclk_lnk_reg[ctl][0][0]_1
    SLICE_X75Y366        LUT6 (Prop_F6LUT_SLICEL_I0_O)
                                                      0.089     3.001 r  u_camera_hdmi/u_hdmi/u_tx/u_hdmi_tx/inst/v_hdmi_tx/inst/SYS_INST/CORE_INST/CH0_INST/VID_WO_ARB.VID_INST/FIFO_INST/lclk_lnk[strb][0]_i_6/O
                         net (fo=1, estimated)        0.186     3.187    u_camera_hdmi/u_hdmi/u_tx/u_hdmi_tx/inst/v_hdmi_tx/inst/SYS_INST/CORE_INST/CH0_INST/VID_WO_ARB.VID_INST/FIFO_INST/lclk_lnk[strb][0]_i_6_n_0
    SLICE_X76Y367        LUT6 (Prop_H6LUT_SLICEM_I5_O)
                                                      0.039     3.226 f  u_camera_hdmi/u_hdmi/u_tx/u_hdmi_tx/inst/v_hdmi_tx/inst/SYS_INST/CORE_INST/CH0_INST/VID_WO_ARB.VID_INST/FIFO_INST/lclk_lnk[strb][0]_i_1/O
                         net (fo=2, estimated)        0.307     3.533    u_camera_hdmi/u_hdmi/u_tx/u_hdmi_tx/inst/v_hdmi_tx/inst/SYS_INST/CORE_INST/CH0_INST/VID_WO_ARB.VID_INST/FIFO_INST/D[0]
    SLICE_X75Y375        LUT3 (Prop_D6LUT_SLICEL_I2_O)
                                                      0.050     3.583 r  u_camera_hdmi/u_hdmi/u_tx/u_hdmi_tx/inst/v_hdmi_tx/inst/SYS_INST/CORE_INST/CH0_INST/VID_WO_ARB.VID_INST/FIFO_INST/lclk_lnk[ctl][0][1]_i_1/O
                         net (fo=2, estimated)        0.357     3.940    u_camera_hdmi/u_hdmi/u_tx/u_hdmi_tx/inst/v_hdmi_tx/inst/SYS_INST/CORE_INST/CH0_INST/VID_WO_ARB.VID_INST/FIFO_INST_n_44
    SLICE_X75Y366        FDCE                                         r  u_camera_hdmi/u_hdmi/u_tx/u_hdmi_tx/inst/v_hdmi_tx/inst/SYS_INST/CORE_INST/CH0_INST/VID_WO_ARB.VID_INST/lclk_lnk_reg[ctl][0][1]/CE
  -------------------------------------------------------------------    -------------------

                         (clock txoutclk rise edge)
                                                      3.367     3.367 r  
    GTYE4_CHANNEL_X0Y20  GTYE4_CHANNEL                0.000     3.367 r  u_camera_hdmi/u_hdmi/u_phy/u_vphy/inst/gt_wrapper_inst/inst/gen_gtwizard_gtye4_top.vid_phy_controller_0_gtwrapper_gtwizard_gtye4_inst/gen_gtwizard_gtye4.gen_channel_container[5].gen_enabled_channel.gtye4_channel_wrapper_inst/channel_inst/gtye4_channel_gen.gen_gtye4_channel_inst[0].GTYE4_CHANNEL_PRIM_INST/TXOUTCLK
                         net (fo=3, estimated)        0.078     3.445    u_camera_hdmi/u_hdmi/u_phy/u_vphy/inst/gt_usrclk_source_inst/txoutclk_out[0]
    BUFG_GT_X0Y139       BUFG_GT (Prop_BUFG_GT_I_O)
                                                      0.114     3.559 r  u_camera_hdmi/u_hdmi/u_phy/u_vphy/inst/gt_usrclk_source_inst/tx_mmcm.bufg_gt_tx_usrclk_inst/O
    X1Y5 (CLOCK_ROOT)    net (fo=4833, estimated)     1.387     4.946    u_camera_hdmi/u_hdmi/u_tx/u_hdmi_tx/inst/v_hdmi_tx/inst/SYS_INST/CORE_INST/CH0_INST/VID_WO_ARB.VID_INST/link_clk
    SLICE_X75Y366        FDCE                                         r  u_camera_hdmi/u_hdmi/u_tx/u_hdmi_tx/inst/v_hdmi_tx/inst/SYS_INST/CORE_INST/CH0_INST/VID_WO_ARB.VID_INST/lclk_lnk_reg[ctl][0][1]/C
                         clock pessimism              0.078     5.024    
                         clock uncertainty           -0.046     4.978    
    SLICE_X75Y366        FDCE (Setup_DFF_SLICEL_C_CE)
                                                     -0.060     4.918    u_camera_hdmi/u_hdmi/u_tx/u_hdmi_tx/inst/v_hdmi_tx/inst/SYS_INST/CORE_INST/CH0_INST/VID_WO_ARB.VID_INST/lclk_lnk_reg[ctl][0][1]
  -------------------------------------------------------------------
                         required time                          4.918    
                         arrival time                          -3.940    
  -------------------------------------------------------------------
                         slack                                  0.978    





Pulse Width Checks
--------------------------------------------------------------------------------------
Clock Name:         txoutclk
Waveform(ns):       { 0.000 1.684 }
Period(ns):         3.367
Sources:            { u_camera_hdmi/u_hdmi/u_phy/u_vphy/inst/gt_usrclk_source_inst/tx_mmcm.bufg_gt_tx_usrclk_inst/O }

Check Type        Corner  Lib Pin                 Reference Pin            Required(ns)  Actual(ns)  Slack(ns)  Location             Pin
Min Period        n/a     GTYE4_CHANNEL/TXUSRCLK  n/a                      1.954         3.367       1.413      GTYE4_CHANNEL_X0Y20  u_camera_hdmi/u_hdmi/u_phy/u_vphy/inst/gt_wrapper_inst/inst/gen_gtwizard_gtye4_top.vid_phy_controller_0_gtwrapper_gtwizard_gtye4_inst/gen_gtwizard_gtye4.gen_channel_container[5].gen_enabled_channel.gtye4_channel_wrapper_inst/channel_inst/gtye4_channel_gen.gen_gtye4_channel_inst[0].GTYE4_CHANNEL_PRIM_INST/TXUSRCLK
Low Pulse Width   Slow    GTYE4_CHANNEL/TXUSRCLK  n/a                      0.880         1.684       0.804      GTYE4_CHANNEL_X0Y20  u_camera_hdmi/u_hdmi/u_phy/u_vphy/inst/gt_wrapper_inst/inst/gen_gtwizard_gtye4_top.vid_phy_controller_0_gtwrapper_gtwizard_gtye4_inst/gen_gtwizard_gtye4.gen_channel_container[5].gen_enabled_channel.gtye4_channel_wrapper_inst/channel_inst/gtye4_channel_gen.gen_gtye4_channel_inst[0].GTYE4_CHANNEL_PRIM_INST/TXUSRCLK
High Pulse Width  Slow    GTYE4_CHANNEL/TXUSRCLK  n/a                      0.880         1.683       0.803      GTYE4_CHANNEL_X0Y20  u_camera_hdmi/u_hdmi/u_phy/u_vphy/inst/gt_wrapper_inst/inst/gen_gtwizard_gtye4_top.vid_phy_controller_0_gtwrapper_gtwizard_gtye4_inst/gen_gtwizard_gtye4.gen_channel_container[5].gen_enabled_channel.gtye4_channel_wrapper_inst/channel_inst/gtye4_channel_gen.gen_gtye4_channel_inst[0].GTYE4_CHANNEL_PRIM_INST/TXUSRCLK
Max Skew          Slow    GTYE4_CHANNEL/TXUSRCLK  GTYE4_CHANNEL/TXUSRCLK2  0.624         0.039       0.585      GTYE4_CHANNEL_X0Y20  u_camera_hdmi/u_hdmi/u_phy/u_vphy/inst/gt_wrapper_inst/inst/gen_gtwizard_gtye4_top.vid_phy_controller_0_gtwrapper_gtwizard_gtye4_inst/gen_gtwizard_gtye4.gen_channel_container[5].gen_enabled_channel.gtye4_channel_wrapper_inst/channel_inst/gtye4_channel_gen.gen_gtye4_channel_inst[0].GTYE4_CHANNEL_PRIM_INST/TXUSRCLK



---------------------------------------------------------------------------------------------------
From Clock:  GTYE4_CHANNEL_TXOUTCLK[1]
  To Clock:  GTYE4_CHANNEL_TXOUTCLK[1]

Setup :           NA  Failing Endpoints,  Worst Slack           NA  ,  Total Violation           NA
Hold  :           NA  Failing Endpoints,  Worst Slack           NA  ,  Total Violation           NA
PW    :            0  Failing Endpoints,  Worst Slack        2.077ns,  Total Violation        0.000ns
---------------------------------------------------------------------------------------------------


Pulse Width Checks
--------------------------------------------------------------------------------------
Clock Name:         GTYE4_CHANNEL_TXOUTCLK[1]
Waveform(ns):       { 0.000 1.684 }
Period(ns):         3.367
Sources:            { u_camera_hdmi/u_hdmi/u_phy/u_vphy/inst/gt_wrapper_inst/inst/gen_gtwizard_gtye4_top.vid_phy_controller_0_gtwrapper_gtwizard_gtye4_inst/gen_gtwizard_gtye4.gen_channel_container[5].gen_enabled_channel.gtye4_channel_wrapper_inst/channel_inst/gtye4_channel_gen.gen_gtye4_channel_inst[1].GTYE4_CHANNEL_PRIM_INST/TXOUTCLK }

Check Type  Corner  Lib Pin    Reference Pin  Required(ns)  Actual(ns)  Slack(ns)  Location        Pin
Min Period  n/a     BUFG_GT/I  n/a            1.290         3.367       2.077      BUFG_GT_X0Y142  u_camera_hdmi/u_hdmi/u_phy/u_vphy/inst/gt_wrapper_inst/inst/gen_gtwizard_gtye4_top.vid_phy_controller_0_gtwrapper_gtwizard_gtye4_inst/gen_gtwizard_gtye4.gen_cpll_cal_gtye4.gen_cpll_cal_inst[1].gen_inst_cpll_cal.gtwizard_ultrascale_v1_7_17_gtye4_cpll_cal_inst/gtwizard_ultrascale_v1_7_17_gtye4_cpll_cal_tx_i/bufg_gt_txoutclkmon_inst/I



---------------------------------------------------------------------------------------------------
From Clock:  GTYE4_CHANNEL_TXOUTCLK[2]
  To Clock:  GTYE4_CHANNEL_TXOUTCLK[2]

Setup :           NA  Failing Endpoints,  Worst Slack           NA  ,  Total Violation           NA
Hold  :           NA  Failing Endpoints,  Worst Slack           NA  ,  Total Violation           NA
PW    :            0  Failing Endpoints,  Worst Slack        2.077ns,  Total Violation        0.000ns
---------------------------------------------------------------------------------------------------


Pulse Width Checks
--------------------------------------------------------------------------------------
Clock Name:         GTYE4_CHANNEL_TXOUTCLK[2]
Waveform(ns):       { 0.000 1.684 }
Period(ns):         3.367
Sources:            { u_camera_hdmi/u_hdmi/u_phy/u_vphy/inst/gt_wrapper_inst/inst/gen_gtwizard_gtye4_top.vid_phy_controller_0_gtwrapper_gtwizard_gtye4_inst/gen_gtwizard_gtye4.gen_channel_container[5].gen_enabled_channel.gtye4_channel_wrapper_inst/channel_inst/gtye4_channel_gen.gen_gtye4_channel_inst[2].GTYE4_CHANNEL_PRIM_INST/TXOUTCLK }

Check Type  Corner  Lib Pin    Reference Pin  Required(ns)  Actual(ns)  Slack(ns)  Location        Pin
Min Period  n/a     BUFG_GT/I  n/a            1.290         3.367       2.077      BUFG_GT_X0Y122  u_camera_hdmi/u_hdmi/u_phy/u_vphy/inst/gt_wrapper_inst/inst/gen_gtwizard_gtye4_top.vid_phy_controller_0_gtwrapper_gtwizard_gtye4_inst/gen_gtwizard_gtye4.gen_cpll_cal_gtye4.gen_cpll_cal_inst[2].gen_inst_cpll_cal.gtwizard_ultrascale_v1_7_17_gtye4_cpll_cal_inst/gtwizard_ultrascale_v1_7_17_gtye4_cpll_cal_tx_i/bufg_gt_txoutclkmon_inst/I



---------------------------------------------------------------------------------------------------
From Clock:  GTYE4_CHANNEL_TXOUTCLK[3]
  To Clock:  GTYE4_CHANNEL_TXOUTCLK[3]

Setup :           NA  Failing Endpoints,  Worst Slack           NA  ,  Total Violation           NA
Hold  :           NA  Failing Endpoints,  Worst Slack           NA  ,  Total Violation           NA
PW    :            0  Failing Endpoints,  Worst Slack        2.077ns,  Total Violation        0.000ns
---------------------------------------------------------------------------------------------------


Pulse Width Checks
--------------------------------------------------------------------------------------
Clock Name:         GTYE4_CHANNEL_TXOUTCLK[3]
Waveform(ns):       { 0.000 1.684 }
Period(ns):         3.367
Sources:            { u_camera_hdmi/u_hdmi/u_phy/u_vphy/inst/gt_wrapper_inst/inst/gen_gtwizard_gtye4_top.vid_phy_controller_0_gtwrapper_gtwizard_gtye4_inst/gen_gtwizard_gtye4.gen_channel_container[5].gen_enabled_channel.gtye4_channel_wrapper_inst/channel_inst/gtye4_channel_gen.gen_gtye4_channel_inst[3].GTYE4_CHANNEL_PRIM_INST/TXOUTCLK }

Check Type  Corner  Lib Pin    Reference Pin  Required(ns)  Actual(ns)  Slack(ns)  Location        Pin
Min Period  n/a     BUFG_GT/I  n/a            1.290         3.367       2.077      BUFG_GT_X0Y124  u_camera_hdmi/u_hdmi/u_phy/u_vphy/inst/gt_wrapper_inst/inst/gen_gtwizard_gtye4_top.vid_phy_controller_0_gtwrapper_gtwizard_gtye4_inst/gen_gtwizard_gtye4.gen_cpll_cal_gtye4.gen_cpll_cal_inst[3].gen_inst_cpll_cal.gtwizard_ultrascale_v1_7_17_gtye4_cpll_cal_inst/gtwizard_ultrascale_v1_7_17_gtye4_cpll_cal_tx_i/bufg_gt_txoutclkmon_inst/I



---------------------------------------------------------------------------------------------------
From Clock:  hdmi_tx_mgt_refclk
  To Clock:  hdmi_tx_mgt_refclk

Setup :            0  Failing Endpoints,  Worst Slack        2.369ns,  Total Violation        0.000ns
Hold  :           NA  Failing Endpoints,  Worst Slack           NA  ,  Total Violation           NA
PW    :            0  Failing Endpoints,  Worst Slack        0.505ns,  Total Violation        0.000ns
---------------------------------------------------------------------------------------------------


Max Delay Paths
--------------------------------------------------------------------------------------
Slack (MET) :             2.369ns  (required time - arrival time)
  Source:                 u_camera_hdmi/u_hdmi/u_phy/u_vphy/inst/clock_detector_inst/TXCLK_RUN_SYNC_INST/syncstages_ff_reg[2]/C
                            (rising edge-triggered cell FDRE clocked by hdmi_tx_mgt_refclk  {rise@0.000ns fall@1.684ns period=3.367ns})
  Destination:            u_camera_hdmi/u_hdmi/u_phy/u_vphy/inst/clock_detector_inst/txclk_freq_cnt_reg[4]/CE
                            (rising edge-triggered cell FDCE clocked by hdmi_tx_mgt_refclk  {rise@0.000ns fall@1.684ns period=3.367ns})
  Path Group:             hdmi_tx_mgt_refclk
  Path Type:              Setup (Max at Slow Process Corner)
  Requirement:            3.367ns  (hdmi_tx_mgt_refclk rise@3.367ns - hdmi_tx_mgt_refclk rise@0.000ns)
  Data Path Delay:        0.724ns  (logic 0.080ns (11.050%)  route 0.644ns (88.950%))
  Logic Levels:           0  
  Clock Path Skew:        -0.179ns (DCD - SCD + CPR)
    Destination Clock Delay (DCD):    2.249ns = ( 5.616 - 3.367 ) 
    Source Clock Delay      (SCD):    2.826ns
    Clock Pessimism Removal (CPR):    0.399ns
  Clock Uncertainty:      0.035ns  ((TSJ^2 + TIJ^2)^1/2 + DJ) / 2 + PE
    Total System Jitter     (TSJ):    0.071ns
    Total Input Jitter      (TIJ):    0.000ns
    Discrete Jitter          (DJ):    0.000ns
    Phase Error              (PE):    0.000ns
  Clock Net Delay (Source):      2.229ns (routing 1.123ns, distribution 1.106ns)
  Clock Net Delay (Destination): 1.949ns (routing 1.022ns, distribution 0.927ns)

    Location             Delay type                Incr(ns)  Path(ns)    Netlist Resource(s)
  -------------------------------------------------------------------    -------------------
                         (clock hdmi_tx_mgt_refclk rise edge)
                                                      0.000     0.000 r  
    GTYE4_COMMON_X0Y6                                 0.000     0.000 r  hdmi_tx_refclk_p (IN)
                         net (fo=0)                   0.000     0.000    u_camera_hdmi/u_hdmi/u_phy/u_tx_refclk_ibuf/U0/IBUF_DS_P[0]
    GTYE4_COMMON_X0Y6    IBUFDS_GTE4 (Prop_IBUFDS0_GTYE4_GTYE4_COMMON_I_ODIV2)
                                                      0.382     0.382 r  u_camera_hdmi/u_hdmi/u_phy/u_tx_refclk_ibuf/U0/USE_IBUFDS_GTE4.GEN_IBUFDS_GTE4[0].IBUFDS_GTE4_I/ODIV2
                         net (fo=2, estimated)        0.085     0.467    u_camera_hdmi/u_hdmi/u_phy/u_tx_refclk_bufg/U0/BUFG_GT_I[0]
    BUFG_GT_X0Y155       BUFG_GT (Prop_BUFG_GT_I_O)
                                                      0.130     0.597 r  u_camera_hdmi/u_hdmi/u_phy/u_tx_refclk_bufg/U0/USE_BUFG_GT.GEN_BUFG_GT[0].BUFG_GT_U/O
    X2Y5 (CLOCK_ROOT)    net (fo=25, estimated)       2.229     2.826    u_camera_hdmi/u_hdmi/u_phy/u_vphy/inst/clock_detector_inst/TXCLK_RUN_SYNC_INST/dest_clk
    SLICE_X12Y361        FDRE                                         r  u_camera_hdmi/u_hdmi/u_phy/u_vphy/inst/clock_detector_inst/TXCLK_RUN_SYNC_INST/syncstages_ff_reg[2]/C
  -------------------------------------------------------------------    -------------------
    SLICE_X12Y361        FDRE (Prop_BFF2_SLICEL_C_Q)
                                                      0.080     2.906 r  u_camera_hdmi/u_hdmi/u_phy/u_vphy/inst/clock_detector_inst/TXCLK_RUN_SYNC_INST/syncstages_ff_reg[2]/Q
                         net (fo=18, estimated)       0.644     3.550    u_camera_hdmi/u_hdmi/u_phy/u_vphy/inst/clock_detector_inst/txclk_run
    SLICE_X9Y358         FDCE                                         r  u_camera_hdmi/u_hdmi/u_phy/u_vphy/inst/clock_detector_inst/txclk_freq_cnt_reg[4]/CE
  -------------------------------------------------------------------    -------------------

                         (clock hdmi_tx_mgt_refclk rise edge)
                                                      3.367     3.367 r  
    GTYE4_COMMON_X0Y6                                 0.000     3.367 r  hdmi_tx_refclk_p (IN)
                         net (fo=0)                   0.000     3.367    u_camera_hdmi/u_hdmi/u_phy/u_tx_refclk_ibuf/U0/IBUF_DS_P[0]
    GTYE4_COMMON_X0Y6    IBUFDS_GTE4 (Prop_IBUFDS0_GTYE4_GTYE4_COMMON_I_ODIV2)
                                                      0.108     3.475 r  u_camera_hdmi/u_hdmi/u_phy/u_tx_refclk_ibuf/U0/USE_IBUFDS_GTE4.GEN_IBUFDS_GTE4[0].IBUFDS_GTE4_I/ODIV2
                         net (fo=2, estimated)        0.078     3.553    u_camera_hdmi/u_hdmi/u_phy/u_tx_refclk_bufg/U0/BUFG_GT_I[0]
    BUFG_GT_X0Y155       BUFG_GT (Prop_BUFG_GT_I_O)
                                                      0.114     3.667 r  u_camera_hdmi/u_hdmi/u_phy/u_tx_refclk_bufg/U0/USE_BUFG_GT.GEN_BUFG_GT[0].BUFG_GT_U/O
    X2Y5 (CLOCK_ROOT)    net (fo=25, estimated)       1.949     5.616    u_camera_hdmi/u_hdmi/u_phy/u_vphy/inst/clock_detector_inst/gtsouthrefclk0_odiv2_in
    SLICE_X9Y358         FDCE                                         r  u_camera_hdmi/u_hdmi/u_phy/u_vphy/inst/clock_detector_inst/txclk_freq_cnt_reg[4]/C
                         clock pessimism              0.399     6.014    
                         clock uncertainty           -0.035     5.979    
    SLICE_X9Y358         FDCE (Setup_EFF_SLICEL_C_CE)
                                                     -0.060     5.919    u_camera_hdmi/u_hdmi/u_phy/u_vphy/inst/clock_detector_inst/txclk_freq_cnt_reg[4]
  -------------------------------------------------------------------
                         required time                          5.919    
                         arrival time                          -3.550    
  -------------------------------------------------------------------
                         slack                                  2.369    





Pulse Width Checks
--------------------------------------------------------------------------------------
Clock Name:         hdmi_tx_mgt_refclk
Waveform(ns):       { 0.000 1.684 }
Period(ns):         3.367
Sources:            { hdmi_tx_refclk_p }

Check Type        Corner  Lib Pin            Reference Pin  Required(ns)  Actual(ns)  Slack(ns)  Location        Pin
Min Period        n/a     BUFG_GT/I          n/a            1.290         3.367       2.077      BUFG_GT_X0Y155  u_camera_hdmi/u_hdmi/u_phy/u_tx_refclk_bufg/U0/USE_BUFG_GT.GEN_BUFG_GT[0].BUFG_GT_U/I
Max Period        n/a     MMCME4_ADV/CLKIN1  n/a            100.000       3.367       96.633     MMCM_X0Y6       u_camera_hdmi/u_hdmi/u_phy/u_vphy/inst/gt_usrclk_source_inst/tx_mmcm.txoutclk_mmcm0_i/mmcm_adv_inst/CLKIN1
Low Pulse Width   Slow    MMCME4_ADV/CLKIN1  n/a            1.178         1.684       0.505      MMCM_X0Y6       u_camera_hdmi/u_hdmi/u_phy/u_vphy/inst/gt_usrclk_source_inst/tx_mmcm.txoutclk_mmcm0_i/mmcm_adv_inst/CLKIN1
High Pulse Width  Slow    MMCME4_ADV/CLKIN1  n/a            1.178         1.683       0.505      MMCM_X0Y6       u_camera_hdmi/u_hdmi/u_phy/u_vphy/inst/gt_usrclk_source_inst/tx_mmcm.txoutclk_mmcm0_i/mmcm_adv_inst/CLKIN1



---------------------------------------------------------------------------------------------------
From Clock:  clkout2_1
  To Clock:  clkout2_1

Setup :            0  Failing Endpoints,  Worst Slack        0.979ns,  Total Violation        0.000ns
Hold  :           NA  Failing Endpoints,  Worst Slack           NA  ,  Total Violation           NA
PW    :            0  Failing Endpoints,  Worst Slack        1.141ns,  Total Violation        0.000ns
---------------------------------------------------------------------------------------------------


Max Delay Paths
--------------------------------------------------------------------------------------
Slack (MET) :             0.979ns  (required time - arrival time)
  Source:                 u_camera_hdmi/u_hdmi/u_tx/u_hdmi_tx/inst/v_axi4s_vid_out/inst/SYNC_INST/FSM_sequential_state_reg[2]/C
                            (rising edge-triggered cell FDRE clocked by clkout2_1  {rise@0.000ns fall@1.684ns period=3.367ns})
  Destination:            u_camera_hdmi/u_hdmi/u_tx/u_hdmi_tx/inst/v_tc/U0/U_TC_TOP/GEN_GENERATOR.U_TC_GEN/last_line_reg/D
                            (rising edge-triggered cell FDRE clocked by clkout2_1  {rise@0.000ns fall@1.684ns period=3.367ns})
  Path Group:             clkout2_1
  Path Type:              Setup (Max at Slow Process Corner)
  Requirement:            3.367ns  (clkout2_1 rise@3.367ns - clkout2_1 rise@0.000ns)
  Data Path Delay:        2.123ns  (logic 0.302ns (14.225%)  route 1.821ns (85.775%))
  Logic Levels:           3  (LUT4=1 LUT5=1 LUT6=1)
  Clock Path Skew:        -0.236ns (DCD - SCD + CPR)
    Destination Clock Delay (DCD):    4.823ns = ( 8.190 - 3.367 ) 
    Source Clock Delay      (SCD):    5.000ns
    Clock Pessimism Removal (CPR):    -0.059ns
  Clock Uncertainty:      0.054ns  ((TSJ^2 + DJ^2)^1/2) / 2 + PE
    Total System Jitter     (TSJ):    0.071ns
    Discrete Jitter          (DJ):    0.082ns
    Phase Error              (PE):    0.000ns
  Clock Net Delay (Source):      2.245ns (routing 1.130ns, distribution 1.115ns)
  Clock Net Delay (Destination): 1.845ns (routing 1.029ns, distribution 0.816ns)

    Location             Delay type                Incr(ns)  Path(ns)    Netlist Resource(s)
  -------------------------------------------------------------------    -------------------
                         (clock clkout2_1 rise edge)
                                                      0.000     0.000 r  
    GTYE4_COMMON_X0Y6                                 0.000     0.000 r  hdmi_tx_refclk_p (IN)
                         net (fo=0)                   0.000     0.000    u_camera_hdmi/u_hdmi/u_phy/u_tx_refclk_ibuf/U0/IBUF_DS_P[0]
    GTYE4_COMMON_X0Y6    IBUFDS_GTE4 (Prop_IBUFDS0_GTYE4_GTYE4_COMMON_I_ODIV2)
                                                      0.382     0.382 r  u_camera_hdmi/u_hdmi/u_phy/u_tx_refclk_ibuf/U0/USE_IBUFDS_GTE4.GEN_IBUFDS_GTE4[0].IBUFDS_GTE4_I/ODIV2
                         net (fo=2, estimated)        0.085     0.467    u_camera_hdmi/u_hdmi/u_phy/u_tx_refclk_bufg/U0/BUFG_GT_I[0]
    BUFG_GT_X0Y155       BUFG_GT (Prop_BUFG_GT_I_O)
                                                      0.130     0.597 r  u_camera_hdmi/u_hdmi/u_phy/u_tx_refclk_bufg/U0/USE_BUFG_GT.GEN_BUFG_GT[0].BUFG_GT_U/O
                         net (fo=25, estimated)       2.013     2.610    u_camera_hdmi/u_hdmi/u_phy/u_vphy/inst/gt_usrclk_source_inst/tx_mmcm.txoutclk_mmcm0_i/gtsouthrefclk0_odiv2_in
    MMCM_X0Y6            MMCME4_ADV (Prop_MMCM_CLKIN1_CLKOUT2)
                                                     -0.127     2.483 r  u_camera_hdmi/u_hdmi/u_phy/u_vphy/inst/gt_usrclk_source_inst/tx_mmcm.txoutclk_mmcm0_i/mmcm_adv_inst/CLKOUT2
                         net (fo=2, estimated)        0.244     2.727    u_camera_hdmi/u_hdmi/u_phy/u_vphy/inst/gt_usrclk_source_inst/tx_mmcm.txoutclk_mmcm0_i/clkout2
    BUFGCE_X0Y162        BUFGCE (Prop_BUFCE_BUFGCE_I_O)
                                                      0.028     2.755 r  u_camera_hdmi/u_hdmi/u_phy/u_vphy/inst/gt_usrclk_source_inst/tx_mmcm.txoutclk_mmcm0_i/tx_clkout2_buf/O
    X2Y5 (CLOCK_ROOT)    net (fo=3552, estimated)     2.245     5.000    u_camera_hdmi/u_hdmi/u_tx/u_hdmi_tx/inst/v_axi4s_vid_out/inst/SYNC_INST/vid_io_out_clk
    SLICE_X110Y358       FDRE                                         r  u_camera_hdmi/u_hdmi/u_tx/u_hdmi_tx/inst/v_axi4s_vid_out/inst/SYNC_INST/FSM_sequential_state_reg[2]/C
  -------------------------------------------------------------------    -------------------
    SLICE_X110Y358       FDRE (Prop_CFF_SLICEL_C_Q)
                                                      0.079     5.079 f  u_camera_hdmi/u_hdmi/u_tx/u_hdmi_tx/inst/v_axi4s_vid_out/inst/SYNC_INST/FSM_sequential_state_reg[2]/Q
                         net (fo=16, estimated)       0.281     5.360    u_camera_hdmi/u_hdmi/u_tx/u_hdmi_tx/inst/v_axi4s_vid_out/inst/SYNC_INST/Q[0]
    SLICE_X109Y355       LUT4 (Prop_C5LUT_SLICEM_I2_O)
                                                      0.099     5.459 r  u_camera_hdmi/u_hdmi/u_tx/u_hdmi_tx/inst/v_axi4s_vid_out/inst/SYNC_INST/vtg_ce_INST_0/O
                         net (fo=303, estimated)      1.137     6.596    u_camera_hdmi/u_hdmi/u_tx/u_hdmi_tx/inst/v_tc/U0/U_TC_TOP/GEN_GENERATOR.U_TC_GEN/gen_ce
    SLICE_X75Y324        LUT6 (Prop_G6LUT_SLICEL_I5_O)
                                                      0.035     6.631 r  u_camera_hdmi/u_hdmi/u_tx/u_hdmi_tx/inst/v_tc/U0/U_TC_TOP/GEN_GENERATOR.U_TC_GEN/last_line_i_2/O
                         net (fo=1, estimated)        0.354     6.985    u_camera_hdmi/u_hdmi/u_tx/u_hdmi_tx/inst/v_tc/U0/U_TC_TOP/GEN_GENERATOR.U_TC_GEN/last_line_i_2_n_0
    SLICE_X86Y322        LUT5 (Prop_D6LUT_SLICEL_I1_O)
                                                      0.089     7.074 r  u_camera_hdmi/u_hdmi/u_tx/u_hdmi_tx/inst/v_tc/U0/U_TC_TOP/GEN_GENERATOR.U_TC_GEN/last_line_i_1/O
                         net (fo=1, routed)           0.049     7.123    u_camera_hdmi/u_hdmi/u_tx/u_hdmi_tx/inst/v_tc/U0/U_TC_TOP/GEN_GENERATOR.U_TC_GEN/last_line_i_1_n_0
    SLICE_X86Y322        FDRE                                         r  u_camera_hdmi/u_hdmi/u_tx/u_hdmi_tx/inst/v_tc/U0/U_TC_TOP/GEN_GENERATOR.U_TC_GEN/last_line_reg/D
  -------------------------------------------------------------------    -------------------

                         (clock clkout2_1 rise edge)
                                                      3.367     3.367 r  
    GTYE4_COMMON_X0Y6                                 0.000     3.367 r  hdmi_tx_refclk_p (IN)
                         net (fo=0)                   0.000     3.367    u_camera_hdmi/u_hdmi/u_phy/u_tx_refclk_ibuf/U0/IBUF_DS_P[0]
    GTYE4_COMMON_X0Y6    IBUFDS_GTE4 (Prop_IBUFDS0_GTYE4_GTYE4_COMMON_I_ODIV2)
                                                      0.108     3.475 r  u_camera_hdmi/u_hdmi/u_phy/u_tx_refclk_ibuf/U0/USE_IBUFDS_GTE4.GEN_IBUFDS_GTE4[0].IBUFDS_GTE4_I/ODIV2
                         net (fo=2, estimated)        0.078     3.553    u_camera_hdmi/u_hdmi/u_phy/u_tx_refclk_bufg/U0/BUFG_GT_I[0]
    BUFG_GT_X0Y155       BUFG_GT (Prop_BUFG_GT_I_O)
                                                      0.114     3.667 r  u_camera_hdmi/u_hdmi/u_phy/u_tx_refclk_bufg/U0/USE_BUFG_GT.GEN_BUFG_GT[0].BUFG_GT_U/O
                         net (fo=25, estimated)       1.810     5.477    u_camera_hdmi/u_hdmi/u_phy/u_vphy/inst/gt_usrclk_source_inst/tx_mmcm.txoutclk_mmcm0_i/gtsouthrefclk0_odiv2_in
    MMCM_X0Y6            MMCME4_ADV (Prop_MMCM_CLKIN1_CLKOUT2)
                                                      0.630     6.107 r  u_camera_hdmi/u_hdmi/u_phy/u_vphy/inst/gt_usrclk_source_inst/tx_mmcm.txoutclk_mmcm0_i/mmcm_adv_inst/CLKOUT2
                         net (fo=2, estimated)        0.214     6.321    u_camera_hdmi/u_hdmi/u_phy/u_vphy/inst/gt_usrclk_source_inst/tx_mmcm.txoutclk_mmcm0_i/clkout2
    BUFGCE_X0Y162        BUFGCE (Prop_BUFCE_BUFGCE_I_O)
                                                      0.024     6.345 r  u_camera_hdmi/u_hdmi/u_phy/u_vphy/inst/gt_usrclk_source_inst/tx_mmcm.txoutclk_mmcm0_i/tx_clkout2_buf/O
    X2Y5 (CLOCK_ROOT)    net (fo=3552, estimated)     1.845     8.190    u_camera_hdmi/u_hdmi/u_tx/u_hdmi_tx/inst/v_tc/U0/U_TC_TOP/GEN_GENERATOR.U_TC_GEN/clk
    SLICE_X86Y322        FDRE                                         r  u_camera_hdmi/u_hdmi/u_tx/u_hdmi_tx/inst/v_tc/U0/U_TC_TOP/GEN_GENERATOR.U_TC_GEN/last_line_reg/C
                         clock pessimism             -0.059     8.131    
                         clock uncertainty           -0.054     8.077    
    SLICE_X86Y322        FDRE (Setup_DFF_SLICEL_C_D)
                                                      0.025     8.102    u_camera_hdmi/u_hdmi/u_tx/u_hdmi_tx/inst/v_tc/U0/U_TC_TOP/GEN_GENERATOR.U_TC_GEN/last_line_reg
  -------------------------------------------------------------------
                         required time                          8.102    
                         arrival time                          -7.123    
  -------------------------------------------------------------------
                         slack                                  0.979    





Pulse Width Checks
--------------------------------------------------------------------------------------
Clock Name:         clkout2_1
Waveform(ns):       { 0.000 1.684 }
Period(ns):         3.367
Sources:            { u_camera_hdmi/u_hdmi/u_phy/u_vphy/inst/gt_usrclk_source_inst/tx_mmcm.txoutclk_mmcm0_i/mmcm_adv_inst/CLKOUT2 }

Check Type        Corner  Lib Pin             Reference Pin  Required(ns)  Actual(ns)  Slack(ns)  Location      Pin
Min Period        n/a     RAMB36E2/CLKBWRCLK  n/a            1.355         3.367       2.012      RAMB36_X7Y74  u_camera_hdmi/u_hdmi/u_tx/u_hdmi_tx/inst/v_axi4s_vid_out/inst/COUPLER_INST/generate_async_fifo.FIFO_INST/XPM_FIFO_ASYNC_INST/gnuram_async_fifo.xpm_fifo_base_inst/gen_sdpram.xpm_memory_base_inst/gen_wr_a.gen_word_narrow.mem_reg_bram_0/CLKBWRCLK
Low Pulse Width   Slow    RAMB36E2/CLKBWRCLK  n/a            0.542         1.684       1.142      RAMB36_X7Y74  u_camera_hdmi/u_hdmi/u_tx/u_hdmi_tx/inst/v_axi4s_vid_out/inst/COUPLER_INST/generate_async_fifo.FIFO_INST/XPM_FIFO_ASYNC_INST/gnuram_async_fifo.xpm_fifo_base_inst/gen_sdpram.xpm_memory_base_inst/gen_wr_a.gen_word_narrow.mem_reg_bram_0/CLKBWRCLK
High Pulse Width  Slow    RAMB36E2/CLKBWRCLK  n/a            0.542         1.684       1.142      RAMB36_X7Y74  u_camera_hdmi/u_hdmi/u_tx/u_hdmi_tx/inst/v_axi4s_vid_out/inst/COUPLER_INST/generate_async_fifo.FIFO_INST/XPM_FIFO_ASYNC_INST/gnuram_async_fifo.xpm_fifo_base_inst/gen_sdpram.xpm_memory_base_inst/gen_wr_a.gen_word_narrow.mem_reg_bram_0/CLKBWRCLK



---------------------------------------------------------------------------------------------------
From Clock:  rocket_bscan_tck
  To Clock:  rocket_bscan_tck

Setup :            0  Failing Endpoints,  Worst Slack       27.849ns,  Total Violation        0.000ns
Hold  :           NA  Failing Endpoints,  Worst Slack           NA  ,  Total Violation           NA
PW    :            0  Failing Endpoints,  Worst Slack       33.058ns,  Total Violation        0.000ns
---------------------------------------------------------------------------------------------------


Max Delay Paths
--------------------------------------------------------------------------------------
Slack (MET) :             27.849ns  (required time - arrival time)
  Source:                 u_control_soc/u_rocket/chiptop0/inst_jtag_tunnel/bscane2/INTERNAL_TCK
                            (falling edge-triggered cell BSCANE2 clocked by rocket_bscan_tck  {rise@0.000ns fall@33.333ns period=66.667ns})
  Destination:            u_control_soc/u_rocket/chiptop0/inst_jtag_tunnel/bufgce/CE
                            (rising edge-triggered cell BUFGCE clocked by rocket_bscan_tck  {rise@0.000ns fall@33.333ns period=66.667ns})
  Path Group:             rocket_bscan_tck
  Path Type:              Setup (Max at Slow Process Corner)
  Requirement:            33.334ns  (rocket_bscan_tck rise@66.667ns - rocket_bscan_tck fall@33.333ns)
  Data Path Delay:        7.319ns  (logic 5.100ns (69.682%)  route 2.219ns (30.318%))
  Logic Levels:           0  
  Clock Path Skew:        2.128ns (DCD - SCD + CPR)
    Destination Clock Delay (DCD):    2.128ns = ( 68.795 - 66.667 ) 
    Source Clock Delay      (SCD):    0.000ns = ( 33.333 - 33.333 ) 
    Clock Pessimism Removal (CPR):    0.000ns
  Clock Uncertainty:      0.235ns  ((TSJ^2 + TIJ^2)^1/2 + DJ) / 2 + PE + DCD
    Total System Jitter     (TSJ):    0.071ns
    Total Input Jitter      (TIJ):    0.000ns
    Discrete Jitter          (DJ):    0.000ns
    Phase Error              (PE):    0.000ns
    Duty Cycle Distortion   (DCD):    0.200ns

    Location             Delay type                Incr(ns)  Path(ns)    Netlist Resource(s)
  -------------------------------------------------------------------    -------------------
                         (clock rocket_bscan_tck fall edge)
                                                     33.333    33.333 f  
    CONFIG_SITE_X0Y1     BSCANE2                      0.000    33.333 f  u_control_soc/u_rocket/chiptop0/inst_jtag_tunnel/bscane2/INTERNAL_TCK
  -------------------------------------------------------------------    -------------------
    CONFIG_SITE_X0Y1     BSCANE2 (Prop_BSCAN4_CONFIG_SITE_INTERNAL_TCK_SEL)
                                                      5.100    38.433 r  u_control_soc/u_rocket/chiptop0/inst_jtag_tunnel/bscane2/SEL
                         net (fo=1, estimated)        2.219    40.652    u_control_soc/u_rocket/chiptop0/inst_jtag_tunnel/_bscane2_SEL
    BUFGCE_X0Y128        BUFGCE                                       r  u_control_soc/u_rocket/chiptop0/inst_jtag_tunnel/bufgce/CE
  -------------------------------------------------------------------    -------------------

                         (clock rocket_bscan_tck rise edge)
                                                     66.667    66.667 r  
    CONFIG_SITE_X0Y1     BSCANE2                      0.000    66.667 r  u_control_soc/u_rocket/chiptop0/inst_jtag_tunnel/bscane2/INTERNAL_TCK
    CONFIG_SITE_X0Y1     BSCANE2 (Prop_BSCAN4_CONFIG_SITE_INTERNAL_TCK_TCK)
                                                      0.465    67.132 r  u_control_soc/u_rocket/chiptop0/inst_jtag_tunnel/bscane2/TCK
                         net (fo=25, estimated)       1.663    68.795    u_control_soc/u_rocket/chiptop0/inst_jtag_tunnel/bscane2_0
    BUFGCE_X0Y128        BUFGCE                                       r  u_control_soc/u_rocket/chiptop0/inst_jtag_tunnel/bufgce/I
                         clock pessimism              0.000    68.795    
                         clock uncertainty           -0.235    68.560    
    BUFGCE_X0Y128        BUFGCE (Setup_BUFCE_BUFGCE_I_CE)
                                                     -0.059    68.501    u_control_soc/u_rocket/chiptop0/inst_jtag_tunnel/bufgce
  -------------------------------------------------------------------
                         required time                         68.501    
                         arrival time                         -40.652    
  -------------------------------------------------------------------
                         slack                                 27.849    





Pulse Width Checks
--------------------------------------------------------------------------------------
Clock Name:         rocket_bscan_tck
Waveform(ns):       { 0.000 33.333 }
Period(ns):         66.667
Sources:            { u_control_soc/u_rocket/chiptop0/inst_jtag_tunnel/bscane2/INTERNAL_TCK }

Check Type        Corner  Lib Pin   Reference Pin  Required(ns)  Actual(ns)  Slack(ns)  Location        Pin
Min Period        n/a     BUFGCE/I  n/a            1.290         66.667      65.377     BUFGCE_X0Y128   u_control_soc/u_rocket/chiptop0/inst_jtag_tunnel/bufgce/I
Low Pulse Width   Slow    FDRE/C    n/a            0.275         33.333      33.058     SLICE_X175Y354  u_control_soc/u_rocket/chiptop0/inst_jtag_tunnel/negCounter_reg[0]/C
High Pulse Width  Slow    FDRE/C    n/a            0.275         33.333      33.058     SLICE_X175Y352  u_control_soc/u_rocket/chiptop0/inst_jtag_tunnel/posCounter_reg[0]/C



---------------------------------------------------------------------------------------------------
From Clock:  u_camera_hdmi/u_hdmi/u_phy/u_vphy/inst/gt_wrapper_inst/inst/gen_gtwizard_gtye4_top.vid_phy_controller_0_gtwrapper_gtwizard_gtye4_inst/gen_gtwizard_gtye4.gen_cpll_cal_gtye4.gen_cpll_cal_inst[0].gen_inst_cpll_cal.gtwizard_ultrascale_v1_7_17_gtye4_cpll_cal_inst/gtwizard_ultrascale_v1_7_17_gtye4_cpll_cal_rx_i/gen_cal_rx_en.bufg_gt_rxoutclkmon_inst/O
  To Clock:  u_camera_hdmi/u_hdmi/u_phy/u_vphy/inst/gt_wrapper_inst/inst/gen_gtwizard_gtye4_top.vid_phy_controller_0_gtwrapper_gtwizard_gtye4_inst/gen_gtwizard_gtye4.gen_cpll_cal_gtye4.gen_cpll_cal_inst[0].gen_inst_cpll_cal.gtwizard_ultrascale_v1_7_17_gtye4_cpll_cal_inst/gtwizard_ultrascale_v1_7_17_gtye4_cpll_cal_rx_i/gen_cal_rx_en.bufg_gt_rxoutclkmon_inst/O

Setup :            0  Failing Endpoints,  Worst Slack        2.333ns,  Total Violation        0.000ns
Hold  :           NA  Failing Endpoints,  Worst Slack           NA  ,  Total Violation           NA
PW    :            0  Failing Endpoints,  Worst Slack        1.408ns,  Total Violation        0.000ns
---------------------------------------------------------------------------------------------------


Max Delay Paths
--------------------------------------------------------------------------------------
Slack (MET) :             2.333ns  (required time - arrival time)
  Source:                 u_camera_hdmi/u_hdmi/u_phy/u_vphy/inst/gt_wrapper_inst/inst/gen_gtwizard_gtye4_top.vid_phy_controller_0_gtwrapper_gtwizard_gtye4_inst/gen_gtwizard_gtye4.gen_cpll_cal_gtye4.gen_cpll_cal_inst[0].gen_inst_cpll_cal.gtwizard_ultrascale_v1_7_17_gtye4_cpll_cal_inst/gtwizard_ultrascale_v1_7_17_gtye4_cpll_cal_rx_i/gen_cal_rx_en.U_RXOUTCLK_FREQ_COUNTER/testclk_en_dly2_reg/C
                            (rising edge-triggered cell FDRE clocked by u_camera_hdmi/u_hdmi/u_phy/u_vphy/inst/gt_wrapper_inst/inst/gen_gtwizard_gtye4_top.vid_phy_controller_0_gtwrapper_gtwizard_gtye4_inst/gen_gtwizard_gtye4.gen_cpll_cal_gtye4.gen_cpll_cal_inst[0].gen_inst_cpll_cal.gtwizard_ultrascale_v1_7_17_gtye4_cpll_cal_inst/gtwizard_ultrascale_v1_7_17_gtye4_cpll_cal_rx_i/gen_cal_rx_en.bufg_gt_rxoutclkmon_inst/O  {rise@0.000ns fall@1.684ns period=3.367ns})
  Destination:            u_camera_hdmi/u_hdmi/u_phy/u_vphy/inst/gt_wrapper_inst/inst/gen_gtwizard_gtye4_top.vid_phy_controller_0_gtwrapper_gtwizard_gtye4_inst/gen_gtwizard_gtye4.gen_cpll_cal_gtye4.gen_cpll_cal_inst[0].gen_inst_cpll_cal.gtwizard_ultrascale_v1_7_17_gtye4_cpll_cal_inst/gtwizard_ultrascale_v1_7_17_gtye4_cpll_cal_rx_i/gen_cal_rx_en.U_RXOUTCLK_FREQ_COUNTER/testclk_cnt_reg[4]/CE
                            (rising edge-triggered cell FDCE clocked by u_camera_hdmi/u_hdmi/u_phy/u_vphy/inst/gt_wrapper_inst/inst/gen_gtwizard_gtye4_top.vid_phy_controller_0_gtwrapper_gtwizard_gtye4_inst/gen_gtwizard_gtye4.gen_cpll_cal_gtye4.gen_cpll_cal_inst[0].gen_inst_cpll_cal.gtwizard_ultrascale_v1_7_17_gtye4_cpll_cal_inst/gtwizard_ultrascale_v1_7_17_gtye4_cpll_cal_rx_i/gen_cal_rx_en.bufg_gt_rxoutclkmon_inst/O  {rise@0.000ns fall@1.684ns period=3.367ns})
  Path Group:             u_camera_hdmi/u_hdmi/u_phy/u_vphy/inst/gt_wrapper_inst/inst/gen_gtwizard_gtye4_top.vid_phy_controller_0_gtwrapper_gtwizard_gtye4_inst/gen_gtwizard_gtye4.gen_cpll_cal_gtye4.gen_cpll_cal_inst[0].gen_inst_cpll_cal.gtwizard_ultrascale_v1_7_17_gtye4_cpll_cal_inst/gtwizard_ultrascale_v1_7_17_gtye4_cpll_cal_rx_i/gen_cal_rx_en.bufg_gt_rxoutclkmon_inst/O
  Path Type:              Setup (Max at Slow Process Corner)
  Requirement:            3.367ns  (u_camera_hdmi/u_hdmi/u_phy/u_vphy/inst/gt_wrapper_inst/inst/gen_gtwizard_gtye4_top.vid_phy_controller_0_gtwrapper_gtwizard_gtye4_inst/gen_gtwizard_gtye4.gen_cpll_cal_gtye4.gen_cpll_cal_inst[0].gen_inst_cpll_cal.gtwizard_ultrascale_v1_7_17_gtye4_cpll_cal_inst/gtwizard_ultrascale_v1_7_17_gtye4_cpll_cal_rx_i/gen_cal_rx_en.bufg_gt_rxoutclkmon_inst/O rise@3.367ns - u_camera_hdmi/u_hdmi/u_phy/u_vphy/inst/gt_wrapper_inst/inst/gen_gtwizard_gtye4_top.vid_phy_controller_0_gtwrapper_gtwizard_gtye4_inst/gen_gtwizard_gtye4.gen_cpll_cal_gtye4.gen_cpll_cal_inst[0].gen_inst_cpll_cal.gtwizard_ultrascale_v1_7_17_gtye4_cpll_cal_inst/gtwizard_ultrascale_v1_7_17_gtye4_cpll_cal_rx_i/gen_cal_rx_en.bufg_gt_rxoutclkmon_inst/O rise@0.000ns)
  Data Path Delay:        0.814ns  (logic 0.204ns (25.061%)  route 0.610ns (74.939%))
  Logic Levels:           1  (LUT5=1)
  Clock Path Skew:        -0.113ns (DCD - SCD + CPR)
    Destination Clock Delay (DCD):    0.544ns = ( 3.911 - 3.367 ) 
    Source Clock Delay      (SCD):    0.668ns
    Clock Pessimism Removal (CPR):    0.011ns
  Clock Uncertainty:      0.046ns  ((TSJ^2 + DJ^2)^1/2) / 2 + PE
    Total System Jitter     (TSJ):    0.071ns
    Discrete Jitter          (DJ):    0.060ns
    Phase Error              (PE):    0.000ns
  Clock Net Delay (Source):      0.668ns (routing 0.000ns, distribution 0.668ns)
  Clock Net Delay (Destination): 0.544ns (routing 0.000ns, distribution 0.544ns)

    Location             Delay type                Incr(ns)  Path(ns)    Netlist Resource(s)
  -------------------------------------------------------------------    -------------------
                         (clock u_camera_hdmi/u_hdmi/u_phy/u_vphy/inst/gt_wrapper_inst/inst/gen_gtwizard_gtye4_top.vid_phy_controller_0_gtwrapper_gtwizard_gtye4_inst/gen_gtwizard_gtye4.gen_cpll_cal_gtye4.gen_cpll_cal_inst[0].gen_inst_cpll_cal.gtwizard_ultrascale_v1_7_17_gtye4_cpll_cal_inst/gtwizard_ultrascale_v1_7_17_gtye4_cpll_cal_rx_i/gen_cal_rx_en.bufg_gt_rxoutclkmon_inst/O rise edge)
                                                      0.000     0.000 r  
    BUFG_GT_X0Y135       BUFG_GT                      0.000     0.000 r  u_camera_hdmi/u_hdmi/u_phy/u_vphy/inst/gt_wrapper_inst/inst/gen_gtwizard_gtye4_top.vid_phy_controller_0_gtwrapper_gtwizard_gtye4_inst/gen_gtwizard_gtye4.gen_cpll_cal_gtye4.gen_cpll_cal_inst[0].gen_inst_cpll_cal.gtwizard_ultrascale_v1_7_17_gtye4_cpll_cal_inst/gtwizard_ultrascale_v1_7_17_gtye4_cpll_cal_rx_i/gen_cal_rx_en.bufg_gt_rxoutclkmon_inst/O
    X0Y5 (CLOCK_ROOT)    net (fo=31, estimated)       0.668     0.668    u_camera_hdmi/u_hdmi/u_phy/u_vphy/inst/gt_wrapper_inst/inst/gen_gtwizard_gtye4_top.vid_phy_controller_0_gtwrapper_gtwizard_gtye4_inst/gen_gtwizard_gtye4.gen_cpll_cal_gtye4.gen_cpll_cal_inst[0].gen_inst_cpll_cal.gtwizard_ultrascale_v1_7_17_gtye4_cpll_cal_inst/gtwizard_ultrascale_v1_7_17_gtye4_cpll_cal_rx_i/gen_cal_rx_en.U_RXOUTCLK_FREQ_COUNTER/gen_cal_rx_en.rxoutclkmon
    SLICE_X24Y344        FDRE                                         r  u_camera_hdmi/u_hdmi/u_phy/u_vphy/inst/gt_wrapper_inst/inst/gen_gtwizard_gtye4_top.vid_phy_controller_0_gtwrapper_gtwizard_gtye4_inst/gen_gtwizard_gtye4.gen_cpll_cal_gtye4.gen_cpll_cal_inst[0].gen_inst_cpll_cal.gtwizard_ultrascale_v1_7_17_gtye4_cpll_cal_inst/gtwizard_ultrascale_v1_7_17_gtye4_cpll_cal_rx_i/gen_cal_rx_en.U_RXOUTCLK_FREQ_COUNTER/testclk_en_dly2_reg/C
  -------------------------------------------------------------------    -------------------
    SLICE_X24Y344        FDRE (Prop_AFF2_SLICEL_C_Q)
                                                      0.081     0.749 r  u_camera_hdmi/u_hdmi/u_phy/u_vphy/inst/gt_wrapper_inst/inst/gen_gtwizard_gtye4_top.vid_phy_controller_0_gtwrapper_gtwizard_gtye4_inst/gen_gtwizard_gtye4.gen_cpll_cal_gtye4.gen_cpll_cal_inst[0].gen_inst_cpll_cal.gtwizard_ultrascale_v1_7_17_gtye4_cpll_cal_inst/gtwizard_ultrascale_v1_7_17_gtye4_cpll_cal_rx_i/gen_cal_rx_en.U_RXOUTCLK_FREQ_COUNTER/testclk_en_dly2_reg/Q
                         net (fo=1, estimated)        0.152     0.901    u_camera_hdmi/u_hdmi/u_phy/u_vphy/inst/gt_wrapper_inst/inst/gen_gtwizard_gtye4_top.vid_phy_controller_0_gtwrapper_gtwizard_gtye4_inst/gen_gtwizard_gtye4.gen_cpll_cal_gtye4.gen_cpll_cal_inst[0].gen_inst_cpll_cal.gtwizard_ultrascale_v1_7_17_gtye4_cpll_cal_inst/gtwizard_ultrascale_v1_7_17_gtye4_cpll_cal_rx_i/gen_cal_rx_en.U_RXOUTCLK_FREQ_COUNTER/testclk_en_dly2
    SLICE_X24Y348        LUT5 (Prop_G6LUT_SLICEL_I0_O)
                                                      0.123     1.024 r  u_camera_hdmi/u_hdmi/u_phy/u_vphy/inst/gt_wrapper_inst/inst/gen_gtwizard_gtye4_top.vid_phy_controller_0_gtwrapper_gtwizard_gtye4_inst/gen_gtwizard_gtye4.gen_cpll_cal_gtye4.gen_cpll_cal_inst[0].gen_inst_cpll_cal.gtwizard_ultrascale_v1_7_17_gtye4_cpll_cal_inst/gtwizard_ultrascale_v1_7_17_gtye4_cpll_cal_rx_i/gen_cal_rx_en.U_RXOUTCLK_FREQ_COUNTER/testclk_cnt0/O
                         net (fo=18, estimated)       0.458     1.482    u_camera_hdmi/u_hdmi/u_phy/u_vphy/inst/gt_wrapper_inst/inst/gen_gtwizard_gtye4_top.vid_phy_controller_0_gtwrapper_gtwizard_gtye4_inst/gen_gtwizard_gtye4.gen_cpll_cal_gtye4.gen_cpll_cal_inst[0].gen_inst_cpll_cal.gtwizard_ultrascale_v1_7_17_gtye4_cpll_cal_inst/gtwizard_ultrascale_v1_7_17_gtye4_cpll_cal_rx_i/gen_cal_rx_en.U_RXOUTCLK_FREQ_COUNTER/testclk_cnt0_n_0
    SLICE_X17Y334        FDCE                                         r  u_camera_hdmi/u_hdmi/u_phy/u_vphy/inst/gt_wrapper_inst/inst/gen_gtwizard_gtye4_top.vid_phy_controller_0_gtwrapper_gtwizard_gtye4_inst/gen_gtwizard_gtye4.gen_cpll_cal_gtye4.gen_cpll_cal_inst[0].gen_inst_cpll_cal.gtwizard_ultrascale_v1_7_17_gtye4_cpll_cal_inst/gtwizard_ultrascale_v1_7_17_gtye4_cpll_cal_rx_i/gen_cal_rx_en.U_RXOUTCLK_FREQ_COUNTER/testclk_cnt_reg[4]/CE
  -------------------------------------------------------------------    -------------------

                         (clock u_camera_hdmi/u_hdmi/u_phy/u_vphy/inst/gt_wrapper_inst/inst/gen_gtwizard_gtye4_top.vid_phy_controller_0_gtwrapper_gtwizard_gtye4_inst/gen_gtwizard_gtye4.gen_cpll_cal_gtye4.gen_cpll_cal_inst[0].gen_inst_cpll_cal.gtwizard_ultrascale_v1_7_17_gtye4_cpll_cal_inst/gtwizard_ultrascale_v1_7_17_gtye4_cpll_cal_rx_i/gen_cal_rx_en.bufg_gt_rxoutclkmon_inst/O rise edge)
                                                      3.367     3.367 r  
    BUFG_GT_X0Y135       BUFG_GT                      0.000     3.367 r  u_camera_hdmi/u_hdmi/u_phy/u_vphy/inst/gt_wrapper_inst/inst/gen_gtwizard_gtye4_top.vid_phy_controller_0_gtwrapper_gtwizard_gtye4_inst/gen_gtwizard_gtye4.gen_cpll_cal_gtye4.gen_cpll_cal_inst[0].gen_inst_cpll_cal.gtwizard_ultrascale_v1_7_17_gtye4_cpll_cal_inst/gtwizard_ultrascale_v1_7_17_gtye4_cpll_cal_rx_i/gen_cal_rx_en.bufg_gt_rxoutclkmon_inst/O
    X0Y5 (CLOCK_ROOT)    net (fo=31, estimated)       0.544     3.911    u_camera_hdmi/u_hdmi/u_phy/u_vphy/inst/gt_wrapper_inst/inst/gen_gtwizard_gtye4_top.vid_phy_controller_0_gtwrapper_gtwizard_gtye4_inst/gen_gtwizard_gtye4.gen_cpll_cal_gtye4.gen_cpll_cal_inst[0].gen_inst_cpll_cal.gtwizard_ultrascale_v1_7_17_gtye4_cpll_cal_inst/gtwizard_ultrascale_v1_7_17_gtye4_cpll_cal_rx_i/gen_cal_rx_en.U_RXOUTCLK_FREQ_COUNTER/gen_cal_rx_en.rxoutclkmon
    SLICE_X17Y334        FDCE                                         r  u_camera_hdmi/u_hdmi/u_phy/u_vphy/inst/gt_wrapper_inst/inst/gen_gtwizard_gtye4_top.vid_phy_controller_0_gtwrapper_gtwizard_gtye4_inst/gen_gtwizard_gtye4.gen_cpll_cal_gtye4.gen_cpll_cal_inst[0].gen_inst_cpll_cal.gtwizard_ultrascale_v1_7_17_gtye4_cpll_cal_inst/gtwizard_ultrascale_v1_7_17_gtye4_cpll_cal_rx_i/gen_cal_rx_en.U_RXOUTCLK_FREQ_COUNTER/testclk_cnt_reg[4]/C
                         clock pessimism              0.011     3.922    
                         clock uncertainty           -0.046     3.876    
    SLICE_X17Y334        FDCE (Setup_EFF_SLICEM_C_CE)
                                                     -0.061     3.815    u_camera_hdmi/u_hdmi/u_phy/u_vphy/inst/gt_wrapper_inst/inst/gen_gtwizard_gtye4_top.vid_phy_controller_0_gtwrapper_gtwizard_gtye4_inst/gen_gtwizard_gtye4.gen_cpll_cal_gtye4.gen_cpll_cal_inst[0].gen_inst_cpll_cal.gtwizard_ultrascale_v1_7_17_gtye4_cpll_cal_inst/gtwizard_ultrascale_v1_7_17_gtye4_cpll_cal_rx_i/gen_cal_rx_en.U_RXOUTCLK_FREQ_COUNTER/testclk_cnt_reg[4]
  -------------------------------------------------------------------
                         required time                          3.815    
                         arrival time                          -1.482    
  -------------------------------------------------------------------
                         slack                                  2.333    





Pulse Width Checks
--------------------------------------------------------------------------------------
Clock Name:         u_camera_hdmi/u_hdmi/u_phy/u_vphy/inst/gt_wrapper_inst/inst/gen_gtwizard_gtye4_top.vid_phy_controller_0_gtwrapper_gtwizard_gtye4_inst/gen_gtwizard_gtye4.gen_cpll_cal_gtye4.gen_cpll_cal_inst[0].gen_inst_cpll_cal.gtwizard_ultrascale_v1_7_17_gtye4_cpll_cal_inst/gtwizard_ultrascale_v1_7_17_gtye4_cpll_cal_rx_i/gen_cal_rx_en.bufg_gt_rxoutclkmon_inst/O
Waveform(ns):       { 0.000 1.684 }
Period(ns):         3.367
Sources:            { u_camera_hdmi/u_hdmi/u_phy/u_vphy/inst/gt_wrapper_inst/inst/gen_gtwizard_gtye4_top.vid_phy_controller_0_gtwrapper_gtwizard_gtye4_inst/gen_gtwizard_gtye4.gen_cpll_cal_gtye4.gen_cpll_cal_inst[0].gen_inst_cpll_cal.gtwizard_ultrascale_v1_7_17_gtye4_cpll_cal_inst/gtwizard_ultrascale_v1_7_17_gtye4_cpll_cal_rx_i/gen_cal_rx_en.bufg_gt_rxoutclkmon_inst/O }

Check Type        Corner  Lib Pin  Reference Pin  Required(ns)  Actual(ns)  Slack(ns)  Location       Pin
Min Period        n/a     FDCE/C   n/a            0.550         3.367       2.817      SLICE_X17Y334  u_camera_hdmi/u_hdmi/u_phy/u_vphy/inst/gt_wrapper_inst/inst/gen_gtwizard_gtye4_top.vid_phy_controller_0_gtwrapper_gtwizard_gtye4_inst/gen_gtwizard_gtye4.gen_cpll_cal_gtye4.gen_cpll_cal_inst[0].gen_inst_cpll_cal.gtwizard_ultrascale_v1_7_17_gtye4_cpll_cal_inst/gtwizard_ultrascale_v1_7_17_gtye4_cpll_cal_rx_i/gen_cal_rx_en.U_RXOUTCLK_FREQ_COUNTER/testclk_cnt_reg[0]/C
Low Pulse Width   Slow    FDCE/C   n/a            0.275         1.684       1.408      SLICE_X17Y334  u_camera_hdmi/u_hdmi/u_phy/u_vphy/inst/gt_wrapper_inst/inst/gen_gtwizard_gtye4_top.vid_phy_controller_0_gtwrapper_gtwizard_gtye4_inst/gen_gtwizard_gtye4.gen_cpll_cal_gtye4.gen_cpll_cal_inst[0].gen_inst_cpll_cal.gtwizard_ultrascale_v1_7_17_gtye4_cpll_cal_inst/gtwizard_ultrascale_v1_7_17_gtye4_cpll_cal_rx_i/gen_cal_rx_en.U_RXOUTCLK_FREQ_COUNTER/testclk_cnt_reg[0]/C
High Pulse Width  Slow    FDCE/C   n/a            0.275         1.684       1.408      SLICE_X17Y334  u_camera_hdmi/u_hdmi/u_phy/u_vphy/inst/gt_wrapper_inst/inst/gen_gtwizard_gtye4_top.vid_phy_controller_0_gtwrapper_gtwizard_gtye4_inst/gen_gtwizard_gtye4.gen_cpll_cal_gtye4.gen_cpll_cal_inst[0].gen_inst_cpll_cal.gtwizard_ultrascale_v1_7_17_gtye4_cpll_cal_inst/gtwizard_ultrascale_v1_7_17_gtye4_cpll_cal_rx_i/gen_cal_rx_en.U_RXOUTCLK_FREQ_COUNTER/testclk_cnt_reg[0]/C



---------------------------------------------------------------------------------------------------
From Clock:  u_camera_hdmi/u_hdmi/u_phy/u_vphy/inst/gt_wrapper_inst/inst/gen_gtwizard_gtye4_top.vid_phy_controller_0_gtwrapper_gtwizard_gtye4_inst/gen_gtwizard_gtye4.gen_cpll_cal_gtye4.gen_cpll_cal_inst[0].gen_inst_cpll_cal.gtwizard_ultrascale_v1_7_17_gtye4_cpll_cal_inst/gtwizard_ultrascale_v1_7_17_gtye4_cpll_cal_tx_i/bufg_gt_txoutclkmon_inst/O
  To Clock:  u_camera_hdmi/u_hdmi/u_phy/u_vphy/inst/gt_wrapper_inst/inst/gen_gtwizard_gtye4_top.vid_phy_controller_0_gtwrapper_gtwizard_gtye4_inst/gen_gtwizard_gtye4.gen_cpll_cal_gtye4.gen_cpll_cal_inst[0].gen_inst_cpll_cal.gtwizard_ultrascale_v1_7_17_gtye4_cpll_cal_inst/gtwizard_ultrascale_v1_7_17_gtye4_cpll_cal_tx_i/bufg_gt_txoutclkmon_inst/O

Setup :            0  Failing Endpoints,  Worst Slack        2.147ns,  Total Violation        0.000ns
Hold  :           NA  Failing Endpoints,  Worst Slack           NA  ,  Total Violation           NA
PW    :            0  Failing Endpoints,  Worst Slack        1.408ns,  Total Violation        0.000ns
---------------------------------------------------------------------------------------------------


Max Delay Paths
--------------------------------------------------------------------------------------
Slack (MET) :             2.147ns  (required time - arrival time)
  Source:                 u_camera_hdmi/u_hdmi/u_phy/u_vphy/inst/gt_wrapper_inst/inst/gen_gtwizard_gtye4_top.vid_phy_controller_0_gtwrapper_gtwizard_gtye4_inst/gen_gtwizard_gtye4.gen_cpll_cal_gtye4.gen_cpll_cal_inst[0].gen_inst_cpll_cal.gtwizard_ultrascale_v1_7_17_gtye4_cpll_cal_inst/gtwizard_ultrascale_v1_7_17_gtye4_cpll_cal_tx_i/U_TXOUTCLK_FREQ_COUNTER/testclk_en_dly2_reg/C
                            (rising edge-triggered cell FDRE clocked by u_camera_hdmi/u_hdmi/u_phy/u_vphy/inst/gt_wrapper_inst/inst/gen_gtwizard_gtye4_top.vid_phy_controller_0_gtwrapper_gtwizard_gtye4_inst/gen_gtwizard_gtye4.gen_cpll_cal_gtye4.gen_cpll_cal_inst[0].gen_inst_cpll_cal.gtwizard_ultrascale_v1_7_17_gtye4_cpll_cal_inst/gtwizard_ultrascale_v1_7_17_gtye4_cpll_cal_tx_i/bufg_gt_txoutclkmon_inst/O  {rise@0.000ns fall@1.684ns period=3.367ns})
  Destination:            u_camera_hdmi/u_hdmi/u_phy/u_vphy/inst/gt_wrapper_inst/inst/gen_gtwizard_gtye4_top.vid_phy_controller_0_gtwrapper_gtwizard_gtye4_inst/gen_gtwizard_gtye4.gen_cpll_cal_gtye4.gen_cpll_cal_inst[0].gen_inst_cpll_cal.gtwizard_ultrascale_v1_7_17_gtye4_cpll_cal_inst/gtwizard_ultrascale_v1_7_17_gtye4_cpll_cal_tx_i/U_TXOUTCLK_FREQ_COUNTER/testclk_cnt_reg[4]/CE
                            (rising edge-triggered cell FDCE clocked by u_camera_hdmi/u_hdmi/u_phy/u_vphy/inst/gt_wrapper_inst/inst/gen_gtwizard_gtye4_top.vid_phy_controller_0_gtwrapper_gtwizard_gtye4_inst/gen_gtwizard_gtye4.gen_cpll_cal_gtye4.gen_cpll_cal_inst[0].gen_inst_cpll_cal.gtwizard_ultrascale_v1_7_17_gtye4_cpll_cal_inst/gtwizard_ultrascale_v1_7_17_gtye4_cpll_cal_tx_i/bufg_gt_txoutclkmon_inst/O  {rise@0.000ns fall@1.684ns period=3.367ns})
  Path Group:             u_camera_hdmi/u_hdmi/u_phy/u_vphy/inst/gt_wrapper_inst/inst/gen_gtwizard_gtye4_top.vid_phy_controller_0_gtwrapper_gtwizard_gtye4_inst/gen_gtwizard_gtye4.gen_cpll_cal_gtye4.gen_cpll_cal_inst[0].gen_inst_cpll_cal.gtwizard_ultrascale_v1_7_17_gtye4_cpll_cal_inst/gtwizard_ultrascale_v1_7_17_gtye4_cpll_cal_tx_i/bufg_gt_txoutclkmon_inst/O
  Path Type:              Setup (Max at Slow Process Corner)
  Requirement:            3.367ns  (u_camera_hdmi/u_hdmi/u_phy/u_vphy/inst/gt_wrapper_inst/inst/gen_gtwizard_gtye4_top.vid_phy_controller_0_gtwrapper_gtwizard_gtye4_inst/gen_gtwizard_gtye4.gen_cpll_cal_gtye4.gen_cpll_cal_inst[0].gen_inst_cpll_cal.gtwizard_ultrascale_v1_7_17_gtye4_cpll_cal_inst/gtwizard_ultrascale_v1_7_17_gtye4_cpll_cal_tx_i/bufg_gt_txoutclkmon_inst/O rise@3.367ns - u_camera_hdmi/u_hdmi/u_phy/u_vphy/inst/gt_wrapper_inst/inst/gen_gtwizard_gtye4_top.vid_phy_controller_0_gtwrapper_gtwizard_gtye4_inst/gen_gtwizard_gtye4.gen_cpll_cal_gtye4.gen_cpll_cal_inst[0].gen_inst_cpll_cal.gtwizard_ultrascale_v1_7_17_gtye4_cpll_cal_inst/gtwizard_ultrascale_v1_7_17_gtye4_cpll_cal_tx_i/bufg_gt_txoutclkmon_inst/O rise@0.000ns)
  Data Path Delay:        1.058ns  (logic 0.206ns (19.471%)  route 0.852ns (80.529%))
  Logic Levels:           1  (LUT5=1)
  Clock Path Skew:        -0.055ns (DCD - SCD + CPR)
    Destination Clock Delay (DCD):    0.514ns = ( 3.881 - 3.367 ) 
    Source Clock Delay      (SCD):    0.583ns
    Clock Pessimism Removal (CPR):    0.014ns
  Clock Uncertainty:      0.046ns  ((TSJ^2 + DJ^2)^1/2) / 2 + PE
    Total System Jitter     (TSJ):    0.071ns
    Discrete Jitter          (DJ):    0.060ns
    Phase Error              (PE):    0.000ns
  Clock Net Delay (Source):      0.583ns (routing 0.000ns, distribution 0.583ns)
  Clock Net Delay (Destination): 0.514ns (routing 0.000ns, distribution 0.514ns)

    Location             Delay type                Incr(ns)  Path(ns)    Netlist Resource(s)
  -------------------------------------------------------------------    -------------------
                         (clock u_camera_hdmi/u_hdmi/u_phy/u_vphy/inst/gt_wrapper_inst/inst/gen_gtwizard_gtye4_top.vid_phy_controller_0_gtwrapper_gtwizard_gtye4_inst/gen_gtwizard_gtye4.gen_cpll_cal_gtye4.gen_cpll_cal_inst[0].gen_inst_cpll_cal.gtwizard_ultrascale_v1_7_17_gtye4_cpll_cal_inst/gtwizard_ultrascale_v1_7_17_gtye4_cpll_cal_tx_i/bufg_gt_txoutclkmon_inst/O rise edge)
                                                      0.000     0.000 r  
    BUFG_GT_X0Y120       BUFG_GT                      0.000     0.000 r  u_camera_hdmi/u_hdmi/u_phy/u_vphy/inst/gt_wrapper_inst/inst/gen_gtwizard_gtye4_top.vid_phy_controller_0_gtwrapper_gtwizard_gtye4_inst/gen_gtwizard_gtye4.gen_cpll_cal_gtye4.gen_cpll_cal_inst[0].gen_inst_cpll_cal.gtwizard_ultrascale_v1_7_17_gtye4_cpll_cal_inst/gtwizard_ultrascale_v1_7_17_gtye4_cpll_cal_tx_i/bufg_gt_txoutclkmon_inst/O
    X0Y5 (CLOCK_ROOT)    net (fo=31, estimated)       0.583     0.583    u_camera_hdmi/u_hdmi/u_phy/u_vphy/inst/gt_wrapper_inst/inst/gen_gtwizard_gtye4_top.vid_phy_controller_0_gtwrapper_gtwizard_gtye4_inst/gen_gtwizard_gtye4.gen_cpll_cal_gtye4.gen_cpll_cal_inst[0].gen_inst_cpll_cal.gtwizard_ultrascale_v1_7_17_gtye4_cpll_cal_inst/gtwizard_ultrascale_v1_7_17_gtye4_cpll_cal_tx_i/U_TXOUTCLK_FREQ_COUNTER/txoutclkmon
    SLICE_X9Y337         FDRE                                         r  u_camera_hdmi/u_hdmi/u_phy/u_vphy/inst/gt_wrapper_inst/inst/gen_gtwizard_gtye4_top.vid_phy_controller_0_gtwrapper_gtwizard_gtye4_inst/gen_gtwizard_gtye4.gen_cpll_cal_gtye4.gen_cpll_cal_inst[0].gen_inst_cpll_cal.gtwizard_ultrascale_v1_7_17_gtye4_cpll_cal_inst/gtwizard_ultrascale_v1_7_17_gtye4_cpll_cal_tx_i/U_TXOUTCLK_FREQ_COUNTER/testclk_en_dly2_reg/C
  -------------------------------------------------------------------    -------------------
    SLICE_X9Y337         FDRE (Prop_AFF2_SLICEL_C_Q)
                                                      0.081     0.664 r  u_camera_hdmi/u_hdmi/u_phy/u_vphy/inst/gt_wrapper_inst/inst/gen_gtwizard_gtye4_top.vid_phy_controller_0_gtwrapper_gtwizard_gtye4_inst/gen_gtwizard_gtye4.gen_cpll_cal_gtye4.gen_cpll_cal_inst[0].gen_inst_cpll_cal.gtwizard_ultrascale_v1_7_17_gtye4_cpll_cal_inst/gtwizard_ultrascale_v1_7_17_gtye4_cpll_cal_tx_i/U_TXOUTCLK_FREQ_COUNTER/testclk_en_dly2_reg/Q
                         net (fo=1, estimated)        0.512     1.176    u_camera_hdmi/u_hdmi/u_phy/u_vphy/inst/gt_wrapper_inst/inst/gen_gtwizard_gtye4_top.vid_phy_controller_0_gtwrapper_gtwizard_gtye4_inst/gen_gtwizard_gtye4.gen_cpll_cal_gtye4.gen_cpll_cal_inst[0].gen_inst_cpll_cal.gtwizard_ultrascale_v1_7_17_gtye4_cpll_cal_inst/gtwizard_ultrascale_v1_7_17_gtye4_cpll_cal_tx_i/U_TXOUTCLK_FREQ_COUNTER/testclk_en_dly2
    SLICE_X13Y339        LUT5 (Prop_H6LUT_SLICEM_I0_O)
                                                      0.125     1.301 r  u_camera_hdmi/u_hdmi/u_phy/u_vphy/inst/gt_wrapper_inst/inst/gen_gtwizard_gtye4_top.vid_phy_controller_0_gtwrapper_gtwizard_gtye4_inst/gen_gtwizard_gtye4.gen_cpll_cal_gtye4.gen_cpll_cal_inst[0].gen_inst_cpll_cal.gtwizard_ultrascale_v1_7_17_gtye4_cpll_cal_inst/gtwizard_ultrascale_v1_7_17_gtye4_cpll_cal_tx_i/U_TXOUTCLK_FREQ_COUNTER/testclk_cnt0/O
                         net (fo=18, estimated)       0.340     1.641    u_camera_hdmi/u_hdmi/u_phy/u_vphy/inst/gt_wrapper_inst/inst/gen_gtwizard_gtye4_top.vid_phy_controller_0_gtwrapper_gtwizard_gtye4_inst/gen_gtwizard_gtye4.gen_cpll_cal_gtye4.gen_cpll_cal_inst[0].gen_inst_cpll_cal.gtwizard_ultrascale_v1_7_17_gtye4_cpll_cal_inst/gtwizard_ultrascale_v1_7_17_gtye4_cpll_cal_tx_i/U_TXOUTCLK_FREQ_COUNTER/testclk_cnt0_n_0
    SLICE_X12Y338        FDCE                                         r  u_camera_hdmi/u_hdmi/u_phy/u_vphy/inst/gt_wrapper_inst/inst/gen_gtwizard_gtye4_top.vid_phy_controller_0_gtwrapper_gtwizard_gtye4_inst/gen_gtwizard_gtye4.gen_cpll_cal_gtye4.gen_cpll_cal_inst[0].gen_inst_cpll_cal.gtwizard_ultrascale_v1_7_17_gtye4_cpll_cal_inst/gtwizard_ultrascale_v1_7_17_gtye4_cpll_cal_tx_i/U_TXOUTCLK_FREQ_COUNTER/testclk_cnt_reg[4]/CE
  -------------------------------------------------------------------    -------------------

                         (clock u_camera_hdmi/u_hdmi/u_phy/u_vphy/inst/gt_wrapper_inst/inst/gen_gtwizard_gtye4_top.vid_phy_controller_0_gtwrapper_gtwizard_gtye4_inst/gen_gtwizard_gtye4.gen_cpll_cal_gtye4.gen_cpll_cal_inst[0].gen_inst_cpll_cal.gtwizard_ultrascale_v1_7_17_gtye4_cpll_cal_inst/gtwizard_ultrascale_v1_7_17_gtye4_cpll_cal_tx_i/bufg_gt_txoutclkmon_inst/O rise edge)
                                                      3.367     3.367 r  
    BUFG_GT_X0Y120       BUFG_GT                      0.000     3.367 r  u_camera_hdmi/u_hdmi/u_phy/u_vphy/inst/gt_wrapper_inst/inst/gen_gtwizard_gtye4_top.vid_phy_controller_0_gtwrapper_gtwizard_gtye4_inst/gen_gtwizard_gtye4.gen_cpll_cal_gtye4.gen_cpll_cal_inst[0].gen_inst_cpll_cal.gtwizard_ultrascale_v1_7_17_gtye4_cpll_cal_inst/gtwizard_ultrascale_v1_7_17_gtye4_cpll_cal_tx_i/bufg_gt_txoutclkmon_inst/O
    X0Y5 (CLOCK_ROOT)    net (fo=31, estimated)       0.514     3.881    u_camera_hdmi/u_hdmi/u_phy/u_vphy/inst/gt_wrapper_inst/inst/gen_gtwizard_gtye4_top.vid_phy_controller_0_gtwrapper_gtwizard_gtye4_inst/gen_gtwizard_gtye4.gen_cpll_cal_gtye4.gen_cpll_cal_inst[0].gen_inst_cpll_cal.gtwizard_ultrascale_v1_7_17_gtye4_cpll_cal_inst/gtwizard_ultrascale_v1_7_17_gtye4_cpll_cal_tx_i/U_TXOUTCLK_FREQ_COUNTER/txoutclkmon
    SLICE_X12Y338        FDCE                                         r  u_camera_hdmi/u_hdmi/u_phy/u_vphy/inst/gt_wrapper_inst/inst/gen_gtwizard_gtye4_top.vid_phy_controller_0_gtwrapper_gtwizard_gtye4_inst/gen_gtwizard_gtye4.gen_cpll_cal_gtye4.gen_cpll_cal_inst[0].gen_inst_cpll_cal.gtwizard_ultrascale_v1_7_17_gtye4_cpll_cal_inst/gtwizard_ultrascale_v1_7_17_gtye4_cpll_cal_tx_i/U_TXOUTCLK_FREQ_COUNTER/testclk_cnt_reg[4]/C
                         clock pessimism              0.014     3.895    
                         clock uncertainty           -0.046     3.848    
    SLICE_X12Y338        FDCE (Setup_EFF_SLICEL_C_CE)
                                                     -0.060     3.788    u_camera_hdmi/u_hdmi/u_phy/u_vphy/inst/gt_wrapper_inst/inst/gen_gtwizard_gtye4_top.vid_phy_controller_0_gtwrapper_gtwizard_gtye4_inst/gen_gtwizard_gtye4.gen_cpll_cal_gtye4.gen_cpll_cal_inst[0].gen_inst_cpll_cal.gtwizard_ultrascale_v1_7_17_gtye4_cpll_cal_inst/gtwizard_ultrascale_v1_7_17_gtye4_cpll_cal_tx_i/U_TXOUTCLK_FREQ_COUNTER/testclk_cnt_reg[4]
  -------------------------------------------------------------------
                         required time                          3.788    
                         arrival time                          -1.641    
  -------------------------------------------------------------------
                         slack                                  2.147    





Pulse Width Checks
--------------------------------------------------------------------------------------
Clock Name:         u_camera_hdmi/u_hdmi/u_phy/u_vphy/inst/gt_wrapper_inst/inst/gen_gtwizard_gtye4_top.vid_phy_controller_0_gtwrapper_gtwizard_gtye4_inst/gen_gtwizard_gtye4.gen_cpll_cal_gtye4.gen_cpll_cal_inst[0].gen_inst_cpll_cal.gtwizard_ultrascale_v1_7_17_gtye4_cpll_cal_inst/gtwizard_ultrascale_v1_7_17_gtye4_cpll_cal_tx_i/bufg_gt_txoutclkmon_inst/O
Waveform(ns):       { 0.000 1.684 }
Period(ns):         3.367
Sources:            { u_camera_hdmi/u_hdmi/u_phy/u_vphy/inst/gt_wrapper_inst/inst/gen_gtwizard_gtye4_top.vid_phy_controller_0_gtwrapper_gtwizard_gtye4_inst/gen_gtwizard_gtye4.gen_cpll_cal_gtye4.gen_cpll_cal_inst[0].gen_inst_cpll_cal.gtwizard_ultrascale_v1_7_17_gtye4_cpll_cal_inst/gtwizard_ultrascale_v1_7_17_gtye4_cpll_cal_tx_i/bufg_gt_txoutclkmon_inst/O }

Check Type        Corner  Lib Pin  Reference Pin  Required(ns)  Actual(ns)  Slack(ns)  Location       Pin
Min Period        n/a     FDCE/C   n/a            0.550         3.367       2.817      SLICE_X12Y338  u_camera_hdmi/u_hdmi/u_phy/u_vphy/inst/gt_wrapper_inst/inst/gen_gtwizard_gtye4_top.vid_phy_controller_0_gtwrapper_gtwizard_gtye4_inst/gen_gtwizard_gtye4.gen_cpll_cal_gtye4.gen_cpll_cal_inst[0].gen_inst_cpll_cal.gtwizard_ultrascale_v1_7_17_gtye4_cpll_cal_inst/gtwizard_ultrascale_v1_7_17_gtye4_cpll_cal_tx_i/U_TXOUTCLK_FREQ_COUNTER/testclk_cnt_reg[0]/C
Low Pulse Width   Slow    FDCE/C   n/a            0.275         1.684       1.409      SLICE_X12Y338  u_camera_hdmi/u_hdmi/u_phy/u_vphy/inst/gt_wrapper_inst/inst/gen_gtwizard_gtye4_top.vid_phy_controller_0_gtwrapper_gtwizard_gtye4_inst/gen_gtwizard_gtye4.gen_cpll_cal_gtye4.gen_cpll_cal_inst[0].gen_inst_cpll_cal.gtwizard_ultrascale_v1_7_17_gtye4_cpll_cal_inst/gtwizard_ultrascale_v1_7_17_gtye4_cpll_cal_tx_i/U_TXOUTCLK_FREQ_COUNTER/testclk_cnt_reg[0]/C
High Pulse Width  Slow    FDCE/C   n/a            0.275         1.683       1.408      SLICE_X12Y338  u_camera_hdmi/u_hdmi/u_phy/u_vphy/inst/gt_wrapper_inst/inst/gen_gtwizard_gtye4_top.vid_phy_controller_0_gtwrapper_gtwizard_gtye4_inst/gen_gtwizard_gtye4.gen_cpll_cal_gtye4.gen_cpll_cal_inst[0].gen_inst_cpll_cal.gtwizard_ultrascale_v1_7_17_gtye4_cpll_cal_inst/gtwizard_ultrascale_v1_7_17_gtye4_cpll_cal_tx_i/U_TXOUTCLK_FREQ_COUNTER/testclk_cnt_reg[0]/C



---------------------------------------------------------------------------------------------------
From Clock:  u_camera_hdmi/u_hdmi/u_phy/u_vphy/inst/gt_wrapper_inst/inst/gen_gtwizard_gtye4_top.vid_phy_controller_0_gtwrapper_gtwizard_gtye4_inst/gen_gtwizard_gtye4.gen_cpll_cal_gtye4.gen_cpll_cal_inst[1].gen_inst_cpll_cal.gtwizard_ultrascale_v1_7_17_gtye4_cpll_cal_inst/gtwizard_ultrascale_v1_7_17_gtye4_cpll_cal_rx_i/gen_cal_rx_en.bufg_gt_rxoutclkmon_inst/O
  To Clock:  u_camera_hdmi/u_hdmi/u_phy/u_vphy/inst/gt_wrapper_inst/inst/gen_gtwizard_gtye4_top.vid_phy_controller_0_gtwrapper_gtwizard_gtye4_inst/gen_gtwizard_gtye4.gen_cpll_cal_gtye4.gen_cpll_cal_inst[1].gen_inst_cpll_cal.gtwizard_ultrascale_v1_7_17_gtye4_cpll_cal_inst/gtwizard_ultrascale_v1_7_17_gtye4_cpll_cal_rx_i/gen_cal_rx_en.bufg_gt_rxoutclkmon_inst/O

Setup :            0  Failing Endpoints,  Worst Slack        2.339ns,  Total Violation        0.000ns
Hold  :           NA  Failing Endpoints,  Worst Slack           NA  ,  Total Violation           NA
PW    :            0  Failing Endpoints,  Worst Slack        1.408ns,  Total Violation        0.000ns
---------------------------------------------------------------------------------------------------


Max Delay Paths
--------------------------------------------------------------------------------------
Slack (MET) :             2.339ns  (required time - arrival time)
  Source:                 u_camera_hdmi/u_hdmi/u_phy/u_vphy/inst/gt_wrapper_inst/inst/gen_gtwizard_gtye4_top.vid_phy_controller_0_gtwrapper_gtwizard_gtye4_inst/gen_gtwizard_gtye4.gen_cpll_cal_gtye4.gen_cpll_cal_inst[1].gen_inst_cpll_cal.gtwizard_ultrascale_v1_7_17_gtye4_cpll_cal_inst/gtwizard_ultrascale_v1_7_17_gtye4_cpll_cal_rx_i/gen_cal_rx_en.U_RXOUTCLK_FREQ_COUNTER/testclk_en_dly2_reg/C
                            (rising edge-triggered cell FDRE clocked by u_camera_hdmi/u_hdmi/u_phy/u_vphy/inst/gt_wrapper_inst/inst/gen_gtwizard_gtye4_top.vid_phy_controller_0_gtwrapper_gtwizard_gtye4_inst/gen_gtwizard_gtye4.gen_cpll_cal_gtye4.gen_cpll_cal_inst[1].gen_inst_cpll_cal.gtwizard_ultrascale_v1_7_17_gtye4_cpll_cal_inst/gtwizard_ultrascale_v1_7_17_gtye4_cpll_cal_rx_i/gen_cal_rx_en.bufg_gt_rxoutclkmon_inst/O  {rise@0.000ns fall@1.684ns period=3.367ns})
  Destination:            u_camera_hdmi/u_hdmi/u_phy/u_vphy/inst/gt_wrapper_inst/inst/gen_gtwizard_gtye4_top.vid_phy_controller_0_gtwrapper_gtwizard_gtye4_inst/gen_gtwizard_gtye4.gen_cpll_cal_gtye4.gen_cpll_cal_inst[1].gen_inst_cpll_cal.gtwizard_ultrascale_v1_7_17_gtye4_cpll_cal_inst/gtwizard_ultrascale_v1_7_17_gtye4_cpll_cal_rx_i/gen_cal_rx_en.U_RXOUTCLK_FREQ_COUNTER/testclk_cnt_reg[10]/CE
                            (rising edge-triggered cell FDCE clocked by u_camera_hdmi/u_hdmi/u_phy/u_vphy/inst/gt_wrapper_inst/inst/gen_gtwizard_gtye4_top.vid_phy_controller_0_gtwrapper_gtwizard_gtye4_inst/gen_gtwizard_gtye4.gen_cpll_cal_gtye4.gen_cpll_cal_inst[1].gen_inst_cpll_cal.gtwizard_ultrascale_v1_7_17_gtye4_cpll_cal_inst/gtwizard_ultrascale_v1_7_17_gtye4_cpll_cal_rx_i/gen_cal_rx_en.bufg_gt_rxoutclkmon_inst/O  {rise@0.000ns fall@1.684ns period=3.367ns})
  Path Group:             u_camera_hdmi/u_hdmi/u_phy/u_vphy/inst/gt_wrapper_inst/inst/gen_gtwizard_gtye4_top.vid_phy_controller_0_gtwrapper_gtwizard_gtye4_inst/gen_gtwizard_gtye4.gen_cpll_cal_gtye4.gen_cpll_cal_inst[1].gen_inst_cpll_cal.gtwizard_ultrascale_v1_7_17_gtye4_cpll_cal_inst/gtwizard_ultrascale_v1_7_17_gtye4_cpll_cal_rx_i/gen_cal_rx_en.bufg_gt_rxoutclkmon_inst/O
  Path Type:              Setup (Max at Slow Process Corner)
  Requirement:            3.367ns  (u_camera_hdmi/u_hdmi/u_phy/u_vphy/inst/gt_wrapper_inst/inst/gen_gtwizard_gtye4_top.vid_phy_controller_0_gtwrapper_gtwizard_gtye4_inst/gen_gtwizard_gtye4.gen_cpll_cal_gtye4.gen_cpll_cal_inst[1].gen_inst_cpll_cal.gtwizard_ultrascale_v1_7_17_gtye4_cpll_cal_inst/gtwizard_ultrascale_v1_7_17_gtye4_cpll_cal_rx_i/gen_cal_rx_en.bufg_gt_rxoutclkmon_inst/O rise@3.367ns - u_camera_hdmi/u_hdmi/u_phy/u_vphy/inst/gt_wrapper_inst/inst/gen_gtwizard_gtye4_top.vid_phy_controller_0_gtwrapper_gtwizard_gtye4_inst/gen_gtwizard_gtye4.gen_cpll_cal_gtye4.gen_cpll_cal_inst[1].gen_inst_cpll_cal.gtwizard_ultrascale_v1_7_17_gtye4_cpll_cal_inst/gtwizard_ultrascale_v1_7_17_gtye4_cpll_cal_rx_i/gen_cal_rx_en.bufg_gt_rxoutclkmon_inst/O rise@0.000ns)
  Data Path Delay:        0.799ns  (logic 0.204ns (25.532%)  route 0.595ns (74.468%))
  Logic Levels:           1  (LUT5=1)
  Clock Path Skew:        -0.122ns (DCD - SCD + CPR)
    Destination Clock Delay (DCD):    0.536ns = ( 3.903 - 3.367 ) 
    Source Clock Delay      (SCD):    0.667ns
    Clock Pessimism Removal (CPR):    0.009ns
  Clock Uncertainty:      0.046ns  ((TSJ^2 + DJ^2)^1/2) / 2 + PE
    Total System Jitter     (TSJ):    0.071ns
    Discrete Jitter          (DJ):    0.060ns
    Phase Error              (PE):    0.000ns
  Clock Net Delay (Source):      0.667ns (routing 0.000ns, distribution 0.667ns)
  Clock Net Delay (Destination): 0.536ns (routing 0.000ns, distribution 0.536ns)

    Location             Delay type                Incr(ns)  Path(ns)    Netlist Resource(s)
  -------------------------------------------------------------------    -------------------
                         (clock u_camera_hdmi/u_hdmi/u_phy/u_vphy/inst/gt_wrapper_inst/inst/gen_gtwizard_gtye4_top.vid_phy_controller_0_gtwrapper_gtwizard_gtye4_inst/gen_gtwizard_gtye4.gen_cpll_cal_gtye4.gen_cpll_cal_inst[1].gen_inst_cpll_cal.gtwizard_ultrascale_v1_7_17_gtye4_cpll_cal_inst/gtwizard_ultrascale_v1_7_17_gtye4_cpll_cal_rx_i/gen_cal_rx_en.bufg_gt_rxoutclkmon_inst/O rise edge)
                                                      0.000     0.000 r  
    BUFG_GT_X0Y132       BUFG_GT                      0.000     0.000 r  u_camera_hdmi/u_hdmi/u_phy/u_vphy/inst/gt_wrapper_inst/inst/gen_gtwizard_gtye4_top.vid_phy_controller_0_gtwrapper_gtwizard_gtye4_inst/gen_gtwizard_gtye4.gen_cpll_cal_gtye4.gen_cpll_cal_inst[1].gen_inst_cpll_cal.gtwizard_ultrascale_v1_7_17_gtye4_cpll_cal_inst/gtwizard_ultrascale_v1_7_17_gtye4_cpll_cal_rx_i/gen_cal_rx_en.bufg_gt_rxoutclkmon_inst/O
    X0Y5 (CLOCK_ROOT)    net (fo=31, estimated)       0.667     0.667    u_camera_hdmi/u_hdmi/u_phy/u_vphy/inst/gt_wrapper_inst/inst/gen_gtwizard_gtye4_top.vid_phy_controller_0_gtwrapper_gtwizard_gtye4_inst/gen_gtwizard_gtye4.gen_cpll_cal_gtye4.gen_cpll_cal_inst[1].gen_inst_cpll_cal.gtwizard_ultrascale_v1_7_17_gtye4_cpll_cal_inst/gtwizard_ultrascale_v1_7_17_gtye4_cpll_cal_rx_i/gen_cal_rx_en.U_RXOUTCLK_FREQ_COUNTER/gen_cal_rx_en.rxoutclkmon
    SLICE_X21Y352        FDRE                                         r  u_camera_hdmi/u_hdmi/u_phy/u_vphy/inst/gt_wrapper_inst/inst/gen_gtwizard_gtye4_top.vid_phy_controller_0_gtwrapper_gtwizard_gtye4_inst/gen_gtwizard_gtye4.gen_cpll_cal_gtye4.gen_cpll_cal_inst[1].gen_inst_cpll_cal.gtwizard_ultrascale_v1_7_17_gtye4_cpll_cal_inst/gtwizard_ultrascale_v1_7_17_gtye4_cpll_cal_rx_i/gen_cal_rx_en.U_RXOUTCLK_FREQ_COUNTER/testclk_en_dly2_reg/C
  -------------------------------------------------------------------    -------------------
    SLICE_X21Y352        FDRE (Prop_AFF2_SLICEM_C_Q)
                                                      0.080     0.747 r  u_camera_hdmi/u_hdmi/u_phy/u_vphy/inst/gt_wrapper_inst/inst/gen_gtwizard_gtye4_top.vid_phy_controller_0_gtwrapper_gtwizard_gtye4_inst/gen_gtwizard_gtye4.gen_cpll_cal_gtye4.gen_cpll_cal_inst[1].gen_inst_cpll_cal.gtwizard_ultrascale_v1_7_17_gtye4_cpll_cal_inst/gtwizard_ultrascale_v1_7_17_gtye4_cpll_cal_rx_i/gen_cal_rx_en.U_RXOUTCLK_FREQ_COUNTER/testclk_en_dly2_reg/Q
                         net (fo=1, estimated)        0.148     0.895    u_camera_hdmi/u_hdmi/u_phy/u_vphy/inst/gt_wrapper_inst/inst/gen_gtwizard_gtye4_top.vid_phy_controller_0_gtwrapper_gtwizard_gtye4_inst/gen_gtwizard_gtye4.gen_cpll_cal_gtye4.gen_cpll_cal_inst[1].gen_inst_cpll_cal.gtwizard_ultrascale_v1_7_17_gtye4_cpll_cal_inst/gtwizard_ultrascale_v1_7_17_gtye4_cpll_cal_rx_i/gen_cal_rx_en.U_RXOUTCLK_FREQ_COUNTER/testclk_en_dly2
    SLICE_X21Y353        LUT5 (Prop_E6LUT_SLICEM_I0_O)
                                                      0.124     1.019 r  u_camera_hdmi/u_hdmi/u_phy/u_vphy/inst/gt_wrapper_inst/inst/gen_gtwizard_gtye4_top.vid_phy_controller_0_gtwrapper_gtwizard_gtye4_inst/gen_gtwizard_gtye4.gen_cpll_cal_gtye4.gen_cpll_cal_inst[1].gen_inst_cpll_cal.gtwizard_ultrascale_v1_7_17_gtye4_cpll_cal_inst/gtwizard_ultrascale_v1_7_17_gtye4_cpll_cal_rx_i/gen_cal_rx_en.U_RXOUTCLK_FREQ_COUNTER/testclk_cnt0__0/O
                         net (fo=18, estimated)       0.447     1.466    u_camera_hdmi/u_hdmi/u_phy/u_vphy/inst/gt_wrapper_inst/inst/gen_gtwizard_gtye4_top.vid_phy_controller_0_gtwrapper_gtwizard_gtye4_inst/gen_gtwizard_gtye4.gen_cpll_cal_gtye4.gen_cpll_cal_inst[1].gen_inst_cpll_cal.gtwizard_ultrascale_v1_7_17_gtye4_cpll_cal_inst/gtwizard_ultrascale_v1_7_17_gtye4_cpll_cal_rx_i/gen_cal_rx_en.U_RXOUTCLK_FREQ_COUNTER/testclk_cnt0__0_n_0
    SLICE_X18Y344        FDCE                                         r  u_camera_hdmi/u_hdmi/u_phy/u_vphy/inst/gt_wrapper_inst/inst/gen_gtwizard_gtye4_top.vid_phy_controller_0_gtwrapper_gtwizard_gtye4_inst/gen_gtwizard_gtye4.gen_cpll_cal_gtye4.gen_cpll_cal_inst[1].gen_inst_cpll_cal.gtwizard_ultrascale_v1_7_17_gtye4_cpll_cal_inst/gtwizard_ultrascale_v1_7_17_gtye4_cpll_cal_rx_i/gen_cal_rx_en.U_RXOUTCLK_FREQ_COUNTER/testclk_cnt_reg[10]/CE
  -------------------------------------------------------------------    -------------------

                         (clock u_camera_hdmi/u_hdmi/u_phy/u_vphy/inst/gt_wrapper_inst/inst/gen_gtwizard_gtye4_top.vid_phy_controller_0_gtwrapper_gtwizard_gtye4_inst/gen_gtwizard_gtye4.gen_cpll_cal_gtye4.gen_cpll_cal_inst[1].gen_inst_cpll_cal.gtwizard_ultrascale_v1_7_17_gtye4_cpll_cal_inst/gtwizard_ultrascale_v1_7_17_gtye4_cpll_cal_rx_i/gen_cal_rx_en.bufg_gt_rxoutclkmon_inst/O rise edge)
                                                      3.367     3.367 r  
    BUFG_GT_X0Y132       BUFG_GT                      0.000     3.367 r  u_camera_hdmi/u_hdmi/u_phy/u_vphy/inst/gt_wrapper_inst/inst/gen_gtwizard_gtye4_top.vid_phy_controller_0_gtwrapper_gtwizard_gtye4_inst/gen_gtwizard_gtye4.gen_cpll_cal_gtye4.gen_cpll_cal_inst[1].gen_inst_cpll_cal.gtwizard_ultrascale_v1_7_17_gtye4_cpll_cal_inst/gtwizard_ultrascale_v1_7_17_gtye4_cpll_cal_rx_i/gen_cal_rx_en.bufg_gt_rxoutclkmon_inst/O
    X0Y5 (CLOCK_ROOT)    net (fo=31, estimated)       0.536     3.903    u_camera_hdmi/u_hdmi/u_phy/u_vphy/inst/gt_wrapper_inst/inst/gen_gtwizard_gtye4_top.vid_phy_controller_0_gtwrapper_gtwizard_gtye4_inst/gen_gtwizard_gtye4.gen_cpll_cal_gtye4.gen_cpll_cal_inst[1].gen_inst_cpll_cal.gtwizard_ultrascale_v1_7_17_gtye4_cpll_cal_inst/gtwizard_ultrascale_v1_7_17_gtye4_cpll_cal_rx_i/gen_cal_rx_en.U_RXOUTCLK_FREQ_COUNTER/gen_cal_rx_en.rxoutclkmon
    SLICE_X18Y344        FDCE                                         r  u_camera_hdmi/u_hdmi/u_phy/u_vphy/inst/gt_wrapper_inst/inst/gen_gtwizard_gtye4_top.vid_phy_controller_0_gtwrapper_gtwizard_gtye4_inst/gen_gtwizard_gtye4.gen_cpll_cal_gtye4.gen_cpll_cal_inst[1].gen_inst_cpll_cal.gtwizard_ultrascale_v1_7_17_gtye4_cpll_cal_inst/gtwizard_ultrascale_v1_7_17_gtye4_cpll_cal_rx_i/gen_cal_rx_en.U_RXOUTCLK_FREQ_COUNTER/testclk_cnt_reg[10]/C
                         clock pessimism              0.009     3.912    
                         clock uncertainty           -0.046     3.865    
    SLICE_X18Y344        FDCE (Setup_CFF_SLICEL_C_CE)
                                                     -0.060     3.805    u_camera_hdmi/u_hdmi/u_phy/u_vphy/inst/gt_wrapper_inst/inst/gen_gtwizard_gtye4_top.vid_phy_controller_0_gtwrapper_gtwizard_gtye4_inst/gen_gtwizard_gtye4.gen_cpll_cal_gtye4.gen_cpll_cal_inst[1].gen_inst_cpll_cal.gtwizard_ultrascale_v1_7_17_gtye4_cpll_cal_inst/gtwizard_ultrascale_v1_7_17_gtye4_cpll_cal_rx_i/gen_cal_rx_en.U_RXOUTCLK_FREQ_COUNTER/testclk_cnt_reg[10]
  -------------------------------------------------------------------
                         required time                          3.805    
                         arrival time                          -1.466    
  -------------------------------------------------------------------
                         slack                                  2.339    





Pulse Width Checks
--------------------------------------------------------------------------------------
Clock Name:         u_camera_hdmi/u_hdmi/u_phy/u_vphy/inst/gt_wrapper_inst/inst/gen_gtwizard_gtye4_top.vid_phy_controller_0_gtwrapper_gtwizard_gtye4_inst/gen_gtwizard_gtye4.gen_cpll_cal_gtye4.gen_cpll_cal_inst[1].gen_inst_cpll_cal.gtwizard_ultrascale_v1_7_17_gtye4_cpll_cal_inst/gtwizard_ultrascale_v1_7_17_gtye4_cpll_cal_rx_i/gen_cal_rx_en.bufg_gt_rxoutclkmon_inst/O
Waveform(ns):       { 0.000 1.684 }
Period(ns):         3.367
Sources:            { u_camera_hdmi/u_hdmi/u_phy/u_vphy/inst/gt_wrapper_inst/inst/gen_gtwizard_gtye4_top.vid_phy_controller_0_gtwrapper_gtwizard_gtye4_inst/gen_gtwizard_gtye4.gen_cpll_cal_gtye4.gen_cpll_cal_inst[1].gen_inst_cpll_cal.gtwizard_ultrascale_v1_7_17_gtye4_cpll_cal_inst/gtwizard_ultrascale_v1_7_17_gtye4_cpll_cal_rx_i/gen_cal_rx_en.bufg_gt_rxoutclkmon_inst/O }

Check Type        Corner  Lib Pin  Reference Pin  Required(ns)  Actual(ns)  Slack(ns)  Location       Pin
Min Period        n/a     FDCE/C   n/a            0.550         3.367       2.817      SLICE_X18Y343  u_camera_hdmi/u_hdmi/u_phy/u_vphy/inst/gt_wrapper_inst/inst/gen_gtwizard_gtye4_top.vid_phy_controller_0_gtwrapper_gtwizard_gtye4_inst/gen_gtwizard_gtye4.gen_cpll_cal_gtye4.gen_cpll_cal_inst[1].gen_inst_cpll_cal.gtwizard_ultrascale_v1_7_17_gtye4_cpll_cal_inst/gtwizard_ultrascale_v1_7_17_gtye4_cpll_cal_rx_i/gen_cal_rx_en.U_RXOUTCLK_FREQ_COUNTER/testclk_cnt_reg[0]/C
Low Pulse Width   Slow    FDCE/C   n/a            0.275         1.684       1.409      SLICE_X18Y343  u_camera_hdmi/u_hdmi/u_phy/u_vphy/inst/gt_wrapper_inst/inst/gen_gtwizard_gtye4_top.vid_phy_controller_0_gtwrapper_gtwizard_gtye4_inst/gen_gtwizard_gtye4.gen_cpll_cal_gtye4.gen_cpll_cal_inst[1].gen_inst_cpll_cal.gtwizard_ultrascale_v1_7_17_gtye4_cpll_cal_inst/gtwizard_ultrascale_v1_7_17_gtye4_cpll_cal_rx_i/gen_cal_rx_en.U_RXOUTCLK_FREQ_COUNTER/testclk_cnt_reg[0]/C
High Pulse Width  Slow    FDCE/C   n/a            0.275         1.684       1.408      SLICE_X18Y343  u_camera_hdmi/u_hdmi/u_phy/u_vphy/inst/gt_wrapper_inst/inst/gen_gtwizard_gtye4_top.vid_phy_controller_0_gtwrapper_gtwizard_gtye4_inst/gen_gtwizard_gtye4.gen_cpll_cal_gtye4.gen_cpll_cal_inst[1].gen_inst_cpll_cal.gtwizard_ultrascale_v1_7_17_gtye4_cpll_cal_inst/gtwizard_ultrascale_v1_7_17_gtye4_cpll_cal_rx_i/gen_cal_rx_en.U_RXOUTCLK_FREQ_COUNTER/testclk_cnt_reg[0]/C



---------------------------------------------------------------------------------------------------
From Clock:  u_camera_hdmi/u_hdmi/u_phy/u_vphy/inst/gt_wrapper_inst/inst/gen_gtwizard_gtye4_top.vid_phy_controller_0_gtwrapper_gtwizard_gtye4_inst/gen_gtwizard_gtye4.gen_cpll_cal_gtye4.gen_cpll_cal_inst[1].gen_inst_cpll_cal.gtwizard_ultrascale_v1_7_17_gtye4_cpll_cal_inst/gtwizard_ultrascale_v1_7_17_gtye4_cpll_cal_tx_i/bufg_gt_txoutclkmon_inst/O
  To Clock:  u_camera_hdmi/u_hdmi/u_phy/u_vphy/inst/gt_wrapper_inst/inst/gen_gtwizard_gtye4_top.vid_phy_controller_0_gtwrapper_gtwizard_gtye4_inst/gen_gtwizard_gtye4.gen_cpll_cal_gtye4.gen_cpll_cal_inst[1].gen_inst_cpll_cal.gtwizard_ultrascale_v1_7_17_gtye4_cpll_cal_inst/gtwizard_ultrascale_v1_7_17_gtye4_cpll_cal_tx_i/bufg_gt_txoutclkmon_inst/O

Setup :            0  Failing Endpoints,  Worst Slack        2.325ns,  Total Violation        0.000ns
Hold  :           NA  Failing Endpoints,  Worst Slack           NA  ,  Total Violation           NA
PW    :            0  Failing Endpoints,  Worst Slack        1.408ns,  Total Violation        0.000ns
---------------------------------------------------------------------------------------------------


Max Delay Paths
--------------------------------------------------------------------------------------
Slack (MET) :             2.325ns  (required time - arrival time)
  Source:                 u_camera_hdmi/u_hdmi/u_phy/u_vphy/inst/gt_wrapper_inst/inst/gen_gtwizard_gtye4_top.vid_phy_controller_0_gtwrapper_gtwizard_gtye4_inst/gen_gtwizard_gtye4.gen_cpll_cal_gtye4.gen_cpll_cal_inst[1].gen_inst_cpll_cal.gtwizard_ultrascale_v1_7_17_gtye4_cpll_cal_inst/gtwizard_ultrascale_v1_7_17_gtye4_cpll_cal_tx_i/U_TXOUTCLK_FREQ_COUNTER/testclk_div4_reg[1]/C
                            (rising edge-triggered cell FDRE clocked by u_camera_hdmi/u_hdmi/u_phy/u_vphy/inst/gt_wrapper_inst/inst/gen_gtwizard_gtye4_top.vid_phy_controller_0_gtwrapper_gtwizard_gtye4_inst/gen_gtwizard_gtye4.gen_cpll_cal_gtye4.gen_cpll_cal_inst[1].gen_inst_cpll_cal.gtwizard_ultrascale_v1_7_17_gtye4_cpll_cal_inst/gtwizard_ultrascale_v1_7_17_gtye4_cpll_cal_tx_i/bufg_gt_txoutclkmon_inst/O  {rise@0.000ns fall@1.684ns period=3.367ns})
  Destination:            u_camera_hdmi/u_hdmi/u_phy/u_vphy/inst/gt_wrapper_inst/inst/gen_gtwizard_gtye4_top.vid_phy_controller_0_gtwrapper_gtwizard_gtye4_inst/gen_gtwizard_gtye4.gen_cpll_cal_gtye4.gen_cpll_cal_inst[1].gen_inst_cpll_cal.gtwizard_ultrascale_v1_7_17_gtye4_cpll_cal_inst/gtwizard_ultrascale_v1_7_17_gtye4_cpll_cal_tx_i/U_TXOUTCLK_FREQ_COUNTER/testclk_cnt_reg[4]/CE
                            (rising edge-triggered cell FDCE clocked by u_camera_hdmi/u_hdmi/u_phy/u_vphy/inst/gt_wrapper_inst/inst/gen_gtwizard_gtye4_top.vid_phy_controller_0_gtwrapper_gtwizard_gtye4_inst/gen_gtwizard_gtye4.gen_cpll_cal_gtye4.gen_cpll_cal_inst[1].gen_inst_cpll_cal.gtwizard_ultrascale_v1_7_17_gtye4_cpll_cal_inst/gtwizard_ultrascale_v1_7_17_gtye4_cpll_cal_tx_i/bufg_gt_txoutclkmon_inst/O  {rise@0.000ns fall@1.684ns period=3.367ns})
  Path Group:             u_camera_hdmi/u_hdmi/u_phy/u_vphy/inst/gt_wrapper_inst/inst/gen_gtwizard_gtye4_top.vid_phy_controller_0_gtwrapper_gtwizard_gtye4_inst/gen_gtwizard_gtye4.gen_cpll_cal_gtye4.gen_cpll_cal_inst[1].gen_inst_cpll_cal.gtwizard_ultrascale_v1_7_17_gtye4_cpll_cal_inst/gtwizard_ultrascale_v1_7_17_gtye4_cpll_cal_tx_i/bufg_gt_txoutclkmon_inst/O
  Path Type:              Setup (Max at Slow Process Corner)
  Requirement:            3.367ns  (u_camera_hdmi/u_hdmi/u_phy/u_vphy/inst/gt_wrapper_inst/inst/gen_gtwizard_gtye4_top.vid_phy_controller_0_gtwrapper_gtwizard_gtye4_inst/gen_gtwizard_gtye4.gen_cpll_cal_gtye4.gen_cpll_cal_inst[1].gen_inst_cpll_cal.gtwizard_ultrascale_v1_7_17_gtye4_cpll_cal_inst/gtwizard_ultrascale_v1_7_17_gtye4_cpll_cal_tx_i/bufg_gt_txoutclkmon_inst/O rise@3.367ns - u_camera_hdmi/u_hdmi/u_phy/u_vphy/inst/gt_wrapper_inst/inst/gen_gtwizard_gtye4_top.vid_phy_controller_0_gtwrapper_gtwizard_gtye4_inst/gen_gtwizard_gtye4.gen_cpll_cal_gtye4.gen_cpll_cal_inst[1].gen_inst_cpll_cal.gtwizard_ultrascale_v1_7_17_gtye4_cpll_cal_inst/gtwizard_ultrascale_v1_7_17_gtye4_cpll_cal_tx_i/bufg_gt_txoutclkmon_inst/O rise@0.000ns)
  Data Path Delay:        0.818ns  (logic 0.178ns (21.760%)  route 0.640ns (78.240%))
  Logic Levels:           1  (LUT5=1)
  Clock Path Skew:        -0.117ns (DCD - SCD + CPR)
    Destination Clock Delay (DCD):    0.553ns = ( 3.920 - 3.367 ) 
    Source Clock Delay      (SCD):    0.683ns
    Clock Pessimism Removal (CPR):    0.013ns
  Clock Uncertainty:      0.046ns  ((TSJ^2 + DJ^2)^1/2) / 2 + PE
    Total System Jitter     (TSJ):    0.071ns
    Discrete Jitter          (DJ):    0.060ns
    Phase Error              (PE):    0.000ns
  Clock Net Delay (Source):      0.683ns (routing 0.000ns, distribution 0.683ns)
  Clock Net Delay (Destination): 0.553ns (routing 0.000ns, distribution 0.553ns)

    Location             Delay type                Incr(ns)  Path(ns)    Netlist Resource(s)
  -------------------------------------------------------------------    -------------------
                         (clock u_camera_hdmi/u_hdmi/u_phy/u_vphy/inst/gt_wrapper_inst/inst/gen_gtwizard_gtye4_top.vid_phy_controller_0_gtwrapper_gtwizard_gtye4_inst/gen_gtwizard_gtye4.gen_cpll_cal_gtye4.gen_cpll_cal_inst[1].gen_inst_cpll_cal.gtwizard_ultrascale_v1_7_17_gtye4_cpll_cal_inst/gtwizard_ultrascale_v1_7_17_gtye4_cpll_cal_tx_i/bufg_gt_txoutclkmon_inst/O rise edge)
                                                      0.000     0.000 r  
    BUFG_GT_X0Y142       BUFG_GT                      0.000     0.000 r  u_camera_hdmi/u_hdmi/u_phy/u_vphy/inst/gt_wrapper_inst/inst/gen_gtwizard_gtye4_top.vid_phy_controller_0_gtwrapper_gtwizard_gtye4_inst/gen_gtwizard_gtye4.gen_cpll_cal_gtye4.gen_cpll_cal_inst[1].gen_inst_cpll_cal.gtwizard_ultrascale_v1_7_17_gtye4_cpll_cal_inst/gtwizard_ultrascale_v1_7_17_gtye4_cpll_cal_tx_i/bufg_gt_txoutclkmon_inst/O
    X0Y5 (CLOCK_ROOT)    net (fo=31, estimated)       0.683     0.683    u_camera_hdmi/u_hdmi/u_phy/u_vphy/inst/gt_wrapper_inst/inst/gen_gtwizard_gtye4_top.vid_phy_controller_0_gtwrapper_gtwizard_gtye4_inst/gen_gtwizard_gtye4.gen_cpll_cal_gtye4.gen_cpll_cal_inst[1].gen_inst_cpll_cal.gtwizard_ultrascale_v1_7_17_gtye4_cpll_cal_inst/gtwizard_ultrascale_v1_7_17_gtye4_cpll_cal_tx_i/U_TXOUTCLK_FREQ_COUNTER/txoutclkmon
    SLICE_X24Y351        FDRE                                         r  u_camera_hdmi/u_hdmi/u_phy/u_vphy/inst/gt_wrapper_inst/inst/gen_gtwizard_gtye4_top.vid_phy_controller_0_gtwrapper_gtwizard_gtye4_inst/gen_gtwizard_gtye4.gen_cpll_cal_gtye4.gen_cpll_cal_inst[1].gen_inst_cpll_cal.gtwizard_ultrascale_v1_7_17_gtye4_cpll_cal_inst/gtwizard_ultrascale_v1_7_17_gtye4_cpll_cal_tx_i/U_TXOUTCLK_FREQ_COUNTER/testclk_div4_reg[1]/C
  -------------------------------------------------------------------    -------------------
    SLICE_X24Y351        FDRE (Prop_EFF2_SLICEL_C_Q)
                                                      0.081     0.764 f  u_camera_hdmi/u_hdmi/u_phy/u_vphy/inst/gt_wrapper_inst/inst/gen_gtwizard_gtye4_top.vid_phy_controller_0_gtwrapper_gtwizard_gtye4_inst/gen_gtwizard_gtye4.gen_cpll_cal_gtye4.gen_cpll_cal_inst[1].gen_inst_cpll_cal.gtwizard_ultrascale_v1_7_17_gtye4_cpll_cal_inst/gtwizard_ultrascale_v1_7_17_gtye4_cpll_cal_tx_i/U_TXOUTCLK_FREQ_COUNTER/testclk_div4_reg[1]/Q
                         net (fo=2, estimated)        0.189     0.953    u_camera_hdmi/u_hdmi/u_phy/u_vphy/inst/gt_wrapper_inst/inst/gen_gtwizard_gtye4_top.vid_phy_controller_0_gtwrapper_gtwizard_gtye4_inst/gen_gtwizard_gtye4.gen_cpll_cal_gtye4.gen_cpll_cal_inst[1].gen_inst_cpll_cal.gtwizard_ultrascale_v1_7_17_gtye4_cpll_cal_inst/gtwizard_ultrascale_v1_7_17_gtye4_cpll_cal_tx_i/U_TXOUTCLK_FREQ_COUNTER/testclk_div4[1]
    SLICE_X24Y351        LUT5 (Prop_G6LUT_SLICEL_I1_O)
                                                      0.097     1.050 r  u_camera_hdmi/u_hdmi/u_phy/u_vphy/inst/gt_wrapper_inst/inst/gen_gtwizard_gtye4_top.vid_phy_controller_0_gtwrapper_gtwizard_gtye4_inst/gen_gtwizard_gtye4.gen_cpll_cal_gtye4.gen_cpll_cal_inst[1].gen_inst_cpll_cal.gtwizard_ultrascale_v1_7_17_gtye4_cpll_cal_inst/gtwizard_ultrascale_v1_7_17_gtye4_cpll_cal_tx_i/U_TXOUTCLK_FREQ_COUNTER/testclk_cnt0__0/O
                         net (fo=18, estimated)       0.451     1.501    u_camera_hdmi/u_hdmi/u_phy/u_vphy/inst/gt_wrapper_inst/inst/gen_gtwizard_gtye4_top.vid_phy_controller_0_gtwrapper_gtwizard_gtye4_inst/gen_gtwizard_gtye4.gen_cpll_cal_gtye4.gen_cpll_cal_inst[1].gen_inst_cpll_cal.gtwizard_ultrascale_v1_7_17_gtye4_cpll_cal_inst/gtwizard_ultrascale_v1_7_17_gtye4_cpll_cal_tx_i/U_TXOUTCLK_FREQ_COUNTER/testclk_cnt0__0_n_0
    SLICE_X17Y338        FDCE                                         r  u_camera_hdmi/u_hdmi/u_phy/u_vphy/inst/gt_wrapper_inst/inst/gen_gtwizard_gtye4_top.vid_phy_controller_0_gtwrapper_gtwizard_gtye4_inst/gen_gtwizard_gtye4.gen_cpll_cal_gtye4.gen_cpll_cal_inst[1].gen_inst_cpll_cal.gtwizard_ultrascale_v1_7_17_gtye4_cpll_cal_inst/gtwizard_ultrascale_v1_7_17_gtye4_cpll_cal_tx_i/U_TXOUTCLK_FREQ_COUNTER/testclk_cnt_reg[4]/CE
  -------------------------------------------------------------------    -------------------

                         (clock u_camera_hdmi/u_hdmi/u_phy/u_vphy/inst/gt_wrapper_inst/inst/gen_gtwizard_gtye4_top.vid_phy_controller_0_gtwrapper_gtwizard_gtye4_inst/gen_gtwizard_gtye4.gen_cpll_cal_gtye4.gen_cpll_cal_inst[1].gen_inst_cpll_cal.gtwizard_ultrascale_v1_7_17_gtye4_cpll_cal_inst/gtwizard_ultrascale_v1_7_17_gtye4_cpll_cal_tx_i/bufg_gt_txoutclkmon_inst/O rise edge)
                                                      3.367     3.367 r  
    BUFG_GT_X0Y142       BUFG_GT                      0.000     3.367 r  u_camera_hdmi/u_hdmi/u_phy/u_vphy/inst/gt_wrapper_inst/inst/gen_gtwizard_gtye4_top.vid_phy_controller_0_gtwrapper_gtwizard_gtye4_inst/gen_gtwizard_gtye4.gen_cpll_cal_gtye4.gen_cpll_cal_inst[1].gen_inst_cpll_cal.gtwizard_ultrascale_v1_7_17_gtye4_cpll_cal_inst/gtwizard_ultrascale_v1_7_17_gtye4_cpll_cal_tx_i/bufg_gt_txoutclkmon_inst/O
    X0Y5 (CLOCK_ROOT)    net (fo=31, estimated)       0.553     3.920    u_camera_hdmi/u_hdmi/u_phy/u_vphy/inst/gt_wrapper_inst/inst/gen_gtwizard_gtye4_top.vid_phy_controller_0_gtwrapper_gtwizard_gtye4_inst/gen_gtwizard_gtye4.gen_cpll_cal_gtye4.gen_cpll_cal_inst[1].gen_inst_cpll_cal.gtwizard_ultrascale_v1_7_17_gtye4_cpll_cal_inst/gtwizard_ultrascale_v1_7_17_gtye4_cpll_cal_tx_i/U_TXOUTCLK_FREQ_COUNTER/txoutclkmon
    SLICE_X17Y338        FDCE                                         r  u_camera_hdmi/u_hdmi/u_phy/u_vphy/inst/gt_wrapper_inst/inst/gen_gtwizard_gtye4_top.vid_phy_controller_0_gtwrapper_gtwizard_gtye4_inst/gen_gtwizard_gtye4.gen_cpll_cal_gtye4.gen_cpll_cal_inst[1].gen_inst_cpll_cal.gtwizard_ultrascale_v1_7_17_gtye4_cpll_cal_inst/gtwizard_ultrascale_v1_7_17_gtye4_cpll_cal_tx_i/U_TXOUTCLK_FREQ_COUNTER/testclk_cnt_reg[4]/C
                         clock pessimism              0.013     3.933    
                         clock uncertainty           -0.046     3.887    
    SLICE_X17Y338        FDCE (Setup_EFF_SLICEM_C_CE)
                                                     -0.061     3.826    u_camera_hdmi/u_hdmi/u_phy/u_vphy/inst/gt_wrapper_inst/inst/gen_gtwizard_gtye4_top.vid_phy_controller_0_gtwrapper_gtwizard_gtye4_inst/gen_gtwizard_gtye4.gen_cpll_cal_gtye4.gen_cpll_cal_inst[1].gen_inst_cpll_cal.gtwizard_ultrascale_v1_7_17_gtye4_cpll_cal_inst/gtwizard_ultrascale_v1_7_17_gtye4_cpll_cal_tx_i/U_TXOUTCLK_FREQ_COUNTER/testclk_cnt_reg[4]
  -------------------------------------------------------------------
                         required time                          3.826    
                         arrival time                          -1.501    
  -------------------------------------------------------------------
                         slack                                  2.325    





Pulse Width Checks
--------------------------------------------------------------------------------------
Clock Name:         u_camera_hdmi/u_hdmi/u_phy/u_vphy/inst/gt_wrapper_inst/inst/gen_gtwizard_gtye4_top.vid_phy_controller_0_gtwrapper_gtwizard_gtye4_inst/gen_gtwizard_gtye4.gen_cpll_cal_gtye4.gen_cpll_cal_inst[1].gen_inst_cpll_cal.gtwizard_ultrascale_v1_7_17_gtye4_cpll_cal_inst/gtwizard_ultrascale_v1_7_17_gtye4_cpll_cal_tx_i/bufg_gt_txoutclkmon_inst/O
Waveform(ns):       { 0.000 1.684 }
Period(ns):         3.367
Sources:            { u_camera_hdmi/u_hdmi/u_phy/u_vphy/inst/gt_wrapper_inst/inst/gen_gtwizard_gtye4_top.vid_phy_controller_0_gtwrapper_gtwizard_gtye4_inst/gen_gtwizard_gtye4.gen_cpll_cal_gtye4.gen_cpll_cal_inst[1].gen_inst_cpll_cal.gtwizard_ultrascale_v1_7_17_gtye4_cpll_cal_inst/gtwizard_ultrascale_v1_7_17_gtye4_cpll_cal_tx_i/bufg_gt_txoutclkmon_inst/O }

Check Type        Corner  Lib Pin  Reference Pin  Required(ns)  Actual(ns)  Slack(ns)  Location       Pin
Min Period        n/a     FDCE/C   n/a            0.550         3.367       2.817      SLICE_X17Y338  u_camera_hdmi/u_hdmi/u_phy/u_vphy/inst/gt_wrapper_inst/inst/gen_gtwizard_gtye4_top.vid_phy_controller_0_gtwrapper_gtwizard_gtye4_inst/gen_gtwizard_gtye4.gen_cpll_cal_gtye4.gen_cpll_cal_inst[1].gen_inst_cpll_cal.gtwizard_ultrascale_v1_7_17_gtye4_cpll_cal_inst/gtwizard_ultrascale_v1_7_17_gtye4_cpll_cal_tx_i/U_TXOUTCLK_FREQ_COUNTER/testclk_cnt_reg[0]/C
Low Pulse Width   Slow    FDCE/C   n/a            0.275         1.684       1.408      SLICE_X17Y338  u_camera_hdmi/u_hdmi/u_phy/u_vphy/inst/gt_wrapper_inst/inst/gen_gtwizard_gtye4_top.vid_phy_controller_0_gtwrapper_gtwizard_gtye4_inst/gen_gtwizard_gtye4.gen_cpll_cal_gtye4.gen_cpll_cal_inst[1].gen_inst_cpll_cal.gtwizard_ultrascale_v1_7_17_gtye4_cpll_cal_inst/gtwizard_ultrascale_v1_7_17_gtye4_cpll_cal_tx_i/U_TXOUTCLK_FREQ_COUNTER/testclk_cnt_reg[0]/C
High Pulse Width  Slow    FDCE/C   n/a            0.275         1.684       1.408      SLICE_X17Y338  u_camera_hdmi/u_hdmi/u_phy/u_vphy/inst/gt_wrapper_inst/inst/gen_gtwizard_gtye4_top.vid_phy_controller_0_gtwrapper_gtwizard_gtye4_inst/gen_gtwizard_gtye4.gen_cpll_cal_gtye4.gen_cpll_cal_inst[1].gen_inst_cpll_cal.gtwizard_ultrascale_v1_7_17_gtye4_cpll_cal_inst/gtwizard_ultrascale_v1_7_17_gtye4_cpll_cal_tx_i/U_TXOUTCLK_FREQ_COUNTER/testclk_cnt_reg[0]/C



---------------------------------------------------------------------------------------------------
From Clock:  u_camera_hdmi/u_hdmi/u_phy/u_vphy/inst/gt_wrapper_inst/inst/gen_gtwizard_gtye4_top.vid_phy_controller_0_gtwrapper_gtwizard_gtye4_inst/gen_gtwizard_gtye4.gen_cpll_cal_gtye4.gen_cpll_cal_inst[2].gen_inst_cpll_cal.gtwizard_ultrascale_v1_7_17_gtye4_cpll_cal_inst/gtwizard_ultrascale_v1_7_17_gtye4_cpll_cal_rx_i/gen_cal_rx_en.bufg_gt_rxoutclkmon_inst/O
  To Clock:  u_camera_hdmi/u_hdmi/u_phy/u_vphy/inst/gt_wrapper_inst/inst/gen_gtwizard_gtye4_top.vid_phy_controller_0_gtwrapper_gtwizard_gtye4_inst/gen_gtwizard_gtye4.gen_cpll_cal_gtye4.gen_cpll_cal_inst[2].gen_inst_cpll_cal.gtwizard_ultrascale_v1_7_17_gtye4_cpll_cal_inst/gtwizard_ultrascale_v1_7_17_gtye4_cpll_cal_rx_i/gen_cal_rx_en.bufg_gt_rxoutclkmon_inst/O

Setup :            0  Failing Endpoints,  Worst Slack        2.300ns,  Total Violation        0.000ns
Hold  :           NA  Failing Endpoints,  Worst Slack           NA  ,  Total Violation           NA
PW    :            0  Failing Endpoints,  Worst Slack        1.408ns,  Total Violation        0.000ns
---------------------------------------------------------------------------------------------------


Max Delay Paths
--------------------------------------------------------------------------------------
Slack (MET) :             2.300ns  (required time - arrival time)
  Source:                 u_camera_hdmi/u_hdmi/u_phy/u_vphy/inst/gt_wrapper_inst/inst/gen_gtwizard_gtye4_top.vid_phy_controller_0_gtwrapper_gtwizard_gtye4_inst/gen_gtwizard_gtye4.gen_cpll_cal_gtye4.gen_cpll_cal_inst[2].gen_inst_cpll_cal.gtwizard_ultrascale_v1_7_17_gtye4_cpll_cal_inst/gtwizard_ultrascale_v1_7_17_gtye4_cpll_cal_rx_i/gen_cal_rx_en.U_RXOUTCLK_FREQ_COUNTER/testclk_en_dly2_reg/C
                            (rising edge-triggered cell FDRE clocked by u_camera_hdmi/u_hdmi/u_phy/u_vphy/inst/gt_wrapper_inst/inst/gen_gtwizard_gtye4_top.vid_phy_controller_0_gtwrapper_gtwizard_gtye4_inst/gen_gtwizard_gtye4.gen_cpll_cal_gtye4.gen_cpll_cal_inst[2].gen_inst_cpll_cal.gtwizard_ultrascale_v1_7_17_gtye4_cpll_cal_inst/gtwizard_ultrascale_v1_7_17_gtye4_cpll_cal_rx_i/gen_cal_rx_en.bufg_gt_rxoutclkmon_inst/O  {rise@0.000ns fall@1.684ns period=3.367ns})
  Destination:            u_camera_hdmi/u_hdmi/u_phy/u_vphy/inst/gt_wrapper_inst/inst/gen_gtwizard_gtye4_top.vid_phy_controller_0_gtwrapper_gtwizard_gtye4_inst/gen_gtwizard_gtye4.gen_cpll_cal_gtye4.gen_cpll_cal_inst[2].gen_inst_cpll_cal.gtwizard_ultrascale_v1_7_17_gtye4_cpll_cal_inst/gtwizard_ultrascale_v1_7_17_gtye4_cpll_cal_rx_i/gen_cal_rx_en.U_RXOUTCLK_FREQ_COUNTER/testclk_cnt_reg[4]/CE
                            (rising edge-triggered cell FDCE clocked by u_camera_hdmi/u_hdmi/u_phy/u_vphy/inst/gt_wrapper_inst/inst/gen_gtwizard_gtye4_top.vid_phy_controller_0_gtwrapper_gtwizard_gtye4_inst/gen_gtwizard_gtye4.gen_cpll_cal_gtye4.gen_cpll_cal_inst[2].gen_inst_cpll_cal.gtwizard_ultrascale_v1_7_17_gtye4_cpll_cal_inst/gtwizard_ultrascale_v1_7_17_gtye4_cpll_cal_rx_i/gen_cal_rx_en.bufg_gt_rxoutclkmon_inst/O  {rise@0.000ns fall@1.684ns period=3.367ns})
  Path Group:             u_camera_hdmi/u_hdmi/u_phy/u_vphy/inst/gt_wrapper_inst/inst/gen_gtwizard_gtye4_top.vid_phy_controller_0_gtwrapper_gtwizard_gtye4_inst/gen_gtwizard_gtye4.gen_cpll_cal_gtye4.gen_cpll_cal_inst[2].gen_inst_cpll_cal.gtwizard_ultrascale_v1_7_17_gtye4_cpll_cal_inst/gtwizard_ultrascale_v1_7_17_gtye4_cpll_cal_rx_i/gen_cal_rx_en.bufg_gt_rxoutclkmon_inst/O
  Path Type:              Setup (Max at Slow Process Corner)
  Requirement:            3.367ns  (u_camera_hdmi/u_hdmi/u_phy/u_vphy/inst/gt_wrapper_inst/inst/gen_gtwizard_gtye4_top.vid_phy_controller_0_gtwrapper_gtwizard_gtye4_inst/gen_gtwizard_gtye4.gen_cpll_cal_gtye4.gen_cpll_cal_inst[2].gen_inst_cpll_cal.gtwizard_ultrascale_v1_7_17_gtye4_cpll_cal_inst/gtwizard_ultrascale_v1_7_17_gtye4_cpll_cal_rx_i/gen_cal_rx_en.bufg_gt_rxoutclkmon_inst/O rise@3.367ns - u_camera_hdmi/u_hdmi/u_phy/u_vphy/inst/gt_wrapper_inst/inst/gen_gtwizard_gtye4_top.vid_phy_controller_0_gtwrapper_gtwizard_gtye4_inst/gen_gtwizard_gtye4.gen_cpll_cal_gtye4.gen_cpll_cal_inst[2].gen_inst_cpll_cal.gtwizard_ultrascale_v1_7_17_gtye4_cpll_cal_inst/gtwizard_ultrascale_v1_7_17_gtye4_cpll_cal_rx_i/gen_cal_rx_en.bufg_gt_rxoutclkmon_inst/O rise@0.000ns)
  Data Path Delay:        0.831ns  (logic 0.205ns (24.669%)  route 0.626ns (75.331%))
  Logic Levels:           1  (LUT5=1)
  Clock Path Skew:        -0.130ns (DCD - SCD + CPR)
    Destination Clock Delay (DCD):    0.532ns = ( 3.899 - 3.367 ) 
    Source Clock Delay      (SCD):    0.675ns
    Clock Pessimism Removal (CPR):    0.013ns
  Clock Uncertainty:      0.046ns  ((TSJ^2 + DJ^2)^1/2) / 2 + PE
    Total System Jitter     (TSJ):    0.071ns
    Discrete Jitter          (DJ):    0.060ns
    Phase Error              (PE):    0.000ns
  Clock Net Delay (Source):      0.675ns (routing 0.000ns, distribution 0.675ns)
  Clock Net Delay (Destination): 0.532ns (routing 0.000ns, distribution 0.532ns)

    Location             Delay type                Incr(ns)  Path(ns)    Netlist Resource(s)
  -------------------------------------------------------------------    -------------------
                         (clock u_camera_hdmi/u_hdmi/u_phy/u_vphy/inst/gt_wrapper_inst/inst/gen_gtwizard_gtye4_top.vid_phy_controller_0_gtwrapper_gtwizard_gtye4_inst/gen_gtwizard_gtye4.gen_cpll_cal_gtye4.gen_cpll_cal_inst[2].gen_inst_cpll_cal.gtwizard_ultrascale_v1_7_17_gtye4_cpll_cal_inst/gtwizard_ultrascale_v1_7_17_gtye4_cpll_cal_rx_i/gen_cal_rx_en.bufg_gt_rxoutclkmon_inst/O rise edge)
                                                      0.000     0.000 r  
    BUFG_GT_X0Y141       BUFG_GT                      0.000     0.000 r  u_camera_hdmi/u_hdmi/u_phy/u_vphy/inst/gt_wrapper_inst/inst/gen_gtwizard_gtye4_top.vid_phy_controller_0_gtwrapper_gtwizard_gtye4_inst/gen_gtwizard_gtye4.gen_cpll_cal_gtye4.gen_cpll_cal_inst[2].gen_inst_cpll_cal.gtwizard_ultrascale_v1_7_17_gtye4_cpll_cal_inst/gtwizard_ultrascale_v1_7_17_gtye4_cpll_cal_rx_i/gen_cal_rx_en.bufg_gt_rxoutclkmon_inst/O
    X0Y5 (CLOCK_ROOT)    net (fo=31, estimated)       0.675     0.675    u_camera_hdmi/u_hdmi/u_phy/u_vphy/inst/gt_wrapper_inst/inst/gen_gtwizard_gtye4_top.vid_phy_controller_0_gtwrapper_gtwizard_gtye4_inst/gen_gtwizard_gtye4.gen_cpll_cal_gtye4.gen_cpll_cal_inst[2].gen_inst_cpll_cal.gtwizard_ultrascale_v1_7_17_gtye4_cpll_cal_inst/gtwizard_ultrascale_v1_7_17_gtye4_cpll_cal_rx_i/gen_cal_rx_en.U_RXOUTCLK_FREQ_COUNTER/gen_cal_rx_en.rxoutclkmon
    SLICE_X17Y344        FDRE                                         r  u_camera_hdmi/u_hdmi/u_phy/u_vphy/inst/gt_wrapper_inst/inst/gen_gtwizard_gtye4_top.vid_phy_controller_0_gtwrapper_gtwizard_gtye4_inst/gen_gtwizard_gtye4.gen_cpll_cal_gtye4.gen_cpll_cal_inst[2].gen_inst_cpll_cal.gtwizard_ultrascale_v1_7_17_gtye4_cpll_cal_inst/gtwizard_ultrascale_v1_7_17_gtye4_cpll_cal_rx_i/gen_cal_rx_en.U_RXOUTCLK_FREQ_COUNTER/testclk_en_dly2_reg/C
  -------------------------------------------------------------------    -------------------
    SLICE_X17Y344        FDRE (Prop_AFF2_SLICEM_C_Q)
                                                      0.080     0.755 r  u_camera_hdmi/u_hdmi/u_phy/u_vphy/inst/gt_wrapper_inst/inst/gen_gtwizard_gtye4_top.vid_phy_controller_0_gtwrapper_gtwizard_gtye4_inst/gen_gtwizard_gtye4.gen_cpll_cal_gtye4.gen_cpll_cal_inst[2].gen_inst_cpll_cal.gtwizard_ultrascale_v1_7_17_gtye4_cpll_cal_inst/gtwizard_ultrascale_v1_7_17_gtye4_cpll_cal_rx_i/gen_cal_rx_en.U_RXOUTCLK_FREQ_COUNTER/testclk_en_dly2_reg/Q
                         net (fo=1, estimated)        0.170     0.925    u_camera_hdmi/u_hdmi/u_phy/u_vphy/inst/gt_wrapper_inst/inst/gen_gtwizard_gtye4_top.vid_phy_controller_0_gtwrapper_gtwizard_gtye4_inst/gen_gtwizard_gtye4.gen_cpll_cal_gtye4.gen_cpll_cal_inst[2].gen_inst_cpll_cal.gtwizard_ultrascale_v1_7_17_gtye4_cpll_cal_inst/gtwizard_ultrascale_v1_7_17_gtye4_cpll_cal_rx_i/gen_cal_rx_en.U_RXOUTCLK_FREQ_COUNTER/testclk_en_dly2
    SLICE_X17Y344        LUT5 (Prop_H6LUT_SLICEM_I0_O)
                                                      0.125     1.050 r  u_camera_hdmi/u_hdmi/u_phy/u_vphy/inst/gt_wrapper_inst/inst/gen_gtwizard_gtye4_top.vid_phy_controller_0_gtwrapper_gtwizard_gtye4_inst/gen_gtwizard_gtye4.gen_cpll_cal_gtye4.gen_cpll_cal_inst[2].gen_inst_cpll_cal.gtwizard_ultrascale_v1_7_17_gtye4_cpll_cal_inst/gtwizard_ultrascale_v1_7_17_gtye4_cpll_cal_rx_i/gen_cal_rx_en.U_RXOUTCLK_FREQ_COUNTER/testclk_cnt0__1/O
                         net (fo=18, estimated)       0.456     1.506    u_camera_hdmi/u_hdmi/u_phy/u_vphy/inst/gt_wrapper_inst/inst/gen_gtwizard_gtye4_top.vid_phy_controller_0_gtwrapper_gtwizard_gtye4_inst/gen_gtwizard_gtye4.gen_cpll_cal_gtye4.gen_cpll_cal_inst[2].gen_inst_cpll_cal.gtwizard_ultrascale_v1_7_17_gtye4_cpll_cal_inst/gtwizard_ultrascale_v1_7_17_gtye4_cpll_cal_rx_i/gen_cal_rx_en.U_RXOUTCLK_FREQ_COUNTER/testclk_cnt0__1_n_0
    SLICE_X14Y339        FDCE                                         r  u_camera_hdmi/u_hdmi/u_phy/u_vphy/inst/gt_wrapper_inst/inst/gen_gtwizard_gtye4_top.vid_phy_controller_0_gtwrapper_gtwizard_gtye4_inst/gen_gtwizard_gtye4.gen_cpll_cal_gtye4.gen_cpll_cal_inst[2].gen_inst_cpll_cal.gtwizard_ultrascale_v1_7_17_gtye4_cpll_cal_inst/gtwizard_ultrascale_v1_7_17_gtye4_cpll_cal_rx_i/gen_cal_rx_en.U_RXOUTCLK_FREQ_COUNTER/testclk_cnt_reg[4]/CE
  -------------------------------------------------------------------    -------------------

                         (clock u_camera_hdmi/u_hdmi/u_phy/u_vphy/inst/gt_wrapper_inst/inst/gen_gtwizard_gtye4_top.vid_phy_controller_0_gtwrapper_gtwizard_gtye4_inst/gen_gtwizard_gtye4.gen_cpll_cal_gtye4.gen_cpll_cal_inst[2].gen_inst_cpll_cal.gtwizard_ultrascale_v1_7_17_gtye4_cpll_cal_inst/gtwizard_ultrascale_v1_7_17_gtye4_cpll_cal_rx_i/gen_cal_rx_en.bufg_gt_rxoutclkmon_inst/O rise edge)
                                                      3.367     3.367 r  
    BUFG_GT_X0Y141       BUFG_GT                      0.000     3.367 r  u_camera_hdmi/u_hdmi/u_phy/u_vphy/inst/gt_wrapper_inst/inst/gen_gtwizard_gtye4_top.vid_phy_controller_0_gtwrapper_gtwizard_gtye4_inst/gen_gtwizard_gtye4.gen_cpll_cal_gtye4.gen_cpll_cal_inst[2].gen_inst_cpll_cal.gtwizard_ultrascale_v1_7_17_gtye4_cpll_cal_inst/gtwizard_ultrascale_v1_7_17_gtye4_cpll_cal_rx_i/gen_cal_rx_en.bufg_gt_rxoutclkmon_inst/O
    X0Y5 (CLOCK_ROOT)    net (fo=31, estimated)       0.532     3.899    u_camera_hdmi/u_hdmi/u_phy/u_vphy/inst/gt_wrapper_inst/inst/gen_gtwizard_gtye4_top.vid_phy_controller_0_gtwrapper_gtwizard_gtye4_inst/gen_gtwizard_gtye4.gen_cpll_cal_gtye4.gen_cpll_cal_inst[2].gen_inst_cpll_cal.gtwizard_ultrascale_v1_7_17_gtye4_cpll_cal_inst/gtwizard_ultrascale_v1_7_17_gtye4_cpll_cal_rx_i/gen_cal_rx_en.U_RXOUTCLK_FREQ_COUNTER/gen_cal_rx_en.rxoutclkmon
    SLICE_X14Y339        FDCE                                         r  u_camera_hdmi/u_hdmi/u_phy/u_vphy/inst/gt_wrapper_inst/inst/gen_gtwizard_gtye4_top.vid_phy_controller_0_gtwrapper_gtwizard_gtye4_inst/gen_gtwizard_gtye4.gen_cpll_cal_gtye4.gen_cpll_cal_inst[2].gen_inst_cpll_cal.gtwizard_ultrascale_v1_7_17_gtye4_cpll_cal_inst/gtwizard_ultrascale_v1_7_17_gtye4_cpll_cal_rx_i/gen_cal_rx_en.U_RXOUTCLK_FREQ_COUNTER/testclk_cnt_reg[4]/C
                         clock pessimism              0.013     3.912    
                         clock uncertainty           -0.046     3.866    
    SLICE_X14Y339        FDCE (Setup_EFF_SLICEL_C_CE)
                                                     -0.060     3.806    u_camera_hdmi/u_hdmi/u_phy/u_vphy/inst/gt_wrapper_inst/inst/gen_gtwizard_gtye4_top.vid_phy_controller_0_gtwrapper_gtwizard_gtye4_inst/gen_gtwizard_gtye4.gen_cpll_cal_gtye4.gen_cpll_cal_inst[2].gen_inst_cpll_cal.gtwizard_ultrascale_v1_7_17_gtye4_cpll_cal_inst/gtwizard_ultrascale_v1_7_17_gtye4_cpll_cal_rx_i/gen_cal_rx_en.U_RXOUTCLK_FREQ_COUNTER/testclk_cnt_reg[4]
  -------------------------------------------------------------------
                         required time                          3.806    
                         arrival time                          -1.506    
  -------------------------------------------------------------------
                         slack                                  2.300    





Pulse Width Checks
--------------------------------------------------------------------------------------
Clock Name:         u_camera_hdmi/u_hdmi/u_phy/u_vphy/inst/gt_wrapper_inst/inst/gen_gtwizard_gtye4_top.vid_phy_controller_0_gtwrapper_gtwizard_gtye4_inst/gen_gtwizard_gtye4.gen_cpll_cal_gtye4.gen_cpll_cal_inst[2].gen_inst_cpll_cal.gtwizard_ultrascale_v1_7_17_gtye4_cpll_cal_inst/gtwizard_ultrascale_v1_7_17_gtye4_cpll_cal_rx_i/gen_cal_rx_en.bufg_gt_rxoutclkmon_inst/O
Waveform(ns):       { 0.000 1.684 }
Period(ns):         3.367
Sources:            { u_camera_hdmi/u_hdmi/u_phy/u_vphy/inst/gt_wrapper_inst/inst/gen_gtwizard_gtye4_top.vid_phy_controller_0_gtwrapper_gtwizard_gtye4_inst/gen_gtwizard_gtye4.gen_cpll_cal_gtye4.gen_cpll_cal_inst[2].gen_inst_cpll_cal.gtwizard_ultrascale_v1_7_17_gtye4_cpll_cal_inst/gtwizard_ultrascale_v1_7_17_gtye4_cpll_cal_rx_i/gen_cal_rx_en.bufg_gt_rxoutclkmon_inst/O }

Check Type        Corner  Lib Pin  Reference Pin  Required(ns)  Actual(ns)  Slack(ns)  Location       Pin
Min Period        n/a     FDCE/C   n/a            0.550         3.367       2.817      SLICE_X14Y339  u_camera_hdmi/u_hdmi/u_phy/u_vphy/inst/gt_wrapper_inst/inst/gen_gtwizard_gtye4_top.vid_phy_controller_0_gtwrapper_gtwizard_gtye4_inst/gen_gtwizard_gtye4.gen_cpll_cal_gtye4.gen_cpll_cal_inst[2].gen_inst_cpll_cal.gtwizard_ultrascale_v1_7_17_gtye4_cpll_cal_inst/gtwizard_ultrascale_v1_7_17_gtye4_cpll_cal_rx_i/gen_cal_rx_en.U_RXOUTCLK_FREQ_COUNTER/testclk_cnt_reg[0]/C
Low Pulse Width   Slow    FDCE/C   n/a            0.275         1.684       1.409      SLICE_X14Y339  u_camera_hdmi/u_hdmi/u_phy/u_vphy/inst/gt_wrapper_inst/inst/gen_gtwizard_gtye4_top.vid_phy_controller_0_gtwrapper_gtwizard_gtye4_inst/gen_gtwizard_gtye4.gen_cpll_cal_gtye4.gen_cpll_cal_inst[2].gen_inst_cpll_cal.gtwizard_ultrascale_v1_7_17_gtye4_cpll_cal_inst/gtwizard_ultrascale_v1_7_17_gtye4_cpll_cal_rx_i/gen_cal_rx_en.U_RXOUTCLK_FREQ_COUNTER/testclk_cnt_reg[0]/C
High Pulse Width  Slow    FDCE/C   n/a            0.275         1.684       1.408      SLICE_X14Y339  u_camera_hdmi/u_hdmi/u_phy/u_vphy/inst/gt_wrapper_inst/inst/gen_gtwizard_gtye4_top.vid_phy_controller_0_gtwrapper_gtwizard_gtye4_inst/gen_gtwizard_gtye4.gen_cpll_cal_gtye4.gen_cpll_cal_inst[2].gen_inst_cpll_cal.gtwizard_ultrascale_v1_7_17_gtye4_cpll_cal_inst/gtwizard_ultrascale_v1_7_17_gtye4_cpll_cal_rx_i/gen_cal_rx_en.U_RXOUTCLK_FREQ_COUNTER/testclk_cnt_reg[0]/C



---------------------------------------------------------------------------------------------------
From Clock:  u_camera_hdmi/u_hdmi/u_phy/u_vphy/inst/gt_wrapper_inst/inst/gen_gtwizard_gtye4_top.vid_phy_controller_0_gtwrapper_gtwizard_gtye4_inst/gen_gtwizard_gtye4.gen_cpll_cal_gtye4.gen_cpll_cal_inst[2].gen_inst_cpll_cal.gtwizard_ultrascale_v1_7_17_gtye4_cpll_cal_inst/gtwizard_ultrascale_v1_7_17_gtye4_cpll_cal_tx_i/bufg_gt_txoutclkmon_inst/O
  To Clock:  u_camera_hdmi/u_hdmi/u_phy/u_vphy/inst/gt_wrapper_inst/inst/gen_gtwizard_gtye4_top.vid_phy_controller_0_gtwrapper_gtwizard_gtye4_inst/gen_gtwizard_gtye4.gen_cpll_cal_gtye4.gen_cpll_cal_inst[2].gen_inst_cpll_cal.gtwizard_ultrascale_v1_7_17_gtye4_cpll_cal_inst/gtwizard_ultrascale_v1_7_17_gtye4_cpll_cal_tx_i/bufg_gt_txoutclkmon_inst/O

Setup :            0  Failing Endpoints,  Worst Slack        2.390ns,  Total Violation        0.000ns
Hold  :           NA  Failing Endpoints,  Worst Slack           NA  ,  Total Violation           NA
PW    :            0  Failing Endpoints,  Worst Slack        1.408ns,  Total Violation        0.000ns
---------------------------------------------------------------------------------------------------


Max Delay Paths
--------------------------------------------------------------------------------------
Slack (MET) :             2.390ns  (required time - arrival time)
  Source:                 u_camera_hdmi/u_hdmi/u_phy/u_vphy/inst/gt_wrapper_inst/inst/gen_gtwizard_gtye4_top.vid_phy_controller_0_gtwrapper_gtwizard_gtye4_inst/gen_gtwizard_gtye4.gen_cpll_cal_gtye4.gen_cpll_cal_inst[2].gen_inst_cpll_cal.gtwizard_ultrascale_v1_7_17_gtye4_cpll_cal_inst/gtwizard_ultrascale_v1_7_17_gtye4_cpll_cal_tx_i/U_TXOUTCLK_FREQ_COUNTER/testclk_en_dly2_reg/C
                            (rising edge-triggered cell FDRE clocked by u_camera_hdmi/u_hdmi/u_phy/u_vphy/inst/gt_wrapper_inst/inst/gen_gtwizard_gtye4_top.vid_phy_controller_0_gtwrapper_gtwizard_gtye4_inst/gen_gtwizard_gtye4.gen_cpll_cal_gtye4.gen_cpll_cal_inst[2].gen_inst_cpll_cal.gtwizard_ultrascale_v1_7_17_gtye4_cpll_cal_inst/gtwizard_ultrascale_v1_7_17_gtye4_cpll_cal_tx_i/bufg_gt_txoutclkmon_inst/O  {rise@0.000ns fall@1.684ns period=3.367ns})
  Destination:            u_camera_hdmi/u_hdmi/u_phy/u_vphy/inst/gt_wrapper_inst/inst/gen_gtwizard_gtye4_top.vid_phy_controller_0_gtwrapper_gtwizard_gtye4_inst/gen_gtwizard_gtye4.gen_cpll_cal_gtye4.gen_cpll_cal_inst[2].gen_inst_cpll_cal.gtwizard_ultrascale_v1_7_17_gtye4_cpll_cal_inst/gtwizard_ultrascale_v1_7_17_gtye4_cpll_cal_tx_i/U_TXOUTCLK_FREQ_COUNTER/testclk_cnt_reg[4]/CE
                            (rising edge-triggered cell FDCE clocked by u_camera_hdmi/u_hdmi/u_phy/u_vphy/inst/gt_wrapper_inst/inst/gen_gtwizard_gtye4_top.vid_phy_controller_0_gtwrapper_gtwizard_gtye4_inst/gen_gtwizard_gtye4.gen_cpll_cal_gtye4.gen_cpll_cal_inst[2].gen_inst_cpll_cal.gtwizard_ultrascale_v1_7_17_gtye4_cpll_cal_inst/gtwizard_ultrascale_v1_7_17_gtye4_cpll_cal_tx_i/bufg_gt_txoutclkmon_inst/O  {rise@0.000ns fall@1.684ns period=3.367ns})
  Path Group:             u_camera_hdmi/u_hdmi/u_phy/u_vphy/inst/gt_wrapper_inst/inst/gen_gtwizard_gtye4_top.vid_phy_controller_0_gtwrapper_gtwizard_gtye4_inst/gen_gtwizard_gtye4.gen_cpll_cal_gtye4.gen_cpll_cal_inst[2].gen_inst_cpll_cal.gtwizard_ultrascale_v1_7_17_gtye4_cpll_cal_inst/gtwizard_ultrascale_v1_7_17_gtye4_cpll_cal_tx_i/bufg_gt_txoutclkmon_inst/O
  Path Type:              Setup (Max at Slow Process Corner)
  Requirement:            3.367ns  (u_camera_hdmi/u_hdmi/u_phy/u_vphy/inst/gt_wrapper_inst/inst/gen_gtwizard_gtye4_top.vid_phy_controller_0_gtwrapper_gtwizard_gtye4_inst/gen_gtwizard_gtye4.gen_cpll_cal_gtye4.gen_cpll_cal_inst[2].gen_inst_cpll_cal.gtwizard_ultrascale_v1_7_17_gtye4_cpll_cal_inst/gtwizard_ultrascale_v1_7_17_gtye4_cpll_cal_tx_i/bufg_gt_txoutclkmon_inst/O rise@3.367ns - u_camera_hdmi/u_hdmi/u_phy/u_vphy/inst/gt_wrapper_inst/inst/gen_gtwizard_gtye4_top.vid_phy_controller_0_gtwrapper_gtwizard_gtye4_inst/gen_gtwizard_gtye4.gen_cpll_cal_gtye4.gen_cpll_cal_inst[2].gen_inst_cpll_cal.gtwizard_ultrascale_v1_7_17_gtye4_cpll_cal_inst/gtwizard_ultrascale_v1_7_17_gtye4_cpll_cal_tx_i/bufg_gt_txoutclkmon_inst/O rise@0.000ns)
  Data Path Delay:        0.773ns  (logic 0.205ns (26.520%)  route 0.568ns (73.480%))
  Logic Levels:           1  (LUT5=1)
  Clock Path Skew:        -0.098ns (DCD - SCD + CPR)
    Destination Clock Delay (DCD):    0.475ns = ( 3.842 - 3.367 ) 
    Source Clock Delay      (SCD):    0.587ns
    Clock Pessimism Removal (CPR):    0.014ns
  Clock Uncertainty:      0.046ns  ((TSJ^2 + DJ^2)^1/2) / 2 + PE
    Total System Jitter     (TSJ):    0.071ns
    Discrete Jitter          (DJ):    0.060ns
    Phase Error              (PE):    0.000ns
  Clock Net Delay (Source):      0.587ns (routing 0.000ns, distribution 0.587ns)
  Clock Net Delay (Destination): 0.475ns (routing 0.000ns, distribution 0.475ns)

    Location             Delay type                Incr(ns)  Path(ns)    Netlist Resource(s)
  -------------------------------------------------------------------    -------------------
                         (clock u_camera_hdmi/u_hdmi/u_phy/u_vphy/inst/gt_wrapper_inst/inst/gen_gtwizard_gtye4_top.vid_phy_controller_0_gtwrapper_gtwizard_gtye4_inst/gen_gtwizard_gtye4.gen_cpll_cal_gtye4.gen_cpll_cal_inst[2].gen_inst_cpll_cal.gtwizard_ultrascale_v1_7_17_gtye4_cpll_cal_inst/gtwizard_ultrascale_v1_7_17_gtye4_cpll_cal_tx_i/bufg_gt_txoutclkmon_inst/O rise edge)
                                                      0.000     0.000 r  
    BUFG_GT_X0Y122       BUFG_GT                      0.000     0.000 r  u_camera_hdmi/u_hdmi/u_phy/u_vphy/inst/gt_wrapper_inst/inst/gen_gtwizard_gtye4_top.vid_phy_controller_0_gtwrapper_gtwizard_gtye4_inst/gen_gtwizard_gtye4.gen_cpll_cal_gtye4.gen_cpll_cal_inst[2].gen_inst_cpll_cal.gtwizard_ultrascale_v1_7_17_gtye4_cpll_cal_inst/gtwizard_ultrascale_v1_7_17_gtye4_cpll_cal_tx_i/bufg_gt_txoutclkmon_inst/O
    X0Y5 (CLOCK_ROOT)    net (fo=31, estimated)       0.587     0.587    u_camera_hdmi/u_hdmi/u_phy/u_vphy/inst/gt_wrapper_inst/inst/gen_gtwizard_gtye4_top.vid_phy_controller_0_gtwrapper_gtwizard_gtye4_inst/gen_gtwizard_gtye4.gen_cpll_cal_gtye4.gen_cpll_cal_inst[2].gen_inst_cpll_cal.gtwizard_ultrascale_v1_7_17_gtye4_cpll_cal_inst/gtwizard_ultrascale_v1_7_17_gtye4_cpll_cal_tx_i/U_TXOUTCLK_FREQ_COUNTER/txoutclkmon
    SLICE_X7Y337         FDRE                                         r  u_camera_hdmi/u_hdmi/u_phy/u_vphy/inst/gt_wrapper_inst/inst/gen_gtwizard_gtye4_top.vid_phy_controller_0_gtwrapper_gtwizard_gtye4_inst/gen_gtwizard_gtye4.gen_cpll_cal_gtye4.gen_cpll_cal_inst[2].gen_inst_cpll_cal.gtwizard_ultrascale_v1_7_17_gtye4_cpll_cal_inst/gtwizard_ultrascale_v1_7_17_gtye4_cpll_cal_tx_i/U_TXOUTCLK_FREQ_COUNTER/testclk_en_dly2_reg/C
  -------------------------------------------------------------------    -------------------
    SLICE_X7Y337         FDRE (Prop_EFF2_SLICEL_C_Q)
                                                      0.081     0.668 r  u_camera_hdmi/u_hdmi/u_phy/u_vphy/inst/gt_wrapper_inst/inst/gen_gtwizard_gtye4_top.vid_phy_controller_0_gtwrapper_gtwizard_gtye4_inst/gen_gtwizard_gtye4.gen_cpll_cal_gtye4.gen_cpll_cal_inst[2].gen_inst_cpll_cal.gtwizard_ultrascale_v1_7_17_gtye4_cpll_cal_inst/gtwizard_ultrascale_v1_7_17_gtye4_cpll_cal_tx_i/U_TXOUTCLK_FREQ_COUNTER/testclk_en_dly2_reg/Q
                         net (fo=1, estimated)        0.215     0.883    u_camera_hdmi/u_hdmi/u_phy/u_vphy/inst/gt_wrapper_inst/inst/gen_gtwizard_gtye4_top.vid_phy_controller_0_gtwrapper_gtwizard_gtye4_inst/gen_gtwizard_gtye4.gen_cpll_cal_gtye4.gen_cpll_cal_inst[2].gen_inst_cpll_cal.gtwizard_ultrascale_v1_7_17_gtye4_cpll_cal_inst/gtwizard_ultrascale_v1_7_17_gtye4_cpll_cal_tx_i/U_TXOUTCLK_FREQ_COUNTER/testclk_en_dly2
    SLICE_X9Y340         LUT5 (Prop_H6LUT_SLICEL_I0_O)
                                                      0.124     1.007 r  u_camera_hdmi/u_hdmi/u_phy/u_vphy/inst/gt_wrapper_inst/inst/gen_gtwizard_gtye4_top.vid_phy_controller_0_gtwrapper_gtwizard_gtye4_inst/gen_gtwizard_gtye4.gen_cpll_cal_gtye4.gen_cpll_cal_inst[2].gen_inst_cpll_cal.gtwizard_ultrascale_v1_7_17_gtye4_cpll_cal_inst/gtwizard_ultrascale_v1_7_17_gtye4_cpll_cal_tx_i/U_TXOUTCLK_FREQ_COUNTER/testclk_cnt0__1/O
                         net (fo=18, estimated)       0.353     1.360    u_camera_hdmi/u_hdmi/u_phy/u_vphy/inst/gt_wrapper_inst/inst/gen_gtwizard_gtye4_top.vid_phy_controller_0_gtwrapper_gtwizard_gtye4_inst/gen_gtwizard_gtye4.gen_cpll_cal_gtye4.gen_cpll_cal_inst[2].gen_inst_cpll_cal.gtwizard_ultrascale_v1_7_17_gtye4_cpll_cal_inst/gtwizard_ultrascale_v1_7_17_gtye4_cpll_cal_tx_i/U_TXOUTCLK_FREQ_COUNTER/testclk_cnt0__1_n_0
    SLICE_X9Y334         FDCE                                         r  u_camera_hdmi/u_hdmi/u_phy/u_vphy/inst/gt_wrapper_inst/inst/gen_gtwizard_gtye4_top.vid_phy_controller_0_gtwrapper_gtwizard_gtye4_inst/gen_gtwizard_gtye4.gen_cpll_cal_gtye4.gen_cpll_cal_inst[2].gen_inst_cpll_cal.gtwizard_ultrascale_v1_7_17_gtye4_cpll_cal_inst/gtwizard_ultrascale_v1_7_17_gtye4_cpll_cal_tx_i/U_TXOUTCLK_FREQ_COUNTER/testclk_cnt_reg[4]/CE
  -------------------------------------------------------------------    -------------------

                         (clock u_camera_hdmi/u_hdmi/u_phy/u_vphy/inst/gt_wrapper_inst/inst/gen_gtwizard_gtye4_top.vid_phy_controller_0_gtwrapper_gtwizard_gtye4_inst/gen_gtwizard_gtye4.gen_cpll_cal_gtye4.gen_cpll_cal_inst[2].gen_inst_cpll_cal.gtwizard_ultrascale_v1_7_17_gtye4_cpll_cal_inst/gtwizard_ultrascale_v1_7_17_gtye4_cpll_cal_tx_i/bufg_gt_txoutclkmon_inst/O rise edge)
                                                      3.367     3.367 r  
    BUFG_GT_X0Y122       BUFG_GT                      0.000     3.367 r  u_camera_hdmi/u_hdmi/u_phy/u_vphy/inst/gt_wrapper_inst/inst/gen_gtwizard_gtye4_top.vid_phy_controller_0_gtwrapper_gtwizard_gtye4_inst/gen_gtwizard_gtye4.gen_cpll_cal_gtye4.gen_cpll_cal_inst[2].gen_inst_cpll_cal.gtwizard_ultrascale_v1_7_17_gtye4_cpll_cal_inst/gtwizard_ultrascale_v1_7_17_gtye4_cpll_cal_tx_i/bufg_gt_txoutclkmon_inst/O
    X0Y5 (CLOCK_ROOT)    net (fo=31, estimated)       0.475     3.842    u_camera_hdmi/u_hdmi/u_phy/u_vphy/inst/gt_wrapper_inst/inst/gen_gtwizard_gtye4_top.vid_phy_controller_0_gtwrapper_gtwizard_gtye4_inst/gen_gtwizard_gtye4.gen_cpll_cal_gtye4.gen_cpll_cal_inst[2].gen_inst_cpll_cal.gtwizard_ultrascale_v1_7_17_gtye4_cpll_cal_inst/gtwizard_ultrascale_v1_7_17_gtye4_cpll_cal_tx_i/U_TXOUTCLK_FREQ_COUNTER/txoutclkmon
    SLICE_X9Y334         FDCE                                         r  u_camera_hdmi/u_hdmi/u_phy/u_vphy/inst/gt_wrapper_inst/inst/gen_gtwizard_gtye4_top.vid_phy_controller_0_gtwrapper_gtwizard_gtye4_inst/gen_gtwizard_gtye4.gen_cpll_cal_gtye4.gen_cpll_cal_inst[2].gen_inst_cpll_cal.gtwizard_ultrascale_v1_7_17_gtye4_cpll_cal_inst/gtwizard_ultrascale_v1_7_17_gtye4_cpll_cal_tx_i/U_TXOUTCLK_FREQ_COUNTER/testclk_cnt_reg[4]/C
                         clock pessimism              0.014     3.856    
                         clock uncertainty           -0.046     3.809    
    SLICE_X9Y334         FDCE (Setup_EFF_SLICEL_C_CE)
                                                     -0.060     3.749    u_camera_hdmi/u_hdmi/u_phy/u_vphy/inst/gt_wrapper_inst/inst/gen_gtwizard_gtye4_top.vid_phy_controller_0_gtwrapper_gtwizard_gtye4_inst/gen_gtwizard_gtye4.gen_cpll_cal_gtye4.gen_cpll_cal_inst[2].gen_inst_cpll_cal.gtwizard_ultrascale_v1_7_17_gtye4_cpll_cal_inst/gtwizard_ultrascale_v1_7_17_gtye4_cpll_cal_tx_i/U_TXOUTCLK_FREQ_COUNTER/testclk_cnt_reg[4]
  -------------------------------------------------------------------
                         required time                          3.749    
                         arrival time                          -1.360    
  -------------------------------------------------------------------
                         slack                                  2.390    





Pulse Width Checks
--------------------------------------------------------------------------------------
Clock Name:         u_camera_hdmi/u_hdmi/u_phy/u_vphy/inst/gt_wrapper_inst/inst/gen_gtwizard_gtye4_top.vid_phy_controller_0_gtwrapper_gtwizard_gtye4_inst/gen_gtwizard_gtye4.gen_cpll_cal_gtye4.gen_cpll_cal_inst[2].gen_inst_cpll_cal.gtwizard_ultrascale_v1_7_17_gtye4_cpll_cal_inst/gtwizard_ultrascale_v1_7_17_gtye4_cpll_cal_tx_i/bufg_gt_txoutclkmon_inst/O
Waveform(ns):       { 0.000 1.684 }
Period(ns):         3.367
Sources:            { u_camera_hdmi/u_hdmi/u_phy/u_vphy/inst/gt_wrapper_inst/inst/gen_gtwizard_gtye4_top.vid_phy_controller_0_gtwrapper_gtwizard_gtye4_inst/gen_gtwizard_gtye4.gen_cpll_cal_gtye4.gen_cpll_cal_inst[2].gen_inst_cpll_cal.gtwizard_ultrascale_v1_7_17_gtye4_cpll_cal_inst/gtwizard_ultrascale_v1_7_17_gtye4_cpll_cal_tx_i/bufg_gt_txoutclkmon_inst/O }

Check Type        Corner  Lib Pin  Reference Pin  Required(ns)  Actual(ns)  Slack(ns)  Location      Pin
Min Period        n/a     FDCE/C   n/a            0.550         3.367       2.817      SLICE_X9Y334  u_camera_hdmi/u_hdmi/u_phy/u_vphy/inst/gt_wrapper_inst/inst/gen_gtwizard_gtye4_top.vid_phy_controller_0_gtwrapper_gtwizard_gtye4_inst/gen_gtwizard_gtye4.gen_cpll_cal_gtye4.gen_cpll_cal_inst[2].gen_inst_cpll_cal.gtwizard_ultrascale_v1_7_17_gtye4_cpll_cal_inst/gtwizard_ultrascale_v1_7_17_gtye4_cpll_cal_tx_i/U_TXOUTCLK_FREQ_COUNTER/testclk_cnt_reg[0]/C
Low Pulse Width   Slow    FDCE/C   n/a            0.275         1.683       1.408      SLICE_X9Y334  u_camera_hdmi/u_hdmi/u_phy/u_vphy/inst/gt_wrapper_inst/inst/gen_gtwizard_gtye4_top.vid_phy_controller_0_gtwrapper_gtwizard_gtye4_inst/gen_gtwizard_gtye4.gen_cpll_cal_gtye4.gen_cpll_cal_inst[2].gen_inst_cpll_cal.gtwizard_ultrascale_v1_7_17_gtye4_cpll_cal_inst/gtwizard_ultrascale_v1_7_17_gtye4_cpll_cal_tx_i/U_TXOUTCLK_FREQ_COUNTER/testclk_cnt_reg[0]/C
High Pulse Width  Slow    FDCE/C   n/a            0.275         1.684       1.409      SLICE_X9Y334  u_camera_hdmi/u_hdmi/u_phy/u_vphy/inst/gt_wrapper_inst/inst/gen_gtwizard_gtye4_top.vid_phy_controller_0_gtwrapper_gtwizard_gtye4_inst/gen_gtwizard_gtye4.gen_cpll_cal_gtye4.gen_cpll_cal_inst[2].gen_inst_cpll_cal.gtwizard_ultrascale_v1_7_17_gtye4_cpll_cal_inst/gtwizard_ultrascale_v1_7_17_gtye4_cpll_cal_tx_i/U_TXOUTCLK_FREQ_COUNTER/testclk_cnt_reg[0]/C



---------------------------------------------------------------------------------------------------
From Clock:  u_camera_hdmi/u_hdmi/u_phy/u_vphy/inst/gt_wrapper_inst/inst/gen_gtwizard_gtye4_top.vid_phy_controller_0_gtwrapper_gtwizard_gtye4_inst/gen_gtwizard_gtye4.gen_cpll_cal_gtye4.gen_cpll_cal_inst[3].gen_inst_cpll_cal.gtwizard_ultrascale_v1_7_17_gtye4_cpll_cal_inst/gtwizard_ultrascale_v1_7_17_gtye4_cpll_cal_rx_i/gen_cal_rx_en.bufg_gt_rxoutclkmon_inst/O
  To Clock:  u_camera_hdmi/u_hdmi/u_phy/u_vphy/inst/gt_wrapper_inst/inst/gen_gtwizard_gtye4_top.vid_phy_controller_0_gtwrapper_gtwizard_gtye4_inst/gen_gtwizard_gtye4.gen_cpll_cal_gtye4.gen_cpll_cal_inst[3].gen_inst_cpll_cal.gtwizard_ultrascale_v1_7_17_gtye4_cpll_cal_inst/gtwizard_ultrascale_v1_7_17_gtye4_cpll_cal_rx_i/gen_cal_rx_en.bufg_gt_rxoutclkmon_inst/O

Setup :            0  Failing Endpoints,  Worst Slack        2.292ns,  Total Violation        0.000ns
Hold  :           NA  Failing Endpoints,  Worst Slack           NA  ,  Total Violation           NA
PW    :            0  Failing Endpoints,  Worst Slack        1.408ns,  Total Violation        0.000ns
---------------------------------------------------------------------------------------------------


Max Delay Paths
--------------------------------------------------------------------------------------
Slack (MET) :             2.292ns  (required time - arrival time)
  Source:                 u_camera_hdmi/u_hdmi/u_phy/u_vphy/inst/gt_wrapper_inst/inst/gen_gtwizard_gtye4_top.vid_phy_controller_0_gtwrapper_gtwizard_gtye4_inst/gen_gtwizard_gtye4.gen_cpll_cal_gtye4.gen_cpll_cal_inst[3].gen_inst_cpll_cal.gtwizard_ultrascale_v1_7_17_gtye4_cpll_cal_inst/gtwizard_ultrascale_v1_7_17_gtye4_cpll_cal_rx_i/gen_cal_rx_en.U_RXOUTCLK_FREQ_COUNTER/testclk_en_dly2_reg/C
                            (rising edge-triggered cell FDRE clocked by u_camera_hdmi/u_hdmi/u_phy/u_vphy/inst/gt_wrapper_inst/inst/gen_gtwizard_gtye4_top.vid_phy_controller_0_gtwrapper_gtwizard_gtye4_inst/gen_gtwizard_gtye4.gen_cpll_cal_gtye4.gen_cpll_cal_inst[3].gen_inst_cpll_cal.gtwizard_ultrascale_v1_7_17_gtye4_cpll_cal_inst/gtwizard_ultrascale_v1_7_17_gtye4_cpll_cal_rx_i/gen_cal_rx_en.bufg_gt_rxoutclkmon_inst/O  {rise@0.000ns fall@1.684ns period=3.367ns})
  Destination:            u_camera_hdmi/u_hdmi/u_phy/u_vphy/inst/gt_wrapper_inst/inst/gen_gtwizard_gtye4_top.vid_phy_controller_0_gtwrapper_gtwizard_gtye4_inst/gen_gtwizard_gtye4.gen_cpll_cal_gtye4.gen_cpll_cal_inst[3].gen_inst_cpll_cal.gtwizard_ultrascale_v1_7_17_gtye4_cpll_cal_inst/gtwizard_ultrascale_v1_7_17_gtye4_cpll_cal_rx_i/gen_cal_rx_en.U_RXOUTCLK_FREQ_COUNTER/testclk_cnt_reg[4]/CE
                            (rising edge-triggered cell FDCE clocked by u_camera_hdmi/u_hdmi/u_phy/u_vphy/inst/gt_wrapper_inst/inst/gen_gtwizard_gtye4_top.vid_phy_controller_0_gtwrapper_gtwizard_gtye4_inst/gen_gtwizard_gtye4.gen_cpll_cal_gtye4.gen_cpll_cal_inst[3].gen_inst_cpll_cal.gtwizard_ultrascale_v1_7_17_gtye4_cpll_cal_inst/gtwizard_ultrascale_v1_7_17_gtye4_cpll_cal_rx_i/gen_cal_rx_en.bufg_gt_rxoutclkmon_inst/O  {rise@0.000ns fall@1.684ns period=3.367ns})
  Path Group:             u_camera_hdmi/u_hdmi/u_phy/u_vphy/inst/gt_wrapper_inst/inst/gen_gtwizard_gtye4_top.vid_phy_controller_0_gtwrapper_gtwizard_gtye4_inst/gen_gtwizard_gtye4.gen_cpll_cal_gtye4.gen_cpll_cal_inst[3].gen_inst_cpll_cal.gtwizard_ultrascale_v1_7_17_gtye4_cpll_cal_inst/gtwizard_ultrascale_v1_7_17_gtye4_cpll_cal_rx_i/gen_cal_rx_en.bufg_gt_rxoutclkmon_inst/O
  Path Type:              Setup (Max at Slow Process Corner)
  Requirement:            3.367ns  (u_camera_hdmi/u_hdmi/u_phy/u_vphy/inst/gt_wrapper_inst/inst/gen_gtwizard_gtye4_top.vid_phy_controller_0_gtwrapper_gtwizard_gtye4_inst/gen_gtwizard_gtye4.gen_cpll_cal_gtye4.gen_cpll_cal_inst[3].gen_inst_cpll_cal.gtwizard_ultrascale_v1_7_17_gtye4_cpll_cal_inst/gtwizard_ultrascale_v1_7_17_gtye4_cpll_cal_rx_i/gen_cal_rx_en.bufg_gt_rxoutclkmon_inst/O rise@3.367ns - u_camera_hdmi/u_hdmi/u_phy/u_vphy/inst/gt_wrapper_inst/inst/gen_gtwizard_gtye4_top.vid_phy_controller_0_gtwrapper_gtwizard_gtye4_inst/gen_gtwizard_gtye4.gen_cpll_cal_gtye4.gen_cpll_cal_inst[3].gen_inst_cpll_cal.gtwizard_ultrascale_v1_7_17_gtye4_cpll_cal_inst/gtwizard_ultrascale_v1_7_17_gtye4_cpll_cal_rx_i/gen_cal_rx_en.bufg_gt_rxoutclkmon_inst/O rise@0.000ns)
  Data Path Delay:        0.770ns  (logic 0.205ns (26.623%)  route 0.565ns (73.377%))
  Logic Levels:           1  (LUT5=1)
  Clock Path Skew:        -0.198ns (DCD - SCD + CPR)
    Destination Clock Delay (DCD):    0.878ns = ( 4.245 - 3.367 ) 
    Source Clock Delay      (SCD):    1.097ns
    Clock Pessimism Removal (CPR):    0.021ns
  Clock Uncertainty:      0.046ns  ((TSJ^2 + DJ^2)^1/2) / 2 + PE
    Total System Jitter     (TSJ):    0.071ns
    Discrete Jitter          (DJ):    0.060ns
    Phase Error              (PE):    0.000ns
  Clock Net Delay (Source):      1.097ns (routing 0.235ns, distribution 0.862ns)
  Clock Net Delay (Destination): 0.878ns (routing 0.214ns, distribution 0.664ns)

    Location             Delay type                Incr(ns)  Path(ns)    Netlist Resource(s)
  -------------------------------------------------------------------    -------------------
                         (clock u_camera_hdmi/u_hdmi/u_phy/u_vphy/inst/gt_wrapper_inst/inst/gen_gtwizard_gtye4_top.vid_phy_controller_0_gtwrapper_gtwizard_gtye4_inst/gen_gtwizard_gtye4.gen_cpll_cal_gtye4.gen_cpll_cal_inst[3].gen_inst_cpll_cal.gtwizard_ultrascale_v1_7_17_gtye4_cpll_cal_inst/gtwizard_ultrascale_v1_7_17_gtye4_cpll_cal_rx_i/gen_cal_rx_en.bufg_gt_rxoutclkmon_inst/O rise edge)
                                                      0.000     0.000 r  
    BUFG_GT_X0Y123       BUFG_GT                      0.000     0.000 r  u_camera_hdmi/u_hdmi/u_phy/u_vphy/inst/gt_wrapper_inst/inst/gen_gtwizard_gtye4_top.vid_phy_controller_0_gtwrapper_gtwizard_gtye4_inst/gen_gtwizard_gtye4.gen_cpll_cal_gtye4.gen_cpll_cal_inst[3].gen_inst_cpll_cal.gtwizard_ultrascale_v1_7_17_gtye4_cpll_cal_inst/gtwizard_ultrascale_v1_7_17_gtye4_cpll_cal_rx_i/gen_cal_rx_en.bufg_gt_rxoutclkmon_inst/O
    X0Y5 (CLOCK_ROOT)    net (fo=31, estimated)       1.097     1.097    u_camera_hdmi/u_hdmi/u_phy/u_vphy/inst/gt_wrapper_inst/inst/gen_gtwizard_gtye4_top.vid_phy_controller_0_gtwrapper_gtwizard_gtye4_inst/gen_gtwizard_gtye4.gen_cpll_cal_gtye4.gen_cpll_cal_inst[3].gen_inst_cpll_cal.gtwizard_ultrascale_v1_7_17_gtye4_cpll_cal_inst/gtwizard_ultrascale_v1_7_17_gtye4_cpll_cal_rx_i/gen_cal_rx_en.U_RXOUTCLK_FREQ_COUNTER/gen_cal_rx_en.rxoutclkmon
    SLICE_X8Y368         FDRE                                         r  u_camera_hdmi/u_hdmi/u_phy/u_vphy/inst/gt_wrapper_inst/inst/gen_gtwizard_gtye4_top.vid_phy_controller_0_gtwrapper_gtwizard_gtye4_inst/gen_gtwizard_gtye4.gen_cpll_cal_gtye4.gen_cpll_cal_inst[3].gen_inst_cpll_cal.gtwizard_ultrascale_v1_7_17_gtye4_cpll_cal_inst/gtwizard_ultrascale_v1_7_17_gtye4_cpll_cal_rx_i/gen_cal_rx_en.U_RXOUTCLK_FREQ_COUNTER/testclk_en_dly2_reg/C
  -------------------------------------------------------------------    -------------------
    SLICE_X8Y368         FDRE (Prop_AFF2_SLICEM_C_Q)
                                                      0.080     1.177 r  u_camera_hdmi/u_hdmi/u_phy/u_vphy/inst/gt_wrapper_inst/inst/gen_gtwizard_gtye4_top.vid_phy_controller_0_gtwrapper_gtwizard_gtye4_inst/gen_gtwizard_gtye4.gen_cpll_cal_gtye4.gen_cpll_cal_inst[3].gen_inst_cpll_cal.gtwizard_ultrascale_v1_7_17_gtye4_cpll_cal_inst/gtwizard_ultrascale_v1_7_17_gtye4_cpll_cal_rx_i/gen_cal_rx_en.U_RXOUTCLK_FREQ_COUNTER/testclk_en_dly2_reg/Q
                         net (fo=1, estimated)        0.157     1.334    u_camera_hdmi/u_hdmi/u_phy/u_vphy/inst/gt_wrapper_inst/inst/gen_gtwizard_gtye4_top.vid_phy_controller_0_gtwrapper_gtwizard_gtye4_inst/gen_gtwizard_gtye4.gen_cpll_cal_gtye4.gen_cpll_cal_inst[3].gen_inst_cpll_cal.gtwizard_ultrascale_v1_7_17_gtye4_cpll_cal_inst/gtwizard_ultrascale_v1_7_17_gtye4_cpll_cal_rx_i/gen_cal_rx_en.U_RXOUTCLK_FREQ_COUNTER/testclk_en_dly2
    SLICE_X8Y368         LUT5 (Prop_B6LUT_SLICEM_I0_O)
                                                      0.125     1.459 r  u_camera_hdmi/u_hdmi/u_phy/u_vphy/inst/gt_wrapper_inst/inst/gen_gtwizard_gtye4_top.vid_phy_controller_0_gtwrapper_gtwizard_gtye4_inst/gen_gtwizard_gtye4.gen_cpll_cal_gtye4.gen_cpll_cal_inst[3].gen_inst_cpll_cal.gtwizard_ultrascale_v1_7_17_gtye4_cpll_cal_inst/gtwizard_ultrascale_v1_7_17_gtye4_cpll_cal_rx_i/gen_cal_rx_en.U_RXOUTCLK_FREQ_COUNTER/testclk_cnt0__2/O
                         net (fo=18, estimated)       0.408     1.867    u_camera_hdmi/u_hdmi/u_phy/u_vphy/inst/gt_wrapper_inst/inst/gen_gtwizard_gtye4_top.vid_phy_controller_0_gtwrapper_gtwizard_gtye4_inst/gen_gtwizard_gtye4.gen_cpll_cal_gtye4.gen_cpll_cal_inst[3].gen_inst_cpll_cal.gtwizard_ultrascale_v1_7_17_gtye4_cpll_cal_inst/gtwizard_ultrascale_v1_7_17_gtye4_cpll_cal_rx_i/gen_cal_rx_en.U_RXOUTCLK_FREQ_COUNTER/testclk_cnt0__2_n_0
    SLICE_X8Y350         FDCE                                         r  u_camera_hdmi/u_hdmi/u_phy/u_vphy/inst/gt_wrapper_inst/inst/gen_gtwizard_gtye4_top.vid_phy_controller_0_gtwrapper_gtwizard_gtye4_inst/gen_gtwizard_gtye4.gen_cpll_cal_gtye4.gen_cpll_cal_inst[3].gen_inst_cpll_cal.gtwizard_ultrascale_v1_7_17_gtye4_cpll_cal_inst/gtwizard_ultrascale_v1_7_17_gtye4_cpll_cal_rx_i/gen_cal_rx_en.U_RXOUTCLK_FREQ_COUNTER/testclk_cnt_reg[4]/CE
  -------------------------------------------------------------------    -------------------

                         (clock u_camera_hdmi/u_hdmi/u_phy/u_vphy/inst/gt_wrapper_inst/inst/gen_gtwizard_gtye4_top.vid_phy_controller_0_gtwrapper_gtwizard_gtye4_inst/gen_gtwizard_gtye4.gen_cpll_cal_gtye4.gen_cpll_cal_inst[3].gen_inst_cpll_cal.gtwizard_ultrascale_v1_7_17_gtye4_cpll_cal_inst/gtwizard_ultrascale_v1_7_17_gtye4_cpll_cal_rx_i/gen_cal_rx_en.bufg_gt_rxoutclkmon_inst/O rise edge)
                                                      3.367     3.367 r  
    BUFG_GT_X0Y123       BUFG_GT                      0.000     3.367 r  u_camera_hdmi/u_hdmi/u_phy/u_vphy/inst/gt_wrapper_inst/inst/gen_gtwizard_gtye4_top.vid_phy_controller_0_gtwrapper_gtwizard_gtye4_inst/gen_gtwizard_gtye4.gen_cpll_cal_gtye4.gen_cpll_cal_inst[3].gen_inst_cpll_cal.gtwizard_ultrascale_v1_7_17_gtye4_cpll_cal_inst/gtwizard_ultrascale_v1_7_17_gtye4_cpll_cal_rx_i/gen_cal_rx_en.bufg_gt_rxoutclkmon_inst/O
    X0Y5 (CLOCK_ROOT)    net (fo=31, estimated)       0.878     4.245    u_camera_hdmi/u_hdmi/u_phy/u_vphy/inst/gt_wrapper_inst/inst/gen_gtwizard_gtye4_top.vid_phy_controller_0_gtwrapper_gtwizard_gtye4_inst/gen_gtwizard_gtye4.gen_cpll_cal_gtye4.gen_cpll_cal_inst[3].gen_inst_cpll_cal.gtwizard_ultrascale_v1_7_17_gtye4_cpll_cal_inst/gtwizard_ultrascale_v1_7_17_gtye4_cpll_cal_rx_i/gen_cal_rx_en.U_RXOUTCLK_FREQ_COUNTER/gen_cal_rx_en.rxoutclkmon
    SLICE_X8Y350         FDCE                                         r  u_camera_hdmi/u_hdmi/u_phy/u_vphy/inst/gt_wrapper_inst/inst/gen_gtwizard_gtye4_top.vid_phy_controller_0_gtwrapper_gtwizard_gtye4_inst/gen_gtwizard_gtye4.gen_cpll_cal_gtye4.gen_cpll_cal_inst[3].gen_inst_cpll_cal.gtwizard_ultrascale_v1_7_17_gtye4_cpll_cal_inst/gtwizard_ultrascale_v1_7_17_gtye4_cpll_cal_rx_i/gen_cal_rx_en.U_RXOUTCLK_FREQ_COUNTER/testclk_cnt_reg[4]/C
                         clock pessimism              0.021     4.266    
                         clock uncertainty           -0.046     4.220    
    SLICE_X8Y350         FDCE (Setup_EFF_SLICEM_C_CE)
                                                     -0.061     4.159    u_camera_hdmi/u_hdmi/u_phy/u_vphy/inst/gt_wrapper_inst/inst/gen_gtwizard_gtye4_top.vid_phy_controller_0_gtwrapper_gtwizard_gtye4_inst/gen_gtwizard_gtye4.gen_cpll_cal_gtye4.gen_cpll_cal_inst[3].gen_inst_cpll_cal.gtwizard_ultrascale_v1_7_17_gtye4_cpll_cal_inst/gtwizard_ultrascale_v1_7_17_gtye4_cpll_cal_rx_i/gen_cal_rx_en.U_RXOUTCLK_FREQ_COUNTER/testclk_cnt_reg[4]
  -------------------------------------------------------------------
                         required time                          4.159    
                         arrival time                          -1.867    
  -------------------------------------------------------------------
                         slack                                  2.292    





Pulse Width Checks
--------------------------------------------------------------------------------------
Clock Name:         u_camera_hdmi/u_hdmi/u_phy/u_vphy/inst/gt_wrapper_inst/inst/gen_gtwizard_gtye4_top.vid_phy_controller_0_gtwrapper_gtwizard_gtye4_inst/gen_gtwizard_gtye4.gen_cpll_cal_gtye4.gen_cpll_cal_inst[3].gen_inst_cpll_cal.gtwizard_ultrascale_v1_7_17_gtye4_cpll_cal_inst/gtwizard_ultrascale_v1_7_17_gtye4_cpll_cal_rx_i/gen_cal_rx_en.bufg_gt_rxoutclkmon_inst/O
Waveform(ns):       { 0.000 1.684 }
Period(ns):         3.367
Sources:            { u_camera_hdmi/u_hdmi/u_phy/u_vphy/inst/gt_wrapper_inst/inst/gen_gtwizard_gtye4_top.vid_phy_controller_0_gtwrapper_gtwizard_gtye4_inst/gen_gtwizard_gtye4.gen_cpll_cal_gtye4.gen_cpll_cal_inst[3].gen_inst_cpll_cal.gtwizard_ultrascale_v1_7_17_gtye4_cpll_cal_inst/gtwizard_ultrascale_v1_7_17_gtye4_cpll_cal_rx_i/gen_cal_rx_en.bufg_gt_rxoutclkmon_inst/O }

Check Type        Corner  Lib Pin  Reference Pin  Required(ns)  Actual(ns)  Slack(ns)  Location      Pin
Min Period        n/a     FDCE/C   n/a            0.550         3.367       2.817      SLICE_X8Y350  u_camera_hdmi/u_hdmi/u_phy/u_vphy/inst/gt_wrapper_inst/inst/gen_gtwizard_gtye4_top.vid_phy_controller_0_gtwrapper_gtwizard_gtye4_inst/gen_gtwizard_gtye4.gen_cpll_cal_gtye4.gen_cpll_cal_inst[3].gen_inst_cpll_cal.gtwizard_ultrascale_v1_7_17_gtye4_cpll_cal_inst/gtwizard_ultrascale_v1_7_17_gtye4_cpll_cal_rx_i/gen_cal_rx_en.U_RXOUTCLK_FREQ_COUNTER/testclk_cnt_reg[0]/C
Low Pulse Width   Slow    FDCE/C   n/a            0.275         1.684       1.408      SLICE_X8Y350  u_camera_hdmi/u_hdmi/u_phy/u_vphy/inst/gt_wrapper_inst/inst/gen_gtwizard_gtye4_top.vid_phy_controller_0_gtwrapper_gtwizard_gtye4_inst/gen_gtwizard_gtye4.gen_cpll_cal_gtye4.gen_cpll_cal_inst[3].gen_inst_cpll_cal.gtwizard_ultrascale_v1_7_17_gtye4_cpll_cal_inst/gtwizard_ultrascale_v1_7_17_gtye4_cpll_cal_rx_i/gen_cal_rx_en.U_RXOUTCLK_FREQ_COUNTER/testclk_cnt_reg[0]/C
High Pulse Width  Slow    FDCE/C   n/a            0.275         1.684       1.408      SLICE_X8Y350  u_camera_hdmi/u_hdmi/u_phy/u_vphy/inst/gt_wrapper_inst/inst/gen_gtwizard_gtye4_top.vid_phy_controller_0_gtwrapper_gtwizard_gtye4_inst/gen_gtwizard_gtye4.gen_cpll_cal_gtye4.gen_cpll_cal_inst[3].gen_inst_cpll_cal.gtwizard_ultrascale_v1_7_17_gtye4_cpll_cal_inst/gtwizard_ultrascale_v1_7_17_gtye4_cpll_cal_rx_i/gen_cal_rx_en.U_RXOUTCLK_FREQ_COUNTER/testclk_cnt_reg[0]/C



---------------------------------------------------------------------------------------------------
From Clock:  u_camera_hdmi/u_hdmi/u_phy/u_vphy/inst/gt_wrapper_inst/inst/gen_gtwizard_gtye4_top.vid_phy_controller_0_gtwrapper_gtwizard_gtye4_inst/gen_gtwizard_gtye4.gen_cpll_cal_gtye4.gen_cpll_cal_inst[3].gen_inst_cpll_cal.gtwizard_ultrascale_v1_7_17_gtye4_cpll_cal_inst/gtwizard_ultrascale_v1_7_17_gtye4_cpll_cal_tx_i/bufg_gt_txoutclkmon_inst/O
  To Clock:  u_camera_hdmi/u_hdmi/u_phy/u_vphy/inst/gt_wrapper_inst/inst/gen_gtwizard_gtye4_top.vid_phy_controller_0_gtwrapper_gtwizard_gtye4_inst/gen_gtwizard_gtye4.gen_cpll_cal_gtye4.gen_cpll_cal_inst[3].gen_inst_cpll_cal.gtwizard_ultrascale_v1_7_17_gtye4_cpll_cal_inst/gtwizard_ultrascale_v1_7_17_gtye4_cpll_cal_tx_i/bufg_gt_txoutclkmon_inst/O

Setup :            0  Failing Endpoints,  Worst Slack        2.256ns,  Total Violation        0.000ns
Hold  :           NA  Failing Endpoints,  Worst Slack           NA  ,  Total Violation           NA
PW    :            0  Failing Endpoints,  Worst Slack        1.408ns,  Total Violation        0.000ns
---------------------------------------------------------------------------------------------------


Max Delay Paths
--------------------------------------------------------------------------------------
Slack (MET) :             2.256ns  (required time - arrival time)
  Source:                 u_camera_hdmi/u_hdmi/u_phy/u_vphy/inst/gt_wrapper_inst/inst/gen_gtwizard_gtye4_top.vid_phy_controller_0_gtwrapper_gtwizard_gtye4_inst/gen_gtwizard_gtye4.gen_cpll_cal_gtye4.gen_cpll_cal_inst[3].gen_inst_cpll_cal.gtwizard_ultrascale_v1_7_17_gtye4_cpll_cal_inst/gtwizard_ultrascale_v1_7_17_gtye4_cpll_cal_tx_i/U_TXOUTCLK_FREQ_COUNTER/testclk_div4_reg[1]/C
                            (rising edge-triggered cell FDRE clocked by u_camera_hdmi/u_hdmi/u_phy/u_vphy/inst/gt_wrapper_inst/inst/gen_gtwizard_gtye4_top.vid_phy_controller_0_gtwrapper_gtwizard_gtye4_inst/gen_gtwizard_gtye4.gen_cpll_cal_gtye4.gen_cpll_cal_inst[3].gen_inst_cpll_cal.gtwizard_ultrascale_v1_7_17_gtye4_cpll_cal_inst/gtwizard_ultrascale_v1_7_17_gtye4_cpll_cal_tx_i/bufg_gt_txoutclkmon_inst/O  {rise@0.000ns fall@1.684ns period=3.367ns})
  Destination:            u_camera_hdmi/u_hdmi/u_phy/u_vphy/inst/gt_wrapper_inst/inst/gen_gtwizard_gtye4_top.vid_phy_controller_0_gtwrapper_gtwizard_gtye4_inst/gen_gtwizard_gtye4.gen_cpll_cal_gtye4.gen_cpll_cal_inst[3].gen_inst_cpll_cal.gtwizard_ultrascale_v1_7_17_gtye4_cpll_cal_inst/gtwizard_ultrascale_v1_7_17_gtye4_cpll_cal_tx_i/U_TXOUTCLK_FREQ_COUNTER/testclk_cnt_reg[0]/CE
                            (rising edge-triggered cell FDCE clocked by u_camera_hdmi/u_hdmi/u_phy/u_vphy/inst/gt_wrapper_inst/inst/gen_gtwizard_gtye4_top.vid_phy_controller_0_gtwrapper_gtwizard_gtye4_inst/gen_gtwizard_gtye4.gen_cpll_cal_gtye4.gen_cpll_cal_inst[3].gen_inst_cpll_cal.gtwizard_ultrascale_v1_7_17_gtye4_cpll_cal_inst/gtwizard_ultrascale_v1_7_17_gtye4_cpll_cal_tx_i/bufg_gt_txoutclkmon_inst/O  {rise@0.000ns fall@1.684ns period=3.367ns})
  Path Group:             u_camera_hdmi/u_hdmi/u_phy/u_vphy/inst/gt_wrapper_inst/inst/gen_gtwizard_gtye4_top.vid_phy_controller_0_gtwrapper_gtwizard_gtye4_inst/gen_gtwizard_gtye4.gen_cpll_cal_gtye4.gen_cpll_cal_inst[3].gen_inst_cpll_cal.gtwizard_ultrascale_v1_7_17_gtye4_cpll_cal_inst/gtwizard_ultrascale_v1_7_17_gtye4_cpll_cal_tx_i/bufg_gt_txoutclkmon_inst/O
  Path Type:              Setup (Max at Slow Process Corner)
  Requirement:            3.367ns  (u_camera_hdmi/u_hdmi/u_phy/u_vphy/inst/gt_wrapper_inst/inst/gen_gtwizard_gtye4_top.vid_phy_controller_0_gtwrapper_gtwizard_gtye4_inst/gen_gtwizard_gtye4.gen_cpll_cal_gtye4.gen_cpll_cal_inst[3].gen_inst_cpll_cal.gtwizard_ultrascale_v1_7_17_gtye4_cpll_cal_inst/gtwizard_ultrascale_v1_7_17_gtye4_cpll_cal_tx_i/bufg_gt_txoutclkmon_inst/O rise@3.367ns - u_camera_hdmi/u_hdmi/u_phy/u_vphy/inst/gt_wrapper_inst/inst/gen_gtwizard_gtye4_top.vid_phy_controller_0_gtwrapper_gtwizard_gtye4_inst/gen_gtwizard_gtye4.gen_cpll_cal_gtye4.gen_cpll_cal_inst[3].gen_inst_cpll_cal.gtwizard_ultrascale_v1_7_17_gtye4_cpll_cal_inst/gtwizard_ultrascale_v1_7_17_gtye4_cpll_cal_tx_i/bufg_gt_txoutclkmon_inst/O rise@0.000ns)
  Data Path Delay:        0.808ns  (logic 0.180ns (22.277%)  route 0.628ns (77.723%))
  Logic Levels:           1  (LUT5=1)
  Clock Path Skew:        -0.197ns (DCD - SCD + CPR)
    Destination Clock Delay (DCD):    0.869ns = ( 4.236 - 3.367 ) 
    Source Clock Delay      (SCD):    1.088ns
    Clock Pessimism Removal (CPR):    0.022ns
  Clock Uncertainty:      0.046ns  ((TSJ^2 + DJ^2)^1/2) / 2 + PE
    Total System Jitter     (TSJ):    0.071ns
    Discrete Jitter          (DJ):    0.060ns
    Phase Error              (PE):    0.000ns
  Clock Net Delay (Source):      1.088ns (routing 0.237ns, distribution 0.851ns)
  Clock Net Delay (Destination): 0.869ns (routing 0.215ns, distribution 0.654ns)

    Location             Delay type                Incr(ns)  Path(ns)    Netlist Resource(s)
  -------------------------------------------------------------------    -------------------
                         (clock u_camera_hdmi/u_hdmi/u_phy/u_vphy/inst/gt_wrapper_inst/inst/gen_gtwizard_gtye4_top.vid_phy_controller_0_gtwrapper_gtwizard_gtye4_inst/gen_gtwizard_gtye4.gen_cpll_cal_gtye4.gen_cpll_cal_inst[3].gen_inst_cpll_cal.gtwizard_ultrascale_v1_7_17_gtye4_cpll_cal_inst/gtwizard_ultrascale_v1_7_17_gtye4_cpll_cal_tx_i/bufg_gt_txoutclkmon_inst/O rise edge)
                                                      0.000     0.000 r  
    BUFG_GT_X0Y124       BUFG_GT                      0.000     0.000 r  u_camera_hdmi/u_hdmi/u_phy/u_vphy/inst/gt_wrapper_inst/inst/gen_gtwizard_gtye4_top.vid_phy_controller_0_gtwrapper_gtwizard_gtye4_inst/gen_gtwizard_gtye4.gen_cpll_cal_gtye4.gen_cpll_cal_inst[3].gen_inst_cpll_cal.gtwizard_ultrascale_v1_7_17_gtye4_cpll_cal_inst/gtwizard_ultrascale_v1_7_17_gtye4_cpll_cal_tx_i/bufg_gt_txoutclkmon_inst/O
    X0Y5 (CLOCK_ROOT)    net (fo=31, estimated)       1.088     1.088    u_camera_hdmi/u_hdmi/u_phy/u_vphy/inst/gt_wrapper_inst/inst/gen_gtwizard_gtye4_top.vid_phy_controller_0_gtwrapper_gtwizard_gtye4_inst/gen_gtwizard_gtye4.gen_cpll_cal_gtye4.gen_cpll_cal_inst[3].gen_inst_cpll_cal.gtwizard_ultrascale_v1_7_17_gtye4_cpll_cal_inst/gtwizard_ultrascale_v1_7_17_gtye4_cpll_cal_tx_i/U_TXOUTCLK_FREQ_COUNTER/txoutclkmon
    SLICE_X5Y366         FDRE                                         r  u_camera_hdmi/u_hdmi/u_phy/u_vphy/inst/gt_wrapper_inst/inst/gen_gtwizard_gtye4_top.vid_phy_controller_0_gtwrapper_gtwizard_gtye4_inst/gen_gtwizard_gtye4.gen_cpll_cal_gtye4.gen_cpll_cal_inst[3].gen_inst_cpll_cal.gtwizard_ultrascale_v1_7_17_gtye4_cpll_cal_inst/gtwizard_ultrascale_v1_7_17_gtye4_cpll_cal_tx_i/U_TXOUTCLK_FREQ_COUNTER/testclk_div4_reg[1]/C
  -------------------------------------------------------------------    -------------------
    SLICE_X5Y366         FDRE (Prop_EFF2_SLICEL_C_Q)
                                                      0.081     1.169 f  u_camera_hdmi/u_hdmi/u_phy/u_vphy/inst/gt_wrapper_inst/inst/gen_gtwizard_gtye4_top.vid_phy_controller_0_gtwrapper_gtwizard_gtye4_inst/gen_gtwizard_gtye4.gen_cpll_cal_gtye4.gen_cpll_cal_inst[3].gen_inst_cpll_cal.gtwizard_ultrascale_v1_7_17_gtye4_cpll_cal_inst/gtwizard_ultrascale_v1_7_17_gtye4_cpll_cal_tx_i/U_TXOUTCLK_FREQ_COUNTER/testclk_div4_reg[1]/Q
                         net (fo=2, estimated)        0.189     1.358    u_camera_hdmi/u_hdmi/u_phy/u_vphy/inst/gt_wrapper_inst/inst/gen_gtwizard_gtye4_top.vid_phy_controller_0_gtwrapper_gtwizard_gtye4_inst/gen_gtwizard_gtye4.gen_cpll_cal_gtye4.gen_cpll_cal_inst[3].gen_inst_cpll_cal.gtwizard_ultrascale_v1_7_17_gtye4_cpll_cal_inst/gtwizard_ultrascale_v1_7_17_gtye4_cpll_cal_tx_i/U_TXOUTCLK_FREQ_COUNTER/testclk_div4[1]
    SLICE_X5Y366         LUT5 (Prop_H6LUT_SLICEL_I1_O)
                                                      0.099     1.457 r  u_camera_hdmi/u_hdmi/u_phy/u_vphy/inst/gt_wrapper_inst/inst/gen_gtwizard_gtye4_top.vid_phy_controller_0_gtwrapper_gtwizard_gtye4_inst/gen_gtwizard_gtye4.gen_cpll_cal_gtye4.gen_cpll_cal_inst[3].gen_inst_cpll_cal.gtwizard_ultrascale_v1_7_17_gtye4_cpll_cal_inst/gtwizard_ultrascale_v1_7_17_gtye4_cpll_cal_tx_i/U_TXOUTCLK_FREQ_COUNTER/testclk_cnt0__2/O
                         net (fo=18, estimated)       0.439     1.896    u_camera_hdmi/u_hdmi/u_phy/u_vphy/inst/gt_wrapper_inst/inst/gen_gtwizard_gtye4_top.vid_phy_controller_0_gtwrapper_gtwizard_gtye4_inst/gen_gtwizard_gtye4.gen_cpll_cal_gtye4.gen_cpll_cal_inst[3].gen_inst_cpll_cal.gtwizard_ultrascale_v1_7_17_gtye4_cpll_cal_inst/gtwizard_ultrascale_v1_7_17_gtye4_cpll_cal_tx_i/U_TXOUTCLK_FREQ_COUNTER/testclk_cnt0__2_n_0
    SLICE_X5Y351         FDCE                                         r  u_camera_hdmi/u_hdmi/u_phy/u_vphy/inst/gt_wrapper_inst/inst/gen_gtwizard_gtye4_top.vid_phy_controller_0_gtwrapper_gtwizard_gtye4_inst/gen_gtwizard_gtye4.gen_cpll_cal_gtye4.gen_cpll_cal_inst[3].gen_inst_cpll_cal.gtwizard_ultrascale_v1_7_17_gtye4_cpll_cal_inst/gtwizard_ultrascale_v1_7_17_gtye4_cpll_cal_tx_i/U_TXOUTCLK_FREQ_COUNTER/testclk_cnt_reg[0]/CE
  -------------------------------------------------------------------    -------------------

                         (clock u_camera_hdmi/u_hdmi/u_phy/u_vphy/inst/gt_wrapper_inst/inst/gen_gtwizard_gtye4_top.vid_phy_controller_0_gtwrapper_gtwizard_gtye4_inst/gen_gtwizard_gtye4.gen_cpll_cal_gtye4.gen_cpll_cal_inst[3].gen_inst_cpll_cal.gtwizard_ultrascale_v1_7_17_gtye4_cpll_cal_inst/gtwizard_ultrascale_v1_7_17_gtye4_cpll_cal_tx_i/bufg_gt_txoutclkmon_inst/O rise edge)
                                                      3.367     3.367 r  
    BUFG_GT_X0Y124       BUFG_GT                      0.000     3.367 r  u_camera_hdmi/u_hdmi/u_phy/u_vphy/inst/gt_wrapper_inst/inst/gen_gtwizard_gtye4_top.vid_phy_controller_0_gtwrapper_gtwizard_gtye4_inst/gen_gtwizard_gtye4.gen_cpll_cal_gtye4.gen_cpll_cal_inst[3].gen_inst_cpll_cal.gtwizard_ultrascale_v1_7_17_gtye4_cpll_cal_inst/gtwizard_ultrascale_v1_7_17_gtye4_cpll_cal_tx_i/bufg_gt_txoutclkmon_inst/O
    X0Y5 (CLOCK_ROOT)    net (fo=31, estimated)       0.869     4.236    u_camera_hdmi/u_hdmi/u_phy/u_vphy/inst/gt_wrapper_inst/inst/gen_gtwizard_gtye4_top.vid_phy_controller_0_gtwrapper_gtwizard_gtye4_inst/gen_gtwizard_gtye4.gen_cpll_cal_gtye4.gen_cpll_cal_inst[3].gen_inst_cpll_cal.gtwizard_ultrascale_v1_7_17_gtye4_cpll_cal_inst/gtwizard_ultrascale_v1_7_17_gtye4_cpll_cal_tx_i/U_TXOUTCLK_FREQ_COUNTER/txoutclkmon
    SLICE_X5Y351         FDCE                                         r  u_camera_hdmi/u_hdmi/u_phy/u_vphy/inst/gt_wrapper_inst/inst/gen_gtwizard_gtye4_top.vid_phy_controller_0_gtwrapper_gtwizard_gtye4_inst/gen_gtwizard_gtye4.gen_cpll_cal_gtye4.gen_cpll_cal_inst[3].gen_inst_cpll_cal.gtwizard_ultrascale_v1_7_17_gtye4_cpll_cal_inst/gtwizard_ultrascale_v1_7_17_gtye4_cpll_cal_tx_i/U_TXOUTCLK_FREQ_COUNTER/testclk_cnt_reg[0]/C
                         clock pessimism              0.022     4.258    
                         clock uncertainty           -0.046     4.212    
    SLICE_X5Y351         FDCE (Setup_AFF_SLICEL_C_CE)
                                                     -0.060     4.152    u_camera_hdmi/u_hdmi/u_phy/u_vphy/inst/gt_wrapper_inst/inst/gen_gtwizard_gtye4_top.vid_phy_controller_0_gtwrapper_gtwizard_gtye4_inst/gen_gtwizard_gtye4.gen_cpll_cal_gtye4.gen_cpll_cal_inst[3].gen_inst_cpll_cal.gtwizard_ultrascale_v1_7_17_gtye4_cpll_cal_inst/gtwizard_ultrascale_v1_7_17_gtye4_cpll_cal_tx_i/U_TXOUTCLK_FREQ_COUNTER/testclk_cnt_reg[0]
  -------------------------------------------------------------------
                         required time                          4.152    
                         arrival time                          -1.896    
  -------------------------------------------------------------------
                         slack                                  2.256    





Pulse Width Checks
--------------------------------------------------------------------------------------
Clock Name:         u_camera_hdmi/u_hdmi/u_phy/u_vphy/inst/gt_wrapper_inst/inst/gen_gtwizard_gtye4_top.vid_phy_controller_0_gtwrapper_gtwizard_gtye4_inst/gen_gtwizard_gtye4.gen_cpll_cal_gtye4.gen_cpll_cal_inst[3].gen_inst_cpll_cal.gtwizard_ultrascale_v1_7_17_gtye4_cpll_cal_inst/gtwizard_ultrascale_v1_7_17_gtye4_cpll_cal_tx_i/bufg_gt_txoutclkmon_inst/O
Waveform(ns):       { 0.000 1.684 }
Period(ns):         3.367
Sources:            { u_camera_hdmi/u_hdmi/u_phy/u_vphy/inst/gt_wrapper_inst/inst/gen_gtwizard_gtye4_top.vid_phy_controller_0_gtwrapper_gtwizard_gtye4_inst/gen_gtwizard_gtye4.gen_cpll_cal_gtye4.gen_cpll_cal_inst[3].gen_inst_cpll_cal.gtwizard_ultrascale_v1_7_17_gtye4_cpll_cal_inst/gtwizard_ultrascale_v1_7_17_gtye4_cpll_cal_tx_i/bufg_gt_txoutclkmon_inst/O }

Check Type        Corner  Lib Pin  Reference Pin  Required(ns)  Actual(ns)  Slack(ns)  Location      Pin
Min Period        n/a     FDCE/C   n/a            0.550         3.367       2.817      SLICE_X5Y351  u_camera_hdmi/u_hdmi/u_phy/u_vphy/inst/gt_wrapper_inst/inst/gen_gtwizard_gtye4_top.vid_phy_controller_0_gtwrapper_gtwizard_gtye4_inst/gen_gtwizard_gtye4.gen_cpll_cal_gtye4.gen_cpll_cal_inst[3].gen_inst_cpll_cal.gtwizard_ultrascale_v1_7_17_gtye4_cpll_cal_inst/gtwizard_ultrascale_v1_7_17_gtye4_cpll_cal_tx_i/U_TXOUTCLK_FREQ_COUNTER/testclk_cnt_reg[0]/C
Low Pulse Width   Slow    FDCE/C   n/a            0.275         1.684       1.408      SLICE_X5Y351  u_camera_hdmi/u_hdmi/u_phy/u_vphy/inst/gt_wrapper_inst/inst/gen_gtwizard_gtye4_top.vid_phy_controller_0_gtwrapper_gtwizard_gtye4_inst/gen_gtwizard_gtye4.gen_cpll_cal_gtye4.gen_cpll_cal_inst[3].gen_inst_cpll_cal.gtwizard_ultrascale_v1_7_17_gtye4_cpll_cal_inst/gtwizard_ultrascale_v1_7_17_gtye4_cpll_cal_tx_i/U_TXOUTCLK_FREQ_COUNTER/testclk_cnt_reg[0]/C
High Pulse Width  Slow    FDCE/C   n/a            0.275         1.684       1.408      SLICE_X5Y351  u_camera_hdmi/u_hdmi/u_phy/u_vphy/inst/gt_wrapper_inst/inst/gen_gtwizard_gtye4_top.vid_phy_controller_0_gtwrapper_gtwizard_gtye4_inst/gen_gtwizard_gtye4.gen_cpll_cal_gtye4.gen_cpll_cal_inst[3].gen_inst_cpll_cal.gtwizard_ultrascale_v1_7_17_gtye4_cpll_cal_inst/gtwizard_ultrascale_v1_7_17_gtye4_cpll_cal_tx_i/U_TXOUTCLK_FREQ_COUNTER/testclk_cnt_reg[0]/C



---------------------------------------------------------------------------------------------------
From Clock:  mmcm_clkout5
  To Clock:  mmcm_clkout0

Setup :            0  Failing Endpoints,  Worst Slack        2.609ns,  Total Violation        0.000ns
Hold  :           NA  Failing Endpoints,  Worst Slack           NA  ,  Total Violation           NA
---------------------------------------------------------------------------------------------------


Max Delay Paths
--------------------------------------------------------------------------------------
Slack (MET) :             2.609ns  (required time - arrival time)
  Source:                 u_ddr_memory/u_ddr_bd/design_1_i/ddr4_0/inst/u_ddr4_mem_intfc/u_ddr_cal_top/u_ddr_cal/u_xsdb_arbiter/slave_addr_r_reg[10]/C
                            (rising edge-triggered cell FDRE clocked by mmcm_clkout5  {rise@0.000ns fall@6.664ns period=13.328ns})
  Destination:            u_ddr_memory/u_ddr_bd/design_1_i/ddr4_0/inst/u_ddr4_mem_intfc/u_ddr_cal_top/u_ddr_cal/u_xsdb_arbiter/u_slave_addr_sync/SYNC[10].sync_reg_reg[0]/D
                            (rising edge-triggered cell FDRE clocked by mmcm_clkout0  {rise@0.000ns fall@1.666ns period=3.332ns})
  Path Group:             mmcm_clkout0
  Path Type:              Setup (Max at Slow Process Corner)
  Requirement:            3.000ns  (MaxDelay Path 3.000ns)
  Data Path Delay:        0.416ns  (logic 0.078ns (18.750%)  route 0.338ns (81.250%))
  Logic Levels:           0  
  Timing Exception:       MaxDelay Path 3.000ns -datapath_only

    Location             Delay type                Incr(ns)  Path(ns)    Netlist Resource(s)
  -------------------------------------------------------------------    -------------------
    SLICE_X139Y132                                    0.000     0.000 r  u_ddr_memory/u_ddr_bd/design_1_i/ddr4_0/inst/u_ddr4_mem_intfc/u_ddr_cal_top/u_ddr_cal/u_xsdb_arbiter/slave_addr_r_reg[10]/C
    SLICE_X139Y132       FDRE (Prop_CFF_SLICEM_C_Q)
                                                      0.078     0.078 r  u_ddr_memory/u_ddr_bd/design_1_i/ddr4_0/inst/u_ddr4_mem_intfc/u_ddr_cal_top/u_ddr_cal/u_xsdb_arbiter/slave_addr_r_reg[10]/Q
                         net (fo=1, estimated)        0.338     0.416    u_ddr_memory/u_ddr_bd/design_1_i/ddr4_0/inst/u_ddr4_mem_intfc/u_ddr_cal_top/u_ddr_cal/u_xsdb_arbiter/u_slave_addr_sync/out[10]
    SLICE_X143Y130       FDRE                                         r  u_ddr_memory/u_ddr_bd/design_1_i/ddr4_0/inst/u_ddr4_mem_intfc/u_ddr_cal_top/u_ddr_cal/u_xsdb_arbiter/u_slave_addr_sync/SYNC[10].sync_reg_reg[0]/D
  -------------------------------------------------------------------    -------------------

                         max delay                    3.000     3.000    
    SLICE_X143Y130       FDRE (Setup_DFF2_SLICEL_C_D)
                                                      0.025     3.025    u_ddr_memory/u_ddr_bd/design_1_i/ddr4_0/inst/u_ddr4_mem_intfc/u_ddr_cal_top/u_ddr_cal/u_xsdb_arbiter/u_slave_addr_sync/SYNC[10].sync_reg_reg[0]
  -------------------------------------------------------------------
                         required time                          3.025    
                         arrival time                          -0.416    
  -------------------------------------------------------------------
                         slack                                  2.609    





---------------------------------------------------------------------------------------------------
From Clock:  mmcm_clkout6
  To Clock:  mmcm_clkout0

Setup :            0  Failing Endpoints,  Worst Slack        2.325ns,  Total Violation        0.000ns
Hold  :           NA  Failing Endpoints,  Worst Slack           NA  ,  Total Violation           NA
---------------------------------------------------------------------------------------------------


Max Delay Paths
--------------------------------------------------------------------------------------
Slack (MET) :             2.325ns  (required time - arrival time)
  Source:                 u_ddr_memory/u_ddr_bd/design_1_i/ddr4_0/inst/u_ddr4_mem_intfc/u_ddr_cal_riu/io_address_riuclk_reg[23]/C
                            (rising edge-triggered cell FDRE clocked by mmcm_clkout6  {rise@0.000ns fall@3.332ns period=6.664ns})
  Destination:            u_ddr_memory/u_ddr_bd/design_1_i/ddr4_0/inst/u_ddr4_mem_intfc/u_io_addr_sync/SYNC[23].sync_reg_reg[0]/D
                            (rising edge-triggered cell FDRE clocked by mmcm_clkout0  {rise@0.000ns fall@1.666ns period=3.332ns})
  Path Group:             mmcm_clkout0
  Path Type:              Setup (Max at Slow Process Corner)
  Requirement:            3.000ns  (MaxDelay Path 3.000ns)
  Data Path Delay:        0.700ns  (logic 0.079ns (11.286%)  route 0.621ns (88.714%))
  Logic Levels:           0  
  Timing Exception:       MaxDelay Path 3.000ns -datapath_only

    Location             Delay type                Incr(ns)  Path(ns)    Netlist Resource(s)
  -------------------------------------------------------------------    -------------------
    SLICE_X127Y98                                     0.000     0.000 r  u_ddr_memory/u_ddr_bd/design_1_i/ddr4_0/inst/u_ddr4_mem_intfc/u_ddr_cal_riu/io_address_riuclk_reg[23]/C
    SLICE_X127Y98        FDRE (Prop_EFF_SLICEL_C_Q)
                                                      0.079     0.079 r  u_ddr_memory/u_ddr_bd/design_1_i/ddr4_0/inst/u_ddr4_mem_intfc/u_ddr_cal_riu/io_address_riuclk_reg[23]/Q
                         net (fo=41, estimated)       0.621     0.700    u_ddr_memory/u_ddr_bd/design_1_i/ddr4_0/inst/u_ddr4_mem_intfc/u_io_addr_sync/SYNC[31].sync_reg_reg[0]_0[23]
    SLICE_X126Y108       FDRE                                         r  u_ddr_memory/u_ddr_bd/design_1_i/ddr4_0/inst/u_ddr4_mem_intfc/u_io_addr_sync/SYNC[23].sync_reg_reg[0]/D
  -------------------------------------------------------------------    -------------------

                         max delay                    3.000     3.000    
    SLICE_X126Y108       FDRE (Setup_DFF2_SLICEM_C_D)
                                                      0.025     3.025    u_ddr_memory/u_ddr_bd/design_1_i/ddr4_0/inst/u_ddr4_mem_intfc/u_io_addr_sync/SYNC[23].sync_reg_reg[0]
  -------------------------------------------------------------------
                         required time                          3.025    
                         arrival time                          -0.700    
  -------------------------------------------------------------------
                         slack                                  2.325    





---------------------------------------------------------------------------------------------------
From Clock:  clk_100m_p
  To Clock:  mmcm_clkout0

Setup :            0  Failing Endpoints,  Worst Slack        0.168ns,  Total Violation        0.000ns
Hold  :           NA  Failing Endpoints,  Worst Slack           NA  ,  Total Violation           NA
---------------------------------------------------------------------------------------------------


Max Delay Paths
--------------------------------------------------------------------------------------
Slack (MET) :             0.168ns  (required time - arrival time)
  Source:                 u_ddr_memory/u_video_framebuffer/u_control/cfg_width_reg[25]/C
                            (rising edge-triggered cell FDRE clocked by clk_100m_p  {rise@0.000ns fall@5.000ns period=10.000ns})
  Destination:            u_ddr_memory/u_video_framebuffer/u_manager/active_slot_mask_reg[0]/R
                            (rising edge-triggered cell FDRE clocked by mmcm_clkout0  {rise@0.000ns fall@1.666ns period=3.332ns})
  Path Group:             mmcm_clkout0
  Path Type:              Setup (Max at Slow Process Corner)
  Requirement:            2.004ns  (mmcm_clkout0 rise@3322.004ns - clk_100m_p rise@3320.000ns)
  Data Path Delay:        1.830ns  (logic 0.381ns (20.820%)  route 1.449ns (79.180%))
  Logic Levels:           5  (LUT4=2 LUT5=1 LUT6=2)
  Clock Path Skew:        0.860ns (DCD - SCD + CPR)
    Destination Clock Delay (DCD):    4.422ns = ( 3326.426 - 3322.004 ) 
    Source Clock Delay      (SCD):    3.561ns = ( 3323.561 - 3320.000 ) 
    Clock Pessimism Removal (CPR):    0.000ns
  Clock Uncertainty:      0.129ns  ((TSJ^2 + DJ^2)^1/2) / 2 + PE
    Total System Jitter     (TSJ):    0.071ns
    Discrete Jitter          (DJ):    0.077ns
    Phase Error              (PE):    0.077ns
  Inter-SLR Compensation: 0.663ns  (DCD * PF)
    Destination Clock Delay (DCD):    4.422ns
    Prorating Factor         (PF):    0.150
  Clock Net Delay (Source):      2.476ns (routing 1.261ns, distribution 1.215ns)
  Clock Net Delay (Destination): 2.782ns (routing 0.839ns, distribution 1.943ns)
  Clock Domain Crossing:  Inter clock paths are considered valid unless explicitly excluded by timing constraints such as set_clock_groups or set_false_path.

    Location             Delay type                Incr(ns)  Path(ns)    Netlist Resource(s)
  -------------------------------------------------------------------    -------------------
                         (clock clk_100m_p rise edge)
                                                   3320.000  3320.000 r  
    AY24                                              0.000  3320.000 r  clk_100m_p (IN)
                         net (fo=0)                   0.000  3320.000    u_control_soc/u_clk_100m_ibufds/I
    HPIOBDIFFINBUF_X0Y106
                         DIFFINBUF (Prop_DIFFINBUF_HPIOBDIFFINBUF_DIFF_IN_P_O)
                                                      0.688  3320.688 r  u_control_soc/u_clk_100m_ibufds/DIFFINBUF_INST/O
                         net (fo=1, estimated)        0.050  3320.738    u_control_soc/u_clk_100m_ibufds/OUT
    AY24                 IBUFCTRL (Prop_IBUFCTRL_HPIOB_M_I_O)
                                                      0.000  3320.738 r  u_control_soc/u_clk_100m_ibufds/IBUFCTRL_INST/O
                         net (fo=1, estimated)        0.319  3321.057    u_control_soc/clk_100m_ibuf
    BUFGCE_X0Y106        BUFGCE (Prop_BUFCE_BUFGCE_I_O)
                                                      0.028  3321.085 r  u_control_soc/u_clk_100m_bufg/O
    X2Y6 (CLOCK_ROOT)    net (fo=91804, estimated)    2.476  3323.562    u_ddr_memory/u_video_framebuffer/u_control/camera_ref_clk
    SLICE_X92Y309        FDRE                                         r  u_ddr_memory/u_video_framebuffer/u_control/cfg_width_reg[25]/C
  -------------------------------------------------------------------    -------------------
    SLICE_X92Y309        FDRE (Prop_HFF2_SLICEL_C_Q)
                                                      0.080  3323.642 f  u_ddr_memory/u_video_framebuffer/u_control/cfg_width_reg[25]/Q
                         net (fo=5, estimated)        0.339  3323.981    u_ddr_memory/u_video_framebuffer/u_control/cfg_width_reg[31]_0[24]
    SLICE_X95Y312        LUT4 (Prop_G6LUT_SLICEM_I0_O)
                                                      0.100  3324.081 f  u_ddr_memory/u_video_framebuffer/u_control/active_slot_mask[3]_i_26/O
                         net (fo=1, estimated)        0.095  3324.176    u_ddr_memory/u_video_framebuffer/u_control/active_slot_mask[3]_i_26_n_0
    SLICE_X95Y312        LUT5 (Prop_H6LUT_SLICEM_I4_O)
                                                      0.039  3324.215 f  u_ddr_memory/u_video_framebuffer/u_control/active_slot_mask[3]_i_22/O
                         net (fo=1, estimated)        0.195  3324.410    u_ddr_memory/u_video_framebuffer/u_control/active_slot_mask[3]_i_22_n_0
    SLICE_X94Y312        LUT6 (Prop_D6LUT_SLICEM_I5_O)
                                                      0.037  3324.447 f  u_ddr_memory/u_video_framebuffer/u_control/active_slot_mask[3]_i_11/O
                         net (fo=1, estimated)        0.241  3324.688    u_ddr_memory/u_video_framebuffer/u_control/active_slot_mask[3]_i_11_n_0
    SLICE_X93Y309        LUT6 (Prop_D6LUT_SLICEL_I5_O)
                                                      0.036  3324.724 r  u_ddr_memory/u_video_framebuffer/u_control/active_slot_mask[3]_i_4/O
                         net (fo=4, estimated)        0.409  3325.133    u_ddr_memory/u_video_framebuffer/u_control/active_slot_mask[3]_i_4_n_0
    SLICE_X92Y288        LUT4 (Prop_G6LUT_SLICEL_I3_O)
                                                      0.089  3325.222 r  u_ddr_memory/u_video_framebuffer/u_control/active_slot_mask[3]_i_1/O
                         net (fo=3, estimated)        0.170  3325.392    u_ddr_memory/u_video_framebuffer/u_manager/SR[0]
    SLICE_X92Y288        FDRE                                         r  u_ddr_memory/u_video_framebuffer/u_manager/active_slot_mask_reg[0]/R
  -------------------------------------------------------------------    -------------------

                         (clock mmcm_clkout0 rise edge)
                                                   3322.004  3322.004 r  
    BA27                                              0.000  3322.004 r  c0_sys_clk_p (IN)
                         net (fo=0)                   0.000  3322.004    u_ddr_memory/u_ddr_bd/design_1_i/ddr4_0/inst/u_ddr4_mem_intfc/u_mig_ddr4_phy/inst/u_ddr4_phy_pll/diff_input_clk.u_ibufg_sys_clk/I
    HPIOBDIFFINBUF_X0Y35 DIFFINBUF (Prop_DIFFINBUF_HPIOBDIFFINBUF_DIFF_IN_P_O)
                                                      0.388  3322.392 r  u_ddr_memory/u_ddr_bd/design_1_i/ddr4_0/inst/u_ddr4_mem_intfc/u_mig_ddr4_phy/inst/u_ddr4_phy_pll/diff_input_clk.u_ibufg_sys_clk/DIFFINBUF_INST/O
                         net (fo=1, estimated)        0.040  3322.432    u_ddr_memory/u_ddr_bd/design_1_i/ddr4_0/inst/u_ddr4_mem_intfc/u_mig_ddr4_phy/inst/u_ddr4_phy_pll/diff_input_clk.u_ibufg_sys_clk/OUT
    BA27                 IBUFCTRL (Prop_IBUFCTRL_HPIOB_M_I_O)
                                                      0.000  3322.432 r  u_ddr_memory/u_ddr_bd/design_1_i/ddr4_0/inst/u_ddr4_mem_intfc/u_mig_ddr4_phy/inst/u_ddr4_phy_pll/diff_input_clk.u_ibufg_sys_clk/IBUFCTRL_INST/O
                         net (fo=2, estimated)        0.344  3322.776    u_ddr_memory/u_ddr_bd/design_1_i/ddr4_0/inst/u_ddr4_infrastructure/mmcm_clk_in
    MMCM_X0Y1            MMCME4_ADV (Prop_MMCM_CLKIN1_CLKOUT0)
                                                      0.630  3323.406 r  u_ddr_memory/u_ddr_bd/design_1_i/ddr4_0/inst/u_ddr4_infrastructure/gen_mmcme4.u_mmcme_adv_inst/CLKOUT0
                         net (fo=1, estimated)        0.214  3323.620    u_ddr_memory/u_ddr_bd/design_1_i/ddr4_0/inst/u_ddr4_infrastructure/mmcm_clkout0
    BUFGCE_X0Y38         BUFGCE (Prop_BUFCE_BUFGCE_I_O)
                                                      0.024  3323.644 r  u_ddr_memory/u_ddr_bd/design_1_i/ddr4_0/inst/u_ddr4_infrastructure/u_bufg_divClk/O
    X4Y3 (CLOCK_ROOT)    net (fo=112236, estimated)
                                                      2.782  3326.426    u_ddr_memory/u_video_framebuffer/u_manager/CLK
    SLR Crossing[0->1]   
    SLICE_X92Y288        FDRE                                         r  u_ddr_memory/u_video_framebuffer/u_manager/active_slot_mask_reg[0]/C
                         clock pessimism              0.000  3326.426    
                         inter-SLR compensation      -0.663  3325.762    
                         clock uncertainty           -0.129  3325.633    
    SLICE_X92Y288        FDRE (Setup_HFF_SLICEL_C_R)
                                                     -0.074  3325.559    u_ddr_memory/u_video_framebuffer/u_manager/active_slot_mask_reg[0]
  -------------------------------------------------------------------
                         required time                       3325.559    
                         arrival time                       -3325.391    
  -------------------------------------------------------------------
                         slack                                  0.168    





---------------------------------------------------------------------------------------------------
From Clock:  clkout2
  To Clock:  mmcm_clkout0

Setup :            0  Failing Endpoints,  Worst Slack        3.023ns,  Total Violation        0.000ns
Hold  :           NA  Failing Endpoints,  Worst Slack           NA  ,  Total Violation           NA
---------------------------------------------------------------------------------------------------


Max Delay Paths
--------------------------------------------------------------------------------------
Slack (MET) :             3.023ns  (required time - arrival time)
  Source:                 u_camera_hdmi/u_hdmi/u_rx/u_hdmi_rx/inst/v_vid_in_axi4s/inst/COUPLER_INST/generate_async_fifo.FIFO_INST/XPM_FIFO_ASYNC_INST/gnuram_async_fifo.xpm_fifo_base_inst/gen_cdc_pntr.wr_pntr_cdc_inst/src_gray_ff_reg[2]/C
                            (rising edge-triggered cell FDRE clocked by clkout2  {rise@0.000ns fall@1.684ns period=3.367ns})
  Destination:            u_camera_hdmi/u_hdmi/u_rx/u_hdmi_rx/inst/v_vid_in_axi4s/inst/COUPLER_INST/generate_async_fifo.FIFO_INST/XPM_FIFO_ASYNC_INST/gnuram_async_fifo.xpm_fifo_base_inst/gen_cdc_pntr.wr_pntr_cdc_inst/dest_graysync_ff_reg[0][2]/D
                            (rising edge-triggered cell FDRE clocked by mmcm_clkout0  {rise@0.000ns fall@1.666ns period=3.332ns})
  Path Group:             mmcm_clkout0
  Path Type:              Setup (Max at Slow Process Corner)
  Requirement:            3.367ns  (MaxDelay Path 3.367ns)
  Data Path Delay:        0.369ns  (logic 0.078ns (21.138%)  route 0.291ns (78.862%))
  Logic Levels:           0  
  Timing Exception:       MaxDelay Path 3.367ns -datapath_only

    Location             Delay type                Incr(ns)  Path(ns)    Netlist Resource(s)
  -------------------------------------------------------------------    -------------------
    SLICE_X88Y361                                     0.000     0.000 r  u_camera_hdmi/u_hdmi/u_rx/u_hdmi_rx/inst/v_vid_in_axi4s/inst/COUPLER_INST/generate_async_fifo.FIFO_INST/XPM_FIFO_ASYNC_INST/gnuram_async_fifo.xpm_fifo_base_inst/gen_cdc_pntr.wr_pntr_cdc_inst/src_gray_ff_reg[2]/C
    SLICE_X88Y361        FDRE (Prop_HFF2_SLICEM_C_Q)
                                                      0.078     0.078 r  u_camera_hdmi/u_hdmi/u_rx/u_hdmi_rx/inst/v_vid_in_axi4s/inst/COUPLER_INST/generate_async_fifo.FIFO_INST/XPM_FIFO_ASYNC_INST/gnuram_async_fifo.xpm_fifo_base_inst/gen_cdc_pntr.wr_pntr_cdc_inst/src_gray_ff_reg[2]/Q
                         net (fo=1, estimated)        0.291     0.369    u_camera_hdmi/u_hdmi/u_rx/u_hdmi_rx/inst/v_vid_in_axi4s/inst/COUPLER_INST/generate_async_fifo.FIFO_INST/XPM_FIFO_ASYNC_INST/gnuram_async_fifo.xpm_fifo_base_inst/gen_cdc_pntr.wr_pntr_cdc_inst/async_path[2]
    SLICE_X85Y361        FDRE                                         r  u_camera_hdmi/u_hdmi/u_rx/u_hdmi_rx/inst/v_vid_in_axi4s/inst/COUPLER_INST/generate_async_fifo.FIFO_INST/XPM_FIFO_ASYNC_INST/gnuram_async_fifo.xpm_fifo_base_inst/gen_cdc_pntr.wr_pntr_cdc_inst/dest_graysync_ff_reg[0][2]/D
  -------------------------------------------------------------------    -------------------

                         max delay                    3.367     3.367    
    SLICE_X85Y361        FDRE (Setup_HFF2_SLICEM_C_D)
                                                      0.025     3.392    u_camera_hdmi/u_hdmi/u_rx/u_hdmi_rx/inst/v_vid_in_axi4s/inst/COUPLER_INST/generate_async_fifo.FIFO_INST/XPM_FIFO_ASYNC_INST/gnuram_async_fifo.xpm_fifo_base_inst/gen_cdc_pntr.wr_pntr_cdc_inst/dest_graysync_ff_reg[0][2]
  -------------------------------------------------------------------
                         required time                          3.392    
                         arrival time                          -0.369    
  -------------------------------------------------------------------
                         slack                                  3.023    





---------------------------------------------------------------------------------------------------
From Clock:  clkout2_1
  To Clock:  mmcm_clkout0

Setup :            0  Failing Endpoints,  Worst Slack        2.955ns,  Total Violation        0.000ns
Hold  :           NA  Failing Endpoints,  Worst Slack           NA  ,  Total Violation           NA
---------------------------------------------------------------------------------------------------


Max Delay Paths
--------------------------------------------------------------------------------------
Slack (MET) :             2.955ns  (required time - arrival time)
  Source:                 u_camera_hdmi/u_hdmi/u_tx/u_hdmi_tx/inst/v_axi4s_vid_out/inst/COUPLER_INST/generate_async_fifo.FIFO_INST/XPM_FIFO_ASYNC_INST/gnuram_async_fifo.xpm_fifo_base_inst/gen_cdc_pntr.rd_pntr_cdc_inst/src_gray_ff_reg[4]/C
                            (rising edge-triggered cell FDRE clocked by clkout2_1  {rise@0.000ns fall@1.684ns period=3.367ns})
  Destination:            u_camera_hdmi/u_hdmi/u_tx/u_hdmi_tx/inst/v_axi4s_vid_out/inst/COUPLER_INST/generate_async_fifo.FIFO_INST/XPM_FIFO_ASYNC_INST/gnuram_async_fifo.xpm_fifo_base_inst/gen_cdc_pntr.rd_pntr_cdc_inst/dest_graysync_ff_reg[0][4]/D
                            (rising edge-triggered cell FDRE clocked by mmcm_clkout0  {rise@0.000ns fall@1.666ns period=3.332ns})
  Path Group:             mmcm_clkout0
  Path Type:              Setup (Max at Slow Process Corner)
  Requirement:            3.367ns  (MaxDelay Path 3.367ns)
  Data Path Delay:        0.437ns  (logic 0.081ns (18.535%)  route 0.356ns (81.465%))
  Logic Levels:           0  
  Timing Exception:       MaxDelay Path 3.367ns -datapath_only

    Location             Delay type                Incr(ns)  Path(ns)    Netlist Resource(s)
  -------------------------------------------------------------------    -------------------
    SLICE_X113Y354                                    0.000     0.000 r  u_camera_hdmi/u_hdmi/u_tx/u_hdmi_tx/inst/v_axi4s_vid_out/inst/COUPLER_INST/generate_async_fifo.FIFO_INST/XPM_FIFO_ASYNC_INST/gnuram_async_fifo.xpm_fifo_base_inst/gen_cdc_pntr.rd_pntr_cdc_inst/src_gray_ff_reg[4]/C
    SLICE_X113Y354       FDRE (Prop_DFF2_SLICEL_C_Q)
                                                      0.081     0.081 r  u_camera_hdmi/u_hdmi/u_tx/u_hdmi_tx/inst/v_axi4s_vid_out/inst/COUPLER_INST/generate_async_fifo.FIFO_INST/XPM_FIFO_ASYNC_INST/gnuram_async_fifo.xpm_fifo_base_inst/gen_cdc_pntr.rd_pntr_cdc_inst/src_gray_ff_reg[4]/Q
                         net (fo=1, estimated)        0.356     0.437    u_camera_hdmi/u_hdmi/u_tx/u_hdmi_tx/inst/v_axi4s_vid_out/inst/COUPLER_INST/generate_async_fifo.FIFO_INST/XPM_FIFO_ASYNC_INST/gnuram_async_fifo.xpm_fifo_base_inst/gen_cdc_pntr.rd_pntr_cdc_inst/async_path[4]
    SLICE_X112Y350       FDRE                                         r  u_camera_hdmi/u_hdmi/u_tx/u_hdmi_tx/inst/v_axi4s_vid_out/inst/COUPLER_INST/generate_async_fifo.FIFO_INST/XPM_FIFO_ASYNC_INST/gnuram_async_fifo.xpm_fifo_base_inst/gen_cdc_pntr.rd_pntr_cdc_inst/dest_graysync_ff_reg[0][4]/D
  -------------------------------------------------------------------    -------------------

                         max delay                    3.367     3.367    
    SLICE_X112Y350       FDRE (Setup_DFF2_SLICEL_C_D)
                                                      0.025     3.392    u_camera_hdmi/u_hdmi/u_tx/u_hdmi_tx/inst/v_axi4s_vid_out/inst/COUPLER_INST/generate_async_fifo.FIFO_INST/XPM_FIFO_ASYNC_INST/gnuram_async_fifo.xpm_fifo_base_inst/gen_cdc_pntr.rd_pntr_cdc_inst/dest_graysync_ff_reg[0][4]
  -------------------------------------------------------------------
                         required time                          3.392    
                         arrival time                          -0.437    
  -------------------------------------------------------------------
                         slack                                  2.955    





---------------------------------------------------------------------------------------------------
From Clock:  mmcm_clkout0
  To Clock:  pll_clk[0]_DIV

Setup :            0  Failing Endpoints,  Worst Slack        0.882ns,  Total Violation        0.000ns
Hold  :           NA  Failing Endpoints,  Worst Slack           NA  ,  Total Violation           NA
---------------------------------------------------------------------------------------------------


Max Delay Paths
--------------------------------------------------------------------------------------
Slack (MET) :             0.882ns  (required time - arrival time)
  Source:                 u_ddr_memory/u_ddr_bd/design_1_i/ddr4_0/inst/u_ddr4_mem_intfc/u_ddr_cal_top/u_ddr_mc_pi/u_ddr_mc_write/genByte[2].u_ddr_mc_wr_byte/u_ddr_mc_wr_dm/dReg_reg[7]/C
                            (rising edge-triggered cell FDRE clocked by mmcm_clkout0  {rise@0.000ns fall@1.666ns period=3.332ns})
  Destination:            u_ddr_memory/u_ddr_bd/design_1_i/ddr4_0/inst/u_ddr4_mem_intfc/u_mig_ddr4_phy/inst/generate_block1.u_ddr_xiphy/byte_num[0].xiphy_byte_wrapper.u_xiphy_byte_wrapper/I_BITSLICE_LOWER[0].GEN_RXTX_BITSLICE_EN.u_xiphy_bitslice_lower/xiphy_rxtx_bitslice/D[7]
                            (rising edge-triggered cell RXTX_BITSLICE clocked by pll_clk[0]_DIV  {rise@0.000ns fall@1.666ns period=3.332ns})
  Path Group:             pll_clk[0]_DIV
  Path Type:              Setup (Max at Slow Process Corner)
  Requirement:            3.332ns  (pll_clk[0]_DIV rise@3.332ns - mmcm_clkout0 rise@0.000ns)
  Data Path Delay:        1.625ns  (logic 0.078ns (4.800%)  route 1.547ns (95.200%))
  Logic Levels:           0  
  Clock Path Skew:        -0.619ns (DCD - SCD + CPR)
    Destination Clock Delay (DCD):    3.781ns = ( 7.113 - 3.332 ) 
    Source Clock Delay      (SCD):    3.941ns
    Clock Pessimism Removal (CPR):    -0.459ns
  Clock Uncertainty:      0.157ns  ((TSJ^2 + DJ^2)^1/2) / 2 + PE
    Total System Jitter     (TSJ):    0.071ns
    Discrete Jitter          (DJ):    0.064ns
    Phase Error              (PE):    0.109ns
  Clock Net Delay (Source):      2.865ns (routing 0.927ns, distribution 1.938ns)

    Location             Delay type                Incr(ns)  Path(ns)    Netlist Resource(s)
  -------------------------------------------------------------------    -------------------
                         (clock mmcm_clkout0 rise edge)
                                                      0.000     0.000 r  
    BA27                                              0.000     0.000 r  c0_sys_clk_p (IN)
                         net (fo=0)                   0.000     0.000    u_ddr_memory/u_ddr_bd/design_1_i/ddr4_0/inst/u_ddr4_mem_intfc/u_mig_ddr4_phy/inst/u_ddr4_phy_pll/diff_input_clk.u_ibufg_sys_clk/I
    HPIOBDIFFINBUF_X0Y35 DIFFINBUF (Prop_DIFFINBUF_HPIOBDIFFINBUF_DIFF_IN_P_O)
                                                      0.484     0.484 r  u_ddr_memory/u_ddr_bd/design_1_i/ddr4_0/inst/u_ddr4_mem_intfc/u_mig_ddr4_phy/inst/u_ddr4_phy_pll/diff_input_clk.u_ibufg_sys_clk/DIFFINBUF_INST/O
                         net (fo=1, estimated)        0.050     0.534    u_ddr_memory/u_ddr_bd/design_1_i/ddr4_0/inst/u_ddr4_mem_intfc/u_mig_ddr4_phy/inst/u_ddr4_phy_pll/diff_input_clk.u_ibufg_sys_clk/OUT
    BA27                 IBUFCTRL (Prop_IBUFCTRL_HPIOB_M_I_O)
                                                      0.000     0.534 r  u_ddr_memory/u_ddr_bd/design_1_i/ddr4_0/inst/u_ddr4_mem_intfc/u_mig_ddr4_phy/inst/u_ddr4_phy_pll/diff_input_clk.u_ibufg_sys_clk/IBUFCTRL_INST/O
                         net (fo=2, estimated)        0.397     0.931    u_ddr_memory/u_ddr_bd/design_1_i/ddr4_0/inst/u_ddr4_infrastructure/mmcm_clk_in
    MMCM_X0Y1            MMCME4_ADV (Prop_MMCM_CLKIN1_CLKOUT0)
                                                     -0.127     0.804 r  u_ddr_memory/u_ddr_bd/design_1_i/ddr4_0/inst/u_ddr4_infrastructure/gen_mmcme4.u_mmcme_adv_inst/CLKOUT0
                         net (fo=1, estimated)        0.244     1.048    u_ddr_memory/u_ddr_bd/design_1_i/ddr4_0/inst/u_ddr4_infrastructure/mmcm_clkout0
    BUFGCE_X0Y38         BUFGCE (Prop_BUFCE_BUFGCE_I_O)
                                                      0.028     1.076 r  u_ddr_memory/u_ddr_bd/design_1_i/ddr4_0/inst/u_ddr4_infrastructure/u_bufg_divClk/O
    X4Y3 (CLOCK_ROOT)    net (fo=112236, estimated)
                                                      2.865     3.941    u_ddr_memory/u_ddr_bd/design_1_i/ddr4_0/inst/u_ddr4_mem_intfc/u_ddr_cal_top/u_ddr_mc_pi/u_ddr_mc_write/genByte[2].u_ddr_mc_wr_byte/u_ddr_mc_wr_dm/dReg_reg[10]_0
    SLICE_X124Y120       FDRE                                         r  u_ddr_memory/u_ddr_bd/design_1_i/ddr4_0/inst/u_ddr4_mem_intfc/u_ddr_cal_top/u_ddr_mc_pi/u_ddr_mc_write/genByte[2].u_ddr_mc_wr_byte/u_ddr_mc_wr_dm/dReg_reg[7]/C
  -------------------------------------------------------------------    -------------------
    SLICE_X124Y120       FDRE (Prop_BFF_SLICEM_C_Q)
                                                      0.078     4.019 r  u_ddr_memory/u_ddr_bd/design_1_i/ddr4_0/inst/u_ddr4_mem_intfc/u_ddr_cal_top/u_ddr_mc_pi/u_ddr_mc_write/genByte[2].u_ddr_mc_wr_byte/u_ddr_mc_wr_dm/dReg_reg[7]/Q
                         net (fo=1, estimated)        1.547     5.566    u_ddr_memory/u_ddr_bd/design_1_i/ddr4_0/inst/u_ddr4_mem_intfc/u_mig_ddr4_phy/inst/generate_block1.u_ddr_xiphy/byte_num[0].xiphy_byte_wrapper.u_xiphy_byte_wrapper/I_BITSLICE_LOWER[0].GEN_RXTX_BITSLICE_EN.u_xiphy_bitslice_lower/clb2phy_wr_dq0[7]
    BITSLICE_RX_TX_X0Y0  RXTX_BITSLICE                                r  u_ddr_memory/u_ddr_bd/design_1_i/ddr4_0/inst/u_ddr4_mem_intfc/u_mig_ddr4_phy/inst/generate_block1.u_ddr_xiphy/byte_num[0].xiphy_byte_wrapper.u_xiphy_byte_wrapper/I_BITSLICE_LOWER[0].GEN_RXTX_BITSLICE_EN.u_xiphy_bitslice_lower/xiphy_rxtx_bitslice/D[7]
  -------------------------------------------------------------------    -------------------

                         (clock pll_clk[0]_DIV rise edge)
                                                      3.332     3.332 f  
    BA27                                              0.000     3.332 f  c0_sys_clk_p (IN)
                         net (fo=0)                   0.000     3.332    u_ddr_memory/u_ddr_bd/design_1_i/ddr4_0/inst/u_ddr4_mem_intfc/u_mig_ddr4_phy/inst/u_ddr4_phy_pll/diff_input_clk.u_ibufg_sys_clk/I
    HPIOBDIFFINBUF_X0Y35 DIFFINBUF (Prop_DIFFINBUF_HPIOBDIFFINBUF_DIFF_IN_P_O)
                                                      0.388     3.720 f  u_ddr_memory/u_ddr_bd/design_1_i/ddr4_0/inst/u_ddr4_mem_intfc/u_mig_ddr4_phy/inst/u_ddr4_phy_pll/diff_input_clk.u_ibufg_sys_clk/DIFFINBUF_INST/O
                         net (fo=1, estimated)        0.040     3.760    u_ddr_memory/u_ddr_bd/design_1_i/ddr4_0/inst/u_ddr4_mem_intfc/u_mig_ddr4_phy/inst/u_ddr4_phy_pll/diff_input_clk.u_ibufg_sys_clk/OUT
    BA27                 IBUFCTRL (Prop_IBUFCTRL_HPIOB_M_I_O)
                                                      0.000     3.760 f  u_ddr_memory/u_ddr_bd/design_1_i/ddr4_0/inst/u_ddr4_mem_intfc/u_mig_ddr4_phy/inst/u_ddr4_phy_pll/diff_input_clk.u_ibufg_sys_clk/IBUFCTRL_INST/O
                         net (fo=2, estimated)        0.344     4.104    u_ddr_memory/u_ddr_bd/design_1_i/ddr4_0/inst/u_ddr4_infrastructure/mmcm_clk_in
    MMCM_X0Y1            MMCME4_ADV (Prop_MMCM_CLKIN1_CLKOUT0)
                                                      0.630     4.734 f  u_ddr_memory/u_ddr_bd/design_1_i/ddr4_0/inst/u_ddr4_infrastructure/gen_mmcme4.u_mmcme_adv_inst/CLKOUT0
                         net (fo=1, estimated)        0.214     4.948    u_ddr_memory/u_ddr_bd/design_1_i/ddr4_0/inst/u_ddr4_infrastructure/mmcm_clkout0
    BUFGCE_X0Y38         BUFGCE (Prop_BUFCE_BUFGCE_I_O)
                                                      0.024     4.972 f  u_ddr_memory/u_ddr_bd/design_1_i/ddr4_0/inst/u_ddr4_infrastructure/u_bufg_divClk/O
                         net (fo=112236, estimated)
                                                      2.442     7.414    u_ddr_memory/u_ddr_bd/design_1_i/ddr4_0/inst/u_ddr4_mem_intfc/u_mig_ddr4_phy/inst/u_ddr4_phy_pll/div_clk
    PLL_X0Y1             PLLE4_ADV (Prop_PLL_CLKIN_CLKOUTPHY)
                                                     -0.713     6.701 f  u_ddr_memory/u_ddr_bd/design_1_i/ddr4_0/inst/u_ddr4_mem_intfc/u_mig_ddr4_phy/inst/u_ddr4_phy_pll/plle_loop[0].gen_plle4.PLLE4_BASE_INST_OTHER/CLKOUTPHY
                         net (fo=8, estimated)        0.097     6.798    u_ddr_memory/u_ddr_bd/design_1_i/ddr4_0/inst/u_ddr4_mem_intfc/u_mig_ddr4_phy/inst/generate_block1.u_ddr_xiphy/byte_num[0].xiphy_byte_wrapper.u_xiphy_byte_wrapper/I_CONTROL[0].GEN_I_CONTROL.u_xiphy_control/pll_clk[0]
    BITSLICE_CONTROL_X0Y0
                         BITSLICE_CONTROL (Prop_CONTROL_BITSLICE_CONTROL_PLL_CLK_TX_DIV2_CLK_Q)
                                                      0.117     6.915 r  u_ddr_memory/u_ddr_bd/design_1_i/ddr4_0/inst/u_ddr4_mem_intfc/u_mig_ddr4_phy/inst/generate_block1.u_ddr_xiphy/byte_num[0].xiphy_byte_wrapper.u_xiphy_byte_wrapper/I_CONTROL[0].GEN_I_CONTROL.u_xiphy_control/xiphy_control/TX_DIV2_CLK_Q
    BITSLICE_CONTROL_X0Y0
                         BITSLICE_CONTROL (Prop_CONTROL_BITSLICE_CONTROL_TX_DIV2_CLK_Q_TX_DIV4_CLK_Q)
                                                      0.075     6.990 r  u_ddr_memory/u_ddr_bd/design_1_i/ddr4_0/inst/u_ddr4_mem_intfc/u_mig_ddr4_phy/inst/generate_block1.u_ddr_xiphy/byte_num[0].xiphy_byte_wrapper.u_xiphy_byte_wrapper/I_CONTROL[0].GEN_I_CONTROL.u_xiphy_control/xiphy_control/TX_DIV4_CLK_Q
    BITSLICE_CONTROL_X0Y0
                         BITSLICE_CONTROL (Prop_CONTROL_BITSLICE_CONTROL_TX_DIV4_CLK_Q_TX_BIT_CTRL_OUT0[26])
                                                      0.109     7.099 r  u_ddr_memory/u_ddr_bd/design_1_i/ddr4_0/inst/u_ddr4_mem_intfc/u_mig_ddr4_phy/inst/generate_block1.u_ddr_xiphy/byte_num[0].xiphy_byte_wrapper.u_xiphy_byte_wrapper/I_CONTROL[0].GEN_I_CONTROL.u_xiphy_control/xiphy_control/TX_BIT_CTRL_OUT0[26]
                         net (fo=1, estimated)        0.014     7.113    u_ddr_memory/u_ddr_bd/design_1_i/ddr4_0/inst/u_ddr4_mem_intfc/u_mig_ddr4_phy/inst/generate_block1.u_ddr_xiphy/byte_num[0].xiphy_byte_wrapper.u_xiphy_byte_wrapper/I_BITSLICE_LOWER[0].GEN_RXTX_BITSLICE_EN.u_xiphy_bitslice_lower/TX_BIT_CTRL_OUT0[26]
    BITSLICE_RX_TX_X0Y0  RXTX_BITSLICE                                r  u_ddr_memory/u_ddr_bd/design_1_i/ddr4_0/inst/u_ddr4_mem_intfc/u_mig_ddr4_phy/inst/generate_block1.u_ddr_xiphy/byte_num[0].xiphy_byte_wrapper.u_xiphy_byte_wrapper/I_BITSLICE_LOWER[0].GEN_RXTX_BITSLICE_EN.u_xiphy_bitslice_lower/xiphy_rxtx_bitslice/TX_BIT_CTRL_IN[26]
                         clock pessimism             -0.459     6.654    
                         clock uncertainty           -0.157     6.497    
    BITSLICE_RX_TX_X0Y0  RXTX_BITSLICE (Setup_RXTX_BITSLICE_BITSLICE_RX_TX_TX_BIT_CTRL_IN[26]_D[7])
                                                     -0.049     6.448    u_ddr_memory/u_ddr_bd/design_1_i/ddr4_0/inst/u_ddr4_mem_intfc/u_mig_ddr4_phy/inst/generate_block1.u_ddr_xiphy/byte_num[0].xiphy_byte_wrapper.u_xiphy_byte_wrapper/I_BITSLICE_LOWER[0].GEN_RXTX_BITSLICE_EN.u_xiphy_bitslice_lower/xiphy_rxtx_bitslice
  -------------------------------------------------------------------
                         required time                          6.448    
                         arrival time                          -5.566    
  -------------------------------------------------------------------
                         slack                                  0.882    





---------------------------------------------------------------------------------------------------
From Clock:  mmcm_clkout0
  To Clock:  pll_clk[1]_DIV

Setup :            0  Failing Endpoints,  Worst Slack        1.588ns,  Total Violation        0.000ns
Hold  :           NA  Failing Endpoints,  Worst Slack           NA  ,  Total Violation           NA
---------------------------------------------------------------------------------------------------


Max Delay Paths
--------------------------------------------------------------------------------------
Slack (MET) :             1.588ns  (required time - arrival time)
  Source:                 u_ddr_memory/u_ddr_bd/design_1_i/ddr4_0/inst/u_ddr4_mem_intfc/u_mig_ddr4_phy/inst/clb2phy_t_b_addr_reg[0]/C
                            (rising edge-triggered cell FDRE clocked by mmcm_clkout0  {rise@0.000ns fall@1.666ns period=3.332ns})
  Destination:            u_ddr_memory/u_ddr_bd/design_1_i/ddr4_0/inst/u_ddr4_mem_intfc/u_mig_ddr4_phy/inst/generate_block1.u_ddr_xiphy/byte_num[4].xiphy_byte_wrapper.u_xiphy_byte_wrapper/I_CONTROL[1].GEN_I_CONTROL.u_xiphy_control/xiphy_control/TBYTE_IN[0]
                            (rising edge-triggered cell BITSLICE_CONTROL clocked by pll_clk[1]_DIV  {rise@0.000ns fall@1.666ns period=3.332ns})
  Path Group:             pll_clk[1]_DIV
  Path Type:              Setup (Max at Slow Process Corner)
  Requirement:            3.332ns  (pll_clk[1]_DIV rise@3.332ns - mmcm_clkout0 rise@0.000ns)
  Data Path Delay:        0.765ns  (logic 0.080ns (10.458%)  route 0.685ns (89.542%))
  Logic Levels:           0  
  Clock Path Skew:        -0.664ns (DCD - SCD + CPR)
    Destination Clock Delay (DCD):    3.629ns = ( 6.961 - 3.332 ) 
    Source Clock Delay      (SCD):    3.952ns
    Clock Pessimism Removal (CPR):    -0.341ns
  Clock Uncertainty:      0.157ns  ((TSJ^2 + DJ^2)^1/2) / 2 + PE
    Total System Jitter     (TSJ):    0.071ns
    Discrete Jitter          (DJ):    0.064ns
    Phase Error              (PE):    0.109ns
  Clock Net Delay (Source):      2.876ns (routing 0.927ns, distribution 1.949ns)
  Clock Net Delay (Destination): 2.425ns (routing 0.839ns, distribution 1.586ns)

    Location             Delay type                Incr(ns)  Path(ns)    Netlist Resource(s)
  -------------------------------------------------------------------    -------------------
                         (clock mmcm_clkout0 rise edge)
                                                      0.000     0.000 r  
    BA27                                              0.000     0.000 r  c0_sys_clk_p (IN)
                         net (fo=0)                   0.000     0.000    u_ddr_memory/u_ddr_bd/design_1_i/ddr4_0/inst/u_ddr4_mem_intfc/u_mig_ddr4_phy/inst/u_ddr4_phy_pll/diff_input_clk.u_ibufg_sys_clk/I
    HPIOBDIFFINBUF_X0Y35 DIFFINBUF (Prop_DIFFINBUF_HPIOBDIFFINBUF_DIFF_IN_P_O)
                                                      0.484     0.484 r  u_ddr_memory/u_ddr_bd/design_1_i/ddr4_0/inst/u_ddr4_mem_intfc/u_mig_ddr4_phy/inst/u_ddr4_phy_pll/diff_input_clk.u_ibufg_sys_clk/DIFFINBUF_INST/O
                         net (fo=1, estimated)        0.050     0.534    u_ddr_memory/u_ddr_bd/design_1_i/ddr4_0/inst/u_ddr4_mem_intfc/u_mig_ddr4_phy/inst/u_ddr4_phy_pll/diff_input_clk.u_ibufg_sys_clk/OUT
    BA27                 IBUFCTRL (Prop_IBUFCTRL_HPIOB_M_I_O)
                                                      0.000     0.534 r  u_ddr_memory/u_ddr_bd/design_1_i/ddr4_0/inst/u_ddr4_mem_intfc/u_mig_ddr4_phy/inst/u_ddr4_phy_pll/diff_input_clk.u_ibufg_sys_clk/IBUFCTRL_INST/O
                         net (fo=2, estimated)        0.397     0.931    u_ddr_memory/u_ddr_bd/design_1_i/ddr4_0/inst/u_ddr4_infrastructure/mmcm_clk_in
    MMCM_X0Y1            MMCME4_ADV (Prop_MMCM_CLKIN1_CLKOUT0)
                                                     -0.127     0.804 r  u_ddr_memory/u_ddr_bd/design_1_i/ddr4_0/inst/u_ddr4_infrastructure/gen_mmcme4.u_mmcme_adv_inst/CLKOUT0
                         net (fo=1, estimated)        0.244     1.048    u_ddr_memory/u_ddr_bd/design_1_i/ddr4_0/inst/u_ddr4_infrastructure/mmcm_clkout0
    BUFGCE_X0Y38         BUFGCE (Prop_BUFCE_BUFGCE_I_O)
                                                      0.028     1.076 r  u_ddr_memory/u_ddr_bd/design_1_i/ddr4_0/inst/u_ddr4_infrastructure/u_bufg_divClk/O
    X4Y3 (CLOCK_ROOT)    net (fo=112236, estimated)
                                                      2.876     3.952    u_ddr_memory/u_ddr_bd/design_1_i/ddr4_0/inst/u_ddr4_mem_intfc/u_mig_ddr4_phy/inst/div_clk
    SLICE_X117Y94        FDRE                                         r  u_ddr_memory/u_ddr_bd/design_1_i/ddr4_0/inst/u_ddr4_mem_intfc/u_mig_ddr4_phy/inst/clb2phy_t_b_addr_reg[0]/C
  -------------------------------------------------------------------    -------------------
    SLICE_X117Y94        FDRE (Prop_HFF2_SLICEL_C_Q)
                                                      0.080     4.032 r  u_ddr_memory/u_ddr_bd/design_1_i/ddr4_0/inst/u_ddr4_mem_intfc/u_mig_ddr4_phy/inst/clb2phy_t_b_addr_reg[0]/Q
                         net (fo=7, estimated)        0.685     4.717    u_ddr_memory/u_ddr_bd/design_1_i/ddr4_0/inst/u_ddr4_mem_intfc/u_mig_ddr4_phy/inst/generate_block1.u_ddr_xiphy/byte_num[4].xiphy_byte_wrapper.u_xiphy_byte_wrapper/I_CONTROL[1].GEN_I_CONTROL.u_xiphy_control/clb2phy_t_b_low[0]
    BITSLICE_CONTROL_X0Y9
                         BITSLICE_CONTROL                             r  u_ddr_memory/u_ddr_bd/design_1_i/ddr4_0/inst/u_ddr4_mem_intfc/u_mig_ddr4_phy/inst/generate_block1.u_ddr_xiphy/byte_num[4].xiphy_byte_wrapper.u_xiphy_byte_wrapper/I_CONTROL[1].GEN_I_CONTROL.u_xiphy_control/xiphy_control/TBYTE_IN[0]
  -------------------------------------------------------------------    -------------------

                         (clock pll_clk[1]_DIV rise edge)
                                                      3.332     3.332 r  
    BA27                                              0.000     3.332 r  c0_sys_clk_p (IN)
                         net (fo=0)                   0.000     3.332    u_ddr_memory/u_ddr_bd/design_1_i/ddr4_0/inst/u_ddr4_mem_intfc/u_mig_ddr4_phy/inst/u_ddr4_phy_pll/diff_input_clk.u_ibufg_sys_clk/I
    HPIOBDIFFINBUF_X0Y35 DIFFINBUF (Prop_DIFFINBUF_HPIOBDIFFINBUF_DIFF_IN_P_O)
                                                      0.388     3.720 r  u_ddr_memory/u_ddr_bd/design_1_i/ddr4_0/inst/u_ddr4_mem_intfc/u_mig_ddr4_phy/inst/u_ddr4_phy_pll/diff_input_clk.u_ibufg_sys_clk/DIFFINBUF_INST/O
                         net (fo=1, estimated)        0.040     3.760    u_ddr_memory/u_ddr_bd/design_1_i/ddr4_0/inst/u_ddr4_mem_intfc/u_mig_ddr4_phy/inst/u_ddr4_phy_pll/diff_input_clk.u_ibufg_sys_clk/OUT
    BA27                 IBUFCTRL (Prop_IBUFCTRL_HPIOB_M_I_O)
                                                      0.000     3.760 r  u_ddr_memory/u_ddr_bd/design_1_i/ddr4_0/inst/u_ddr4_mem_intfc/u_mig_ddr4_phy/inst/u_ddr4_phy_pll/diff_input_clk.u_ibufg_sys_clk/IBUFCTRL_INST/O
                         net (fo=2, estimated)        0.344     4.104    u_ddr_memory/u_ddr_bd/design_1_i/ddr4_0/inst/u_ddr4_infrastructure/mmcm_clk_in
    MMCM_X0Y1            MMCME4_ADV (Prop_MMCM_CLKIN1_CLKOUT0)
                                                      0.630     4.734 r  u_ddr_memory/u_ddr_bd/design_1_i/ddr4_0/inst/u_ddr4_infrastructure/gen_mmcme4.u_mmcme_adv_inst/CLKOUT0
                         net (fo=1, estimated)        0.214     4.948    u_ddr_memory/u_ddr_bd/design_1_i/ddr4_0/inst/u_ddr4_infrastructure/mmcm_clkout0
    BUFGCE_X0Y38         BUFGCE (Prop_BUFCE_BUFGCE_I_O)
                                                      0.024     4.972 r  u_ddr_memory/u_ddr_bd/design_1_i/ddr4_0/inst/u_ddr4_infrastructure/u_bufg_divClk/O
    X4Y3 (CLOCK_ROOT)    net (fo=112236, estimated)
                                                      2.425     7.397    u_ddr_memory/u_ddr_bd/design_1_i/ddr4_0/inst/u_ddr4_mem_intfc/u_mig_ddr4_phy/inst/u_ddr4_phy_pll/div_clk
    PLL_X0Y3             PLLE4_ADV (Prop_PLL_CLKIN_CLKOUTPHY)
                                                     -0.713     6.684 r  u_ddr_memory/u_ddr_bd/design_1_i/ddr4_0/inst/u_ddr4_mem_intfc/u_mig_ddr4_phy/inst/u_ddr4_phy_pll/plle_loop[1].gen_plle4.PLLE4_BASE_INST_OTHER/CLKOUTPHY
                         net (fo=7, estimated)        0.096     6.780    u_ddr_memory/u_ddr_bd/design_1_i/ddr4_0/inst/u_ddr4_mem_intfc/u_mig_ddr4_phy/inst/generate_block1.u_ddr_xiphy/byte_num[4].xiphy_byte_wrapper.u_xiphy_byte_wrapper/I_CONTROL[1].GEN_I_CONTROL.u_xiphy_control/pll_clk[0]
    BITSLICE_CONTROL_X0Y9
                         BITSLICE_CONTROL (Prop_CONTROL_BITSLICE_CONTROL_PLL_CLK_TX_DIV2_CLK_Q)
                                                      0.106     6.886 r  u_ddr_memory/u_ddr_bd/design_1_i/ddr4_0/inst/u_ddr4_mem_intfc/u_mig_ddr4_phy/inst/generate_block1.u_ddr_xiphy/byte_num[4].xiphy_byte_wrapper.u_xiphy_byte_wrapper/I_CONTROL[1].GEN_I_CONTROL.u_xiphy_control/xiphy_control/TX_DIV2_CLK_Q
    BITSLICE_CONTROL_X0Y9
                         BITSLICE_CONTROL (Prop_CONTROL_BITSLICE_CONTROL_TX_DIV2_CLK_Q_TX_DIV4_CLK_Q)
                                                      0.075     6.961 r  u_ddr_memory/u_ddr_bd/design_1_i/ddr4_0/inst/u_ddr4_mem_intfc/u_mig_ddr4_phy/inst/generate_block1.u_ddr_xiphy/byte_num[4].xiphy_byte_wrapper.u_xiphy_byte_wrapper/I_CONTROL[1].GEN_I_CONTROL.u_xiphy_control/xiphy_control/TX_DIV4_CLK_Q
                         clock pessimism             -0.341     6.620    
                         clock uncertainty           -0.157     6.463    
    BITSLICE_CONTROL_X0Y9
                         BITSLICE_CONTROL (Setup_CONTROL_BITSLICE_CONTROL_TX_DIV4_CLK_Q_TBYTE_IN[0])
                                                     -0.158     6.305    u_ddr_memory/u_ddr_bd/design_1_i/ddr4_0/inst/u_ddr4_mem_intfc/u_mig_ddr4_phy/inst/generate_block1.u_ddr_xiphy/byte_num[4].xiphy_byte_wrapper.u_xiphy_byte_wrapper/I_CONTROL[1].GEN_I_CONTROL.u_xiphy_control/xiphy_control
  -------------------------------------------------------------------
                         required time                          6.305    
                         arrival time                          -4.717    
  -------------------------------------------------------------------
                         slack                                  1.588    





---------------------------------------------------------------------------------------------------
From Clock:  mmcm_clkout0
  To Clock:  pll_clk[2]_DIV

Setup :            0  Failing Endpoints,  Worst Slack        1.135ns,  Total Violation        0.000ns
Hold  :           NA  Failing Endpoints,  Worst Slack           NA  ,  Total Violation           NA
---------------------------------------------------------------------------------------------------


Max Delay Paths
--------------------------------------------------------------------------------------
Slack (MET) :             1.135ns  (required time - arrival time)
  Source:                 u_ddr_memory/u_ddr_bd/design_1_i/ddr4_0/inst/u_ddr4_mem_intfc/u_ddr_cal_top/u_ddr_mc_pi/u_ddr_mc_write/oe_upp_reg[2]/C
                            (rising edge-triggered cell FDRE clocked by mmcm_clkout0  {rise@0.000ns fall@1.666ns period=3.332ns})
  Destination:            u_ddr_memory/u_ddr_bd/design_1_i/ddr4_0/inst/u_ddr4_mem_intfc/u_mig_ddr4_phy/inst/generate_block1.u_ddr_xiphy/byte_num[11].xiphy_byte_wrapper.u_xiphy_byte_wrapper/I_CONTROL[1].GEN_I_CONTROL.u_xiphy_control/xiphy_control/TBYTE_IN[2]
                            (rising edge-triggered cell BITSLICE_CONTROL clocked by pll_clk[2]_DIV  {rise@0.000ns fall@1.666ns period=3.332ns})
  Path Group:             pll_clk[2]_DIV
  Path Type:              Setup (Max at Slow Process Corner)
  Requirement:            3.332ns  (pll_clk[2]_DIV rise@3.332ns - mmcm_clkout0 rise@0.000ns)
  Data Path Delay:        1.060ns  (logic 0.079ns (7.453%)  route 0.981ns (92.547%))
  Logic Levels:           0  
  Clock Path Skew:        -0.812ns (DCD - SCD + CPR)
    Destination Clock Delay (DCD):    3.616ns = ( 6.948 - 3.332 ) 
    Source Clock Delay      (SCD):    3.955ns
    Clock Pessimism Removal (CPR):    -0.473ns
  Clock Uncertainty:      0.157ns  ((TSJ^2 + DJ^2)^1/2) / 2 + PE
    Total System Jitter     (TSJ):    0.071ns
    Discrete Jitter          (DJ):    0.064ns
    Phase Error              (PE):    0.109ns
  Clock Net Delay (Source):      2.879ns (routing 0.927ns, distribution 1.952ns)
  Clock Net Delay (Destination): 2.409ns (routing 0.839ns, distribution 1.570ns)

    Location             Delay type                Incr(ns)  Path(ns)    Netlist Resource(s)
  -------------------------------------------------------------------    -------------------
                         (clock mmcm_clkout0 rise edge)
                                                      0.000     0.000 r  
    BA27                                              0.000     0.000 r  c0_sys_clk_p (IN)
                         net (fo=0)                   0.000     0.000    u_ddr_memory/u_ddr_bd/design_1_i/ddr4_0/inst/u_ddr4_mem_intfc/u_mig_ddr4_phy/inst/u_ddr4_phy_pll/diff_input_clk.u_ibufg_sys_clk/I
    HPIOBDIFFINBUF_X0Y35 DIFFINBUF (Prop_DIFFINBUF_HPIOBDIFFINBUF_DIFF_IN_P_O)
                                                      0.484     0.484 r  u_ddr_memory/u_ddr_bd/design_1_i/ddr4_0/inst/u_ddr4_mem_intfc/u_mig_ddr4_phy/inst/u_ddr4_phy_pll/diff_input_clk.u_ibufg_sys_clk/DIFFINBUF_INST/O
                         net (fo=1, estimated)        0.050     0.534    u_ddr_memory/u_ddr_bd/design_1_i/ddr4_0/inst/u_ddr4_mem_intfc/u_mig_ddr4_phy/inst/u_ddr4_phy_pll/diff_input_clk.u_ibufg_sys_clk/OUT
    BA27                 IBUFCTRL (Prop_IBUFCTRL_HPIOB_M_I_O)
                                                      0.000     0.534 r  u_ddr_memory/u_ddr_bd/design_1_i/ddr4_0/inst/u_ddr4_mem_intfc/u_mig_ddr4_phy/inst/u_ddr4_phy_pll/diff_input_clk.u_ibufg_sys_clk/IBUFCTRL_INST/O
                         net (fo=2, estimated)        0.397     0.931    u_ddr_memory/u_ddr_bd/design_1_i/ddr4_0/inst/u_ddr4_infrastructure/mmcm_clk_in
    MMCM_X0Y1            MMCME4_ADV (Prop_MMCM_CLKIN1_CLKOUT0)
                                                     -0.127     0.804 r  u_ddr_memory/u_ddr_bd/design_1_i/ddr4_0/inst/u_ddr4_infrastructure/gen_mmcme4.u_mmcme_adv_inst/CLKOUT0
                         net (fo=1, estimated)        0.244     1.048    u_ddr_memory/u_ddr_bd/design_1_i/ddr4_0/inst/u_ddr4_infrastructure/mmcm_clkout0
    BUFGCE_X0Y38         BUFGCE (Prop_BUFCE_BUFGCE_I_O)
                                                      0.028     1.076 r  u_ddr_memory/u_ddr_bd/design_1_i/ddr4_0/inst/u_ddr4_infrastructure/u_bufg_divClk/O
    X4Y3 (CLOCK_ROOT)    net (fo=112236, estimated)
                                                      2.879     3.955    u_ddr_memory/u_ddr_bd/design_1_i/ddr4_0/inst/u_ddr4_mem_intfc/u_ddr_cal_top/u_ddr_mc_pi/u_ddr_mc_write/dReg_reg[10]
    SLICE_X119Y102       FDRE                                         r  u_ddr_memory/u_ddr_bd/design_1_i/ddr4_0/inst/u_ddr4_mem_intfc/u_ddr_cal_top/u_ddr_mc_pi/u_ddr_mc_write/oe_upp_reg[2]/C
  -------------------------------------------------------------------    -------------------
    SLICE_X119Y102       FDRE (Prop_BFF_SLICEL_C_Q)
                                                      0.079     4.034 r  u_ddr_memory/u_ddr_bd/design_1_i/ddr4_0/inst/u_ddr4_mem_intfc/u_ddr_cal_top/u_ddr_mc_pi/u_ddr_mc_write/oe_upp_reg[2]/Q
                         net (fo=8, estimated)        0.981     5.015    u_ddr_memory/u_ddr_bd/design_1_i/ddr4_0/inst/u_ddr4_mem_intfc/u_mig_ddr4_phy/inst/generate_block1.u_ddr_xiphy/byte_num[11].xiphy_byte_wrapper.u_xiphy_byte_wrapper/I_CONTROL[1].GEN_I_CONTROL.u_xiphy_control/ch0_mcal_clb2phy_t_b_upp[2]
    BITSLICE_CONTROL_X0Y23
                         BITSLICE_CONTROL                             r  u_ddr_memory/u_ddr_bd/design_1_i/ddr4_0/inst/u_ddr4_mem_intfc/u_mig_ddr4_phy/inst/generate_block1.u_ddr_xiphy/byte_num[11].xiphy_byte_wrapper.u_xiphy_byte_wrapper/I_CONTROL[1].GEN_I_CONTROL.u_xiphy_control/xiphy_control/TBYTE_IN[2]
  -------------------------------------------------------------------    -------------------

                         (clock pll_clk[2]_DIV rise edge)
                                                      3.332     3.332 r  
    BA27                                              0.000     3.332 r  c0_sys_clk_p (IN)
                         net (fo=0)                   0.000     3.332    u_ddr_memory/u_ddr_bd/design_1_i/ddr4_0/inst/u_ddr4_mem_intfc/u_mig_ddr4_phy/inst/u_ddr4_phy_pll/diff_input_clk.u_ibufg_sys_clk/I
    HPIOBDIFFINBUF_X0Y35 DIFFINBUF (Prop_DIFFINBUF_HPIOBDIFFINBUF_DIFF_IN_P_O)
                                                      0.388     3.720 r  u_ddr_memory/u_ddr_bd/design_1_i/ddr4_0/inst/u_ddr4_mem_intfc/u_mig_ddr4_phy/inst/u_ddr4_phy_pll/diff_input_clk.u_ibufg_sys_clk/DIFFINBUF_INST/O
                         net (fo=1, estimated)        0.040     3.760    u_ddr_memory/u_ddr_bd/design_1_i/ddr4_0/inst/u_ddr4_mem_intfc/u_mig_ddr4_phy/inst/u_ddr4_phy_pll/diff_input_clk.u_ibufg_sys_clk/OUT
    BA27                 IBUFCTRL (Prop_IBUFCTRL_HPIOB_M_I_O)
                                                      0.000     3.760 r  u_ddr_memory/u_ddr_bd/design_1_i/ddr4_0/inst/u_ddr4_mem_intfc/u_mig_ddr4_phy/inst/u_ddr4_phy_pll/diff_input_clk.u_ibufg_sys_clk/IBUFCTRL_INST/O
                         net (fo=2, estimated)        0.344     4.104    u_ddr_memory/u_ddr_bd/design_1_i/ddr4_0/inst/u_ddr4_infrastructure/mmcm_clk_in
    MMCM_X0Y1            MMCME4_ADV (Prop_MMCM_CLKIN1_CLKOUT0)
                                                      0.630     4.734 r  u_ddr_memory/u_ddr_bd/design_1_i/ddr4_0/inst/u_ddr4_infrastructure/gen_mmcme4.u_mmcme_adv_inst/CLKOUT0
                         net (fo=1, estimated)        0.214     4.948    u_ddr_memory/u_ddr_bd/design_1_i/ddr4_0/inst/u_ddr4_infrastructure/mmcm_clkout0
    BUFGCE_X0Y38         BUFGCE (Prop_BUFCE_BUFGCE_I_O)
                                                      0.024     4.972 r  u_ddr_memory/u_ddr_bd/design_1_i/ddr4_0/inst/u_ddr4_infrastructure/u_bufg_divClk/O
    X4Y3 (CLOCK_ROOT)    net (fo=112236, estimated)
                                                      2.409     7.381    u_ddr_memory/u_ddr_bd/design_1_i/ddr4_0/inst/u_ddr4_mem_intfc/u_mig_ddr4_phy/inst/u_ddr4_phy_pll/div_clk
    PLL_X0Y5             PLLE4_ADV (Prop_PLL_CLKIN_CLKOUTPHY)
                                                     -0.713     6.668 r  u_ddr_memory/u_ddr_bd/design_1_i/ddr4_0/inst/u_ddr4_mem_intfc/u_mig_ddr4_phy/inst/u_ddr4_phy_pll/plle_loop[2].gen_plle4.PLLE4_BASE_INST_OTHER/CLKOUTPHY
                         net (fo=8, estimated)        0.099     6.767    u_ddr_memory/u_ddr_bd/design_1_i/ddr4_0/inst/u_ddr4_mem_intfc/u_mig_ddr4_phy/inst/generate_block1.u_ddr_xiphy/byte_num[11].xiphy_byte_wrapper.u_xiphy_byte_wrapper/I_CONTROL[1].GEN_I_CONTROL.u_xiphy_control/pll_clk[0]
    BITSLICE_CONTROL_X0Y23
                         BITSLICE_CONTROL (Prop_CONTROL_BITSLICE_CONTROL_PLL_CLK_TX_DIV2_CLK_Q)
                                                      0.106     6.873 r  u_ddr_memory/u_ddr_bd/design_1_i/ddr4_0/inst/u_ddr4_mem_intfc/u_mig_ddr4_phy/inst/generate_block1.u_ddr_xiphy/byte_num[11].xiphy_byte_wrapper.u_xiphy_byte_wrapper/I_CONTROL[1].GEN_I_CONTROL.u_xiphy_control/xiphy_control/TX_DIV2_CLK_Q
    BITSLICE_CONTROL_X0Y23
                         BITSLICE_CONTROL (Prop_CONTROL_BITSLICE_CONTROL_TX_DIV2_CLK_Q_TX_DIV4_CLK_Q)
                                                      0.075     6.948 r  u_ddr_memory/u_ddr_bd/design_1_i/ddr4_0/inst/u_ddr4_mem_intfc/u_mig_ddr4_phy/inst/generate_block1.u_ddr_xiphy/byte_num[11].xiphy_byte_wrapper.u_xiphy_byte_wrapper/I_CONTROL[1].GEN_I_CONTROL.u_xiphy_control/xiphy_control/TX_DIV4_CLK_Q
                         clock pessimism             -0.473     6.475    
                         clock uncertainty           -0.157     6.318    
    BITSLICE_CONTROL_X0Y23
                         BITSLICE_CONTROL (Setup_CONTROL_BITSLICE_CONTROL_TX_DIV4_CLK_Q_TBYTE_IN[2])
                                                     -0.168     6.150    u_ddr_memory/u_ddr_bd/design_1_i/ddr4_0/inst/u_ddr4_mem_intfc/u_mig_ddr4_phy/inst/generate_block1.u_ddr_xiphy/byte_num[11].xiphy_byte_wrapper.u_xiphy_byte_wrapper/I_CONTROL[1].GEN_I_CONTROL.u_xiphy_control/xiphy_control
  -------------------------------------------------------------------
                         required time                          6.150    
                         arrival time                          -5.015    
  -------------------------------------------------------------------
                         slack                                  1.135    





---------------------------------------------------------------------------------------------------
From Clock:  mmcm_clkout0
  To Clock:  mmcm_clkout5

Setup :            0  Failing Endpoints,  Worst Slack       11.710ns,  Total Violation        0.000ns
Hold  :           NA  Failing Endpoints,  Worst Slack           NA  ,  Total Violation           NA
---------------------------------------------------------------------------------------------------


Max Delay Paths
--------------------------------------------------------------------------------------
Slack (MET) :             11.710ns  (required time - arrival time)
  Source:                 u_ddr_memory/u_ddr_bd/design_1_i/ddr4_0/inst/u_ddr4_mem_intfc/u_ddr_cal_top/u_ddr_cal/u_xsdb_arbiter/slave_do_fclk_reg[0]/C
                            (rising edge-triggered cell FDRE clocked by mmcm_clkout0  {rise@0.000ns fall@1.666ns period=3.332ns})
  Destination:            u_ddr_memory/u_ddr_bd/design_1_i/ddr4_0/inst/u_ddr4_mem_intfc/u_ddr_cal_top/u_ddr_cal/u_xsdb_arbiter/u_slave_do_sync/SYNC[0].sync_reg_reg[0]/D
                            (rising edge-triggered cell FDRE clocked by mmcm_clkout5  {rise@0.000ns fall@6.664ns period=13.328ns})
  Path Group:             mmcm_clkout5
  Path Type:              Setup (Max at Slow Process Corner)
  Requirement:            12.000ns  (MaxDelay Path 12.000ns)
  Data Path Delay:        0.315ns  (logic 0.076ns (24.127%)  route 0.239ns (75.873%))
  Logic Levels:           0  
  Timing Exception:       MaxDelay Path 12.000ns -datapath_only

    Location             Delay type                Incr(ns)  Path(ns)    Netlist Resource(s)
  -------------------------------------------------------------------    -------------------
    SLICE_X145Y127                                    0.000     0.000 r  u_ddr_memory/u_ddr_bd/design_1_i/ddr4_0/inst/u_ddr4_mem_intfc/u_ddr_cal_top/u_ddr_cal/u_xsdb_arbiter/slave_do_fclk_reg[0]/C
    SLICE_X145Y127       FDRE (Prop_EFF_SLICEM_C_Q)
                                                      0.076     0.076 r  u_ddr_memory/u_ddr_bd/design_1_i/ddr4_0/inst/u_ddr4_mem_intfc/u_ddr_cal_top/u_ddr_cal/u_xsdb_arbiter/slave_do_fclk_reg[0]/Q
                         net (fo=1, estimated)        0.239     0.315    u_ddr_memory/u_ddr_bd/design_1_i/ddr4_0/inst/u_ddr4_mem_intfc/u_ddr_cal_top/u_ddr_cal/u_xsdb_arbiter/u_slave_do_sync/out[0]
    SLICE_X145Y127       FDRE                                         r  u_ddr_memory/u_ddr_bd/design_1_i/ddr4_0/inst/u_ddr4_mem_intfc/u_ddr_cal_top/u_ddr_cal/u_xsdb_arbiter/u_slave_do_sync/SYNC[0].sync_reg_reg[0]/D
  -------------------------------------------------------------------    -------------------

                         max delay                   12.000    12.000    
    SLICE_X145Y127       FDRE (Setup_DFF2_SLICEM_C_D)
                                                      0.025    12.025    u_ddr_memory/u_ddr_bd/design_1_i/ddr4_0/inst/u_ddr4_mem_intfc/u_ddr_cal_top/u_ddr_cal/u_xsdb_arbiter/u_slave_do_sync/SYNC[0].sync_reg_reg[0]
  -------------------------------------------------------------------
                         required time                         12.025    
                         arrival time                          -0.315    
  -------------------------------------------------------------------
                         slack                                 11.710    





---------------------------------------------------------------------------------------------------
From Clock:  dbg_hub/inst/BSCANID.u_xsdbm_id/SWITCH_N_EXT_BSCAN.bscan_inst/SERIES7_BSCAN.bscan_inst/INTERNAL_TCK
  To Clock:  mmcm_clkout5

Setup :            0  Failing Endpoints,  Worst Slack       49.635ns,  Total Violation        0.000ns
Hold  :           NA  Failing Endpoints,  Worst Slack           NA  ,  Total Violation           NA
---------------------------------------------------------------------------------------------------


Max Delay Paths
--------------------------------------------------------------------------------------
Slack (MET) :             49.635ns  (required time - arrival time)
  Source:                 dbg_hub/inst/BSCANID.u_xsdbm_id/CORE_XSDB.UUT_MASTER/U_ICON_INTERFACE/U_CMD6_WR/U_WR_FIFO/SUBCORE_FIFO.xsdbm_v3_0_0_wrfifo_inst/inst_fifo_gen/gconvfifo.rf/grf.rf/gntv_or_sync_fifo.gcx.clkx/gnxpm_cdc.wr_pntr_gc_reg[0]/C
                            (rising edge-triggered cell FDCE clocked by dbg_hub/inst/BSCANID.u_xsdbm_id/SWITCH_N_EXT_BSCAN.bscan_inst/SERIES7_BSCAN.bscan_inst/INTERNAL_TCK  {rise@0.000ns fall@25.000ns period=50.000ns})
  Destination:            dbg_hub/inst/BSCANID.u_xsdbm_id/CORE_XSDB.UUT_MASTER/U_ICON_INTERFACE/U_CMD6_WR/U_WR_FIFO/SUBCORE_FIFO.xsdbm_v3_0_0_wrfifo_inst/inst_fifo_gen/gconvfifo.rf/grf.rf/gntv_or_sync_fifo.gcx.clkx/gnxpm_cdc.gsync_stage[1].rd_stg_inst/Q_reg_reg[0]/D
                            (rising edge-triggered cell FDCE clocked by mmcm_clkout5  {rise@0.000ns fall@6.664ns period=13.328ns})
  Path Group:             mmcm_clkout5
  Path Type:              Setup (Max at Slow Process Corner)
  Requirement:            50.000ns  (MaxDelay Path 50.000ns)
  Data Path Delay:        0.390ns  (logic 0.079ns (20.256%)  route 0.311ns (79.744%))
  Logic Levels:           0  
  Timing Exception:       MaxDelay Path 50.000ns -datapath_only

    Location             Delay type                Incr(ns)  Path(ns)    Netlist Resource(s)
  -------------------------------------------------------------------    -------------------
    SLICE_X147Y139                                    0.000     0.000 r  dbg_hub/inst/BSCANID.u_xsdbm_id/CORE_XSDB.UUT_MASTER/U_ICON_INTERFACE/U_CMD6_WR/U_WR_FIFO/SUBCORE_FIFO.xsdbm_v3_0_0_wrfifo_inst/inst_fifo_gen/gconvfifo.rf/grf.rf/gntv_or_sync_fifo.gcx.clkx/gnxpm_cdc.wr_pntr_gc_reg[0]/C
    SLICE_X147Y139       FDCE (Prop_DFF_SLICEL_C_Q)
                                                      0.079     0.079 r  dbg_hub/inst/BSCANID.u_xsdbm_id/CORE_XSDB.UUT_MASTER/U_ICON_INTERFACE/U_CMD6_WR/U_WR_FIFO/SUBCORE_FIFO.xsdbm_v3_0_0_wrfifo_inst/inst_fifo_gen/gconvfifo.rf/grf.rf/gntv_or_sync_fifo.gcx.clkx/gnxpm_cdc.wr_pntr_gc_reg[0]/Q
                         net (fo=1, estimated)        0.311     0.390    dbg_hub/inst/BSCANID.u_xsdbm_id/CORE_XSDB.UUT_MASTER/U_ICON_INTERFACE/U_CMD6_WR/U_WR_FIFO/SUBCORE_FIFO.xsdbm_v3_0_0_wrfifo_inst/inst_fifo_gen/gconvfifo.rf/grf.rf/gntv_or_sync_fifo.gcx.clkx/gnxpm_cdc.gsync_stage[1].rd_stg_inst/Q[0]
    SLICE_X146Y143       FDCE                                         r  dbg_hub/inst/BSCANID.u_xsdbm_id/CORE_XSDB.UUT_MASTER/U_ICON_INTERFACE/U_CMD6_WR/U_WR_FIFO/SUBCORE_FIFO.xsdbm_v3_0_0_wrfifo_inst/inst_fifo_gen/gconvfifo.rf/grf.rf/gntv_or_sync_fifo.gcx.clkx/gnxpm_cdc.gsync_stage[1].rd_stg_inst/Q_reg_reg[0]/D
  -------------------------------------------------------------------    -------------------

                         max delay                   50.000    50.000    
    SLICE_X146Y143       FDCE (Setup_CFF2_SLICEM_C_D)
                                                      0.025    50.025    dbg_hub/inst/BSCANID.u_xsdbm_id/CORE_XSDB.UUT_MASTER/U_ICON_INTERFACE/U_CMD6_WR/U_WR_FIFO/SUBCORE_FIFO.xsdbm_v3_0_0_wrfifo_inst/inst_fifo_gen/gconvfifo.rf/grf.rf/gntv_or_sync_fifo.gcx.clkx/gnxpm_cdc.gsync_stage[1].rd_stg_inst/Q_reg_reg[0]
  -------------------------------------------------------------------
                         required time                         50.025    
                         arrival time                          -0.390    
  -------------------------------------------------------------------
                         slack                                 49.635    





---------------------------------------------------------------------------------------------------
From Clock:  mmcm_clkout0
  To Clock:  mmcm_clkout6

Setup :            0  Failing Endpoints,  Worst Slack        2.561ns,  Total Violation        0.000ns
Hold  :           NA  Failing Endpoints,  Worst Slack           NA  ,  Total Violation           NA
---------------------------------------------------------------------------------------------------


Max Delay Paths
--------------------------------------------------------------------------------------
Slack (MET) :             2.561ns  (required time - arrival time)
  Source:                 u_ddr_memory/u_ddr_bd/design_1_i/ddr4_0/inst/u_ddr4_mem_intfc/u_ddr_cal_top/sample_gts_reg/C
                            (rising edge-triggered cell FDRE clocked by mmcm_clkout0  {rise@0.000ns fall@1.666ns period=3.332ns})
  Destination:            u_ddr_memory/u_ddr_bd/design_1_i/ddr4_0/inst/u_ddr4_mem_intfc/u_ddr_cal_riu/sample_gts_riu_reg/D
                            (rising edge-triggered cell FDRE clocked by mmcm_clkout6  {rise@0.000ns fall@3.332ns period=6.664ns})
  Path Group:             mmcm_clkout6
  Path Type:              Setup (Max at Slow Process Corner)
  Requirement:            3.332ns  (mmcm_clkout6 rise@6.664ns - mmcm_clkout0 rise@3.332ns)
  Data Path Delay:        0.335ns  (logic 0.079ns (23.582%)  route 0.256ns (76.418%))
  Logic Levels:           0  
  Clock Path Skew:        -0.285ns (DCD - SCD + CPR)
    Destination Clock Delay (DCD):    4.268ns = ( 10.932 - 6.664 ) 
    Source Clock Delay      (SCD):    3.955ns = ( 7.287 - 3.332 ) 
    Clock Pessimism Removal (CPR):    -0.598ns
  Clock Uncertainty:      0.176ns  ((TSJ^2 + DJ^2)^1/2) / 2 + PE
    Total System Jitter     (TSJ):    0.071ns
    Discrete Jitter          (DJ):    0.088ns
    Phase Error              (PE):    0.120ns
  Clock Net Delay (Source):      2.879ns (routing 0.927ns, distribution 1.952ns)
  Clock Net Delay (Destination): 2.614ns (routing 0.888ns, distribution 1.726ns)

    Location             Delay type                Incr(ns)  Path(ns)    Netlist Resource(s)
  -------------------------------------------------------------------    -------------------
                         (clock mmcm_clkout0 rise edge)
                                                      3.332     3.332 r  
    BA27                                              0.000     3.332 r  c0_sys_clk_p (IN)
                         net (fo=0)                   0.000     3.332    u_ddr_memory/u_ddr_bd/design_1_i/ddr4_0/inst/u_ddr4_mem_intfc/u_mig_ddr4_phy/inst/u_ddr4_phy_pll/diff_input_clk.u_ibufg_sys_clk/I
    HPIOBDIFFINBUF_X0Y35 DIFFINBUF (Prop_DIFFINBUF_HPIOBDIFFINBUF_DIFF_IN_P_O)
                                                      0.484     3.816 r  u_ddr_memory/u_ddr_bd/design_1_i/ddr4_0/inst/u_ddr4_mem_intfc/u_mig_ddr4_phy/inst/u_ddr4_phy_pll/diff_input_clk.u_ibufg_sys_clk/DIFFINBUF_INST/O
                         net (fo=1, estimated)        0.050     3.866    u_ddr_memory/u_ddr_bd/design_1_i/ddr4_0/inst/u_ddr4_mem_intfc/u_mig_ddr4_phy/inst/u_ddr4_phy_pll/diff_input_clk.u_ibufg_sys_clk/OUT
    BA27                 IBUFCTRL (Prop_IBUFCTRL_HPIOB_M_I_O)
                                                      0.000     3.866 r  u_ddr_memory/u_ddr_bd/design_1_i/ddr4_0/inst/u_ddr4_mem_intfc/u_mig_ddr4_phy/inst/u_ddr4_phy_pll/diff_input_clk.u_ibufg_sys_clk/IBUFCTRL_INST/O
                         net (fo=2, estimated)        0.397     4.263    u_ddr_memory/u_ddr_bd/design_1_i/ddr4_0/inst/u_ddr4_infrastructure/mmcm_clk_in
    MMCM_X0Y1            MMCME4_ADV (Prop_MMCM_CLKIN1_CLKOUT0)
                                                     -0.127     4.136 r  u_ddr_memory/u_ddr_bd/design_1_i/ddr4_0/inst/u_ddr4_infrastructure/gen_mmcme4.u_mmcme_adv_inst/CLKOUT0
                         net (fo=1, estimated)        0.244     4.380    u_ddr_memory/u_ddr_bd/design_1_i/ddr4_0/inst/u_ddr4_infrastructure/mmcm_clkout0
    BUFGCE_X0Y38         BUFGCE (Prop_BUFCE_BUFGCE_I_O)
                                                      0.028     4.408 r  u_ddr_memory/u_ddr_bd/design_1_i/ddr4_0/inst/u_ddr4_infrastructure/u_bufg_divClk/O
    X4Y3 (CLOCK_ROOT)    net (fo=112236, estimated)
                                                      2.879     7.287    u_ddr_memory/u_ddr_bd/design_1_i/ddr4_0/inst/u_ddr4_mem_intfc/u_ddr_cal_top/dReg_reg[10]
    SLICE_X122Y106       FDRE                                         r  u_ddr_memory/u_ddr_bd/design_1_i/ddr4_0/inst/u_ddr4_mem_intfc/u_ddr_cal_top/sample_gts_reg/C
  -------------------------------------------------------------------    -------------------
    SLICE_X122Y106       FDRE (Prop_HFF_SLICEM_C_Q)
                                                      0.079     7.366 r  u_ddr_memory/u_ddr_bd/design_1_i/ddr4_0/inst/u_ddr4_mem_intfc/u_ddr_cal_top/sample_gts_reg/Q
                         net (fo=1, estimated)        0.256     7.622    u_ddr_memory/u_ddr_bd/design_1_i/ddr4_0/inst/u_ddr4_mem_intfc/u_ddr_cal_riu/sample_gts
    SLICE_X122Y106       FDRE                                         r  u_ddr_memory/u_ddr_bd/design_1_i/ddr4_0/inst/u_ddr4_mem_intfc/u_ddr_cal_riu/sample_gts_riu_reg/D
  -------------------------------------------------------------------    -------------------

                         (clock mmcm_clkout6 rise edge)
                                                      6.664     6.664 r  
    BA27                                              0.000     6.664 r  c0_sys_clk_p (IN)
                         net (fo=0)                   0.000     6.664    u_ddr_memory/u_ddr_bd/design_1_i/ddr4_0/inst/u_ddr4_mem_intfc/u_mig_ddr4_phy/inst/u_ddr4_phy_pll/diff_input_clk.u_ibufg_sys_clk/I
    HPIOBDIFFINBUF_X0Y35 DIFFINBUF (Prop_DIFFINBUF_HPIOBDIFFINBUF_DIFF_IN_P_O)
                                                      0.388     7.052 r  u_ddr_memory/u_ddr_bd/design_1_i/ddr4_0/inst/u_ddr4_mem_intfc/u_mig_ddr4_phy/inst/u_ddr4_phy_pll/diff_input_clk.u_ibufg_sys_clk/DIFFINBUF_INST/O
                         net (fo=1, estimated)        0.040     7.092    u_ddr_memory/u_ddr_bd/design_1_i/ddr4_0/inst/u_ddr4_mem_intfc/u_mig_ddr4_phy/inst/u_ddr4_phy_pll/diff_input_clk.u_ibufg_sys_clk/OUT
    BA27                 IBUFCTRL (Prop_IBUFCTRL_HPIOB_M_I_O)
                                                      0.000     7.092 r  u_ddr_memory/u_ddr_bd/design_1_i/ddr4_0/inst/u_ddr4_mem_intfc/u_mig_ddr4_phy/inst/u_ddr4_phy_pll/diff_input_clk.u_ibufg_sys_clk/IBUFCTRL_INST/O
                         net (fo=2, estimated)        0.344     7.436    u_ddr_memory/u_ddr_bd/design_1_i/ddr4_0/inst/u_ddr4_infrastructure/mmcm_clk_in
    MMCM_X0Y1            MMCME4_ADV (Prop_MMCM_CLKIN1_CLKOUT6)
                                                      0.630     8.066 r  u_ddr_memory/u_ddr_bd/design_1_i/ddr4_0/inst/u_ddr4_infrastructure/gen_mmcme4.u_mmcme_adv_inst/CLKOUT6
                         net (fo=1, estimated)        0.228     8.294    u_ddr_memory/u_ddr_bd/design_1_i/ddr4_0/inst/u_ddr4_infrastructure/mmcm_clkout6
    BUFGCE_X0Y47         BUFGCE (Prop_BUFCE_BUFGCE_I_O)
                                                      0.024     8.318 r  u_ddr_memory/u_ddr_bd/design_1_i/ddr4_0/inst/u_ddr4_infrastructure/u_bufg_riuClk/O
    X4Y3 (CLOCK_ROOT)    net (fo=1757, estimated)     2.614    10.932    u_ddr_memory/u_ddr_bd/design_1_i/ddr4_0/inst/u_ddr4_mem_intfc/u_ddr_cal_riu/CLK
    SLICE_X122Y106       FDRE                                         r  u_ddr_memory/u_ddr_bd/design_1_i/ddr4_0/inst/u_ddr4_mem_intfc/u_ddr_cal_riu/sample_gts_riu_reg/C
                         clock pessimism             -0.598    10.334    
                         clock uncertainty           -0.176    10.157    
    SLICE_X122Y106       FDRE (Setup_BFF_SLICEM_C_D)
                                                      0.025    10.182    u_ddr_memory/u_ddr_bd/design_1_i/ddr4_0/inst/u_ddr4_mem_intfc/u_ddr_cal_riu/sample_gts_riu_reg
  -------------------------------------------------------------------
                         required time                         10.182    
                         arrival time                          -7.622    
  -------------------------------------------------------------------
                         slack                                  2.561    





---------------------------------------------------------------------------------------------------
From Clock:  mmcm_clkout0
  To Clock:  clk_100m_p

Setup :            0  Failing Endpoints,  Worst Slack        2.886ns,  Total Violation        0.000ns
Hold  :           NA  Failing Endpoints,  Worst Slack           NA  ,  Total Violation           NA
---------------------------------------------------------------------------------------------------


Max Delay Paths
--------------------------------------------------------------------------------------
Slack (MET) :             2.886ns  (required time - arrival time)
  Source:                 u_ddr_memory/u_ddr_bd/design_1_i/axi_interconnect_0/s00_couplers/auto_cc/inst/gen_clock_conv.gen_async_conv.asyncfifo_axi/inst_fifo_gen/gaxi_full_lite.gwrite_ch.gwdch2.axi_wdch/grf.rf/gntv_or_sync_fifo.gcx.clkx/rd_pntr_cdc_inst/src_gray_ff_reg[0]/C
                            (rising edge-triggered cell FDRE clocked by mmcm_clkout0  {rise@0.000ns fall@1.666ns period=3.332ns})
  Destination:            u_ddr_memory/u_ddr_bd/design_1_i/axi_interconnect_0/s00_couplers/auto_cc/inst/gen_clock_conv.gen_async_conv.asyncfifo_axi/inst_fifo_gen/gaxi_full_lite.gwrite_ch.gwdch2.axi_wdch/grf.rf/gntv_or_sync_fifo.gcx.clkx/rd_pntr_cdc_inst/dest_graysync_ff_reg[0][0]/D
                            (rising edge-triggered cell FDRE clocked by clk_100m_p  {rise@0.000ns fall@5.000ns period=10.000ns})
  Path Group:             clk_100m_p
  Path Type:              Setup (Max at Slow Process Corner)
  Requirement:            3.332ns  (MaxDelay Path 3.332ns)
  Data Path Delay:        0.471ns  (logic 0.079ns (16.773%)  route 0.392ns (83.227%))
  Logic Levels:           0  
  Timing Exception:       MaxDelay Path 3.332ns -datapath_only

    Location             Delay type                Incr(ns)  Path(ns)    Netlist Resource(s)
  -------------------------------------------------------------------    -------------------
    SLICE_X119Y281                                    0.000     0.000 r  u_ddr_memory/u_ddr_bd/design_1_i/axi_interconnect_0/s00_couplers/auto_cc/inst/gen_clock_conv.gen_async_conv.asyncfifo_axi/inst_fifo_gen/gaxi_full_lite.gwrite_ch.gwdch2.axi_wdch/grf.rf/gntv_or_sync_fifo.gcx.clkx/rd_pntr_cdc_inst/src_gray_ff_reg[0]/C
    SLICE_X119Y281       FDRE (Prop_DFF_SLICEL_C_Q)
                                                      0.079     0.079 r  u_ddr_memory/u_ddr_bd/design_1_i/axi_interconnect_0/s00_couplers/auto_cc/inst/gen_clock_conv.gen_async_conv.asyncfifo_axi/inst_fifo_gen/gaxi_full_lite.gwrite_ch.gwdch2.axi_wdch/grf.rf/gntv_or_sync_fifo.gcx.clkx/rd_pntr_cdc_inst/src_gray_ff_reg[0]/Q
                         net (fo=1, estimated)        0.392     0.471    u_ddr_memory/u_ddr_bd/design_1_i/axi_interconnect_0/s00_couplers/auto_cc/inst/gen_clock_conv.gen_async_conv.asyncfifo_axi/inst_fifo_gen/gaxi_full_lite.gwrite_ch.gwdch2.axi_wdch/grf.rf/gntv_or_sync_fifo.gcx.clkx/rd_pntr_cdc_inst/async_path[0]
    SLICE_X126Y281       FDRE                                         r  u_ddr_memory/u_ddr_bd/design_1_i/axi_interconnect_0/s00_couplers/auto_cc/inst/gen_clock_conv.gen_async_conv.asyncfifo_axi/inst_fifo_gen/gaxi_full_lite.gwrite_ch.gwdch2.axi_wdch/grf.rf/gntv_or_sync_fifo.gcx.clkx/rd_pntr_cdc_inst/dest_graysync_ff_reg[0][0]/D
  -------------------------------------------------------------------    -------------------

                         max delay                    3.332     3.332    
    SLICE_X126Y281       FDRE (Setup_DFF2_SLICEM_C_D)
                                                      0.025     3.357    u_ddr_memory/u_ddr_bd/design_1_i/axi_interconnect_0/s00_couplers/auto_cc/inst/gen_clock_conv.gen_async_conv.asyncfifo_axi/inst_fifo_gen/gaxi_full_lite.gwrite_ch.gwdch2.axi_wdch/grf.rf/gntv_or_sync_fifo.gcx.clkx/rd_pntr_cdc_inst/dest_graysync_ff_reg[0][0]
  -------------------------------------------------------------------
                         required time                          3.357    
                         arrival time                          -0.471    
  -------------------------------------------------------------------
                         slack                                  2.886    





---------------------------------------------------------------------------------------------------
From Clock:  rxoutclk
  To Clock:  clk_100m_p

Setup :            0  Failing Endpoints,  Worst Slack        2.975ns,  Total Violation        0.000ns
Hold  :           NA  Failing Endpoints,  Worst Slack           NA  ,  Total Violation           NA
---------------------------------------------------------------------------------------------------


Max Delay Paths
--------------------------------------------------------------------------------------
Slack (MET) :             2.975ns  (required time - arrival time)
  Source:                 u_camera_hdmi/u_hdmi/u_rx/u_hdmi_rx/inst/v_hdmi_rx/inst/SYS_INST/AUX_INST/PKT_FIFO_INST/WP_CDA_INST/XPM_GRAY_INST/src_gray_ff_reg[1]/C
                            (rising edge-triggered cell FDRE clocked by rxoutclk  {rise@0.000ns fall@1.684ns period=3.367ns})
  Destination:            u_camera_hdmi/u_hdmi/u_rx/u_hdmi_rx/inst/v_hdmi_rx/inst/SYS_INST/AUX_INST/PKT_FIFO_INST/WP_CDA_INST/XPM_GRAY_INST/dest_graysync_ff_reg[0][1]/D
                            (rising edge-triggered cell FDRE clocked by clk_100m_p  {rise@0.000ns fall@5.000ns period=10.000ns})
  Path Group:             clk_100m_p
  Path Type:              Setup (Max at Slow Process Corner)
  Requirement:            3.367ns  (MaxDelay Path 3.367ns)
  Data Path Delay:        0.417ns  (logic 0.081ns (19.424%)  route 0.336ns (80.576%))
  Logic Levels:           0  
  Timing Exception:       MaxDelay Path 3.367ns -datapath_only

    Location             Delay type                Incr(ns)  Path(ns)    Netlist Resource(s)
  -------------------------------------------------------------------    -------------------
    SLICE_X93Y404                                     0.000     0.000 r  u_camera_hdmi/u_hdmi/u_rx/u_hdmi_rx/inst/v_hdmi_rx/inst/SYS_INST/AUX_INST/PKT_FIFO_INST/WP_CDA_INST/XPM_GRAY_INST/src_gray_ff_reg[1]/C
    SLICE_X93Y404        FDRE (Prop_DFF2_SLICEL_C_Q)
                                                      0.081     0.081 r  u_camera_hdmi/u_hdmi/u_rx/u_hdmi_rx/inst/v_hdmi_rx/inst/SYS_INST/AUX_INST/PKT_FIFO_INST/WP_CDA_INST/XPM_GRAY_INST/src_gray_ff_reg[1]/Q
                         net (fo=1, estimated)        0.336     0.417    u_camera_hdmi/u_hdmi/u_rx/u_hdmi_rx/inst/v_hdmi_rx/inst/SYS_INST/AUX_INST/PKT_FIFO_INST/WP_CDA_INST/XPM_GRAY_INST/async_path[1]
    SLICE_X92Y407        FDRE                                         r  u_camera_hdmi/u_hdmi/u_rx/u_hdmi_rx/inst/v_hdmi_rx/inst/SYS_INST/AUX_INST/PKT_FIFO_INST/WP_CDA_INST/XPM_GRAY_INST/dest_graysync_ff_reg[0][1]/D
  -------------------------------------------------------------------    -------------------

                         max delay                    3.367     3.367    
    SLICE_X92Y407        FDRE (Setup_HFF2_SLICEL_C_D)
                                                      0.025     3.392    u_camera_hdmi/u_hdmi/u_rx/u_hdmi_rx/inst/v_hdmi_rx/inst/SYS_INST/AUX_INST/PKT_FIFO_INST/WP_CDA_INST/XPM_GRAY_INST/dest_graysync_ff_reg[0][1]
  -------------------------------------------------------------------
                         required time                          3.392    
                         arrival time                          -0.417    
  -------------------------------------------------------------------
                         slack                                  2.975    





---------------------------------------------------------------------------------------------------
From Clock:  clkout2
  To Clock:  clk_100m_p

Setup :            0  Failing Endpoints,  Worst Slack        2.892ns,  Total Violation        0.000ns
Hold  :           NA  Failing Endpoints,  Worst Slack           NA  ,  Total Violation           NA
---------------------------------------------------------------------------------------------------


Max Delay Paths
--------------------------------------------------------------------------------------
Slack (MET) :             2.892ns  (required time - arrival time)
  Source:                 u_camera_hdmi/u_hdmi/u_rx/u_hdmi_rx/inst/v_hdmi_rx/inst/SYS_INST/VTD_INST/P_FIFO_INST/WP_CDA_INST/XPM_GRAY_INST/src_gray_ff_reg[3]/C
                            (rising edge-triggered cell FDRE clocked by clkout2  {rise@0.000ns fall@1.684ns period=3.367ns})
  Destination:            u_camera_hdmi/u_hdmi/u_rx/u_hdmi_rx/inst/v_hdmi_rx/inst/SYS_INST/VTD_INST/P_FIFO_INST/WP_CDA_INST/XPM_GRAY_INST/dest_graysync_ff_reg[0][3]/D
                            (rising edge-triggered cell FDRE clocked by clk_100m_p  {rise@0.000ns fall@5.000ns period=10.000ns})
  Path Group:             clk_100m_p
  Path Type:              Setup (Max at Slow Process Corner)
  Requirement:            3.367ns  (MaxDelay Path 3.367ns)
  Data Path Delay:        0.500ns  (logic 0.080ns (16.000%)  route 0.420ns (84.000%))
  Logic Levels:           0  
  Timing Exception:       MaxDelay Path 3.367ns -datapath_only

    Location             Delay type                Incr(ns)  Path(ns)    Netlist Resource(s)
  -------------------------------------------------------------------    -------------------
    SLICE_X101Y387                                    0.000     0.000 r  u_camera_hdmi/u_hdmi/u_rx/u_hdmi_rx/inst/v_hdmi_rx/inst/SYS_INST/VTD_INST/P_FIFO_INST/WP_CDA_INST/XPM_GRAY_INST/src_gray_ff_reg[3]/C
    SLICE_X101Y387       FDRE (Prop_CFF2_SLICEL_C_Q)
                                                      0.080     0.080 r  u_camera_hdmi/u_hdmi/u_rx/u_hdmi_rx/inst/v_hdmi_rx/inst/SYS_INST/VTD_INST/P_FIFO_INST/WP_CDA_INST/XPM_GRAY_INST/src_gray_ff_reg[3]/Q
                         net (fo=1, estimated)        0.420     0.500    u_camera_hdmi/u_hdmi/u_rx/u_hdmi_rx/inst/v_hdmi_rx/inst/SYS_INST/VTD_INST/P_FIFO_INST/WP_CDA_INST/XPM_GRAY_INST/async_path[3]
    SLICE_X102Y378       FDRE                                         r  u_camera_hdmi/u_hdmi/u_rx/u_hdmi_rx/inst/v_hdmi_rx/inst/SYS_INST/VTD_INST/P_FIFO_INST/WP_CDA_INST/XPM_GRAY_INST/dest_graysync_ff_reg[0][3]/D
  -------------------------------------------------------------------    -------------------

                         max delay                    3.367     3.367    
    SLICE_X102Y378       FDRE (Setup_DFF2_SLICEM_C_D)
                                                      0.025     3.392    u_camera_hdmi/u_hdmi/u_rx/u_hdmi_rx/inst/v_hdmi_rx/inst/SYS_INST/VTD_INST/P_FIFO_INST/WP_CDA_INST/XPM_GRAY_INST/dest_graysync_ff_reg[0][3]
  -------------------------------------------------------------------
                         required time                          3.392    
                         arrival time                          -0.500    
  -------------------------------------------------------------------
                         slack                                  2.892    





---------------------------------------------------------------------------------------------------
From Clock:  txoutclk
  To Clock:  clk_100m_p

Setup :            0  Failing Endpoints,  Worst Slack        3.033ns,  Total Violation        0.000ns
Hold  :           NA  Failing Endpoints,  Worst Slack           NA  ,  Total Violation           NA
---------------------------------------------------------------------------------------------------


Max Delay Paths
--------------------------------------------------------------------------------------
Slack (MET) :             3.033ns  (required time - arrival time)
  Source:                 u_camera_hdmi/u_hdmi/u_tx/u_hdmi_tx/inst/v_hdmi_tx/inst/SYS_INST/AUX_INST/HDR_FIFO_INST/RP_CDA_INST/XPM_GRAY_INST/src_gray_ff_reg[0]/C
                            (rising edge-triggered cell FDRE clocked by txoutclk  {rise@0.000ns fall@1.684ns period=3.367ns})
  Destination:            u_camera_hdmi/u_hdmi/u_tx/u_hdmi_tx/inst/v_hdmi_tx/inst/SYS_INST/AUX_INST/HDR_FIFO_INST/RP_CDA_INST/XPM_GRAY_INST/dest_graysync_ff_reg[0][0]/D
                            (rising edge-triggered cell FDRE clocked by clk_100m_p  {rise@0.000ns fall@5.000ns period=10.000ns})
  Path Group:             clk_100m_p
  Path Type:              Setup (Max at Slow Process Corner)
  Requirement:            3.367ns  (MaxDelay Path 3.367ns)
  Data Path Delay:        0.359ns  (logic 0.079ns (22.006%)  route 0.280ns (77.994%))
  Logic Levels:           0  
  Timing Exception:       MaxDelay Path 3.367ns -datapath_only

    Location             Delay type                Incr(ns)  Path(ns)    Netlist Resource(s)
  -------------------------------------------------------------------    -------------------
    SLICE_X81Y348                                     0.000     0.000 r  u_camera_hdmi/u_hdmi/u_tx/u_hdmi_tx/inst/v_hdmi_tx/inst/SYS_INST/AUX_INST/HDR_FIFO_INST/RP_CDA_INST/XPM_GRAY_INST/src_gray_ff_reg[0]/C
    SLICE_X81Y348        FDRE (Prop_HFF_SLICEM_C_Q)
                                                      0.079     0.079 r  u_camera_hdmi/u_hdmi/u_tx/u_hdmi_tx/inst/v_hdmi_tx/inst/SYS_INST/AUX_INST/HDR_FIFO_INST/RP_CDA_INST/XPM_GRAY_INST/src_gray_ff_reg[0]/Q
                         net (fo=1, estimated)        0.280     0.359    u_camera_hdmi/u_hdmi/u_tx/u_hdmi_tx/inst/v_hdmi_tx/inst/SYS_INST/AUX_INST/HDR_FIFO_INST/RP_CDA_INST/XPM_GRAY_INST/async_path[0]
    SLICE_X81Y345        FDRE                                         r  u_camera_hdmi/u_hdmi/u_tx/u_hdmi_tx/inst/v_hdmi_tx/inst/SYS_INST/AUX_INST/HDR_FIFO_INST/RP_CDA_INST/XPM_GRAY_INST/dest_graysync_ff_reg[0][0]/D
  -------------------------------------------------------------------    -------------------

                         max delay                    3.367     3.367    
    SLICE_X81Y345        FDRE (Setup_DFF2_SLICEM_C_D)
                                                      0.025     3.392    u_camera_hdmi/u_hdmi/u_tx/u_hdmi_tx/inst/v_hdmi_tx/inst/SYS_INST/AUX_INST/HDR_FIFO_INST/RP_CDA_INST/XPM_GRAY_INST/dest_graysync_ff_reg[0][0]
  -------------------------------------------------------------------
                         required time                          3.392    
                         arrival time                          -0.359    
  -------------------------------------------------------------------
                         slack                                  3.033    





---------------------------------------------------------------------------------------------------
From Clock:  clkout2_1
  To Clock:  clk_100m_p

Setup :            0  Failing Endpoints,  Worst Slack        2.802ns,  Total Violation        0.000ns
Hold  :           NA  Failing Endpoints,  Worst Slack           NA  ,  Total Violation           NA
---------------------------------------------------------------------------------------------------


Max Delay Paths
--------------------------------------------------------------------------------------
Slack (MET) :             2.802ns  (required time - arrival time)
  Source:                 u_camera_hdmi/u_hdmi/u_tx/u_hdmi_tx/inst/v_tc/U0/U_VIDEO_CTRL/AXI4_LITE_INTERFACE.ipif_RdData_reg[24]/C
                            (rising edge-triggered cell FDRE clocked by clkout2_1  {rise@0.000ns fall@1.684ns period=3.367ns})
  Destination:            u_camera_hdmi/u_hdmi/u_tx/u_hdmi_tx/inst/v_tc/U0/U_VIDEO_CTRL/AXI4_LITE_INTERFACE.SYNC2PROCCLK_I/data_sync_reg[0][24]/D
                            (rising edge-triggered cell FDRE clocked by clk_100m_p  {rise@0.000ns fall@5.000ns period=10.000ns})
  Path Group:             clk_100m_p
  Path Type:              Setup (Max at Slow Process Corner)
  Requirement:            3.367ns  (MaxDelay Path 3.367ns)
  Data Path Delay:        0.590ns  (logic 0.079ns (13.390%)  route 0.511ns (86.610%))
  Logic Levels:           0  
  Timing Exception:       MaxDelay Path 3.367ns -datapath_only

    Location             Delay type                Incr(ns)  Path(ns)    Netlist Resource(s)
  -------------------------------------------------------------------    -------------------
    SLICE_X65Y323                                     0.000     0.000 r  u_camera_hdmi/u_hdmi/u_tx/u_hdmi_tx/inst/v_tc/U0/U_VIDEO_CTRL/AXI4_LITE_INTERFACE.ipif_RdData_reg[24]/C
    SLICE_X65Y323        FDRE (Prop_HFF_SLICEM_C_Q)
                                                      0.079     0.079 r  u_camera_hdmi/u_hdmi/u_tx/u_hdmi_tx/inst/v_tc/U0/U_VIDEO_CTRL/AXI4_LITE_INTERFACE.ipif_RdData_reg[24]/Q
                         net (fo=1, estimated)        0.511     0.590    u_camera_hdmi/u_hdmi/u_tx/u_hdmi_tx/inst/v_tc/U0/U_VIDEO_CTRL/AXI4_LITE_INTERFACE.SYNC2PROCCLK_I/in_data[24]
    SLICE_X79Y331        FDRE                                         r  u_camera_hdmi/u_hdmi/u_tx/u_hdmi_tx/inst/v_tc/U0/U_VIDEO_CTRL/AXI4_LITE_INTERFACE.SYNC2PROCCLK_I/data_sync_reg[0][24]/D
  -------------------------------------------------------------------    -------------------

                         max delay                    3.367     3.367    
    SLICE_X79Y331        FDRE (Setup_DFF2_SLICEL_C_D)
                                                      0.025     3.392    u_camera_hdmi/u_hdmi/u_tx/u_hdmi_tx/inst/v_tc/U0/U_VIDEO_CTRL/AXI4_LITE_INTERFACE.SYNC2PROCCLK_I/data_sync_reg[0][24]
  -------------------------------------------------------------------
                         required time                          3.392    
                         arrival time                          -0.590    
  -------------------------------------------------------------------
                         slack                                  2.802    





---------------------------------------------------------------------------------------------------
From Clock:  mmcm_clkout5
  To Clock:  dbg_hub/inst/BSCANID.u_xsdbm_id/SWITCH_N_EXT_BSCAN.bscan_inst/SERIES7_BSCAN.bscan_inst/INTERNAL_TCK

Setup :            0  Failing Endpoints,  Worst Slack       13.022ns,  Total Violation        0.000ns
Hold  :           NA  Failing Endpoints,  Worst Slack           NA  ,  Total Violation           NA
---------------------------------------------------------------------------------------------------


Max Delay Paths
--------------------------------------------------------------------------------------
Slack (MET) :             13.022ns  (required time - arrival time)
  Source:                 dbg_hub/inst/BSCANID.u_xsdbm_id/CORE_XSDB.UUT_MASTER/U_ICON_INTERFACE/U_CMD6_WR/U_WR_FIFO/SUBCORE_FIFO.xsdbm_v3_0_0_wrfifo_inst/inst_fifo_gen/gconvfifo.rf/grf.rf/gntv_or_sync_fifo.gcx.clkx/gnxpm_cdc.rd_pntr_gc_reg[0]/C
                            (rising edge-triggered cell FDCE clocked by mmcm_clkout5  {rise@0.000ns fall@6.664ns period=13.328ns})
  Destination:            dbg_hub/inst/BSCANID.u_xsdbm_id/CORE_XSDB.UUT_MASTER/U_ICON_INTERFACE/U_CMD6_WR/U_WR_FIFO/SUBCORE_FIFO.xsdbm_v3_0_0_wrfifo_inst/inst_fifo_gen/gconvfifo.rf/grf.rf/gntv_or_sync_fifo.gcx.clkx/gnxpm_cdc.gsync_stage[1].wr_stg_inst/Q_reg_reg[0]/D
                            (rising edge-triggered cell FDCE clocked by dbg_hub/inst/BSCANID.u_xsdbm_id/SWITCH_N_EXT_BSCAN.bscan_inst/SERIES7_BSCAN.bscan_inst/INTERNAL_TCK  {rise@0.000ns fall@25.000ns period=50.000ns})
  Path Group:             dbg_hub/inst/BSCANID.u_xsdbm_id/SWITCH_N_EXT_BSCAN.bscan_inst/SERIES7_BSCAN.bscan_inst/INTERNAL_TCK
  Path Type:              Setup (Max at Slow Process Corner)
  Requirement:            13.328ns  (MaxDelay Path 13.328ns)
  Data Path Delay:        0.331ns  (logic 0.076ns (22.961%)  route 0.255ns (77.039%))
  Logic Levels:           0  
  Timing Exception:       MaxDelay Path 13.328ns -datapath_only

    Location             Delay type                Incr(ns)  Path(ns)    Netlist Resource(s)
  -------------------------------------------------------------------    -------------------
    SLICE_X146Y141                                    0.000     0.000 r  dbg_hub/inst/BSCANID.u_xsdbm_id/CORE_XSDB.UUT_MASTER/U_ICON_INTERFACE/U_CMD6_WR/U_WR_FIFO/SUBCORE_FIFO.xsdbm_v3_0_0_wrfifo_inst/inst_fifo_gen/gconvfifo.rf/grf.rf/gntv_or_sync_fifo.gcx.clkx/gnxpm_cdc.rd_pntr_gc_reg[0]/C
    SLICE_X146Y141       FDCE (Prop_EFF_SLICEM_C_Q)
                                                      0.076     0.076 r  dbg_hub/inst/BSCANID.u_xsdbm_id/CORE_XSDB.UUT_MASTER/U_ICON_INTERFACE/U_CMD6_WR/U_WR_FIFO/SUBCORE_FIFO.xsdbm_v3_0_0_wrfifo_inst/inst_fifo_gen/gconvfifo.rf/grf.rf/gntv_or_sync_fifo.gcx.clkx/gnxpm_cdc.rd_pntr_gc_reg[0]/Q
                         net (fo=1, estimated)        0.255     0.331    dbg_hub/inst/BSCANID.u_xsdbm_id/CORE_XSDB.UUT_MASTER/U_ICON_INTERFACE/U_CMD6_WR/U_WR_FIFO/SUBCORE_FIFO.xsdbm_v3_0_0_wrfifo_inst/inst_fifo_gen/gconvfifo.rf/grf.rf/gntv_or_sync_fifo.gcx.clkx/gnxpm_cdc.gsync_stage[1].wr_stg_inst/Q[0]
    SLICE_X147Y141       FDCE                                         r  dbg_hub/inst/BSCANID.u_xsdbm_id/CORE_XSDB.UUT_MASTER/U_ICON_INTERFACE/U_CMD6_WR/U_WR_FIFO/SUBCORE_FIFO.xsdbm_v3_0_0_wrfifo_inst/inst_fifo_gen/gconvfifo.rf/grf.rf/gntv_or_sync_fifo.gcx.clkx/gnxpm_cdc.gsync_stage[1].wr_stg_inst/Q_reg_reg[0]/D
  -------------------------------------------------------------------    -------------------

                         max delay                   13.328    13.328    
    SLICE_X147Y141       FDCE (Setup_CFF2_SLICEL_C_D)
                                                      0.025    13.353    dbg_hub/inst/BSCANID.u_xsdbm_id/CORE_XSDB.UUT_MASTER/U_ICON_INTERFACE/U_CMD6_WR/U_WR_FIFO/SUBCORE_FIFO.xsdbm_v3_0_0_wrfifo_inst/inst_fifo_gen/gconvfifo.rf/grf.rf/gntv_or_sync_fifo.gcx.clkx/gnxpm_cdc.gsync_stage[1].wr_stg_inst/Q_reg_reg[0]
  -------------------------------------------------------------------
                         required time                         13.353    
                         arrival time                          -0.331    
  -------------------------------------------------------------------
                         slack                                 13.022    





---------------------------------------------------------------------------------------------------
From Clock:  clk_100m_p
  To Clock:  rxoutclk

Setup :            0  Failing Endpoints,  Worst Slack        6.293ns,  Total Violation        0.000ns
Hold  :           NA  Failing Endpoints,  Worst Slack           NA  ,  Total Violation           NA
---------------------------------------------------------------------------------------------------


Max Delay Paths
--------------------------------------------------------------------------------------
Slack (MET) :             6.293ns  (required time - arrival time)
  Source:                 u_camera_hdmi/u_hdmi/u_rx/u_hdmi_rx/inst/v_hdmi_rx/inst/SYS_INST/CORE_INST/CFG_CD_CDC_INST/gen_handshake.XPM_INST/src_hsdata_ff_reg[0]/C
                            (rising edge-triggered cell FDRE clocked by clk_100m_p  {rise@0.000ns fall@5.000ns period=10.000ns})
  Destination:            u_camera_hdmi/u_hdmi/u_rx/u_hdmi_rx/inst/v_hdmi_rx/inst/SYS_INST/CORE_INST/CFG_CD_CDC_INST/gen_handshake.XPM_INST/dest_hsdata_ff_reg[0]/D
                            (rising edge-triggered cell FDRE clocked by rxoutclk  {rise@0.000ns fall@1.684ns period=3.367ns})
  Path Group:             rxoutclk
  Path Type:              Setup (Max at Slow Process Corner)
  Requirement:            6.734ns  (MaxDelay Path 6.734ns)
  Data Path Delay:        0.466ns  (logic 0.078ns (16.738%)  route 0.388ns (83.262%))
  Logic Levels:           0  
  Timing Exception:       MaxDelay Path 6.734ns -datapath_only

    Location             Delay type                Incr(ns)  Path(ns)    Netlist Resource(s)
  -------------------------------------------------------------------    -------------------
    SLICE_X94Y367                                     0.000     0.000 r  u_camera_hdmi/u_hdmi/u_rx/u_hdmi_rx/inst/v_hdmi_rx/inst/SYS_INST/CORE_INST/CFG_CD_CDC_INST/gen_handshake.XPM_INST/src_hsdata_ff_reg[0]/C
    SLICE_X94Y367        FDRE (Prop_DFF_SLICEM_C_Q)
                                                      0.078     0.078 r  u_camera_hdmi/u_hdmi/u_rx/u_hdmi_rx/inst/v_hdmi_rx/inst/SYS_INST/CORE_INST/CFG_CD_CDC_INST/gen_handshake.XPM_INST/src_hsdata_ff_reg[0]/Q
                         net (fo=1, estimated)        0.388     0.466    u_camera_hdmi/u_hdmi/u_rx/u_hdmi_rx/inst/v_hdmi_rx/inst/SYS_INST/CORE_INST/CFG_CD_CDC_INST/gen_handshake.XPM_INST/src_hsdata_ff[0]
    SLICE_X95Y360        FDRE                                         r  u_camera_hdmi/u_hdmi/u_rx/u_hdmi_rx/inst/v_hdmi_rx/inst/SYS_INST/CORE_INST/CFG_CD_CDC_INST/gen_handshake.XPM_INST/dest_hsdata_ff_reg[0]/D
  -------------------------------------------------------------------    -------------------

                         max delay                    6.734     6.734    
    SLICE_X95Y360        FDRE (Setup_EFF_SLICEM_C_D)
                                                      0.025     6.759    u_camera_hdmi/u_hdmi/u_rx/u_hdmi_rx/inst/v_hdmi_rx/inst/SYS_INST/CORE_INST/CFG_CD_CDC_INST/gen_handshake.XPM_INST/dest_hsdata_ff_reg[0]
  -------------------------------------------------------------------
                         required time                          6.759    
                         arrival time                          -0.466    
  -------------------------------------------------------------------
                         slack                                  6.293    





---------------------------------------------------------------------------------------------------
From Clock:  clkout2
  To Clock:  clkout1

Setup :            0  Failing Endpoints,  Worst Slack        0.951ns,  Total Violation        0.000ns
Hold  :           NA  Failing Endpoints,  Worst Slack           NA  ,  Total Violation           NA
---------------------------------------------------------------------------------------------------


Max Delay Paths
--------------------------------------------------------------------------------------
Slack (MET) :             0.951ns  (required time - arrival time)
  Source:                 u_camera_hdmi/u_hdmi/u_phy/u_vphy/inst/gt_usrclk_source_inst/rx_mmcm.rxoutclk_mmcm0_i/rx_mmcm_locked_xpm/syncstages_ff_reg[2]/C
                            (rising edge-triggered cell FDRE clocked by clkout2  {rise@0.000ns fall@1.684ns period=3.367ns})
  Destination:            u_camera_hdmi/u_hdmi/u_phy/u_vphy/inst/gt_usrclk_source_inst/rx_mmcm.rxoutclk_mmcm0_i/rx_clkout1_buf/CE
                            (rising edge-triggered cell BUFGCE clocked by clkout1  {rise@0.000ns fall@1.684ns period=3.367ns})
  Path Group:             clkout1
  Path Type:              Setup (Max at Slow Process Corner)
  Requirement:            3.367ns  (clkout1 rise@3.367ns - clkout2 rise@0.000ns)
  Data Path Delay:        0.685ns  (logic 0.080ns (11.679%)  route 0.605ns (88.321%))
  Logic Levels:           0  
  Clock Path Skew:        -1.498ns (DCD - SCD + CPR)
    Destination Clock Delay (DCD):    2.910ns = ( 6.277 - 3.367 ) 
    Source Clock Delay      (SCD):    4.147ns
    Clock Pessimism Removal (CPR):    -0.260ns
  Clock Uncertainty:      0.174ns  ((TSJ^2 + DJ^2)^1/2) / 2 + PE
    Total System Jitter     (TSJ):    0.071ns
    Discrete Jitter          (DJ):    0.082ns
    Phase Error              (PE):    0.120ns
  Clock Net Delay (Source):      1.443ns (routing 0.646ns, distribution 0.797ns)
  Clock Net Delay (Destination): 1.748ns (routing 0.965ns, distribution 0.783ns)

    Location             Delay type                Incr(ns)  Path(ns)    Netlist Resource(s)
  -------------------------------------------------------------------    -------------------
                         (clock clkout2 rise edge)    0.000     0.000 r  
    GTYE4_COMMON_X0Y5                                 0.000     0.000 r  hdmi_rx_clk_p (IN)
                         net (fo=0)                   0.000     0.000    u_camera_hdmi/u_hdmi/u_phy/u_vphy/inst/gt_usrclk_source_inst/mgtrefclk0_pad_p_in
    GTYE4_COMMON_X0Y5    IBUFDS_GTE4 (Prop_IBUFDS0_GTYE4_GTYE4_COMMON_I_ODIV2)
                                                      0.397     0.397 r  u_camera_hdmi/u_hdmi/u_phy/u_vphy/inst/gt_usrclk_source_inst/IBUFDS_GTE4_MGTREFCLK0_INST/ODIV2
                         net (fo=2, estimated)        0.085     0.482    u_camera_hdmi/u_hdmi/u_phy/u_vphy/inst/gt_usrclk_source_inst/q0_clk0_gtrefclk_div1_i
    BUFG_GT_X0Y137       BUFG_GT (Prop_BUFG_GT_I_O)
                                                      0.130     0.612 r  u_camera_hdmi/u_hdmi/u_phy/u_vphy/inst/gt_usrclk_source_inst/bufg_gt_gtrefclk0_odiv2_inst/O
                         net (fo=25, estimated)       1.947     2.559    u_camera_hdmi/u_hdmi/u_phy/u_vphy/inst/gt_usrclk_source_inst/rx_mmcm.rxoutclk_mmcm0_i/CLK_IN
    MMCM_X0Y7            MMCME4_ADV (Prop_MMCM_CLKIN1_CLKOUT2)
                                                     -0.127     2.432 r  u_camera_hdmi/u_hdmi/u_phy/u_vphy/inst/gt_usrclk_source_inst/rx_mmcm.rxoutclk_mmcm0_i/mmcm_adv_inst/CLKOUT2
                         net (fo=2, estimated)        0.244     2.676    u_camera_hdmi/u_hdmi/u_phy/u_vphy/inst/gt_usrclk_source_inst/rx_mmcm.rxoutclk_mmcm0_i/clkout2
    BUFGCE_X0Y177        BUFGCE (Prop_BUFCE_BUFGCE_I_O)
                                                      0.028     2.704 r  u_camera_hdmi/u_hdmi/u_phy/u_vphy/inst/gt_usrclk_source_inst/rx_mmcm.rxoutclk_mmcm0_i/rx_clkout2_bufg/O
    X3Y7 (CLOCK_ROOT)    net (fo=3, estimated)        1.443     4.147    u_camera_hdmi/u_hdmi/u_phy/u_vphy/inst/gt_usrclk_source_inst/rx_mmcm.rxoutclk_mmcm0_i/rx_mmcm_locked_xpm/dest_clk
    SLICE_X116Y445       FDRE                                         r  u_camera_hdmi/u_hdmi/u_phy/u_vphy/inst/gt_usrclk_source_inst/rx_mmcm.rxoutclk_mmcm0_i/rx_mmcm_locked_xpm/syncstages_ff_reg[2]/C
  -------------------------------------------------------------------    -------------------
    SLICE_X116Y445       FDRE (Prop_BFF2_SLICEL_C_Q)
                                                      0.080     4.227 r  u_camera_hdmi/u_hdmi/u_phy/u_vphy/inst/gt_usrclk_source_inst/rx_mmcm.rxoutclk_mmcm0_i/rx_mmcm_locked_xpm/syncstages_ff_reg[2]/Q
                         net (fo=2, estimated)        0.605     4.832    u_camera_hdmi/u_hdmi/u_phy/u_vphy/inst/gt_usrclk_source_inst/rx_mmcm.rxoutclk_mmcm0_i/rx_mmcm_locked_sync
    BUFGCE_X0Y168        BUFGCE                                       r  u_camera_hdmi/u_hdmi/u_phy/u_vphy/inst/gt_usrclk_source_inst/rx_mmcm.rxoutclk_mmcm0_i/rx_clkout1_buf/CE
  -------------------------------------------------------------------    -------------------

                         (clock clkout1 rise edge)    3.367     3.367 r  
    GTYE4_COMMON_X0Y5                                 0.000     3.367 r  hdmi_rx_clk_p (IN)
                         net (fo=0)                   0.000     3.367    u_camera_hdmi/u_hdmi/u_phy/u_vphy/inst/gt_usrclk_source_inst/mgtrefclk0_pad_p_in
    GTYE4_COMMON_X0Y5    IBUFDS_GTE4 (Prop_IBUFDS0_GTYE4_GTYE4_COMMON_I_ODIV2)
                                                      0.123     3.490 r  u_camera_hdmi/u_hdmi/u_phy/u_vphy/inst/gt_usrclk_source_inst/IBUFDS_GTE4_MGTREFCLK0_INST/ODIV2
                         net (fo=2, estimated)        0.078     3.568    u_camera_hdmi/u_hdmi/u_phy/u_vphy/inst/gt_usrclk_source_inst/q0_clk0_gtrefclk_div1_i
    BUFG_GT_X0Y137       BUFG_GT (Prop_BUFG_GT_I_O)
                                                      0.114     3.682 r  u_camera_hdmi/u_hdmi/u_phy/u_vphy/inst/gt_usrclk_source_inst/bufg_gt_gtrefclk0_odiv2_inst/O
    X2Y6 (CLOCK_ROOT)    net (fo=25, estimated)       1.748     5.430    u_camera_hdmi/u_hdmi/u_phy/u_vphy/inst/gt_usrclk_source_inst/rx_mmcm.rxoutclk_mmcm0_i/CLK_IN
    MMCM_X0Y7            MMCME4_ADV (Prop_MMCM_CLKIN1_CLKOUT1)
                                                      0.630     6.060 r  u_camera_hdmi/u_hdmi/u_phy/u_vphy/inst/gt_usrclk_source_inst/rx_mmcm.rxoutclk_mmcm0_i/mmcm_adv_inst/CLKOUT1
                         net (fo=1, estimated)        0.217     6.277    u_camera_hdmi/u_hdmi/u_phy/u_vphy/inst/gt_usrclk_source_inst/rx_mmcm.rxoutclk_mmcm0_i/clkout1
    BUFGCE_X0Y168        BUFGCE                                       r  u_camera_hdmi/u_hdmi/u_phy/u_vphy/inst/gt_usrclk_source_inst/rx_mmcm.rxoutclk_mmcm0_i/rx_clkout1_buf/I
                         clock pessimism             -0.260     6.016    
                         clock uncertainty           -0.174     5.842    
    BUFGCE_X0Y168        BUFGCE (Setup_BUFCE_BUFGCE_I_CE)
                                                     -0.059     5.783    u_camera_hdmi/u_hdmi/u_phy/u_vphy/inst/gt_usrclk_source_inst/rx_mmcm.rxoutclk_mmcm0_i/rx_clkout1_buf
  -------------------------------------------------------------------
                         required time                          5.783    
                         arrival time                          -4.832    
  -------------------------------------------------------------------
                         slack                                  0.951    





---------------------------------------------------------------------------------------------------
From Clock:  mmcm_clkout0
  To Clock:  clkout2

Setup :            0  Failing Endpoints,  Worst Slack        2.868ns,  Total Violation        0.000ns
Hold  :           NA  Failing Endpoints,  Worst Slack           NA  ,  Total Violation           NA
---------------------------------------------------------------------------------------------------


Max Delay Paths
--------------------------------------------------------------------------------------
Slack (MET) :             2.868ns  (required time - arrival time)
  Source:                 u_camera_hdmi/u_hdmi/u_rx/u_hdmi_rx/inst/v_vid_in_axi4s/inst/COUPLER_INST/generate_async_fifo.FIFO_INST/XPM_FIFO_ASYNC_INST/gnuram_async_fifo.xpm_fifo_base_inst/gen_cdc_pntr.rd_pntr_cdc_inst/src_gray_ff_reg[0]/C
                            (rising edge-triggered cell FDRE clocked by mmcm_clkout0  {rise@0.000ns fall@1.666ns period=3.332ns})
  Destination:            u_camera_hdmi/u_hdmi/u_rx/u_hdmi_rx/inst/v_vid_in_axi4s/inst/COUPLER_INST/generate_async_fifo.FIFO_INST/XPM_FIFO_ASYNC_INST/gnuram_async_fifo.xpm_fifo_base_inst/gen_cdc_pntr.rd_pntr_cdc_inst/dest_graysync_ff_reg[0][0]/D
                            (rising edge-triggered cell FDRE clocked by clkout2  {rise@0.000ns fall@1.684ns period=3.367ns})
  Path Group:             clkout2
  Path Type:              Setup (Max at Slow Process Corner)
  Requirement:            3.332ns  (MaxDelay Path 3.332ns)
  Data Path Delay:        0.489ns  (logic 0.078ns (15.951%)  route 0.411ns (84.049%))
  Logic Levels:           0  
  Timing Exception:       MaxDelay Path 3.332ns -datapath_only

    Location             Delay type                Incr(ns)  Path(ns)    Netlist Resource(s)
  -------------------------------------------------------------------    -------------------
    SLICE_X88Y354                                     0.000     0.000 r  u_camera_hdmi/u_hdmi/u_rx/u_hdmi_rx/inst/v_vid_in_axi4s/inst/COUPLER_INST/generate_async_fifo.FIFO_INST/XPM_FIFO_ASYNC_INST/gnuram_async_fifo.xpm_fifo_base_inst/gen_cdc_pntr.rd_pntr_cdc_inst/src_gray_ff_reg[0]/C
    SLICE_X88Y354        FDRE (Prop_DFF_SLICEM_C_Q)
                                                      0.078     0.078 r  u_camera_hdmi/u_hdmi/u_rx/u_hdmi_rx/inst/v_vid_in_axi4s/inst/COUPLER_INST/generate_async_fifo.FIFO_INST/XPM_FIFO_ASYNC_INST/gnuram_async_fifo.xpm_fifo_base_inst/gen_cdc_pntr.rd_pntr_cdc_inst/src_gray_ff_reg[0]/Q
                         net (fo=1, estimated)        0.411     0.489    u_camera_hdmi/u_hdmi/u_rx/u_hdmi_rx/inst/v_vid_in_axi4s/inst/COUPLER_INST/generate_async_fifo.FIFO_INST/XPM_FIFO_ASYNC_INST/gnuram_async_fifo.xpm_fifo_base_inst/gen_cdc_pntr.rd_pntr_cdc_inst/async_path[0]
    SLICE_X89Y341        FDRE                                         r  u_camera_hdmi/u_hdmi/u_rx/u_hdmi_rx/inst/v_vid_in_axi4s/inst/COUPLER_INST/generate_async_fifo.FIFO_INST/XPM_FIFO_ASYNC_INST/gnuram_async_fifo.xpm_fifo_base_inst/gen_cdc_pntr.rd_pntr_cdc_inst/dest_graysync_ff_reg[0][0]/D
  -------------------------------------------------------------------    -------------------

                         max delay                    3.332     3.332    
    SLICE_X89Y341        FDRE (Setup_HFF2_SLICEL_C_D)
                                                      0.025     3.357    u_camera_hdmi/u_hdmi/u_rx/u_hdmi_rx/inst/v_vid_in_axi4s/inst/COUPLER_INST/generate_async_fifo.FIFO_INST/XPM_FIFO_ASYNC_INST/gnuram_async_fifo.xpm_fifo_base_inst/gen_cdc_pntr.rd_pntr_cdc_inst/dest_graysync_ff_reg[0][0]
  -------------------------------------------------------------------
                         required time                          3.357    
                         arrival time                          -0.489    
  -------------------------------------------------------------------
                         slack                                  2.868    





---------------------------------------------------------------------------------------------------
From Clock:  clk_100m_p
  To Clock:  clkout2

Setup :            0  Failing Endpoints,  Worst Slack        6.275ns,  Total Violation        0.000ns
Hold  :           NA  Failing Endpoints,  Worst Slack           NA  ,  Total Violation           NA
---------------------------------------------------------------------------------------------------


Max Delay Paths
--------------------------------------------------------------------------------------
Slack (MET) :             6.275ns  (required time - arrival time)
  Source:                 u_camera_hdmi/u_hdmi/u_rx/u_hdmi_rx/inst/v_hdmi_rx/inst/SYS_INST/VCLK_CD_CDC_INST/gen_handshake.XPM_INST/src_hsdata_ff_reg[0]/C
                            (rising edge-triggered cell FDRE clocked by clk_100m_p  {rise@0.000ns fall@5.000ns period=10.000ns})
  Destination:            u_camera_hdmi/u_hdmi/u_rx/u_hdmi_rx/inst/v_hdmi_rx/inst/SYS_INST/VCLK_CD_CDC_INST/gen_handshake.XPM_INST/dest_hsdata_ff_reg[0]/D
                            (rising edge-triggered cell FDRE clocked by clkout2  {rise@0.000ns fall@1.684ns period=3.367ns})
  Path Group:             clkout2
  Path Type:              Setup (Max at Slow Process Corner)
  Requirement:            6.734ns  (MaxDelay Path 6.734ns)
  Data Path Delay:        0.484ns  (logic 0.079ns (16.322%)  route 0.405ns (83.678%))
  Logic Levels:           0  
  Timing Exception:       MaxDelay Path 6.734ns -datapath_only

    Location             Delay type                Incr(ns)  Path(ns)    Netlist Resource(s)
  -------------------------------------------------------------------    -------------------
    SLICE_X93Y371                                     0.000     0.000 r  u_camera_hdmi/u_hdmi/u_rx/u_hdmi_rx/inst/v_hdmi_rx/inst/SYS_INST/VCLK_CD_CDC_INST/gen_handshake.XPM_INST/src_hsdata_ff_reg[0]/C
    SLICE_X93Y371        FDRE (Prop_DFF_SLICEL_C_Q)
                                                      0.079     0.079 r  u_camera_hdmi/u_hdmi/u_rx/u_hdmi_rx/inst/v_hdmi_rx/inst/SYS_INST/VCLK_CD_CDC_INST/gen_handshake.XPM_INST/src_hsdata_ff_reg[0]/Q
                         net (fo=1, estimated)        0.405     0.484    u_camera_hdmi/u_hdmi/u_rx/u_hdmi_rx/inst/v_hdmi_rx/inst/SYS_INST/VCLK_CD_CDC_INST/gen_handshake.XPM_INST/src_hsdata_ff[0]
    SLICE_X92Y363        FDRE                                         r  u_camera_hdmi/u_hdmi/u_rx/u_hdmi_rx/inst/v_hdmi_rx/inst/SYS_INST/VCLK_CD_CDC_INST/gen_handshake.XPM_INST/dest_hsdata_ff_reg[0]/D
  -------------------------------------------------------------------    -------------------

                         max delay                    6.734     6.734    
    SLICE_X92Y363        FDRE (Setup_EFF_SLICEL_C_D)
                                                      0.025     6.759    u_camera_hdmi/u_hdmi/u_rx/u_hdmi_rx/inst/v_hdmi_rx/inst/SYS_INST/VCLK_CD_CDC_INST/gen_handshake.XPM_INST/dest_hsdata_ff_reg[0]
  -------------------------------------------------------------------
                         required time                          6.759    
                         arrival time                          -0.484    
  -------------------------------------------------------------------
                         slack                                  6.275    





---------------------------------------------------------------------------------------------------
From Clock:  rxoutclk
  To Clock:  clkout2

Setup :            0  Failing Endpoints,  Worst Slack        2.947ns,  Total Violation        0.000ns
Hold  :           NA  Failing Endpoints,  Worst Slack           NA  ,  Total Violation           NA
---------------------------------------------------------------------------------------------------


Max Delay Paths
--------------------------------------------------------------------------------------
Slack (MET) :             2.947ns  (required time - arrival time)
  Source:                 u_camera_hdmi/u_hdmi/u_rx/u_hdmi_rx/inst/v_hdmi_rx/inst/SYS_INST/CORE_INST/CH2_INST/VID_INST/PIX_FIFO_INST/WP_CDA_INST/XPM_GRAY_INST/src_gray_ff_reg[4]/C
                            (rising edge-triggered cell FDRE clocked by rxoutclk  {rise@0.000ns fall@1.684ns period=3.367ns})
  Destination:            u_camera_hdmi/u_hdmi/u_rx/u_hdmi_rx/inst/v_hdmi_rx/inst/SYS_INST/CORE_INST/CH2_INST/VID_INST/PIX_FIFO_INST/WP_CDA_INST/XPM_GRAY_INST/dest_graysync_ff_reg[0][4]/D
                            (rising edge-triggered cell FDRE clocked by clkout2  {rise@0.000ns fall@1.684ns period=3.367ns})
  Path Group:             clkout2
  Path Type:              Setup (Max at Slow Process Corner)
  Requirement:            3.367ns  (MaxDelay Path 3.367ns)
  Data Path Delay:        0.445ns  (logic 0.079ns (17.753%)  route 0.366ns (82.247%))
  Logic Levels:           0  
  Timing Exception:       MaxDelay Path 3.367ns -datapath_only

    Location             Delay type                Incr(ns)  Path(ns)    Netlist Resource(s)
  -------------------------------------------------------------------    -------------------
    SLICE_X93Y355                                     0.000     0.000 r  u_camera_hdmi/u_hdmi/u_rx/u_hdmi_rx/inst/v_hdmi_rx/inst/SYS_INST/CORE_INST/CH2_INST/VID_INST/PIX_FIFO_INST/WP_CDA_INST/XPM_GRAY_INST/src_gray_ff_reg[4]/C
    SLICE_X93Y355        FDRE (Prop_EFF_SLICEL_C_Q)
                                                      0.079     0.079 r  u_camera_hdmi/u_hdmi/u_rx/u_hdmi_rx/inst/v_hdmi_rx/inst/SYS_INST/CORE_INST/CH2_INST/VID_INST/PIX_FIFO_INST/WP_CDA_INST/XPM_GRAY_INST/src_gray_ff_reg[4]/Q
                         net (fo=1, estimated)        0.366     0.445    u_camera_hdmi/u_hdmi/u_rx/u_hdmi_rx/inst/v_hdmi_rx/inst/SYS_INST/CORE_INST/CH2_INST/VID_INST/PIX_FIFO_INST/WP_CDA_INST/XPM_GRAY_INST/async_path[4]
    SLICE_X91Y355        FDRE                                         r  u_camera_hdmi/u_hdmi/u_rx/u_hdmi_rx/inst/v_hdmi_rx/inst/SYS_INST/CORE_INST/CH2_INST/VID_INST/PIX_FIFO_INST/WP_CDA_INST/XPM_GRAY_INST/dest_graysync_ff_reg[0][4]/D
  -------------------------------------------------------------------    -------------------

                         max delay                    3.367     3.367    
    SLICE_X91Y355        FDRE (Setup_DFF2_SLICEM_C_D)
                                                      0.025     3.392    u_camera_hdmi/u_hdmi/u_rx/u_hdmi_rx/inst/v_hdmi_rx/inst/SYS_INST/CORE_INST/CH2_INST/VID_INST/PIX_FIFO_INST/WP_CDA_INST/XPM_GRAY_INST/dest_graysync_ff_reg[0][4]
  -------------------------------------------------------------------
                         required time                          3.392    
                         arrival time                          -0.445    
  -------------------------------------------------------------------
                         slack                                  2.947    





---------------------------------------------------------------------------------------------------
From Clock:  clk_100m_p
  To Clock:  txoutclk

Setup :            0  Failing Endpoints,  Worst Slack        6.377ns,  Total Violation        0.000ns
Hold  :           NA  Failing Endpoints,  Worst Slack           NA  ,  Total Violation           NA
---------------------------------------------------------------------------------------------------


Max Delay Paths
--------------------------------------------------------------------------------------
Slack (MET) :             6.377ns  (required time - arrival time)
  Source:                 u_camera_hdmi/u_hdmi/u_tx/u_hdmi_tx/inst/v_hdmi_tx/inst/SYS_INST/AUX_INST/LCLK_CFG_PP_SYNC_INST/gen_handshake.XPM_INST/src_hsdata_ff_reg[0]/C
                            (rising edge-triggered cell FDRE clocked by clk_100m_p  {rise@0.000ns fall@5.000ns period=10.000ns})
  Destination:            u_camera_hdmi/u_hdmi/u_tx/u_hdmi_tx/inst/v_hdmi_tx/inst/SYS_INST/AUX_INST/LCLK_CFG_PP_SYNC_INST/gen_handshake.XPM_INST/dest_hsdata_ff_reg[0]/D
                            (rising edge-triggered cell FDRE clocked by txoutclk  {rise@0.000ns fall@1.684ns period=3.367ns})
  Path Group:             txoutclk
  Path Type:              Setup (Max at Slow Process Corner)
  Requirement:            6.734ns  (MaxDelay Path 6.734ns)
  Data Path Delay:        0.382ns  (logic 0.079ns (20.681%)  route 0.303ns (79.319%))
  Logic Levels:           0  
  Timing Exception:       MaxDelay Path 6.734ns -datapath_only

    Location             Delay type                Incr(ns)  Path(ns)    Netlist Resource(s)
  -------------------------------------------------------------------    -------------------
    SLICE_X82Y354                                     0.000     0.000 r  u_camera_hdmi/u_hdmi/u_tx/u_hdmi_tx/inst/v_hdmi_tx/inst/SYS_INST/AUX_INST/LCLK_CFG_PP_SYNC_INST/gen_handshake.XPM_INST/src_hsdata_ff_reg[0]/C
    SLICE_X82Y354        FDRE (Prop_HFF_SLICEL_C_Q)
                                                      0.079     0.079 r  u_camera_hdmi/u_hdmi/u_tx/u_hdmi_tx/inst/v_hdmi_tx/inst/SYS_INST/AUX_INST/LCLK_CFG_PP_SYNC_INST/gen_handshake.XPM_INST/src_hsdata_ff_reg[0]/Q
                         net (fo=1, estimated)        0.303     0.382    u_camera_hdmi/u_hdmi/u_tx/u_hdmi_tx/inst/v_hdmi_tx/inst/SYS_INST/AUX_INST/LCLK_CFG_PP_SYNC_INST/gen_handshake.XPM_INST/src_hsdata_ff[0]
    SLICE_X78Y354        FDRE                                         r  u_camera_hdmi/u_hdmi/u_tx/u_hdmi_tx/inst/v_hdmi_tx/inst/SYS_INST/AUX_INST/LCLK_CFG_PP_SYNC_INST/gen_handshake.XPM_INST/dest_hsdata_ff_reg[0]/D
  -------------------------------------------------------------------    -------------------

                         max delay                    6.734     6.734    
    SLICE_X78Y354        FDRE (Setup_DFF_SLICEL_C_D)
                                                      0.025     6.759    u_camera_hdmi/u_hdmi/u_tx/u_hdmi_tx/inst/v_hdmi_tx/inst/SYS_INST/AUX_INST/LCLK_CFG_PP_SYNC_INST/gen_handshake.XPM_INST/dest_hsdata_ff_reg[0]
  -------------------------------------------------------------------
                         required time                          6.759    
                         arrival time                          -0.382    
  -------------------------------------------------------------------
                         slack                                  6.377    





---------------------------------------------------------------------------------------------------
From Clock:  clkout2_1
  To Clock:  txoutclk

Setup :            0  Failing Endpoints,  Worst Slack        2.996ns,  Total Violation        0.000ns
Hold  :           NA  Failing Endpoints,  Worst Slack           NA  ,  Total Violation           NA
---------------------------------------------------------------------------------------------------


Max Delay Paths
--------------------------------------------------------------------------------------
Slack (MET) :             2.996ns  (required time - arrival time)
  Source:                 u_camera_hdmi/u_hdmi/u_tx/u_hdmi_tx/inst/v_hdmi_tx/inst/SYS_INST/CORE_INST/CH0_INST/VID_WO_ARB.VID_INST/FIFO_INST/WP_CDA_INST/XPM_GRAY_INST/src_gray_ff_reg[3]/C
                            (rising edge-triggered cell FDRE clocked by clkout2_1  {rise@0.000ns fall@1.684ns period=3.367ns})
  Destination:            u_camera_hdmi/u_hdmi/u_tx/u_hdmi_tx/inst/v_hdmi_tx/inst/SYS_INST/CORE_INST/CH0_INST/VID_WO_ARB.VID_INST/FIFO_INST/WP_CDA_INST/XPM_GRAY_INST/dest_graysync_ff_reg[0][3]/D
                            (rising edge-triggered cell FDRE clocked by txoutclk  {rise@0.000ns fall@1.684ns period=3.367ns})
  Path Group:             txoutclk
  Path Type:              Setup (Max at Slow Process Corner)
  Requirement:            3.367ns  (MaxDelay Path 3.367ns)
  Data Path Delay:        0.396ns  (logic 0.081ns (20.455%)  route 0.315ns (79.545%))
  Logic Levels:           0  
  Timing Exception:       MaxDelay Path 3.367ns -datapath_only

    Location             Delay type                Incr(ns)  Path(ns)    Netlist Resource(s)
  -------------------------------------------------------------------    -------------------
    SLICE_X80Y377                                     0.000     0.000 r  u_camera_hdmi/u_hdmi/u_tx/u_hdmi_tx/inst/v_hdmi_tx/inst/SYS_INST/CORE_INST/CH0_INST/VID_WO_ARB.VID_INST/FIFO_INST/WP_CDA_INST/XPM_GRAY_INST/src_gray_ff_reg[3]/C
    SLICE_X80Y377        FDRE (Prop_GFF2_SLICEL_C_Q)
                                                      0.081     0.081 r  u_camera_hdmi/u_hdmi/u_tx/u_hdmi_tx/inst/v_hdmi_tx/inst/SYS_INST/CORE_INST/CH0_INST/VID_WO_ARB.VID_INST/FIFO_INST/WP_CDA_INST/XPM_GRAY_INST/src_gray_ff_reg[3]/Q
                         net (fo=1, estimated)        0.315     0.396    u_camera_hdmi/u_hdmi/u_tx/u_hdmi_tx/inst/v_hdmi_tx/inst/SYS_INST/CORE_INST/CH0_INST/VID_WO_ARB.VID_INST/FIFO_INST/WP_CDA_INST/XPM_GRAY_INST/async_path[3]
    SLICE_X81Y380        FDRE                                         r  u_camera_hdmi/u_hdmi/u_tx/u_hdmi_tx/inst/v_hdmi_tx/inst/SYS_INST/CORE_INST/CH0_INST/VID_WO_ARB.VID_INST/FIFO_INST/WP_CDA_INST/XPM_GRAY_INST/dest_graysync_ff_reg[0][3]/D
  -------------------------------------------------------------------    -------------------

                         max delay                    3.367     3.367    
    SLICE_X81Y380        FDRE (Setup_HFF2_SLICEM_C_D)
                                                      0.025     3.392    u_camera_hdmi/u_hdmi/u_tx/u_hdmi_tx/inst/v_hdmi_tx/inst/SYS_INST/CORE_INST/CH0_INST/VID_WO_ARB.VID_INST/FIFO_INST/WP_CDA_INST/XPM_GRAY_INST/dest_graysync_ff_reg[0][3]
  -------------------------------------------------------------------
                         required time                          3.392    
                         arrival time                          -0.396    
  -------------------------------------------------------------------
                         slack                                  2.996    





---------------------------------------------------------------------------------------------------
From Clock:  mmcm_clkout0
  To Clock:  clkout2_1

Setup :            0  Failing Endpoints,  Worst Slack        2.973ns,  Total Violation        0.000ns
Hold  :           NA  Failing Endpoints,  Worst Slack           NA  ,  Total Violation           NA
---------------------------------------------------------------------------------------------------


Max Delay Paths
--------------------------------------------------------------------------------------
Slack (MET) :             2.973ns  (required time - arrival time)
  Source:                 u_camera_hdmi/u_hdmi/u_tx/u_hdmi_tx/inst/v_axi4s_vid_out/inst/COUPLER_INST/generate_async_fifo.FIFO_INST/XPM_FIFO_ASYNC_INST/gnuram_async_fifo.xpm_fifo_base_inst/gen_cdc_pntr.wr_pntr_cdc_dc_inst/src_gray_ff_reg[10]/C
                            (rising edge-triggered cell FDRE clocked by mmcm_clkout0  {rise@0.000ns fall@1.666ns period=3.332ns})
  Destination:            u_camera_hdmi/u_hdmi/u_tx/u_hdmi_tx/inst/v_axi4s_vid_out/inst/COUPLER_INST/generate_async_fifo.FIFO_INST/XPM_FIFO_ASYNC_INST/gnuram_async_fifo.xpm_fifo_base_inst/gen_cdc_pntr.wr_pntr_cdc_dc_inst/dest_graysync_ff_reg[0][10]/D
                            (rising edge-triggered cell FDRE clocked by clkout2_1  {rise@0.000ns fall@1.684ns period=3.367ns})
  Path Group:             clkout2_1
  Path Type:              Setup (Max at Slow Process Corner)
  Requirement:            3.332ns  (MaxDelay Path 3.332ns)
  Data Path Delay:        0.384ns  (logic 0.079ns (20.573%)  route 0.305ns (79.427%))
  Logic Levels:           0  
  Timing Exception:       MaxDelay Path 3.332ns -datapath_only

    Location             Delay type                Incr(ns)  Path(ns)    Netlist Resource(s)
  -------------------------------------------------------------------    -------------------
    SLICE_X108Y347                                    0.000     0.000 r  u_camera_hdmi/u_hdmi/u_tx/u_hdmi_tx/inst/v_axi4s_vid_out/inst/COUPLER_INST/generate_async_fifo.FIFO_INST/XPM_FIFO_ASYNC_INST/gnuram_async_fifo.xpm_fifo_base_inst/gen_cdc_pntr.wr_pntr_cdc_dc_inst/src_gray_ff_reg[10]/C
    SLICE_X108Y347       FDRE (Prop_EFF_SLICEL_C_Q)
                                                      0.079     0.079 r  u_camera_hdmi/u_hdmi/u_tx/u_hdmi_tx/inst/v_axi4s_vid_out/inst/COUPLER_INST/generate_async_fifo.FIFO_INST/XPM_FIFO_ASYNC_INST/gnuram_async_fifo.xpm_fifo_base_inst/gen_cdc_pntr.wr_pntr_cdc_dc_inst/src_gray_ff_reg[10]/Q
                         net (fo=1, estimated)        0.305     0.384    u_camera_hdmi/u_hdmi/u_tx/u_hdmi_tx/inst/v_axi4s_vid_out/inst/COUPLER_INST/generate_async_fifo.FIFO_INST/XPM_FIFO_ASYNC_INST/gnuram_async_fifo.xpm_fifo_base_inst/gen_cdc_pntr.wr_pntr_cdc_dc_inst/async_path[10]
    SLICE_X107Y343       FDRE                                         r  u_camera_hdmi/u_hdmi/u_tx/u_hdmi_tx/inst/v_axi4s_vid_out/inst/COUPLER_INST/generate_async_fifo.FIFO_INST/XPM_FIFO_ASYNC_INST/gnuram_async_fifo.xpm_fifo_base_inst/gen_cdc_pntr.wr_pntr_cdc_dc_inst/dest_graysync_ff_reg[0][10]/D
  -------------------------------------------------------------------    -------------------

                         max delay                    3.332     3.332    
    SLICE_X107Y343       FDRE (Setup_HFF2_SLICEM_C_D)
                                                      0.025     3.357    u_camera_hdmi/u_hdmi/u_tx/u_hdmi_tx/inst/v_axi4s_vid_out/inst/COUPLER_INST/generate_async_fifo.FIFO_INST/XPM_FIFO_ASYNC_INST/gnuram_async_fifo.xpm_fifo_base_inst/gen_cdc_pntr.wr_pntr_cdc_dc_inst/dest_graysync_ff_reg[0][10]
  -------------------------------------------------------------------
                         required time                          3.357    
                         arrival time                          -0.384    
  -------------------------------------------------------------------
                         slack                                  2.973    





---------------------------------------------------------------------------------------------------
From Clock:  clk_100m_p
  To Clock:  clkout2_1

Setup :            0  Failing Endpoints,  Worst Slack        6.413ns,  Total Violation        0.000ns
Hold  :           NA  Failing Endpoints,  Worst Slack           NA  ,  Total Violation           NA
---------------------------------------------------------------------------------------------------


Max Delay Paths
--------------------------------------------------------------------------------------
Slack (MET) :             6.413ns  (required time - arrival time)
  Source:                 u_camera_hdmi/u_hdmi/u_tx/u_hdmi_tx/inst/v_hdmi_tx/inst/SYS_INST/GEN_MASK.MASK_INST/VCLK_BU_CDC_INST/gen_handshake.XPM_INST/src_hsdata_ff_reg[7]/C
                            (rising edge-triggered cell FDRE clocked by clk_100m_p  {rise@0.000ns fall@5.000ns period=10.000ns})
  Destination:            u_camera_hdmi/u_hdmi/u_tx/u_hdmi_tx/inst/v_hdmi_tx/inst/SYS_INST/GEN_MASK.MASK_INST/VCLK_BU_CDC_INST/gen_handshake.XPM_INST/dest_hsdata_ff_reg[7]/D
                            (rising edge-triggered cell FDRE clocked by clkout2_1  {rise@0.000ns fall@1.684ns period=3.367ns})
  Path Group:             clkout2_1
  Path Type:              Setup (Max at Slow Process Corner)
  Requirement:            6.734ns  (MaxDelay Path 6.734ns)
  Data Path Delay:        0.346ns  (logic 0.080ns (23.121%)  route 0.266ns (76.879%))
  Logic Levels:           0  
  Timing Exception:       MaxDelay Path 6.734ns -datapath_only

    Location             Delay type                Incr(ns)  Path(ns)    Netlist Resource(s)
  -------------------------------------------------------------------    -------------------
    SLICE_X79Y360                                     0.000     0.000 r  u_camera_hdmi/u_hdmi/u_tx/u_hdmi_tx/inst/v_hdmi_tx/inst/SYS_INST/GEN_MASK.MASK_INST/VCLK_BU_CDC_INST/gen_handshake.XPM_INST/src_hsdata_ff_reg[7]/C
    SLICE_X79Y360        FDRE (Prop_HFF2_SLICEL_C_Q)
                                                      0.080     0.080 r  u_camera_hdmi/u_hdmi/u_tx/u_hdmi_tx/inst/v_hdmi_tx/inst/SYS_INST/GEN_MASK.MASK_INST/VCLK_BU_CDC_INST/gen_handshake.XPM_INST/src_hsdata_ff_reg[7]/Q
                         net (fo=1, estimated)        0.266     0.346    u_camera_hdmi/u_hdmi/u_tx/u_hdmi_tx/inst/v_hdmi_tx/inst/SYS_INST/GEN_MASK.MASK_INST/VCLK_BU_CDC_INST/gen_handshake.XPM_INST/src_hsdata_ff[7]
    SLICE_X79Y360        FDRE                                         r  u_camera_hdmi/u_hdmi/u_tx/u_hdmi_tx/inst/v_hdmi_tx/inst/SYS_INST/GEN_MASK.MASK_INST/VCLK_BU_CDC_INST/gen_handshake.XPM_INST/dest_hsdata_ff_reg[7]/D
  -------------------------------------------------------------------    -------------------

                         max delay                    6.734     6.734    
    SLICE_X79Y360        FDRE (Setup_DFF_SLICEL_C_D)
                                                      0.025     6.759    u_camera_hdmi/u_hdmi/u_tx/u_hdmi_tx/inst/v_hdmi_tx/inst/SYS_INST/GEN_MASK.MASK_INST/VCLK_BU_CDC_INST/gen_handshake.XPM_INST/dest_hsdata_ff_reg[7]
  -------------------------------------------------------------------
                         required time                          6.759    
                         arrival time                          -0.346    
  -------------------------------------------------------------------
                         slack                                  6.413    





---------------------------------------------------------------------------------------------------
Path Group:  **async_default**
From Clock:  clk_100m_p
  To Clock:  clk_100m_p

Setup :            0  Failing Endpoints,  Worst Slack        6.419ns,  Total Violation        0.000ns
Hold  :           NA  Failing Endpoints,  Worst Slack           NA  ,  Total Violation           NA
---------------------------------------------------------------------------------------------------


Max Delay Paths
--------------------------------------------------------------------------------------
Slack (MET) :             6.419ns  (required time - arrival time)
  Source:                 u_control_soc/ddr_calib_sync_reg[1]/C
                            (rising edge-triggered cell FDCE clocked by clk_100m_p  {rise@0.000ns fall@5.000ns period=10.000ns})
  Destination:            u_camera_hdmi/u_hdmi/u_phy/u_vphy/inst/b0_MMCM_RX_DRP_LOCKED_DLY_CNT_reg[12]/CLR
                            (recovery check against rising-edge clock clk_100m_p  {rise@0.000ns fall@5.000ns period=10.000ns})
  Path Group:             **async_default**
  Path Type:              Recovery (Max at Slow Process Corner)
  Requirement:            10.000ns  (clk_100m_p rise@10.000ns - clk_100m_p rise@0.000ns)
  Data Path Delay:        3.374ns  (logic 0.117ns (3.468%)  route 3.257ns (96.532%))
  Logic Levels:           1  (LUT2=1)
  Clock Path Skew:        -0.106ns (DCD - SCD + CPR)
    Destination Clock Delay (DCD):    3.321ns = ( 13.321 - 10.000 ) 
    Source Clock Delay      (SCD):    3.700ns
    Clock Pessimism Removal (CPR):    0.273ns
  Clock Uncertainty:      0.035ns  ((TSJ^2 + TIJ^2)^1/2 + DJ) / 2 + PE
    Total System Jitter     (TSJ):    0.071ns
    Total Input Jitter      (TIJ):    0.000ns
    Discrete Jitter          (DJ):    0.000ns
    Phase Error              (PE):    0.000ns
  Clock Net Delay (Source):      2.615ns (routing 1.261ns, distribution 1.354ns)
  Clock Net Delay (Destination): 2.396ns (routing 1.148ns, distribution 1.248ns)

    Location             Delay type                Incr(ns)  Path(ns)    Netlist Resource(s)
  -------------------------------------------------------------------    -------------------
                         (clock clk_100m_p rise edge)
                                                      0.000     0.000 r  
    AY24                                              0.000     0.000 r  clk_100m_p (IN)
                         net (fo=0)                   0.000     0.000    u_control_soc/u_clk_100m_ibufds/I
    HPIOBDIFFINBUF_X0Y106
                         DIFFINBUF (Prop_DIFFINBUF_HPIOBDIFFINBUF_DIFF_IN_P_O)
                                                      0.688     0.688 r  u_control_soc/u_clk_100m_ibufds/DIFFINBUF_INST/O
                         net (fo=1, estimated)        0.050     0.738    u_control_soc/u_clk_100m_ibufds/OUT
    AY24                 IBUFCTRL (Prop_IBUFCTRL_HPIOB_M_I_O)
                                                      0.000     0.738 r  u_control_soc/u_clk_100m_ibufds/IBUFCTRL_INST/O
                         net (fo=1, estimated)        0.319     1.057    u_control_soc/clk_100m_ibuf
    BUFGCE_X0Y106        BUFGCE (Prop_BUFCE_BUFGCE_I_O)
                                                      0.028     1.085 r  u_control_soc/u_clk_100m_bufg/O
    X2Y6 (CLOCK_ROOT)    net (fo=91804, estimated)    2.615     3.700    u_control_soc/camera_ref_clk
    SLICE_X112Y251       FDCE                                         r  u_control_soc/ddr_calib_sync_reg[1]/C
  -------------------------------------------------------------------    -------------------
    SLICE_X112Y251       FDCE (Prop_AFF2_SLICEL_C_Q)
                                                      0.081     3.781 r  u_control_soc/ddr_calib_sync_reg[1]/Q
                         net (fo=1, estimated)        0.178     3.959    u_control_soc/ddr_calib_sync[1]
    SLICE_X112Y251       LUT2 (Prop_H6LUT_SLICEL_I1_O)
                                                      0.036     3.995 r  u_control_soc/u_vphy_i_1/O
                         net (fo=5054, estimated)     3.079     7.074    u_camera_hdmi/u_hdmi/u_phy/u_vphy/inst/p_0_in_4
    SLICE_X9Y374         FDCE                                         f  u_camera_hdmi/u_hdmi/u_phy/u_vphy/inst/b0_MMCM_RX_DRP_LOCKED_DLY_CNT_reg[12]/CLR  (IS_INVERTED)
  -------------------------------------------------------------------    -------------------

                         (clock clk_100m_p rise edge)
                                                     10.000    10.000 r  
    AY24                                              0.000    10.000 r  clk_100m_p (IN)
                         net (fo=0)                   0.000    10.000    u_control_soc/u_clk_100m_ibufds/I
    HPIOBDIFFINBUF_X0Y106
                         DIFFINBUF (Prop_DIFFINBUF_HPIOBDIFFINBUF_DIFF_IN_P_O)
                                                      0.578    10.578 r  u_control_soc/u_clk_100m_ibufds/DIFFINBUF_INST/O
                         net (fo=1, estimated)        0.040    10.618    u_control_soc/u_clk_100m_ibufds/OUT
    AY24                 IBUFCTRL (Prop_IBUFCTRL_HPIOB_M_I_O)
                                                      0.000    10.618 r  u_control_soc/u_clk_100m_ibufds/IBUFCTRL_INST/O
                         net (fo=1, estimated)        0.283    10.901    u_control_soc/clk_100m_ibuf
    BUFGCE_X0Y106        BUFGCE (Prop_BUFCE_BUFGCE_I_O)
                                                      0.024    10.925 r  u_control_soc/u_clk_100m_bufg/O
    X2Y6 (CLOCK_ROOT)    net (fo=91804, estimated)    2.396    13.321    u_camera_hdmi/u_hdmi/u_phy/u_vphy/inst/vid_phy_axi4lite_aclk
    SLICE_X9Y374         FDCE                                         r  u_camera_hdmi/u_hdmi/u_phy/u_vphy/inst/b0_MMCM_RX_DRP_LOCKED_DLY_CNT_reg[12]/C
                         clock pessimism              0.273    13.594    
                         clock uncertainty           -0.035    13.559    
    SLICE_X9Y374         FDCE (Recov_DFF_SLICEL_C_CLR)
                                                     -0.066    13.493    u_camera_hdmi/u_hdmi/u_phy/u_vphy/inst/b0_MMCM_RX_DRP_LOCKED_DLY_CNT_reg[12]
  -------------------------------------------------------------------
                         required time                         13.493    
                         arrival time                          -7.074    
  -------------------------------------------------------------------
                         slack                                  6.419    





---------------------------------------------------------------------------------------------------
Path Group:  **async_default**
From Clock:  clkout2
  To Clock:  clkout2

Setup :            0  Failing Endpoints,  Worst Slack        2.190ns,  Total Violation        0.000ns
Hold  :           NA  Failing Endpoints,  Worst Slack           NA  ,  Total Violation           NA
---------------------------------------------------------------------------------------------------


Max Delay Paths
--------------------------------------------------------------------------------------
Slack (MET) :             2.190ns  (required time - arrival time)
  Source:                 u_camera_hdmi/u_hdmi/u_rx/u_hdmi_rx/inst/v_hdmi_rx/inst/SYS_INST/VRST_INST/XPM_RST_INST/syncstages_ff_reg[3]/C
                            (rising edge-triggered cell FDRE clocked by clkout2  {rise@0.000ns fall@1.684ns period=3.367ns})
  Destination:            u_camera_hdmi/u_hdmi/u_rx/u_hdmi_rx/inst/v_hdmi_rx/inst/SYS_INST/CORE_INST/CH0_INST/VID_INST/gen_ch0.vclk_dcs_ts_reg[2]/CLR
                            (recovery check against rising-edge clock clkout2  {rise@0.000ns fall@1.684ns period=3.367ns})
  Path Group:             **async_default**
  Path Type:              Recovery (Max at Slow Process Corner)
  Requirement:            3.367ns  (clkout2 rise@3.367ns - clkout2 rise@0.000ns)
  Data Path Delay:        0.789ns  (logic 0.079ns (10.013%)  route 0.710ns (89.987%))
  Logic Levels:           0  
  Clock Path Skew:        -0.268ns (DCD - SCD + CPR)
    Destination Clock Delay (DCD):    4.963ns = ( 8.330 - 3.367 ) 
    Source Clock Delay      (SCD):    5.137ns
    Clock Pessimism Removal (CPR):    -0.093ns
  Clock Uncertainty:      0.054ns  ((TSJ^2 + DJ^2)^1/2) / 2 + PE
    Total System Jitter     (TSJ):    0.071ns
    Discrete Jitter          (DJ):    0.082ns
    Phase Error              (PE):    0.000ns
  Clock Net Delay (Source):      2.433ns (routing 1.458ns, distribution 0.975ns)
  Clock Net Delay (Destination): 2.032ns (routing 1.325ns, distribution 0.707ns)

    Location             Delay type                Incr(ns)  Path(ns)    Netlist Resource(s)
  -------------------------------------------------------------------    -------------------
                         (clock clkout2 rise edge)    0.000     0.000 r  
    GTYE4_COMMON_X0Y5                                 0.000     0.000 r  hdmi_rx_clk_p (IN)
                         net (fo=0)                   0.000     0.000    u_camera_hdmi/u_hdmi/u_phy/u_vphy/inst/gt_usrclk_source_inst/mgtrefclk0_pad_p_in
    GTYE4_COMMON_X0Y5    IBUFDS_GTE4 (Prop_IBUFDS0_GTYE4_GTYE4_COMMON_I_ODIV2)
                                                      0.397     0.397 r  u_camera_hdmi/u_hdmi/u_phy/u_vphy/inst/gt_usrclk_source_inst/IBUFDS_GTE4_MGTREFCLK0_INST/ODIV2
                         net (fo=2, estimated)        0.085     0.482    u_camera_hdmi/u_hdmi/u_phy/u_vphy/inst/gt_usrclk_source_inst/q0_clk0_gtrefclk_div1_i
    BUFG_GT_X0Y137       BUFG_GT (Prop_BUFG_GT_I_O)
                                                      0.130     0.612 r  u_camera_hdmi/u_hdmi/u_phy/u_vphy/inst/gt_usrclk_source_inst/bufg_gt_gtrefclk0_odiv2_inst/O
                         net (fo=25, estimated)       1.947     2.559    u_camera_hdmi/u_hdmi/u_phy/u_vphy/inst/gt_usrclk_source_inst/rx_mmcm.rxoutclk_mmcm0_i/CLK_IN
    MMCM_X0Y7            MMCME4_ADV (Prop_MMCM_CLKIN1_CLKOUT2)
                                                     -0.127     2.432 r  u_camera_hdmi/u_hdmi/u_phy/u_vphy/inst/gt_usrclk_source_inst/rx_mmcm.rxoutclk_mmcm0_i/mmcm_adv_inst/CLKOUT2
                         net (fo=2, estimated)        0.244     2.676    u_camera_hdmi/u_hdmi/u_phy/u_vphy/inst/gt_usrclk_source_inst/rx_mmcm.rxoutclk_mmcm0_i/clkout2
    BUFGCE_X0Y169        BUFGCE (Prop_BUFCE_BUFGCE_I_O)
                                                      0.028     2.704 r  u_camera_hdmi/u_hdmi/u_phy/u_vphy/inst/gt_usrclk_source_inst/rx_mmcm.rxoutclk_mmcm0_i/rx_clkout2_buf/O
    X2Y5 (CLOCK_ROOT)    net (fo=1369, estimated)     2.433     5.137    u_camera_hdmi/u_hdmi/u_rx/u_hdmi_rx/inst/v_hdmi_rx/inst/SYS_INST/VRST_INST/XPM_RST_INST/dest_clk
    SLICE_X100Y375       FDRE                                         r  u_camera_hdmi/u_hdmi/u_rx/u_hdmi_rx/inst/v_hdmi_rx/inst/SYS_INST/VRST_INST/XPM_RST_INST/syncstages_ff_reg[3]/C
  -------------------------------------------------------------------    -------------------
    SLICE_X100Y375       FDRE (Prop_GFF2_SLICEM_C_Q)
                                                      0.079     5.216 f  u_camera_hdmi/u_hdmi/u_rx/u_hdmi_rx/inst/v_hdmi_rx/inst/SYS_INST/VRST_INST/XPM_RST_INST/syncstages_ff_reg[3]/Q
                         net (fo=546, estimated)      0.710     5.926    u_camera_hdmi/u_hdmi/u_rx/u_hdmi_rx/inst/v_hdmi_rx/inst/SYS_INST/CORE_INST/CH0_INST/VID_INST/AR[0]
    SLICE_X93Y353        FDCE                                         f  u_camera_hdmi/u_hdmi/u_rx/u_hdmi_rx/inst/v_hdmi_rx/inst/SYS_INST/CORE_INST/CH0_INST/VID_INST/gen_ch0.vclk_dcs_ts_reg[2]/CLR
  -------------------------------------------------------------------    -------------------

                         (clock clkout2 rise edge)    3.367     3.367 r  
    GTYE4_COMMON_X0Y5                                 0.000     3.367 r  hdmi_rx_clk_p (IN)
                         net (fo=0)                   0.000     3.367    u_camera_hdmi/u_hdmi/u_phy/u_vphy/inst/gt_usrclk_source_inst/mgtrefclk0_pad_p_in
    GTYE4_COMMON_X0Y5    IBUFDS_GTE4 (Prop_IBUFDS0_GTYE4_GTYE4_COMMON_I_ODIV2)
                                                      0.123     3.490 r  u_camera_hdmi/u_hdmi/u_phy/u_vphy/inst/gt_usrclk_source_inst/IBUFDS_GTE4_MGTREFCLK0_INST/ODIV2
                         net (fo=2, estimated)        0.078     3.568    u_camera_hdmi/u_hdmi/u_phy/u_vphy/inst/gt_usrclk_source_inst/q0_clk0_gtrefclk_div1_i
    BUFG_GT_X0Y137       BUFG_GT (Prop_BUFG_GT_I_O)
                                                      0.114     3.682 r  u_camera_hdmi/u_hdmi/u_phy/u_vphy/inst/gt_usrclk_source_inst/bufg_gt_gtrefclk0_odiv2_inst/O
                         net (fo=25, estimated)       1.748     5.430    u_camera_hdmi/u_hdmi/u_phy/u_vphy/inst/gt_usrclk_source_inst/rx_mmcm.rxoutclk_mmcm0_i/CLK_IN
    MMCM_X0Y7            MMCME4_ADV (Prop_MMCM_CLKIN1_CLKOUT2)
                                                      0.630     6.060 r  u_camera_hdmi/u_hdmi/u_phy/u_vphy/inst/gt_usrclk_source_inst/rx_mmcm.rxoutclk_mmcm0_i/mmcm_adv_inst/CLKOUT2
                         net (fo=2, estimated)        0.214     6.274    u_camera_hdmi/u_hdmi/u_phy/u_vphy/inst/gt_usrclk_source_inst/rx_mmcm.rxoutclk_mmcm0_i/clkout2
    BUFGCE_X0Y169        BUFGCE (Prop_BUFCE_BUFGCE_I_O)
                                                      0.024     6.298 r  u_camera_hdmi/u_hdmi/u_phy/u_vphy/inst/gt_usrclk_source_inst/rx_mmcm.rxoutclk_mmcm0_i/rx_clkout2_buf/O
    X2Y5 (CLOCK_ROOT)    net (fo=1369, estimated)     2.032     8.330    u_camera_hdmi/u_hdmi/u_rx/u_hdmi_rx/inst/v_hdmi_rx/inst/SYS_INST/CORE_INST/CH0_INST/VID_INST/video_clk
    SLICE_X93Y353        FDCE                                         r  u_camera_hdmi/u_hdmi/u_rx/u_hdmi_rx/inst/v_hdmi_rx/inst/SYS_INST/CORE_INST/CH0_INST/VID_INST/gen_ch0.vclk_dcs_ts_reg[2]/C
                         clock pessimism             -0.093     8.236    
                         clock uncertainty           -0.054     8.182    
    SLICE_X93Y353        FDCE (Recov_DFF2_SLICEL_C_CLR)
                                                     -0.066     8.116    u_camera_hdmi/u_hdmi/u_rx/u_hdmi_rx/inst/v_hdmi_rx/inst/SYS_INST/CORE_INST/CH0_INST/VID_INST/gen_ch0.vclk_dcs_ts_reg[2]
  -------------------------------------------------------------------
                         required time                          8.116    
                         arrival time                          -5.926    
  -------------------------------------------------------------------
                         slack                                  2.190    





---------------------------------------------------------------------------------------------------
Path Group:  **async_default**
From Clock:  clkout2_1
  To Clock:  clkout2_1

Setup :            0  Failing Endpoints,  Worst Slack        2.385ns,  Total Violation        0.000ns
Hold  :           NA  Failing Endpoints,  Worst Slack           NA  ,  Total Violation           NA
---------------------------------------------------------------------------------------------------


Max Delay Paths
--------------------------------------------------------------------------------------
Slack (MET) :             2.385ns  (required time - arrival time)
  Source:                 u_camera_hdmi/u_hdmi/u_tx/u_hdmi_tx/inst/v_hdmi_tx/inst/SYS_INST/VRST_INST/XPM_RST_INST/syncstages_ff_reg[3]/C
                            (rising edge-triggered cell FDRE clocked by clkout2_1  {rise@0.000ns fall@1.684ns period=3.367ns})
  Destination:            u_camera_hdmi/u_hdmi/u_tx/u_hdmi_tx/inst/v_hdmi_tx/inst/SYS_INST/CORE_INST/CH0_INST/VID_WO_ARB.VID_INST/vclk_vid_reg[stripe][3][0]/CLR
                            (recovery check against rising-edge clock clkout2_1  {rise@0.000ns fall@1.684ns period=3.367ns})
  Path Group:             **async_default**
  Path Type:              Recovery (Max at Slow Process Corner)
  Requirement:            3.367ns  (clkout2_1 rise@3.367ns - clkout2_1 rise@0.000ns)
  Data Path Delay:        0.749ns  (logic 0.081ns (10.814%)  route 0.668ns (89.186%))
  Logic Levels:           0  
  Clock Path Skew:        -0.113ns (DCD - SCD + CPR)
    Destination Clock Delay (DCD):    4.882ns = ( 8.249 - 3.367 ) 
    Source Clock Delay      (SCD):    4.873ns
    Clock Pessimism Removal (CPR):    -0.121ns
  Clock Uncertainty:      0.054ns  ((TSJ^2 + DJ^2)^1/2) / 2 + PE
    Total System Jitter     (TSJ):    0.071ns
    Discrete Jitter          (DJ):    0.082ns
    Phase Error              (PE):    0.000ns
  Clock Net Delay (Source):      2.118ns (routing 1.130ns, distribution 0.988ns)
  Clock Net Delay (Destination): 1.904ns (routing 1.029ns, distribution 0.875ns)

    Location             Delay type                Incr(ns)  Path(ns)    Netlist Resource(s)
  -------------------------------------------------------------------    -------------------
                         (clock clkout2_1 rise edge)
                                                      0.000     0.000 r  
    GTYE4_COMMON_X0Y6                                 0.000     0.000 r  hdmi_tx_refclk_p (IN)
                         net (fo=0)                   0.000     0.000    u_camera_hdmi/u_hdmi/u_phy/u_tx_refclk_ibuf/U0/IBUF_DS_P[0]
    GTYE4_COMMON_X0Y6    IBUFDS_GTE4 (Prop_IBUFDS0_GTYE4_GTYE4_COMMON_I_ODIV2)
                                                      0.382     0.382 r  u_camera_hdmi/u_hdmi/u_phy/u_tx_refclk_ibuf/U0/USE_IBUFDS_GTE4.GEN_IBUFDS_GTE4[0].IBUFDS_GTE4_I/ODIV2
                         net (fo=2, estimated)        0.085     0.467    u_camera_hdmi/u_hdmi/u_phy/u_tx_refclk_bufg/U0/BUFG_GT_I[0]
    BUFG_GT_X0Y155       BUFG_GT (Prop_BUFG_GT_I_O)
                                                      0.130     0.597 r  u_camera_hdmi/u_hdmi/u_phy/u_tx_refclk_bufg/U0/USE_BUFG_GT.GEN_BUFG_GT[0].BUFG_GT_U/O
                         net (fo=25, estimated)       2.013     2.610    u_camera_hdmi/u_hdmi/u_phy/u_vphy/inst/gt_usrclk_source_inst/tx_mmcm.txoutclk_mmcm0_i/gtsouthrefclk0_odiv2_in
    MMCM_X0Y6            MMCME4_ADV (Prop_MMCM_CLKIN1_CLKOUT2)
                                                     -0.127     2.483 r  u_camera_hdmi/u_hdmi/u_phy/u_vphy/inst/gt_usrclk_source_inst/tx_mmcm.txoutclk_mmcm0_i/mmcm_adv_inst/CLKOUT2
                         net (fo=2, estimated)        0.244     2.727    u_camera_hdmi/u_hdmi/u_phy/u_vphy/inst/gt_usrclk_source_inst/tx_mmcm.txoutclk_mmcm0_i/clkout2
    BUFGCE_X0Y162        BUFGCE (Prop_BUFCE_BUFGCE_I_O)
                                                      0.028     2.755 r  u_camera_hdmi/u_hdmi/u_phy/u_vphy/inst/gt_usrclk_source_inst/tx_mmcm.txoutclk_mmcm0_i/tx_clkout2_buf/O
    X2Y5 (CLOCK_ROOT)    net (fo=3552, estimated)     2.118     4.873    u_camera_hdmi/u_hdmi/u_tx/u_hdmi_tx/inst/v_hdmi_tx/inst/SYS_INST/VRST_INST/XPM_RST_INST/dest_clk
    SLICE_X82Y350        FDRE                                         r  u_camera_hdmi/u_hdmi/u_tx/u_hdmi_tx/inst/v_hdmi_tx/inst/SYS_INST/VRST_INST/XPM_RST_INST/syncstages_ff_reg[3]/C
  -------------------------------------------------------------------    -------------------
    SLICE_X82Y350        FDRE (Prop_GFF2_SLICEL_C_Q)
                                                      0.081     4.954 f  u_camera_hdmi/u_hdmi/u_tx/u_hdmi_tx/inst/v_hdmi_tx/inst/SYS_INST/VRST_INST/XPM_RST_INST/syncstages_ff_reg[3]/Q
                         net (fo=259, estimated)      0.668     5.622    u_camera_hdmi/u_hdmi/u_tx/u_hdmi_tx/inst/v_hdmi_tx/inst/SYS_INST/CORE_INST/CH0_INST/VID_WO_ARB.VID_INST/AR[0]
    SLICE_X80Y375        FDCE                                         f  u_camera_hdmi/u_hdmi/u_tx/u_hdmi_tx/inst/v_hdmi_tx/inst/SYS_INST/CORE_INST/CH0_INST/VID_WO_ARB.VID_INST/vclk_vid_reg[stripe][3][0]/CLR
  -------------------------------------------------------------------    -------------------

                         (clock clkout2_1 rise edge)
                                                      3.367     3.367 r  
    GTYE4_COMMON_X0Y6                                 0.000     3.367 r  hdmi_tx_refclk_p (IN)
                         net (fo=0)                   0.000     3.367    u_camera_hdmi/u_hdmi/u_phy/u_tx_refclk_ibuf/U0/IBUF_DS_P[0]
    GTYE4_COMMON_X0Y6    IBUFDS_GTE4 (Prop_IBUFDS0_GTYE4_GTYE4_COMMON_I_ODIV2)
                                                      0.108     3.475 r  u_camera_hdmi/u_hdmi/u_phy/u_tx_refclk_ibuf/U0/USE_IBUFDS_GTE4.GEN_IBUFDS_GTE4[0].IBUFDS_GTE4_I/ODIV2
                         net (fo=2, estimated)        0.078     3.553    u_camera_hdmi/u_hdmi/u_phy/u_tx_refclk_bufg/U0/BUFG_GT_I[0]
    BUFG_GT_X0Y155       BUFG_GT (Prop_BUFG_GT_I_O)
                                                      0.114     3.667 r  u_camera_hdmi/u_hdmi/u_phy/u_tx_refclk_bufg/U0/USE_BUFG_GT.GEN_BUFG_GT[0].BUFG_GT_U/O
                         net (fo=25, estimated)       1.810     5.477    u_camera_hdmi/u_hdmi/u_phy/u_vphy/inst/gt_usrclk_source_inst/tx_mmcm.txoutclk_mmcm0_i/gtsouthrefclk0_odiv2_in
    MMCM_X0Y6            MMCME4_ADV (Prop_MMCM_CLKIN1_CLKOUT2)
                                                      0.630     6.107 r  u_camera_hdmi/u_hdmi/u_phy/u_vphy/inst/gt_usrclk_source_inst/tx_mmcm.txoutclk_mmcm0_i/mmcm_adv_inst/CLKOUT2
                         net (fo=2, estimated)        0.214     6.321    u_camera_hdmi/u_hdmi/u_phy/u_vphy/inst/gt_usrclk_source_inst/tx_mmcm.txoutclk_mmcm0_i/clkout2
    BUFGCE_X0Y162        BUFGCE (Prop_BUFCE_BUFGCE_I_O)
                                                      0.024     6.345 r  u_camera_hdmi/u_hdmi/u_phy/u_vphy/inst/gt_usrclk_source_inst/tx_mmcm.txoutclk_mmcm0_i/tx_clkout2_buf/O
    X2Y5 (CLOCK_ROOT)    net (fo=3552, estimated)     1.904     8.249    u_camera_hdmi/u_hdmi/u_tx/u_hdmi_tx/inst/v_hdmi_tx/inst/SYS_INST/CORE_INST/CH0_INST/VID_WO_ARB.VID_INST/video_clk
    SLICE_X80Y375        FDCE                                         r  u_camera_hdmi/u_hdmi/u_tx/u_hdmi_tx/inst/v_hdmi_tx/inst/SYS_INST/CORE_INST/CH0_INST/VID_WO_ARB.VID_INST/vclk_vid_reg[stripe][3][0]/C
                         clock pessimism             -0.121     8.127    
                         clock uncertainty           -0.054     8.073    
    SLICE_X80Y375        FDCE (Recov_CFF_SLICEL_C_CLR)
                                                     -0.066     8.007    u_camera_hdmi/u_hdmi/u_tx/u_hdmi_tx/inst/v_hdmi_tx/inst/SYS_INST/CORE_INST/CH0_INST/VID_WO_ARB.VID_INST/vclk_vid_reg[stripe][3][0]
  -------------------------------------------------------------------
                         required time                          8.007    
                         arrival time                          -5.622    
  -------------------------------------------------------------------
                         slack                                  2.385    





---------------------------------------------------------------------------------------------------
Path Group:  **async_default**
From Clock:  dbg_hub/inst/BSCANID.u_xsdbm_id/SWITCH_N_EXT_BSCAN.bscan_inst/SERIES7_BSCAN.bscan_inst/INTERNAL_TCK
  To Clock:  dbg_hub/inst/BSCANID.u_xsdbm_id/SWITCH_N_EXT_BSCAN.bscan_inst/SERIES7_BSCAN.bscan_inst/INTERNAL_TCK

Setup :            0  Failing Endpoints,  Worst Slack       44.781ns,  Total Violation        0.000ns
Hold  :           NA  Failing Endpoints,  Worst Slack           NA  ,  Total Violation           NA
---------------------------------------------------------------------------------------------------


Max Delay Paths
--------------------------------------------------------------------------------------
Slack (MET) :             44.781ns  (required time - arrival time)
  Source:                 dbg_hub/inst/BSCANID.u_xsdbm_id/SWITCH_N_EXT_BSCAN.bscan_switch/portno_reg[3]/C
                            (rising edge-triggered cell FDRE clocked by dbg_hub/inst/BSCANID.u_xsdbm_id/SWITCH_N_EXT_BSCAN.bscan_inst/SERIES7_BSCAN.bscan_inst/INTERNAL_TCK  {rise@0.000ns fall@25.000ns period=50.000ns})
  Destination:            dbg_hub/inst/BSCANID.u_xsdbm_id/CORE_XSDB.U_ICON/U_CMD/iTARGET_reg[12]/CLR
                            (recovery check against rising-edge clock dbg_hub/inst/BSCANID.u_xsdbm_id/SWITCH_N_EXT_BSCAN.bscan_inst/SERIES7_BSCAN.bscan_inst/INTERNAL_TCK  {rise@0.000ns fall@25.000ns period=50.000ns})
  Path Group:             **async_default**
  Path Type:              Recovery (Max at Slow Process Corner)
  Requirement:            50.000ns  (dbg_hub/inst/BSCANID.u_xsdbm_id/SWITCH_N_EXT_BSCAN.bscan_inst/SERIES7_BSCAN.bscan_inst/INTERNAL_TCK rise@50.000ns - dbg_hub/inst/BSCANID.u_xsdbm_id/SWITCH_N_EXT_BSCAN.bscan_inst/SERIES7_BSCAN.bscan_inst/INTERNAL_TCK rise@0.000ns)
  Data Path Delay:        4.555ns  (logic 0.297ns (6.520%)  route 4.258ns (93.480%))
  Logic Levels:           2  (LUT4=1 LUT6=1)
  Clock Path Skew:        -0.429ns (DCD - SCD + CPR)
    Destination Clock Delay (DCD):    4.000ns = ( 54.000 - 50.000 ) 
    Source Clock Delay      (SCD):    9.007ns
    Clock Pessimism Removal (CPR):    4.578ns
  Clock Uncertainty:      0.035ns  ((TSJ^2 + TIJ^2)^1/2 + DJ) / 2 + PE
    Total System Jitter     (TSJ):    0.071ns
    Total Input Jitter      (TIJ):    0.000ns
    Discrete Jitter          (DJ):    0.000ns
    Phase Error              (PE):    0.000ns
  Inter-SLR Compensation: 0.134ns  ((DCD - CCD) * PF)
    Destination Clock Delay (DCD):    4.000ns
    Common Clock Delay      (CCD):    3.108ns
    Prorating Factor         (PF):    0.150
  Clock Net Delay (Source):      2.581ns (routing 1.260ns, distribution 1.321ns)
  Clock Net Delay (Destination): 2.038ns (routing 1.146ns, distribution 0.892ns)

    Location             Delay type                Incr(ns)  Path(ns)    Netlist Resource(s)
  -------------------------------------------------------------------    -------------------
                         (clock dbg_hub/inst/BSCANID.u_xsdbm_id/SWITCH_N_EXT_BSCAN.bscan_inst/SERIES7_BSCAN.bscan_inst/INTERNAL_TCK rise edge)
                                                      0.000     0.000 r  
    CONFIG_SITE_X0Y1     BSCANE2                      0.000     0.000 r  dbg_hub/inst/BSCANID.u_xsdbm_id/SWITCH_N_EXT_BSCAN.bscan_inst/SERIES7_BSCAN.bscan_inst/INTERNAL_TCK
    CONFIG_SITE_X0Y1     BSCANE2 (Prop_BSCAN1_CONFIG_SITE_INTERNAL_TCK_TCK)
                                                      4.300     4.300 r  dbg_hub/inst/BSCANID.u_xsdbm_id/SWITCH_N_EXT_BSCAN.bscan_inst/SERIES7_BSCAN.bscan_inst/TCK
                         net (fo=1, estimated)        2.098     6.398    dbg_hub/inst/BSCANID.u_xsdbm_id/tck_bs
    BUFGCE_X0Y125        BUFGCE (Prop_BUFCE_BUFGCE_I_O)
                                                      0.028     6.426 r  dbg_hub/inst/BSCANID.u_xsdbm_id/SWITCH_N_EXT_BSCAN.u_bufg_icon_tck/O
    X5Y3 (CLOCK_ROOT)    net (fo=478, estimated)      2.581     9.007    dbg_hub/inst/BSCANID.u_xsdbm_id/SWITCH_N_EXT_BSCAN.bscan_switch/s_bscan_tck
    SLICE_X221Y341       FDRE                                         r  dbg_hub/inst/BSCANID.u_xsdbm_id/SWITCH_N_EXT_BSCAN.bscan_switch/portno_reg[3]/C
  -------------------------------------------------------------------    -------------------
    SLICE_X221Y341       FDRE (Prop_FFF2_SLICEL_C_Q)
                                                      0.081     9.088 f  dbg_hub/inst/BSCANID.u_xsdbm_id/SWITCH_N_EXT_BSCAN.bscan_switch/portno_reg[3]/Q
                         net (fo=1, estimated)        0.164     9.252    dbg_hub/inst/BSCANID.u_xsdbm_id/SWITCH_N_EXT_BSCAN.bscan_switch/portno[3]
    SLICE_X221Y341       LUT6 (Prop_H6LUT_SLICEL_I0_O)
                                                      0.150     9.402 f  dbg_hub/inst/BSCANID.u_xsdbm_id/SWITCH_N_EXT_BSCAN.bscan_switch/m_bscan_drck[0]_INST_0_i_1/O
                         net (fo=5, estimated)        0.449     9.851    dbg_hub/inst/BSCANID.u_xsdbm_id/SWITCH_N_EXT_BSCAN.bscan_switch/m_bscan_drck[0]_INST_0_i_1_n_0
    SLICE_X220Y341       LUT4 (Prop_D5LUT_SLICEM_I3_O)
                                                      0.066     9.917 r  dbg_hub/inst/BSCANID.u_xsdbm_id/SWITCH_N_EXT_BSCAN.bscan_switch/m_bscan_sel[0]_INST_0/O
                         net (fo=11, estimated)       3.645    13.562    dbg_hub/inst/BSCANID.u_xsdbm_id/CORE_XSDB.U_ICON/U_CMD/iTARGET_reg[6]_0
    SLR Crossing[1->0]   
    SLICE_X139Y137       FDCE                                         f  dbg_hub/inst/BSCANID.u_xsdbm_id/CORE_XSDB.U_ICON/U_CMD/iTARGET_reg[12]/CLR  (IS_INVERTED)
  -------------------------------------------------------------------    -------------------

                         (clock dbg_hub/inst/BSCANID.u_xsdbm_id/SWITCH_N_EXT_BSCAN.bscan_inst/SERIES7_BSCAN.bscan_inst/INTERNAL_TCK rise edge)
                                                     50.000    50.000 r  
    CONFIG_SITE_X0Y1     BSCANE2                      0.000    50.000 r  dbg_hub/inst/BSCANID.u_xsdbm_id/SWITCH_N_EXT_BSCAN.bscan_inst/SERIES7_BSCAN.bscan_inst/INTERNAL_TCK
    CONFIG_SITE_X0Y1     BSCANE2 (Prop_BSCAN1_CONFIG_SITE_INTERNAL_TCK_TCK)
                                                      0.465    50.465 r  dbg_hub/inst/BSCANID.u_xsdbm_id/SWITCH_N_EXT_BSCAN.bscan_inst/SERIES7_BSCAN.bscan_inst/TCK
                         net (fo=1, estimated)        1.473    51.938    dbg_hub/inst/BSCANID.u_xsdbm_id/tck_bs
    BUFGCE_X0Y125        BUFGCE (Prop_BUFCE_BUFGCE_I_O)
                                                      0.024    51.962 r  dbg_hub/inst/BSCANID.u_xsdbm_id/SWITCH_N_EXT_BSCAN.u_bufg_icon_tck/O
    X5Y3 (CLOCK_ROOT)    net (fo=478, estimated)      2.038    54.000    dbg_hub/inst/BSCANID.u_xsdbm_id/CORE_XSDB.U_ICON/U_CMD/m_bscan_tck[0]
    SLR Crossing[1->0]   
    SLICE_X139Y137       FDCE                                         r  dbg_hub/inst/BSCANID.u_xsdbm_id/CORE_XSDB.U_ICON/U_CMD/iTARGET_reg[12]/C
                         clock pessimism              4.578    58.578    
                         inter-SLR compensation      -0.134    58.444    
                         clock uncertainty           -0.035    58.409    
    SLICE_X139Y137       FDCE (Recov_EFF_SLICEM_C_CLR)
                                                     -0.066    58.343    dbg_hub/inst/BSCANID.u_xsdbm_id/CORE_XSDB.U_ICON/U_CMD/iTARGET_reg[12]
  -------------------------------------------------------------------
                         required time                         58.343    
                         arrival time                         -13.562    
  -------------------------------------------------------------------
                         slack                                 44.781    





---------------------------------------------------------------------------------------------------
Path Group:  **async_default**
From Clock:  hdmi_rx_mgt_refclk
  To Clock:  hdmi_rx_mgt_refclk

Setup :            0  Failing Endpoints,  Worst Slack        2.691ns,  Total Violation        0.000ns
Hold  :           NA  Failing Endpoints,  Worst Slack           NA  ,  Total Violation           NA
---------------------------------------------------------------------------------------------------


Max Delay Paths
--------------------------------------------------------------------------------------
Slack (MET) :             2.691ns  (required time - arrival time)
  Source:                 u_camera_hdmi/u_hdmi/u_phy/u_vphy/inst/clock_detector_inst/RXCLK_RST_INST/arststages_ff_reg[2]/C
                            (rising edge-triggered cell FDPE clocked by hdmi_rx_mgt_refclk  {rise@0.000ns fall@1.684ns period=3.367ns})
  Destination:            u_camera_hdmi/u_hdmi/u_phy/u_vphy/inst/clock_detector_inst/rxclk_freq_cnt_reg[0]/CLR
                            (recovery check against rising-edge clock hdmi_rx_mgt_refclk  {rise@0.000ns fall@1.684ns period=3.367ns})
  Path Group:             **async_default**
  Path Type:              Recovery (Max at Slow Process Corner)
  Requirement:            3.367ns  (hdmi_rx_mgt_refclk rise@3.367ns - hdmi_rx_mgt_refclk rise@0.000ns)
  Data Path Delay:        0.494ns  (logic 0.080ns (16.194%)  route 0.414ns (83.806%))
  Logic Levels:           0  
  Clock Path Skew:        -0.081ns (DCD - SCD + CPR)
    Destination Clock Delay (DCD):    2.198ns = ( 5.565 - 3.367 ) 
    Source Clock Delay      (SCD):    2.737ns
    Clock Pessimism Removal (CPR):    0.459ns
  Clock Uncertainty:      0.035ns  ((TSJ^2 + TIJ^2)^1/2 + DJ) / 2 + PE
    Total System Jitter     (TSJ):    0.071ns
    Total Input Jitter      (TIJ):    0.000ns
    Discrete Jitter          (DJ):    0.000ns
    Phase Error              (PE):    0.000ns
  Clock Net Delay (Source):      2.125ns (routing 1.062ns, distribution 1.063ns)
  Clock Net Delay (Destination): 1.883ns (routing 0.965ns, distribution 0.918ns)

    Location             Delay type                Incr(ns)  Path(ns)    Netlist Resource(s)
  -------------------------------------------------------------------    -------------------
                         (clock hdmi_rx_mgt_refclk rise edge)
                                                      0.000     0.000 r  
    GTYE4_COMMON_X0Y5                                 0.000     0.000 r  hdmi_rx_clk_p (IN)
                         net (fo=0)                   0.000     0.000    u_camera_hdmi/u_hdmi/u_phy/u_vphy/inst/gt_usrclk_source_inst/mgtrefclk0_pad_p_in
    GTYE4_COMMON_X0Y5    IBUFDS_GTE4 (Prop_IBUFDS0_GTYE4_GTYE4_COMMON_I_ODIV2)
                                                      0.397     0.397 r  u_camera_hdmi/u_hdmi/u_phy/u_vphy/inst/gt_usrclk_source_inst/IBUFDS_GTE4_MGTREFCLK0_INST/ODIV2
                         net (fo=2, estimated)        0.085     0.482    u_camera_hdmi/u_hdmi/u_phy/u_vphy/inst/gt_usrclk_source_inst/q0_clk0_gtrefclk_div1_i
    BUFG_GT_X0Y137       BUFG_GT (Prop_BUFG_GT_I_O)
                                                      0.130     0.612 r  u_camera_hdmi/u_hdmi/u_phy/u_vphy/inst/gt_usrclk_source_inst/bufg_gt_gtrefclk0_odiv2_inst/O
    X2Y6 (CLOCK_ROOT)    net (fo=25, estimated)       2.125     2.737    u_camera_hdmi/u_hdmi/u_phy/u_vphy/inst/clock_detector_inst/RXCLK_RST_INST/dest_clk
    SLICE_X15Y361        FDPE                                         r  u_camera_hdmi/u_hdmi/u_phy/u_vphy/inst/clock_detector_inst/RXCLK_RST_INST/arststages_ff_reg[2]/C
  -------------------------------------------------------------------    -------------------
    SLICE_X15Y361        FDPE (Prop_BFF2_SLICEL_C_Q)
                                                      0.080     2.817 f  u_camera_hdmi/u_hdmi/u_phy/u_vphy/inst/clock_detector_inst/RXCLK_RST_INST/arststages_ff_reg[2]/Q
                         net (fo=18, estimated)       0.414     3.231    u_camera_hdmi/u_hdmi/u_phy/u_vphy/inst/clock_detector_inst/rxclk_rst
    SLICE_X13Y360        FDCE                                         f  u_camera_hdmi/u_hdmi/u_phy/u_vphy/inst/clock_detector_inst/rxclk_freq_cnt_reg[0]/CLR
  -------------------------------------------------------------------    -------------------

                         (clock hdmi_rx_mgt_refclk rise edge)
                                                      3.367     3.367 r  
    GTYE4_COMMON_X0Y5                                 0.000     3.367 r  hdmi_rx_clk_p (IN)
                         net (fo=0)                   0.000     3.367    u_camera_hdmi/u_hdmi/u_phy/u_vphy/inst/gt_usrclk_source_inst/mgtrefclk0_pad_p_in
    GTYE4_COMMON_X0Y5    IBUFDS_GTE4 (Prop_IBUFDS0_GTYE4_GTYE4_COMMON_I_ODIV2)
                                                      0.123     3.490 r  u_camera_hdmi/u_hdmi/u_phy/u_vphy/inst/gt_usrclk_source_inst/IBUFDS_GTE4_MGTREFCLK0_INST/ODIV2
                         net (fo=2, estimated)        0.078     3.568    u_camera_hdmi/u_hdmi/u_phy/u_vphy/inst/gt_usrclk_source_inst/q0_clk0_gtrefclk_div1_i
    BUFG_GT_X0Y137       BUFG_GT (Prop_BUFG_GT_I_O)
                                                      0.114     3.682 r  u_camera_hdmi/u_hdmi/u_phy/u_vphy/inst/gt_usrclk_source_inst/bufg_gt_gtrefclk0_odiv2_inst/O
    X2Y6 (CLOCK_ROOT)    net (fo=25, estimated)       1.883     5.565    u_camera_hdmi/u_hdmi/u_phy/u_vphy/inst/clock_detector_inst/mgtrefclk0_odiv2_i
    SLICE_X13Y360        FDCE                                         r  u_camera_hdmi/u_hdmi/u_phy/u_vphy/inst/clock_detector_inst/rxclk_freq_cnt_reg[0]/C
                         clock pessimism              0.459     6.024    
                         clock uncertainty           -0.035     5.988    
    SLICE_X13Y360        FDCE (Recov_AFF_SLICEM_C_CLR)
                                                     -0.066     5.922    u_camera_hdmi/u_hdmi/u_phy/u_vphy/inst/clock_detector_inst/rxclk_freq_cnt_reg[0]
  -------------------------------------------------------------------
                         required time                          5.922    
                         arrival time                          -3.231    
  -------------------------------------------------------------------
                         slack                                  2.691    





---------------------------------------------------------------------------------------------------
Path Group:  **async_default**
From Clock:  hdmi_tx_mgt_refclk
  To Clock:  hdmi_tx_mgt_refclk

Setup :            0  Failing Endpoints,  Worst Slack        2.548ns,  Total Violation        0.000ns
Hold  :           NA  Failing Endpoints,  Worst Slack           NA  ,  Total Violation           NA
---------------------------------------------------------------------------------------------------


Max Delay Paths
--------------------------------------------------------------------------------------
Slack (MET) :             2.548ns  (required time - arrival time)
  Source:                 u_camera_hdmi/u_hdmi/u_phy/u_vphy/inst/clock_detector_inst/TXCLK_RST_INST/arststages_ff_reg[2]/C
                            (rising edge-triggered cell FDPE clocked by hdmi_tx_mgt_refclk  {rise@0.000ns fall@1.684ns period=3.367ns})
  Destination:            u_camera_hdmi/u_hdmi/u_phy/u_vphy/inst/clock_detector_inst/txclk_freq_cnt_reg[0]/CLR
                            (recovery check against rising-edge clock hdmi_tx_mgt_refclk  {rise@0.000ns fall@1.684ns period=3.367ns})
  Path Group:             **async_default**
  Path Type:              Recovery (Max at Slow Process Corner)
  Requirement:            3.367ns  (hdmi_tx_mgt_refclk rise@3.367ns - hdmi_tx_mgt_refclk rise@0.000ns)
  Data Path Delay:        0.508ns  (logic 0.080ns (15.748%)  route 0.428ns (84.252%))
  Logic Levels:           0  
  Clock Path Skew:        -0.210ns (DCD - SCD + CPR)
    Destination Clock Delay (DCD):    2.247ns = ( 5.614 - 3.367 ) 
    Source Clock Delay      (SCD):    2.855ns
    Clock Pessimism Removal (CPR):    0.399ns
  Clock Uncertainty:      0.035ns  ((TSJ^2 + TIJ^2)^1/2 + DJ) / 2 + PE
    Total System Jitter     (TSJ):    0.071ns
    Total Input Jitter      (TIJ):    0.000ns
    Discrete Jitter          (DJ):    0.000ns
    Phase Error              (PE):    0.000ns
  Clock Net Delay (Source):      2.258ns (routing 1.123ns, distribution 1.135ns)
  Clock Net Delay (Destination): 1.947ns (routing 1.022ns, distribution 0.925ns)

    Location             Delay type                Incr(ns)  Path(ns)    Netlist Resource(s)
  -------------------------------------------------------------------    -------------------
                         (clock hdmi_tx_mgt_refclk rise edge)
                                                      0.000     0.000 r  
    GTYE4_COMMON_X0Y6                                 0.000     0.000 r  hdmi_tx_refclk_p (IN)
                         net (fo=0)                   0.000     0.000    u_camera_hdmi/u_hdmi/u_phy/u_tx_refclk_ibuf/U0/IBUF_DS_P[0]
    GTYE4_COMMON_X0Y6    IBUFDS_GTE4 (Prop_IBUFDS0_GTYE4_GTYE4_COMMON_I_ODIV2)
                                                      0.382     0.382 r  u_camera_hdmi/u_hdmi/u_phy/u_tx_refclk_ibuf/U0/USE_IBUFDS_GTE4.GEN_IBUFDS_GTE4[0].IBUFDS_GTE4_I/ODIV2
                         net (fo=2, estimated)        0.085     0.467    u_camera_hdmi/u_hdmi/u_phy/u_tx_refclk_bufg/U0/BUFG_GT_I[0]
    BUFG_GT_X0Y155       BUFG_GT (Prop_BUFG_GT_I_O)
                                                      0.130     0.597 r  u_camera_hdmi/u_hdmi/u_phy/u_tx_refclk_bufg/U0/USE_BUFG_GT.GEN_BUFG_GT[0].BUFG_GT_U/O
    X2Y5 (CLOCK_ROOT)    net (fo=25, estimated)       2.258     2.855    u_camera_hdmi/u_hdmi/u_phy/u_vphy/inst/clock_detector_inst/TXCLK_RST_INST/dest_clk
    SLICE_X10Y364        FDPE                                         r  u_camera_hdmi/u_hdmi/u_phy/u_vphy/inst/clock_detector_inst/TXCLK_RST_INST/arststages_ff_reg[2]/C
  -------------------------------------------------------------------    -------------------
    SLICE_X10Y364        FDPE (Prop_BFF2_SLICEL_C_Q)
                                                      0.080     2.935 f  u_camera_hdmi/u_hdmi/u_phy/u_vphy/inst/clock_detector_inst/TXCLK_RST_INST/arststages_ff_reg[2]/Q
                         net (fo=18, estimated)       0.428     3.363    u_camera_hdmi/u_hdmi/u_phy/u_vphy/inst/clock_detector_inst/txclk_rst
    SLICE_X9Y358         FDCE                                         f  u_camera_hdmi/u_hdmi/u_phy/u_vphy/inst/clock_detector_inst/txclk_freq_cnt_reg[0]/CLR
  -------------------------------------------------------------------    -------------------

                         (clock hdmi_tx_mgt_refclk rise edge)
                                                      3.367     3.367 r  
    GTYE4_COMMON_X0Y6                                 0.000     3.367 r  hdmi_tx_refclk_p (IN)
                         net (fo=0)                   0.000     3.367    u_camera_hdmi/u_hdmi/u_phy/u_tx_refclk_ibuf/U0/IBUF_DS_P[0]
    GTYE4_COMMON_X0Y6    IBUFDS_GTE4 (Prop_IBUFDS0_GTYE4_GTYE4_COMMON_I_ODIV2)
                                                      0.108     3.475 r  u_camera_hdmi/u_hdmi/u_phy/u_tx_refclk_ibuf/U0/USE_IBUFDS_GTE4.GEN_IBUFDS_GTE4[0].IBUFDS_GTE4_I/ODIV2
                         net (fo=2, estimated)        0.078     3.553    u_camera_hdmi/u_hdmi/u_phy/u_tx_refclk_bufg/U0/BUFG_GT_I[0]
    BUFG_GT_X0Y155       BUFG_GT (Prop_BUFG_GT_I_O)
                                                      0.114     3.667 r  u_camera_hdmi/u_hdmi/u_phy/u_tx_refclk_bufg/U0/USE_BUFG_GT.GEN_BUFG_GT[0].BUFG_GT_U/O
    X2Y5 (CLOCK_ROOT)    net (fo=25, estimated)       1.947     5.614    u_camera_hdmi/u_hdmi/u_phy/u_vphy/inst/clock_detector_inst/gtsouthrefclk0_odiv2_in
    SLICE_X9Y358         FDCE                                         r  u_camera_hdmi/u_hdmi/u_phy/u_vphy/inst/clock_detector_inst/txclk_freq_cnt_reg[0]/C
                         clock pessimism              0.399     6.012    
                         clock uncertainty           -0.035     5.977    
    SLICE_X9Y358         FDCE (Recov_AFF_SLICEL_C_CLR)
                                                     -0.066     5.911    u_camera_hdmi/u_hdmi/u_phy/u_vphy/inst/clock_detector_inst/txclk_freq_cnt_reg[0]
  -------------------------------------------------------------------
                         required time                          5.911    
                         arrival time                          -3.363    
  -------------------------------------------------------------------
                         slack                                  2.548    





---------------------------------------------------------------------------------------------------
Path Group:  **async_default**
From Clock:  mmcm_clkout0
  To Clock:  mmcm_clkout0

Setup :            3  Failing Endpoints,  Worst Slack       -0.178ns,  Total Violation       -0.535ns
Hold  :           NA  Failing Endpoints,  Worst Slack           NA  ,  Total Violation           NA
---------------------------------------------------------------------------------------------------


Max Delay Paths
--------------------------------------------------------------------------------------
Slack (VIOLATED) :        -0.178ns  (required time - arrival time)
  Source:                 u_ddr_memory/u_ddr_bd/design_1_i/ddr4_0/inst/u_ddr4_mem_intfc/u_ddr_cal_top/calDone_gated_reg/C
                            (rising edge-triggered cell FDRE clocked by mmcm_clkout0  {rise@0.000ns fall@1.666ns period=3.332ns})
  Destination:            u_ddr_memory/ddr_reset_sync_reg[0]/CLR
                            (recovery check against rising-edge clock mmcm_clkout0  {rise@0.000ns fall@1.666ns period=3.332ns})
  Path Group:             **async_default**
  Path Type:              Recovery (Max at Slow Process Corner)
  Requirement:            3.332ns  (mmcm_clkout0 rise@3.332ns - mmcm_clkout0 rise@0.000ns)
  Data Path Delay:        3.153ns  (logic 0.114ns (3.616%)  route 3.039ns (96.384%))
  Logic Levels:           1  (LUT2=1)
  Clock Path Skew:        0.061ns (DCD - SCD + CPR)
    Destination Clock Delay (DCD):    4.479ns = ( 7.811 - 3.332 ) 
    Source Clock Delay      (SCD):    3.942ns
    Clock Pessimism Removal (CPR):    -0.476ns
  Clock Uncertainty:      0.052ns  ((TSJ^2 + DJ^2)^1/2) / 2 + PE
    Total System Jitter     (TSJ):    0.071ns
    Discrete Jitter          (DJ):    0.077ns
    Phase Error              (PE):    0.000ns
  Inter-SLR Compensation: 0.300ns  ((DCD - CCD) * PF)
    Destination Clock Delay (DCD):    4.479ns
    Common Clock Delay      (CCD):    2.479ns
    Prorating Factor         (PF):    0.150
  Clock Net Delay (Source):      2.866ns (routing 0.927ns, distribution 1.939ns)
  Clock Net Delay (Destination): 2.839ns (routing 0.839ns, distribution 2.000ns)

    Location             Delay type                Incr(ns)  Path(ns)    Netlist Resource(s)
  -------------------------------------------------------------------    -------------------
                         (clock mmcm_clkout0 rise edge)
                                                      0.000     0.000 r  
    BA27                                              0.000     0.000 r  c0_sys_clk_p (IN)
                         net (fo=0)                   0.000     0.000    u_ddr_memory/u_ddr_bd/design_1_i/ddr4_0/inst/u_ddr4_mem_intfc/u_mig_ddr4_phy/inst/u_ddr4_phy_pll/diff_input_clk.u_ibufg_sys_clk/I
    HPIOBDIFFINBUF_X0Y35 DIFFINBUF (Prop_DIFFINBUF_HPIOBDIFFINBUF_DIFF_IN_P_O)
                                                      0.484     0.484 r  u_ddr_memory/u_ddr_bd/design_1_i/ddr4_0/inst/u_ddr4_mem_intfc/u_mig_ddr4_phy/inst/u_ddr4_phy_pll/diff_input_clk.u_ibufg_sys_clk/DIFFINBUF_INST/O
                         net (fo=1, estimated)        0.050     0.534    u_ddr_memory/u_ddr_bd/design_1_i/ddr4_0/inst/u_ddr4_mem_intfc/u_mig_ddr4_phy/inst/u_ddr4_phy_pll/diff_input_clk.u_ibufg_sys_clk/OUT
    BA27                 IBUFCTRL (Prop_IBUFCTRL_HPIOB_M_I_O)
                                                      0.000     0.534 r  u_ddr_memory/u_ddr_bd/design_1_i/ddr4_0/inst/u_ddr4_mem_intfc/u_mig_ddr4_phy/inst/u_ddr4_phy_pll/diff_input_clk.u_ibufg_sys_clk/IBUFCTRL_INST/O
                         net (fo=2, estimated)        0.397     0.931    u_ddr_memory/u_ddr_bd/design_1_i/ddr4_0/inst/u_ddr4_infrastructure/mmcm_clk_in
    MMCM_X0Y1            MMCME4_ADV (Prop_MMCM_CLKIN1_CLKOUT0)
                                                     -0.127     0.804 r  u_ddr_memory/u_ddr_bd/design_1_i/ddr4_0/inst/u_ddr4_infrastructure/gen_mmcme4.u_mmcme_adv_inst/CLKOUT0
                         net (fo=1, estimated)        0.244     1.048    u_ddr_memory/u_ddr_bd/design_1_i/ddr4_0/inst/u_ddr4_infrastructure/mmcm_clkout0
    BUFGCE_X0Y38         BUFGCE (Prop_BUFCE_BUFGCE_I_O)
                                                      0.028     1.076 r  u_ddr_memory/u_ddr_bd/design_1_i/ddr4_0/inst/u_ddr4_infrastructure/u_bufg_divClk/O
    X4Y3 (CLOCK_ROOT)    net (fo=112236, estimated)
                                                      2.866     3.942    u_ddr_memory/u_ddr_bd/design_1_i/ddr4_0/inst/u_ddr4_mem_intfc/u_ddr_cal_top/dReg_reg[10]
    SLICE_X119Y179       FDRE                                         r  u_ddr_memory/u_ddr_bd/design_1_i/ddr4_0/inst/u_ddr4_mem_intfc/u_ddr_cal_top/calDone_gated_reg/C
  -------------------------------------------------------------------    -------------------
    SLICE_X119Y179       FDRE (Prop_AFF_SLICEL_C_Q)
                                                      0.079     4.021 r  u_ddr_memory/u_ddr_bd/design_1_i/ddr4_0/inst/u_ddr4_mem_intfc/u_ddr_cal_top/calDone_gated_reg/Q
                         net (fo=69, estimated)       2.869     6.890    u_ddr_memory/u_ddr_bd/init_calib_complete
    SLR Crossing[0->1]   
    SLICE_X79Y346        LUT2 (Prop_A6LUT_SLICEL_I1_O)
                                                      0.035     6.925 f  u_ddr_memory/u_ddr_bd/ddr_reset_sync[2]_i_1/O
                         net (fo=3, estimated)        0.170     7.095    u_ddr_memory/u_ddr_bd_n_799
    SLICE_X79Y346        FDCE                                         f  u_ddr_memory/ddr_reset_sync_reg[0]/CLR
  -------------------------------------------------------------------    -------------------

                         (clock mmcm_clkout0 rise edge)
                                                      3.332     3.332 r  
    BA27                                              0.000     3.332 r  c0_sys_clk_p (IN)
                         net (fo=0)                   0.000     3.332    u_ddr_memory/u_ddr_bd/design_1_i/ddr4_0/inst/u_ddr4_mem_intfc/u_mig_ddr4_phy/inst/u_ddr4_phy_pll/diff_input_clk.u_ibufg_sys_clk/I
    HPIOBDIFFINBUF_X0Y35 DIFFINBUF (Prop_DIFFINBUF_HPIOBDIFFINBUF_DIFF_IN_P_O)
                                                      0.388     3.720 r  u_ddr_memory/u_ddr_bd/design_1_i/ddr4_0/inst/u_ddr4_mem_intfc/u_mig_ddr4_phy/inst/u_ddr4_phy_pll/diff_input_clk.u_ibufg_sys_clk/DIFFINBUF_INST/O
                         net (fo=1, estimated)        0.040     3.760    u_ddr_memory/u_ddr_bd/design_1_i/ddr4_0/inst/u_ddr4_mem_intfc/u_mig_ddr4_phy/inst/u_ddr4_phy_pll/diff_input_clk.u_ibufg_sys_clk/OUT
    BA27                 IBUFCTRL (Prop_IBUFCTRL_HPIOB_M_I_O)
                                                      0.000     3.760 r  u_ddr_memory/u_ddr_bd/design_1_i/ddr4_0/inst/u_ddr4_mem_intfc/u_mig_ddr4_phy/inst/u_ddr4_phy_pll/diff_input_clk.u_ibufg_sys_clk/IBUFCTRL_INST/O
                         net (fo=2, estimated)        0.344     4.104    u_ddr_memory/u_ddr_bd/design_1_i/ddr4_0/inst/u_ddr4_infrastructure/mmcm_clk_in
    MMCM_X0Y1            MMCME4_ADV (Prop_MMCM_CLKIN1_CLKOUT0)
                                                      0.630     4.734 r  u_ddr_memory/u_ddr_bd/design_1_i/ddr4_0/inst/u_ddr4_infrastructure/gen_mmcme4.u_mmcme_adv_inst/CLKOUT0
                         net (fo=1, estimated)        0.214     4.948    u_ddr_memory/u_ddr_bd/design_1_i/ddr4_0/inst/u_ddr4_infrastructure/mmcm_clkout0
    BUFGCE_X0Y38         BUFGCE (Prop_BUFCE_BUFGCE_I_O)
                                                      0.024     4.972 r  u_ddr_memory/u_ddr_bd/design_1_i/ddr4_0/inst/u_ddr4_infrastructure/u_bufg_divClk/O
    X4Y3 (CLOCK_ROOT)    net (fo=112236, estimated)
                                                      2.839     7.811    u_ddr_memory/ddr4_ui_clk
    SLR Crossing[0->1]   
    SLICE_X79Y346        FDCE                                         r  u_ddr_memory/ddr_reset_sync_reg[0]/C
                         clock pessimism             -0.476     7.335    
                         inter-SLR compensation      -0.300     7.035    
                         clock uncertainty           -0.052     6.982    
    SLICE_X79Y346        FDCE (Recov_AFF2_SLICEL_C_CLR)
                                                     -0.066     6.916    u_ddr_memory/ddr_reset_sync_reg[0]
  -------------------------------------------------------------------
                         required time                          6.916    
                         arrival time                          -7.095    
  -------------------------------------------------------------------
                         slack                                 -0.178    





---------------------------------------------------------------------------------------------------
Path Group:  **async_default**
From Clock:  mmcm_clkout5
  To Clock:  mmcm_clkout5

Setup :            0  Failing Endpoints,  Worst Slack       12.503ns,  Total Violation        0.000ns
Hold  :           NA  Failing Endpoints,  Worst Slack           NA  ,  Total Violation           NA
---------------------------------------------------------------------------------------------------


Max Delay Paths
--------------------------------------------------------------------------------------
Slack (MET) :             12.503ns  (required time - arrival time)
  Source:                 dbg_hub/inst/BSCANID.u_xsdbm_id/CORE_XSDB.UUT_MASTER/U_ICON_INTERFACE/U_CMD1/ctl_reg_reg[0]/C
                            (rising edge-triggered cell FDRE clocked by mmcm_clkout5  {rise@0.000ns fall@6.664ns period=13.328ns})
  Destination:            dbg_hub/inst/BSCANID.u_xsdbm_id/CORE_XSDB.UUT_MASTER/U_XSDB_BUS_CONTROLLER/FSM_onehot_current_state_reg[18]/CLR
                            (recovery check against rising-edge clock mmcm_clkout5  {rise@0.000ns fall@6.664ns period=13.328ns})
  Path Group:             **async_default**
  Path Type:              Recovery (Max at Slow Process Corner)
  Requirement:            13.328ns  (mmcm_clkout5 rise@13.328ns - mmcm_clkout5 rise@0.000ns)
  Data Path Delay:        0.594ns  (logic 0.078ns (13.131%)  route 0.516ns (86.869%))
  Logic Levels:           0  
  Clock Path Skew:        -0.104ns (DCD - SCD + CPR)
    Destination Clock Delay (DCD):    2.936ns = ( 16.264 - 13.328 ) 
    Source Clock Delay      (SCD):    2.586ns
    Clock Pessimism Removal (CPR):    -0.454ns
  Clock Uncertainty:      0.061ns  ((TSJ^2 + DJ^2)^1/2) / 2 + PE
    Total System Jitter     (TSJ):    0.071ns
    Discrete Jitter          (DJ):    0.100ns
    Phase Error              (PE):    0.000ns
  Clock Net Delay (Source):      1.522ns (routing 0.708ns, distribution 0.814ns)
  Clock Net Delay (Destination): 1.306ns (routing 0.644ns, distribution 0.662ns)

    Location             Delay type                Incr(ns)  Path(ns)    Netlist Resource(s)
  -------------------------------------------------------------------    -------------------
                         (clock mmcm_clkout5 rise edge)
                                                      0.000     0.000 r  
    BA27                                              0.000     0.000 r  c0_sys_clk_p (IN)
                         net (fo=0)                   0.000     0.000    u_ddr_memory/u_ddr_bd/design_1_i/ddr4_0/inst/u_ddr4_mem_intfc/u_mig_ddr4_phy/inst/u_ddr4_phy_pll/diff_input_clk.u_ibufg_sys_clk/I
    HPIOBDIFFINBUF_X0Y35 DIFFINBUF (Prop_DIFFINBUF_HPIOBDIFFINBUF_DIFF_IN_P_O)
                                                      0.484     0.484 r  u_ddr_memory/u_ddr_bd/design_1_i/ddr4_0/inst/u_ddr4_mem_intfc/u_mig_ddr4_phy/inst/u_ddr4_phy_pll/diff_input_clk.u_ibufg_sys_clk/DIFFINBUF_INST/O
                         net (fo=1, estimated)        0.050     0.534    u_ddr_memory/u_ddr_bd/design_1_i/ddr4_0/inst/u_ddr4_mem_intfc/u_mig_ddr4_phy/inst/u_ddr4_phy_pll/diff_input_clk.u_ibufg_sys_clk/OUT
    BA27                 IBUFCTRL (Prop_IBUFCTRL_HPIOB_M_I_O)
                                                      0.000     0.534 r  u_ddr_memory/u_ddr_bd/design_1_i/ddr4_0/inst/u_ddr4_mem_intfc/u_mig_ddr4_phy/inst/u_ddr4_phy_pll/diff_input_clk.u_ibufg_sys_clk/IBUFCTRL_INST/O
                         net (fo=2, estimated)        0.397     0.931    u_ddr_memory/u_ddr_bd/design_1_i/ddr4_0/inst/u_ddr4_infrastructure/mmcm_clk_in
    MMCM_X0Y1            MMCME4_ADV (Prop_MMCM_CLKIN1_CLKOUT5)
                                                     -0.127     0.804 r  u_ddr_memory/u_ddr_bd/design_1_i/ddr4_0/inst/u_ddr4_infrastructure/gen_mmcme4.u_mmcme_adv_inst/CLKOUT5
                         net (fo=1, estimated)        0.232     1.036    u_ddr_memory/u_ddr_bd/design_1_i/ddr4_0/inst/u_ddr4_infrastructure/mmcm_clkout5
    BUFGCE_X0Y37         BUFGCE (Prop_BUFCE_BUFGCE_I_O)
                                                      0.028     1.064 r  u_ddr_memory/u_ddr_bd/design_1_i/ddr4_0/inst/u_ddr4_infrastructure/u_bufg_dbg_clk/O
    X4Y2 (CLOCK_ROOT)    net (fo=568, estimated)      1.522     2.586    dbg_hub/inst/BSCANID.u_xsdbm_id/CORE_XSDB.UUT_MASTER/U_ICON_INTERFACE/U_CMD1/clk
    SLICE_X139Y134       FDRE                                         r  dbg_hub/inst/BSCANID.u_xsdbm_id/CORE_XSDB.UUT_MASTER/U_ICON_INTERFACE/U_CMD1/ctl_reg_reg[0]/C
  -------------------------------------------------------------------    -------------------
    SLICE_X139Y134       FDRE (Prop_DFF_SLICEM_C_Q)
                                                      0.078     2.664 f  dbg_hub/inst/BSCANID.u_xsdbm_id/CORE_XSDB.UUT_MASTER/U_ICON_INTERFACE/U_CMD1/ctl_reg_reg[0]/Q
                         net (fo=176, estimated)      0.516     3.180    dbg_hub/inst/BSCANID.u_xsdbm_id/CORE_XSDB.UUT_MASTER/U_XSDB_BUS_CONTROLLER/out[0]
    SLICE_X142Y143       FDCE                                         f  dbg_hub/inst/BSCANID.u_xsdbm_id/CORE_XSDB.UUT_MASTER/U_XSDB_BUS_CONTROLLER/FSM_onehot_current_state_reg[18]/CLR
  -------------------------------------------------------------------    -------------------

                         (clock mmcm_clkout5 rise edge)
                                                     13.328    13.328 r  
    BA27                                              0.000    13.328 r  c0_sys_clk_p (IN)
                         net (fo=0)                   0.000    13.328    u_ddr_memory/u_ddr_bd/design_1_i/ddr4_0/inst/u_ddr4_mem_intfc/u_mig_ddr4_phy/inst/u_ddr4_phy_pll/diff_input_clk.u_ibufg_sys_clk/I
    HPIOBDIFFINBUF_X0Y35 DIFFINBUF (Prop_DIFFINBUF_HPIOBDIFFINBUF_DIFF_IN_P_O)
                                                      0.388    13.716 r  u_ddr_memory/u_ddr_bd/design_1_i/ddr4_0/inst/u_ddr4_mem_intfc/u_mig_ddr4_phy/inst/u_ddr4_phy_pll/diff_input_clk.u_ibufg_sys_clk/DIFFINBUF_INST/O
                         net (fo=1, estimated)        0.040    13.756    u_ddr_memory/u_ddr_bd/design_1_i/ddr4_0/inst/u_ddr4_mem_intfc/u_mig_ddr4_phy/inst/u_ddr4_phy_pll/diff_input_clk.u_ibufg_sys_clk/OUT
    BA27                 IBUFCTRL (Prop_IBUFCTRL_HPIOB_M_I_O)
                                                      0.000    13.756 r  u_ddr_memory/u_ddr_bd/design_1_i/ddr4_0/inst/u_ddr4_mem_intfc/u_mig_ddr4_phy/inst/u_ddr4_phy_pll/diff_input_clk.u_ibufg_sys_clk/IBUFCTRL_INST/O
                         net (fo=2, estimated)        0.344    14.100    u_ddr_memory/u_ddr_bd/design_1_i/ddr4_0/inst/u_ddr4_infrastructure/mmcm_clk_in
    MMCM_X0Y1            MMCME4_ADV (Prop_MMCM_CLKIN1_CLKOUT5)
                                                      0.630    14.730 r  u_ddr_memory/u_ddr_bd/design_1_i/ddr4_0/inst/u_ddr4_infrastructure/gen_mmcme4.u_mmcme_adv_inst/CLKOUT5
                         net (fo=1, estimated)        0.204    14.934    u_ddr_memory/u_ddr_bd/design_1_i/ddr4_0/inst/u_ddr4_infrastructure/mmcm_clkout5
    BUFGCE_X0Y37         BUFGCE (Prop_BUFCE_BUFGCE_I_O)
                                                      0.024    14.958 r  u_ddr_memory/u_ddr_bd/design_1_i/ddr4_0/inst/u_ddr4_infrastructure/u_bufg_dbg_clk/O
    X4Y2 (CLOCK_ROOT)    net (fo=568, estimated)      1.306    16.264    dbg_hub/inst/BSCANID.u_xsdbm_id/CORE_XSDB.UUT_MASTER/U_XSDB_BUS_CONTROLLER/clk
    SLICE_X142Y143       FDCE                                         r  dbg_hub/inst/BSCANID.u_xsdbm_id/CORE_XSDB.UUT_MASTER/U_XSDB_BUS_CONTROLLER/FSM_onehot_current_state_reg[18]/C
                         clock pessimism             -0.454    15.810    
                         clock uncertainty           -0.061    15.748    
    SLICE_X142Y143       FDCE (Recov_AFF_SLICEM_C_CLR)
                                                     -0.066    15.682    dbg_hub/inst/BSCANID.u_xsdbm_id/CORE_XSDB.UUT_MASTER/U_XSDB_BUS_CONTROLLER/FSM_onehot_current_state_reg[18]
  -------------------------------------------------------------------
                         required time                         15.682    
                         arrival time                          -3.180    
  -------------------------------------------------------------------
                         slack                                 12.503    





---------------------------------------------------------------------------------------------------
Path Group:  **async_default**
From Clock:  rocket_bscan_tck
  To Clock:  rocket_bscan_tck

Setup :            0  Failing Endpoints,  Worst Slack       32.484ns,  Total Violation        0.000ns
Hold  :           NA  Failing Endpoints,  Worst Slack           NA  ,  Total Violation           NA
---------------------------------------------------------------------------------------------------


Max Delay Paths
--------------------------------------------------------------------------------------
Slack (MET) :             32.484ns  (required time - arrival time)
  Source:                 u_control_soc/u_rocket/chiptop0/system_debug_systemjtag_reset_catcher/io_sync_reset_chain/output_chain/sync_0_reg/C
                            (rising edge-triggered cell FDCE clocked by rocket_bscan_tck  {rise@0.000ns fall@33.333ns period=66.667ns})
  Destination:            u_control_soc/u_rocket/chiptop0/system/dtm/tapIO_controllerInternal/tdoeReg_reg/CLR
                            (recovery check against rising-edge clock rocket_bscan_tck  {rise@0.000ns fall@33.333ns period=66.667ns})
  Path Group:             **async_default**
  Path Type:              Recovery (Max at Slow Process Corner)
  Requirement:            33.333ns  (rocket_bscan_tck fall@33.333ns - rocket_bscan_tck rise@0.000ns)
  Data Path Delay:        0.457ns  (logic 0.079ns (17.287%)  route 0.378ns (82.713%))
  Logic Levels:           0  
  Clock Path Skew:        -0.090ns (DCD - SCD + CPR)
    Destination Clock Delay (DCD):    3.901ns = ( 37.234 - 33.333 ) 
    Source Clock Delay      (SCD):    10.230ns
    Clock Pessimism Removal (CPR):    6.239ns
  Clock Uncertainty:      0.235ns  ((TSJ^2 + TIJ^2)^1/2 + DJ) / 2 + PE + DCD
    Total System Jitter     (TSJ):    0.071ns
    Total Input Jitter      (TIJ):    0.000ns
    Discrete Jitter          (DJ):    0.000ns
    Phase Error              (PE):    0.000ns
    Duty Cycle Distortion   (DCD):    0.200ns
  Clock Net Delay (Source):      1.985ns (routing 1.076ns, distribution 0.909ns)
  Clock Net Delay (Destination): 1.749ns (routing 0.985ns, distribution 0.764ns)

    Location             Delay type                Incr(ns)  Path(ns)    Netlist Resource(s)
  -------------------------------------------------------------------    -------------------
                         (clock rocket_bscan_tck rise edge)
                                                      0.000     0.000 r  
    CONFIG_SITE_X0Y1     BSCANE2                      0.000     0.000 r  u_control_soc/u_rocket/chiptop0/inst_jtag_tunnel/bscane2/INTERNAL_TCK
    CONFIG_SITE_X0Y1     BSCANE2 (Prop_BSCAN4_CONFIG_SITE_INTERNAL_TCK_TCK)
                                                      5.900     5.900 r  u_control_soc/u_rocket/chiptop0/inst_jtag_tunnel/bscane2/TCK
                         net (fo=25, estimated)       2.317     8.217    u_control_soc/u_rocket/chiptop0/inst_jtag_tunnel/bscane2_0
    BUFGCE_X0Y128        BUFGCE (Prop_BUFCE_BUFGCE_I_O)
                                                      0.028     8.245 r  u_control_soc/u_rocket/chiptop0/inst_jtag_tunnel/bufgce/O
    X1Y5 (CLOCK_ROOT)    net (fo=289, estimated)      1.985    10.230    u_control_soc/u_rocket/chiptop0/system_debug_systemjtag_reset_catcher/io_sync_reset_chain/output_chain/sync_0_reg_1
    SLICE_X62Y354        FDCE                                         r  u_control_soc/u_rocket/chiptop0/system_debug_systemjtag_reset_catcher/io_sync_reset_chain/output_chain/sync_0_reg/C
  -------------------------------------------------------------------    -------------------
    SLICE_X62Y354        FDCE (Prop_EFF_SLICEL_C_Q)
                                                      0.079    10.309 r  u_control_soc/u_rocket/chiptop0/system_debug_systemjtag_reset_catcher/io_sync_reset_chain/output_chain/sync_0_reg/Q
                         net (fo=54, estimated)       0.378    10.687    u_control_soc/u_rocket/chiptop0/system/dtm/tapIO_controllerInternal/_system_debug_systemjtag_reset_catcher_io_sync_reset
    SLICE_X66Y351        FDCE                                         f  u_control_soc/u_rocket/chiptop0/system/dtm/tapIO_controllerInternal/tdoeReg_reg/CLR  (IS_INVERTED)
  -------------------------------------------------------------------    -------------------

                         (clock rocket_bscan_tck fall edge)
                                                     33.333    33.333 f  
    CONFIG_SITE_X0Y1     BSCANE2                      0.000    33.333 f  u_control_soc/u_rocket/chiptop0/inst_jtag_tunnel/bscane2/INTERNAL_TCK
    CONFIG_SITE_X0Y1     BSCANE2 (Prop_BSCAN4_CONFIG_SITE_INTERNAL_TCK_TCK)
                                                      0.465    33.798 f  u_control_soc/u_rocket/chiptop0/inst_jtag_tunnel/bscane2/TCK
                         net (fo=25, estimated)       1.663    35.461    u_control_soc/u_rocket/chiptop0/inst_jtag_tunnel/bscane2_0
    BUFGCE_X0Y128        BUFGCE (Prop_BUFCE_BUFGCE_I_O)
                                                      0.024    35.485 f  u_control_soc/u_rocket/chiptop0/inst_jtag_tunnel/bufgce/O
    X1Y5 (CLOCK_ROOT)    net (fo=289, estimated)      1.749    37.234    u_control_soc/u_rocket/chiptop0/system/dtm/tapIO_controllerInternal/CLK
    SLICE_X66Y351        FDCE                                         r  u_control_soc/u_rocket/chiptop0/system/dtm/tapIO_controllerInternal/tdoeReg_reg/C  (IS_INVERTED)
                         clock pessimism              6.239    43.473    
                         clock uncertainty           -0.235    43.237    
    SLICE_X66Y351        FDCE (Recov_DFF2_SLICEL_C_CLR)
                                                     -0.066    43.171    u_control_soc/u_rocket/chiptop0/system/dtm/tapIO_controllerInternal/tdoeReg_reg
  -------------------------------------------------------------------
                         required time                         43.171    
                         arrival time                         -10.687    
  -------------------------------------------------------------------
                         slack                                 32.484    





---------------------------------------------------------------------------------------------------
Path Group:  **async_default**
From Clock:  rxoutclk
  To Clock:  rxoutclk

Setup :            0  Failing Endpoints,  Worst Slack        1.436ns,  Total Violation        0.000ns
Hold  :           NA  Failing Endpoints,  Worst Slack           NA  ,  Total Violation           NA
---------------------------------------------------------------------------------------------------


Max Delay Paths
--------------------------------------------------------------------------------------
Slack (MET) :             1.436ns  (required time - arrival time)
  Source:                 u_camera_hdmi/u_hdmi/u_rx/u_hdmi_rx/inst/v_hdmi_rx/inst/SYS_INST/LRST_INST/XPM_RST_INST/syncstages_ff_reg[3]/C
                            (rising edge-triggered cell FDRE clocked by rxoutclk  {rise@0.000ns fall@1.684ns period=3.367ns})
  Destination:            u_camera_hdmi/u_hdmi/u_rx/u_hdmi_rx/inst/v_hdmi_rx/inst/SYS_INST/CORE_INST/CH0_INST/ALN_INST/gen_wa_sd[8].WA_SD_INST/clk_det_reg[0][1]/CLR
                            (recovery check against rising-edge clock rxoutclk  {rise@0.000ns fall@1.684ns period=3.367ns})
  Path Group:             **async_default**
  Path Type:              Recovery (Max at Slow Process Corner)
  Requirement:            3.367ns  (rxoutclk rise@3.367ns - rxoutclk rise@0.000ns)
  Data Path Delay:        1.727ns  (logic 0.081ns (4.690%)  route 1.646ns (95.310%))
  Logic Levels:           0  
  Clock Path Skew:        -0.092ns (DCD - SCD + CPR)
    Destination Clock Delay (DCD):    1.739ns = ( 5.106 - 3.367 ) 
    Source Clock Delay      (SCD):    1.898ns
    Clock Pessimism Removal (CPR):    0.067ns
  Clock Uncertainty:      0.046ns  ((TSJ^2 + DJ^2)^1/2) / 2 + PE
    Total System Jitter     (TSJ):    0.071ns
    Discrete Jitter          (DJ):    0.060ns
    Phase Error              (PE):    0.000ns
  Clock Net Delay (Source):      1.682ns (routing 0.511ns, distribution 1.171ns)
  Clock Net Delay (Destination): 1.546ns (routing 0.467ns, distribution 1.079ns)

    Location             Delay type                Incr(ns)  Path(ns)    Netlist Resource(s)
  -------------------------------------------------------------------    -------------------
                         (clock rxoutclk rise edge)
                                                      0.000     0.000 r  
    GTYE4_CHANNEL_X0Y20  GTYE4_CHANNEL                0.000     0.000 r  u_camera_hdmi/u_hdmi/u_phy/u_vphy/inst/gt_wrapper_inst/inst/gen_gtwizard_gtye4_top.vid_phy_controller_0_gtwrapper_gtwizard_gtye4_inst/gen_gtwizard_gtye4.gen_channel_container[5].gen_enabled_channel.gtye4_channel_wrapper_inst/channel_inst/gtye4_channel_gen.gen_gtye4_channel_inst[0].GTYE4_CHANNEL_PRIM_INST/RXOUTCLK
                         net (fo=3, estimated)        0.086     0.086    u_camera_hdmi/u_hdmi/u_phy/u_vphy/inst/gt_usrclk_source_inst/rxoutclk_out[0]
    BUFG_GT_X0Y126       BUFG_GT (Prop_BUFG_GT_I_O)
                                                      0.130     0.216 r  u_camera_hdmi/u_hdmi/u_phy/u_vphy/inst/gt_usrclk_source_inst/rx_mmcm.bufg_gt_rx_usrclk_inst/O
    X1Y5 (CLOCK_ROOT)    net (fo=5018, estimated)     1.682     1.898    u_camera_hdmi/u_hdmi/u_rx/u_hdmi_rx/inst/v_hdmi_rx/inst/SYS_INST/LRST_INST/XPM_RST_INST/dest_clk
    SLICE_X83Y382        FDRE                                         r  u_camera_hdmi/u_hdmi/u_rx/u_hdmi_rx/inst/v_hdmi_rx/inst/SYS_INST/LRST_INST/XPM_RST_INST/syncstages_ff_reg[3]/C
  -------------------------------------------------------------------    -------------------
    SLICE_X83Y382        FDRE (Prop_DFF2_SLICEL_C_Q)
                                                      0.081     1.979 f  u_camera_hdmi/u_hdmi/u_rx/u_hdmi_rx/inst/v_hdmi_rx/inst/SYS_INST/LRST_INST/XPM_RST_INST/syncstages_ff_reg[3]/Q
                         net (fo=2782, estimated)     1.646     3.625    u_camera_hdmi/u_hdmi/u_rx/u_hdmi_rx/inst/v_hdmi_rx/inst/SYS_INST/CORE_INST/CH0_INST/ALN_INST/gen_wa_sd[8].WA_SD_INST/dest_rst
    SLICE_X103Y285       FDCE                                         f  u_camera_hdmi/u_hdmi/u_rx/u_hdmi_rx/inst/v_hdmi_rx/inst/SYS_INST/CORE_INST/CH0_INST/ALN_INST/gen_wa_sd[8].WA_SD_INST/clk_det_reg[0][1]/CLR
  -------------------------------------------------------------------    -------------------

                         (clock rxoutclk rise edge)
                                                      3.367     3.367 r  
    GTYE4_CHANNEL_X0Y20  GTYE4_CHANNEL                0.000     3.367 r  u_camera_hdmi/u_hdmi/u_phy/u_vphy/inst/gt_wrapper_inst/inst/gen_gtwizard_gtye4_top.vid_phy_controller_0_gtwrapper_gtwizard_gtye4_inst/gen_gtwizard_gtye4.gen_channel_container[5].gen_enabled_channel.gtye4_channel_wrapper_inst/channel_inst/gtye4_channel_gen.gen_gtye4_channel_inst[0].GTYE4_CHANNEL_PRIM_INST/RXOUTCLK
                         net (fo=3, estimated)        0.079     3.446    u_camera_hdmi/u_hdmi/u_phy/u_vphy/inst/gt_usrclk_source_inst/rxoutclk_out[0]
    BUFG_GT_X0Y126       BUFG_GT (Prop_BUFG_GT_I_O)
                                                      0.114     3.560 r  u_camera_hdmi/u_hdmi/u_phy/u_vphy/inst/gt_usrclk_source_inst/rx_mmcm.bufg_gt_rx_usrclk_inst/O
    X1Y5 (CLOCK_ROOT)    net (fo=5018, estimated)     1.546     5.106    u_camera_hdmi/u_hdmi/u_rx/u_hdmi_rx/inst/v_hdmi_rx/inst/SYS_INST/CORE_INST/CH0_INST/ALN_INST/gen_wa_sd[8].WA_SD_INST/link_clk
    SLICE_X103Y285       FDCE                                         r  u_camera_hdmi/u_hdmi/u_rx/u_hdmi_rx/inst/v_hdmi_rx/inst/SYS_INST/CORE_INST/CH0_INST/ALN_INST/gen_wa_sd[8].WA_SD_INST/clk_det_reg[0][1]/C
                         clock pessimism              0.067     5.173    
                         clock uncertainty           -0.046     5.127    
    SLICE_X103Y285       FDCE (Recov_DFF_SLICEL_C_CLR)
                                                     -0.066     5.061    u_camera_hdmi/u_hdmi/u_rx/u_hdmi_rx/inst/v_hdmi_rx/inst/SYS_INST/CORE_INST/CH0_INST/ALN_INST/gen_wa_sd[8].WA_SD_INST/clk_det_reg[0][1]
  -------------------------------------------------------------------
                         required time                          5.061    
                         arrival time                          -3.625    
  -------------------------------------------------------------------
                         slack                                  1.436    





---------------------------------------------------------------------------------------------------
Path Group:  **async_default**
From Clock:  txoutclk
  To Clock:  txoutclk

Setup :            0  Failing Endpoints,  Worst Slack        2.020ns,  Total Violation        0.000ns
Hold  :           NA  Failing Endpoints,  Worst Slack           NA  ,  Total Violation           NA
---------------------------------------------------------------------------------------------------


Max Delay Paths
--------------------------------------------------------------------------------------
Slack (MET) :             2.020ns  (required time - arrival time)
  Source:                 u_camera_hdmi/u_hdmi/u_tx/u_hdmi_tx/inst/v_hdmi_tx/inst/SYS_INST/LRST_INST/XPM_RST_INST/syncstages_ff_reg[3]/C
                            (rising edge-triggered cell FDRE clocked by txoutclk  {rise@0.000ns fall@1.684ns period=3.367ns})
  Destination:            u_camera_hdmi/u_hdmi/u_tx/u_hdmi_tx/inst/v_hdmi_tx/inst/SYS_INST/CORE_INST/CH0_INST/RC_INST/gen_dout_2_lanes.clk_dout_reg[10]/CLR
                            (recovery check against rising-edge clock txoutclk  {rise@0.000ns fall@1.684ns period=3.367ns})
  Path Group:             **async_default**
  Path Type:              Recovery (Max at Slow Process Corner)
  Requirement:            3.367ns  (txoutclk rise@3.367ns - txoutclk rise@0.000ns)
  Data Path Delay:        0.999ns  (logic 0.081ns (8.108%)  route 0.918ns (91.892%))
  Logic Levels:           0  
  Clock Path Skew:        -0.236ns (DCD - SCD + CPR)
    Destination Clock Delay (DCD):    1.471ns = ( 4.838 - 3.367 ) 
    Source Clock Delay      (SCD):    1.785ns
    Clock Pessimism Removal (CPR):    0.078ns
  Clock Uncertainty:      0.046ns  ((TSJ^2 + DJ^2)^1/2) / 2 + PE
    Total System Jitter     (TSJ):    0.071ns
    Discrete Jitter          (DJ):    0.060ns
    Phase Error              (PE):    0.000ns
  Clock Net Delay (Source):      1.570ns (routing 0.629ns, distribution 0.941ns)
  Clock Net Delay (Destination): 1.279ns (routing 0.574ns, distribution 0.705ns)

    Location             Delay type                Incr(ns)  Path(ns)    Netlist Resource(s)
  -------------------------------------------------------------------    -------------------
                         (clock txoutclk rise edge)
                                                      0.000     0.000 r  
    GTYE4_CHANNEL_X0Y20  GTYE4_CHANNEL                0.000     0.000 r  u_camera_hdmi/u_hdmi/u_phy/u_vphy/inst/gt_wrapper_inst/inst/gen_gtwizard_gtye4_top.vid_phy_controller_0_gtwrapper_gtwizard_gtye4_inst/gen_gtwizard_gtye4.gen_channel_container[5].gen_enabled_channel.gtye4_channel_wrapper_inst/channel_inst/gtye4_channel_gen.gen_gtye4_channel_inst[0].GTYE4_CHANNEL_PRIM_INST/TXOUTCLK
                         net (fo=3, estimated)        0.085     0.085    u_camera_hdmi/u_hdmi/u_phy/u_vphy/inst/gt_usrclk_source_inst/txoutclk_out[0]
    BUFG_GT_X0Y139       BUFG_GT (Prop_BUFG_GT_I_O)
                                                      0.130     0.215 r  u_camera_hdmi/u_hdmi/u_phy/u_vphy/inst/gt_usrclk_source_inst/tx_mmcm.bufg_gt_tx_usrclk_inst/O
    X1Y5 (CLOCK_ROOT)    net (fo=4833, estimated)     1.570     1.785    u_camera_hdmi/u_hdmi/u_tx/u_hdmi_tx/inst/v_hdmi_tx/inst/SYS_INST/LRST_INST/XPM_RST_INST/dest_clk
    SLICE_X83Y348        FDRE                                         r  u_camera_hdmi/u_hdmi/u_tx/u_hdmi_tx/inst/v_hdmi_tx/inst/SYS_INST/LRST_INST/XPM_RST_INST/syncstages_ff_reg[3]/C
  -------------------------------------------------------------------    -------------------
    SLICE_X83Y348        FDRE (Prop_GFF2_SLICEL_C_Q)
                                                      0.081     1.866 f  u_camera_hdmi/u_hdmi/u_tx/u_hdmi_tx/inst/v_hdmi_tx/inst/SYS_INST/LRST_INST/XPM_RST_INST/syncstages_ff_reg[3]/Q
                         net (fo=1000, estimated)     0.918     2.784    u_camera_hdmi/u_hdmi/u_tx/u_hdmi_tx/inst/v_hdmi_tx/inst/SYS_INST/CORE_INST/CH0_INST/RC_INST/dest_rst
    SLICE_X56Y368        FDCE                                         f  u_camera_hdmi/u_hdmi/u_tx/u_hdmi_tx/inst/v_hdmi_tx/inst/SYS_INST/CORE_INST/CH0_INST/RC_INST/gen_dout_2_lanes.clk_dout_reg[10]/CLR
  -------------------------------------------------------------------    -------------------

                         (clock txoutclk rise edge)
                                                      3.367     3.367 r  
    GTYE4_CHANNEL_X0Y20  GTYE4_CHANNEL                0.000     3.367 r  u_camera_hdmi/u_hdmi/u_phy/u_vphy/inst/gt_wrapper_inst/inst/gen_gtwizard_gtye4_top.vid_phy_controller_0_gtwrapper_gtwizard_gtye4_inst/gen_gtwizard_gtye4.gen_channel_container[5].gen_enabled_channel.gtye4_channel_wrapper_inst/channel_inst/gtye4_channel_gen.gen_gtye4_channel_inst[0].GTYE4_CHANNEL_PRIM_INST/TXOUTCLK
                         net (fo=3, estimated)        0.078     3.445    u_camera_hdmi/u_hdmi/u_phy/u_vphy/inst/gt_usrclk_source_inst/txoutclk_out[0]
    BUFG_GT_X0Y139       BUFG_GT (Prop_BUFG_GT_I_O)
                                                      0.114     3.559 r  u_camera_hdmi/u_hdmi/u_phy/u_vphy/inst/gt_usrclk_source_inst/tx_mmcm.bufg_gt_tx_usrclk_inst/O
    X1Y5 (CLOCK_ROOT)    net (fo=4833, estimated)     1.279     4.838    u_camera_hdmi/u_hdmi/u_tx/u_hdmi_tx/inst/v_hdmi_tx/inst/SYS_INST/CORE_INST/CH0_INST/RC_INST/link_clk
    SLICE_X56Y368        FDCE                                         r  u_camera_hdmi/u_hdmi/u_tx/u_hdmi_tx/inst/v_hdmi_tx/inst/SYS_INST/CORE_INST/CH0_INST/RC_INST/gen_dout_2_lanes.clk_dout_reg[10]/C
                         clock pessimism              0.078     4.916    
                         clock uncertainty           -0.046     4.870    
    SLICE_X56Y368        FDCE (Recov_HFF_SLICEM_C_CLR)
                                                     -0.066     4.804    u_camera_hdmi/u_hdmi/u_tx/u_hdmi_tx/inst/v_hdmi_tx/inst/SYS_INST/CORE_INST/CH0_INST/RC_INST/gen_dout_2_lanes.clk_dout_reg[10]
  -------------------------------------------------------------------
                         required time                          4.804    
                         arrival time                          -2.784    
  -------------------------------------------------------------------
                         slack                                  2.020    





---------------------------------------------------------------------------------------------------
Path Group:  **async_default**
From Clock:  u_camera_hdmi/u_hdmi/u_phy/u_vphy/inst/gt_wrapper_inst/inst/gen_gtwizard_gtye4_top.vid_phy_controller_0_gtwrapper_gtwizard_gtye4_inst/gen_gtwizard_gtye4.gen_cpll_cal_gtye4.gen_cpll_cal_inst[0].gen_inst_cpll_cal.gtwizard_ultrascale_v1_7_17_gtye4_cpll_cal_inst/gtwizard_ultrascale_v1_7_17_gtye4_cpll_cal_rx_i/gen_cal_rx_en.bufg_gt_rxoutclkmon_inst/O
  To Clock:  u_camera_hdmi/u_hdmi/u_phy/u_vphy/inst/gt_wrapper_inst/inst/gen_gtwizard_gtye4_top.vid_phy_controller_0_gtwrapper_gtwizard_gtye4_inst/gen_gtwizard_gtye4.gen_cpll_cal_gtye4.gen_cpll_cal_inst[0].gen_inst_cpll_cal.gtwizard_ultrascale_v1_7_17_gtye4_cpll_cal_inst/gtwizard_ultrascale_v1_7_17_gtye4_cpll_cal_rx_i/gen_cal_rx_en.bufg_gt_rxoutclkmon_inst/O

Setup :            0  Failing Endpoints,  Worst Slack        2.672ns,  Total Violation        0.000ns
Hold  :           NA  Failing Endpoints,  Worst Slack           NA  ,  Total Violation           NA
---------------------------------------------------------------------------------------------------


Max Delay Paths
--------------------------------------------------------------------------------------
Slack (MET) :             2.672ns  (required time - arrival time)
  Source:                 u_camera_hdmi/u_hdmi/u_phy/u_vphy/inst/gt_wrapper_inst/inst/gen_gtwizard_gtye4_top.vid_phy_controller_0_gtwrapper_gtwizard_gtye4_inst/gen_gtwizard_gtye4.gen_cpll_cal_gtye4.gen_cpll_cal_inst[0].gen_inst_cpll_cal.gtwizard_ultrascale_v1_7_17_gtye4_cpll_cal_inst/gtwizard_ultrascale_v1_7_17_gtye4_cpll_cal_rx_i/gen_cal_rx_en.U_RXOUTCLK_FREQ_COUNTER/reset_synchronizer_testclk_rst_inst/rst_in_out_reg/C
                            (rising edge-triggered cell FDPE clocked by u_camera_hdmi/u_hdmi/u_phy/u_vphy/inst/gt_wrapper_inst/inst/gen_gtwizard_gtye4_top.vid_phy_controller_0_gtwrapper_gtwizard_gtye4_inst/gen_gtwizard_gtye4.gen_cpll_cal_gtye4.gen_cpll_cal_inst[0].gen_inst_cpll_cal.gtwizard_ultrascale_v1_7_17_gtye4_cpll_cal_inst/gtwizard_ultrascale_v1_7_17_gtye4_cpll_cal_rx_i/gen_cal_rx_en.bufg_gt_rxoutclkmon_inst/O  {rise@0.000ns fall@1.684ns period=3.367ns})
  Destination:            u_camera_hdmi/u_hdmi/u_phy/u_vphy/inst/gt_wrapper_inst/inst/gen_gtwizard_gtye4_top.vid_phy_controller_0_gtwrapper_gtwizard_gtye4_inst/gen_gtwizard_gtye4.gen_cpll_cal_gtye4.gen_cpll_cal_inst[0].gen_inst_cpll_cal.gtwizard_ultrascale_v1_7_17_gtye4_cpll_cal_inst/gtwizard_ultrascale_v1_7_17_gtye4_cpll_cal_rx_i/gen_cal_rx_en.U_RXOUTCLK_FREQ_COUNTER/testclk_cnt_reg[16]/CLR
                            (recovery check against rising-edge clock u_camera_hdmi/u_hdmi/u_phy/u_vphy/inst/gt_wrapper_inst/inst/gen_gtwizard_gtye4_top.vid_phy_controller_0_gtwrapper_gtwizard_gtye4_inst/gen_gtwizard_gtye4.gen_cpll_cal_gtye4.gen_cpll_cal_inst[0].gen_inst_cpll_cal.gtwizard_ultrascale_v1_7_17_gtye4_cpll_cal_inst/gtwizard_ultrascale_v1_7_17_gtye4_cpll_cal_rx_i/gen_cal_rx_en.bufg_gt_rxoutclkmon_inst/O  {rise@0.000ns fall@1.684ns period=3.367ns})
  Path Group:             **async_default**
  Path Type:              Recovery (Max at Slow Process Corner)
  Requirement:            3.367ns  (u_camera_hdmi/u_hdmi/u_phy/u_vphy/inst/gt_wrapper_inst/inst/gen_gtwizard_gtye4_top.vid_phy_controller_0_gtwrapper_gtwizard_gtye4_inst/gen_gtwizard_gtye4.gen_cpll_cal_gtye4.gen_cpll_cal_inst[0].gen_inst_cpll_cal.gtwizard_ultrascale_v1_7_17_gtye4_cpll_cal_inst/gtwizard_ultrascale_v1_7_17_gtye4_cpll_cal_rx_i/gen_cal_rx_en.bufg_gt_rxoutclkmon_inst/O rise@3.367ns - u_camera_hdmi/u_hdmi/u_phy/u_vphy/inst/gt_wrapper_inst/inst/gen_gtwizard_gtye4_top.vid_phy_controller_0_gtwrapper_gtwizard_gtye4_inst/gen_gtwizard_gtye4.gen_cpll_cal_gtye4.gen_cpll_cal_inst[0].gen_inst_cpll_cal.gtwizard_ultrascale_v1_7_17_gtye4_cpll_cal_inst/gtwizard_ultrascale_v1_7_17_gtye4_cpll_cal_rx_i/gen_cal_rx_en.bufg_gt_rxoutclkmon_inst/O rise@0.000ns)
  Data Path Delay:        0.480ns  (logic 0.079ns (16.458%)  route 0.401ns (83.542%))
  Logic Levels:           0  
  Clock Path Skew:        -0.103ns (DCD - SCD + CPR)
    Destination Clock Delay (DCD):    0.547ns = ( 3.914 - 3.367 ) 
    Source Clock Delay      (SCD):    0.661ns
    Clock Pessimism Removal (CPR):    0.011ns
  Clock Uncertainty:      0.046ns  ((TSJ^2 + DJ^2)^1/2) / 2 + PE
    Total System Jitter     (TSJ):    0.071ns
    Discrete Jitter          (DJ):    0.060ns
    Phase Error              (PE):    0.000ns
  Clock Net Delay (Source):      0.661ns (routing 0.000ns, distribution 0.661ns)
  Clock Net Delay (Destination): 0.547ns (routing 0.000ns, distribution 0.547ns)

    Location             Delay type                Incr(ns)  Path(ns)    Netlist Resource(s)
  -------------------------------------------------------------------    -------------------
                         (clock u_camera_hdmi/u_hdmi/u_phy/u_vphy/inst/gt_wrapper_inst/inst/gen_gtwizard_gtye4_top.vid_phy_controller_0_gtwrapper_gtwizard_gtye4_inst/gen_gtwizard_gtye4.gen_cpll_cal_gtye4.gen_cpll_cal_inst[0].gen_inst_cpll_cal.gtwizard_ultrascale_v1_7_17_gtye4_cpll_cal_inst/gtwizard_ultrascale_v1_7_17_gtye4_cpll_cal_rx_i/gen_cal_rx_en.bufg_gt_rxoutclkmon_inst/O rise edge)
                                                      0.000     0.000 r  
    BUFG_GT_X0Y135       BUFG_GT                      0.000     0.000 r  u_camera_hdmi/u_hdmi/u_phy/u_vphy/inst/gt_wrapper_inst/inst/gen_gtwizard_gtye4_top.vid_phy_controller_0_gtwrapper_gtwizard_gtye4_inst/gen_gtwizard_gtye4.gen_cpll_cal_gtye4.gen_cpll_cal_inst[0].gen_inst_cpll_cal.gtwizard_ultrascale_v1_7_17_gtye4_cpll_cal_inst/gtwizard_ultrascale_v1_7_17_gtye4_cpll_cal_rx_i/gen_cal_rx_en.bufg_gt_rxoutclkmon_inst/O
    X0Y5 (CLOCK_ROOT)    net (fo=31, estimated)       0.661     0.661    u_camera_hdmi/u_hdmi/u_phy/u_vphy/inst/gt_wrapper_inst/inst/gen_gtwizard_gtye4_top.vid_phy_controller_0_gtwrapper_gtwizard_gtye4_inst/gen_gtwizard_gtye4.gen_cpll_cal_gtye4.gen_cpll_cal_inst[0].gen_inst_cpll_cal.gtwizard_ultrascale_v1_7_17_gtye4_cpll_cal_inst/gtwizard_ultrascale_v1_7_17_gtye4_cpll_cal_rx_i/gen_cal_rx_en.U_RXOUTCLK_FREQ_COUNTER/reset_synchronizer_testclk_rst_inst/gen_cal_rx_en.rxoutclkmon
    SLICE_X22Y335        FDPE                                         r  u_camera_hdmi/u_hdmi/u_phy/u_vphy/inst/gt_wrapper_inst/inst/gen_gtwizard_gtye4_top.vid_phy_controller_0_gtwrapper_gtwizard_gtye4_inst/gen_gtwizard_gtye4.gen_cpll_cal_gtye4.gen_cpll_cal_inst[0].gen_inst_cpll_cal.gtwizard_ultrascale_v1_7_17_gtye4_cpll_cal_inst/gtwizard_ultrascale_v1_7_17_gtye4_cpll_cal_rx_i/gen_cal_rx_en.U_RXOUTCLK_FREQ_COUNTER/reset_synchronizer_testclk_rst_inst/rst_in_out_reg/C
  -------------------------------------------------------------------    -------------------
    SLICE_X22Y335        FDPE (Prop_EFF_SLICEL_C_Q)
                                                      0.079     0.740 f  u_camera_hdmi/u_hdmi/u_phy/u_vphy/inst/gt_wrapper_inst/inst/gen_gtwizard_gtye4_top.vid_phy_controller_0_gtwrapper_gtwizard_gtye4_inst/gen_gtwizard_gtye4.gen_cpll_cal_gtye4.gen_cpll_cal_inst[0].gen_inst_cpll_cal.gtwizard_ultrascale_v1_7_17_gtye4_cpll_cal_inst/gtwizard_ultrascale_v1_7_17_gtye4_cpll_cal_rx_i/gen_cal_rx_en.U_RXOUTCLK_FREQ_COUNTER/reset_synchronizer_testclk_rst_inst/rst_in_out_reg/Q
                         net (fo=18, estimated)       0.401     1.141    u_camera_hdmi/u_hdmi/u_phy/u_vphy/inst/gt_wrapper_inst/inst/gen_gtwizard_gtye4_top.vid_phy_controller_0_gtwrapper_gtwizard_gtye4_inst/gen_gtwizard_gtye4.gen_cpll_cal_gtye4.gen_cpll_cal_inst[0].gen_inst_cpll_cal.gtwizard_ultrascale_v1_7_17_gtye4_cpll_cal_inst/gtwizard_ultrascale_v1_7_17_gtye4_cpll_cal_rx_i/gen_cal_rx_en.U_RXOUTCLK_FREQ_COUNTER/rst_in_out
    SLICE_X17Y336        FDCE                                         f  u_camera_hdmi/u_hdmi/u_phy/u_vphy/inst/gt_wrapper_inst/inst/gen_gtwizard_gtye4_top.vid_phy_controller_0_gtwrapper_gtwizard_gtye4_inst/gen_gtwizard_gtye4.gen_cpll_cal_gtye4.gen_cpll_cal_inst[0].gen_inst_cpll_cal.gtwizard_ultrascale_v1_7_17_gtye4_cpll_cal_inst/gtwizard_ultrascale_v1_7_17_gtye4_cpll_cal_rx_i/gen_cal_rx_en.U_RXOUTCLK_FREQ_COUNTER/testclk_cnt_reg[16]/CLR
  -------------------------------------------------------------------    -------------------

                         (clock u_camera_hdmi/u_hdmi/u_phy/u_vphy/inst/gt_wrapper_inst/inst/gen_gtwizard_gtye4_top.vid_phy_controller_0_gtwrapper_gtwizard_gtye4_inst/gen_gtwizard_gtye4.gen_cpll_cal_gtye4.gen_cpll_cal_inst[0].gen_inst_cpll_cal.gtwizard_ultrascale_v1_7_17_gtye4_cpll_cal_inst/gtwizard_ultrascale_v1_7_17_gtye4_cpll_cal_rx_i/gen_cal_rx_en.bufg_gt_rxoutclkmon_inst/O rise edge)
                                                      3.367     3.367 r  
    BUFG_GT_X0Y135       BUFG_GT                      0.000     3.367 r  u_camera_hdmi/u_hdmi/u_phy/u_vphy/inst/gt_wrapper_inst/inst/gen_gtwizard_gtye4_top.vid_phy_controller_0_gtwrapper_gtwizard_gtye4_inst/gen_gtwizard_gtye4.gen_cpll_cal_gtye4.gen_cpll_cal_inst[0].gen_inst_cpll_cal.gtwizard_ultrascale_v1_7_17_gtye4_cpll_cal_inst/gtwizard_ultrascale_v1_7_17_gtye4_cpll_cal_rx_i/gen_cal_rx_en.bufg_gt_rxoutclkmon_inst/O
    X0Y5 (CLOCK_ROOT)    net (fo=31, estimated)       0.547     3.914    u_camera_hdmi/u_hdmi/u_phy/u_vphy/inst/gt_wrapper_inst/inst/gen_gtwizard_gtye4_top.vid_phy_controller_0_gtwrapper_gtwizard_gtye4_inst/gen_gtwizard_gtye4.gen_cpll_cal_gtye4.gen_cpll_cal_inst[0].gen_inst_cpll_cal.gtwizard_ultrascale_v1_7_17_gtye4_cpll_cal_inst/gtwizard_ultrascale_v1_7_17_gtye4_cpll_cal_rx_i/gen_cal_rx_en.U_RXOUTCLK_FREQ_COUNTER/gen_cal_rx_en.rxoutclkmon
    SLICE_X17Y336        FDCE                                         r  u_camera_hdmi/u_hdmi/u_phy/u_vphy/inst/gt_wrapper_inst/inst/gen_gtwizard_gtye4_top.vid_phy_controller_0_gtwrapper_gtwizard_gtye4_inst/gen_gtwizard_gtye4.gen_cpll_cal_gtye4.gen_cpll_cal_inst[0].gen_inst_cpll_cal.gtwizard_ultrascale_v1_7_17_gtye4_cpll_cal_inst/gtwizard_ultrascale_v1_7_17_gtye4_cpll_cal_rx_i/gen_cal_rx_en.U_RXOUTCLK_FREQ_COUNTER/testclk_cnt_reg[16]/C
                         clock pessimism              0.011     3.925    
                         clock uncertainty           -0.046     3.879    
    SLICE_X17Y336        FDCE (Recov_AFF_SLICEM_C_CLR)
                                                     -0.066     3.813    u_camera_hdmi/u_hdmi/u_phy/u_vphy/inst/gt_wrapper_inst/inst/gen_gtwizard_gtye4_top.vid_phy_controller_0_gtwrapper_gtwizard_gtye4_inst/gen_gtwizard_gtye4.gen_cpll_cal_gtye4.gen_cpll_cal_inst[0].gen_inst_cpll_cal.gtwizard_ultrascale_v1_7_17_gtye4_cpll_cal_inst/gtwizard_ultrascale_v1_7_17_gtye4_cpll_cal_rx_i/gen_cal_rx_en.U_RXOUTCLK_FREQ_COUNTER/testclk_cnt_reg[16]
  -------------------------------------------------------------------
                         required time                          3.813    
                         arrival time                          -1.141    
  -------------------------------------------------------------------
                         slack                                  2.672    





---------------------------------------------------------------------------------------------------
Path Group:  **async_default**
From Clock:  u_camera_hdmi/u_hdmi/u_phy/u_vphy/inst/gt_wrapper_inst/inst/gen_gtwizard_gtye4_top.vid_phy_controller_0_gtwrapper_gtwizard_gtye4_inst/gen_gtwizard_gtye4.gen_cpll_cal_gtye4.gen_cpll_cal_inst[0].gen_inst_cpll_cal.gtwizard_ultrascale_v1_7_17_gtye4_cpll_cal_inst/gtwizard_ultrascale_v1_7_17_gtye4_cpll_cal_tx_i/bufg_gt_txoutclkmon_inst/O
  To Clock:  u_camera_hdmi/u_hdmi/u_phy/u_vphy/inst/gt_wrapper_inst/inst/gen_gtwizard_gtye4_top.vid_phy_controller_0_gtwrapper_gtwizard_gtye4_inst/gen_gtwizard_gtye4.gen_cpll_cal_gtye4.gen_cpll_cal_inst[0].gen_inst_cpll_cal.gtwizard_ultrascale_v1_7_17_gtye4_cpll_cal_inst/gtwizard_ultrascale_v1_7_17_gtye4_cpll_cal_tx_i/bufg_gt_txoutclkmon_inst/O

Setup :            0  Failing Endpoints,  Worst Slack        2.762ns,  Total Violation        0.000ns
Hold  :           NA  Failing Endpoints,  Worst Slack           NA  ,  Total Violation           NA
---------------------------------------------------------------------------------------------------


Max Delay Paths
--------------------------------------------------------------------------------------
Slack (MET) :             2.762ns  (required time - arrival time)
  Source:                 u_camera_hdmi/u_hdmi/u_phy/u_vphy/inst/gt_wrapper_inst/inst/gen_gtwizard_gtye4_top.vid_phy_controller_0_gtwrapper_gtwizard_gtye4_inst/gen_gtwizard_gtye4.gen_cpll_cal_gtye4.gen_cpll_cal_inst[0].gen_inst_cpll_cal.gtwizard_ultrascale_v1_7_17_gtye4_cpll_cal_inst/gtwizard_ultrascale_v1_7_17_gtye4_cpll_cal_tx_i/U_TXOUTCLK_FREQ_COUNTER/reset_synchronizer_testclk_rst_inst/rst_in_out_reg/C
                            (rising edge-triggered cell FDPE clocked by u_camera_hdmi/u_hdmi/u_phy/u_vphy/inst/gt_wrapper_inst/inst/gen_gtwizard_gtye4_top.vid_phy_controller_0_gtwrapper_gtwizard_gtye4_inst/gen_gtwizard_gtye4.gen_cpll_cal_gtye4.gen_cpll_cal_inst[0].gen_inst_cpll_cal.gtwizard_ultrascale_v1_7_17_gtye4_cpll_cal_inst/gtwizard_ultrascale_v1_7_17_gtye4_cpll_cal_tx_i/bufg_gt_txoutclkmon_inst/O  {rise@0.000ns fall@1.684ns period=3.367ns})
  Destination:            u_camera_hdmi/u_hdmi/u_phy/u_vphy/inst/gt_wrapper_inst/inst/gen_gtwizard_gtye4_top.vid_phy_controller_0_gtwrapper_gtwizard_gtye4_inst/gen_gtwizard_gtye4.gen_cpll_cal_gtye4.gen_cpll_cal_inst[0].gen_inst_cpll_cal.gtwizard_ultrascale_v1_7_17_gtye4_cpll_cal_inst/gtwizard_ultrascale_v1_7_17_gtye4_cpll_cal_tx_i/U_TXOUTCLK_FREQ_COUNTER/testclk_cnt_reg[16]/CLR
                            (recovery check against rising-edge clock u_camera_hdmi/u_hdmi/u_phy/u_vphy/inst/gt_wrapper_inst/inst/gen_gtwizard_gtye4_top.vid_phy_controller_0_gtwrapper_gtwizard_gtye4_inst/gen_gtwizard_gtye4.gen_cpll_cal_gtye4.gen_cpll_cal_inst[0].gen_inst_cpll_cal.gtwizard_ultrascale_v1_7_17_gtye4_cpll_cal_inst/gtwizard_ultrascale_v1_7_17_gtye4_cpll_cal_tx_i/bufg_gt_txoutclkmon_inst/O  {rise@0.000ns fall@1.684ns period=3.367ns})
  Path Group:             **async_default**
  Path Type:              Recovery (Max at Slow Process Corner)
  Requirement:            3.367ns  (u_camera_hdmi/u_hdmi/u_phy/u_vphy/inst/gt_wrapper_inst/inst/gen_gtwizard_gtye4_top.vid_phy_controller_0_gtwrapper_gtwizard_gtye4_inst/gen_gtwizard_gtye4.gen_cpll_cal_gtye4.gen_cpll_cal_inst[0].gen_inst_cpll_cal.gtwizard_ultrascale_v1_7_17_gtye4_cpll_cal_inst/gtwizard_ultrascale_v1_7_17_gtye4_cpll_cal_tx_i/bufg_gt_txoutclkmon_inst/O rise@3.367ns - u_camera_hdmi/u_hdmi/u_phy/u_vphy/inst/gt_wrapper_inst/inst/gen_gtwizard_gtye4_top.vid_phy_controller_0_gtwrapper_gtwizard_gtye4_inst/gen_gtwizard_gtye4.gen_cpll_cal_gtye4.gen_cpll_cal_inst[0].gen_inst_cpll_cal.gtwizard_ultrascale_v1_7_17_gtye4_cpll_cal_inst/gtwizard_ultrascale_v1_7_17_gtye4_cpll_cal_tx_i/bufg_gt_txoutclkmon_inst/O rise@0.000ns)
  Data Path Delay:        0.435ns  (logic 0.079ns (18.161%)  route 0.356ns (81.839%))
  Logic Levels:           0  
  Clock Path Skew:        -0.057ns (DCD - SCD + CPR)
    Destination Clock Delay (DCD):    0.514ns = ( 3.881 - 3.367 ) 
    Source Clock Delay      (SCD):    0.627ns
    Clock Pessimism Removal (CPR):    0.056ns
  Clock Uncertainty:      0.046ns  ((TSJ^2 + DJ^2)^1/2) / 2 + PE
    Total System Jitter     (TSJ):    0.071ns
    Discrete Jitter          (DJ):    0.060ns
    Phase Error              (PE):    0.000ns
  Clock Net Delay (Source):      0.627ns (routing 0.000ns, distribution 0.627ns)
  Clock Net Delay (Destination): 0.514ns (routing 0.000ns, distribution 0.514ns)

    Location             Delay type                Incr(ns)  Path(ns)    Netlist Resource(s)
  -------------------------------------------------------------------    -------------------
                         (clock u_camera_hdmi/u_hdmi/u_phy/u_vphy/inst/gt_wrapper_inst/inst/gen_gtwizard_gtye4_top.vid_phy_controller_0_gtwrapper_gtwizard_gtye4_inst/gen_gtwizard_gtye4.gen_cpll_cal_gtye4.gen_cpll_cal_inst[0].gen_inst_cpll_cal.gtwizard_ultrascale_v1_7_17_gtye4_cpll_cal_inst/gtwizard_ultrascale_v1_7_17_gtye4_cpll_cal_tx_i/bufg_gt_txoutclkmon_inst/O rise edge)
                                                      0.000     0.000 r  
    BUFG_GT_X0Y120       BUFG_GT                      0.000     0.000 r  u_camera_hdmi/u_hdmi/u_phy/u_vphy/inst/gt_wrapper_inst/inst/gen_gtwizard_gtye4_top.vid_phy_controller_0_gtwrapper_gtwizard_gtye4_inst/gen_gtwizard_gtye4.gen_cpll_cal_gtye4.gen_cpll_cal_inst[0].gen_inst_cpll_cal.gtwizard_ultrascale_v1_7_17_gtye4_cpll_cal_inst/gtwizard_ultrascale_v1_7_17_gtye4_cpll_cal_tx_i/bufg_gt_txoutclkmon_inst/O
    X0Y5 (CLOCK_ROOT)    net (fo=31, estimated)       0.627     0.627    u_camera_hdmi/u_hdmi/u_phy/u_vphy/inst/gt_wrapper_inst/inst/gen_gtwizard_gtye4_top.vid_phy_controller_0_gtwrapper_gtwizard_gtye4_inst/gen_gtwizard_gtye4.gen_cpll_cal_gtye4.gen_cpll_cal_inst[0].gen_inst_cpll_cal.gtwizard_ultrascale_v1_7_17_gtye4_cpll_cal_inst/gtwizard_ultrascale_v1_7_17_gtye4_cpll_cal_tx_i/U_TXOUTCLK_FREQ_COUNTER/reset_synchronizer_testclk_rst_inst/txoutclkmon
    SLICE_X12Y337        FDPE                                         r  u_camera_hdmi/u_hdmi/u_phy/u_vphy/inst/gt_wrapper_inst/inst/gen_gtwizard_gtye4_top.vid_phy_controller_0_gtwrapper_gtwizard_gtye4_inst/gen_gtwizard_gtye4.gen_cpll_cal_gtye4.gen_cpll_cal_inst[0].gen_inst_cpll_cal.gtwizard_ultrascale_v1_7_17_gtye4_cpll_cal_inst/gtwizard_ultrascale_v1_7_17_gtye4_cpll_cal_tx_i/U_TXOUTCLK_FREQ_COUNTER/reset_synchronizer_testclk_rst_inst/rst_in_out_reg/C
  -------------------------------------------------------------------    -------------------
    SLICE_X12Y337        FDPE (Prop_EFF_SLICEL_C_Q)
                                                      0.079     0.706 f  u_camera_hdmi/u_hdmi/u_phy/u_vphy/inst/gt_wrapper_inst/inst/gen_gtwizard_gtye4_top.vid_phy_controller_0_gtwrapper_gtwizard_gtye4_inst/gen_gtwizard_gtye4.gen_cpll_cal_gtye4.gen_cpll_cal_inst[0].gen_inst_cpll_cal.gtwizard_ultrascale_v1_7_17_gtye4_cpll_cal_inst/gtwizard_ultrascale_v1_7_17_gtye4_cpll_cal_tx_i/U_TXOUTCLK_FREQ_COUNTER/reset_synchronizer_testclk_rst_inst/rst_in_out_reg/Q
                         net (fo=18, estimated)       0.356     1.062    u_camera_hdmi/u_hdmi/u_phy/u_vphy/inst/gt_wrapper_inst/inst/gen_gtwizard_gtye4_top.vid_phy_controller_0_gtwrapper_gtwizard_gtye4_inst/gen_gtwizard_gtye4.gen_cpll_cal_gtye4.gen_cpll_cal_inst[0].gen_inst_cpll_cal.gtwizard_ultrascale_v1_7_17_gtye4_cpll_cal_inst/gtwizard_ultrascale_v1_7_17_gtye4_cpll_cal_tx_i/U_TXOUTCLK_FREQ_COUNTER/rst_in_out
    SLICE_X12Y340        FDCE                                         f  u_camera_hdmi/u_hdmi/u_phy/u_vphy/inst/gt_wrapper_inst/inst/gen_gtwizard_gtye4_top.vid_phy_controller_0_gtwrapper_gtwizard_gtye4_inst/gen_gtwizard_gtye4.gen_cpll_cal_gtye4.gen_cpll_cal_inst[0].gen_inst_cpll_cal.gtwizard_ultrascale_v1_7_17_gtye4_cpll_cal_inst/gtwizard_ultrascale_v1_7_17_gtye4_cpll_cal_tx_i/U_TXOUTCLK_FREQ_COUNTER/testclk_cnt_reg[16]/CLR
  -------------------------------------------------------------------    -------------------

                         (clock u_camera_hdmi/u_hdmi/u_phy/u_vphy/inst/gt_wrapper_inst/inst/gen_gtwizard_gtye4_top.vid_phy_controller_0_gtwrapper_gtwizard_gtye4_inst/gen_gtwizard_gtye4.gen_cpll_cal_gtye4.gen_cpll_cal_inst[0].gen_inst_cpll_cal.gtwizard_ultrascale_v1_7_17_gtye4_cpll_cal_inst/gtwizard_ultrascale_v1_7_17_gtye4_cpll_cal_tx_i/bufg_gt_txoutclkmon_inst/O rise edge)
                                                      3.367     3.367 r  
    BUFG_GT_X0Y120       BUFG_GT                      0.000     3.367 r  u_camera_hdmi/u_hdmi/u_phy/u_vphy/inst/gt_wrapper_inst/inst/gen_gtwizard_gtye4_top.vid_phy_controller_0_gtwrapper_gtwizard_gtye4_inst/gen_gtwizard_gtye4.gen_cpll_cal_gtye4.gen_cpll_cal_inst[0].gen_inst_cpll_cal.gtwizard_ultrascale_v1_7_17_gtye4_cpll_cal_inst/gtwizard_ultrascale_v1_7_17_gtye4_cpll_cal_tx_i/bufg_gt_txoutclkmon_inst/O
    X0Y5 (CLOCK_ROOT)    net (fo=31, estimated)       0.514     3.881    u_camera_hdmi/u_hdmi/u_phy/u_vphy/inst/gt_wrapper_inst/inst/gen_gtwizard_gtye4_top.vid_phy_controller_0_gtwrapper_gtwizard_gtye4_inst/gen_gtwizard_gtye4.gen_cpll_cal_gtye4.gen_cpll_cal_inst[0].gen_inst_cpll_cal.gtwizard_ultrascale_v1_7_17_gtye4_cpll_cal_inst/gtwizard_ultrascale_v1_7_17_gtye4_cpll_cal_tx_i/U_TXOUTCLK_FREQ_COUNTER/txoutclkmon
    SLICE_X12Y340        FDCE                                         r  u_camera_hdmi/u_hdmi/u_phy/u_vphy/inst/gt_wrapper_inst/inst/gen_gtwizard_gtye4_top.vid_phy_controller_0_gtwrapper_gtwizard_gtye4_inst/gen_gtwizard_gtye4.gen_cpll_cal_gtye4.gen_cpll_cal_inst[0].gen_inst_cpll_cal.gtwizard_ultrascale_v1_7_17_gtye4_cpll_cal_inst/gtwizard_ultrascale_v1_7_17_gtye4_cpll_cal_tx_i/U_TXOUTCLK_FREQ_COUNTER/testclk_cnt_reg[16]/C
                         clock pessimism              0.056     3.937    
                         clock uncertainty           -0.046     3.890    
    SLICE_X12Y340        FDCE (Recov_AFF_SLICEL_C_CLR)
                                                     -0.066     3.824    u_camera_hdmi/u_hdmi/u_phy/u_vphy/inst/gt_wrapper_inst/inst/gen_gtwizard_gtye4_top.vid_phy_controller_0_gtwrapper_gtwizard_gtye4_inst/gen_gtwizard_gtye4.gen_cpll_cal_gtye4.gen_cpll_cal_inst[0].gen_inst_cpll_cal.gtwizard_ultrascale_v1_7_17_gtye4_cpll_cal_inst/gtwizard_ultrascale_v1_7_17_gtye4_cpll_cal_tx_i/U_TXOUTCLK_FREQ_COUNTER/testclk_cnt_reg[16]
  -------------------------------------------------------------------
                         required time                          3.824    
                         arrival time                          -1.062    
  -------------------------------------------------------------------
                         slack                                  2.762    





---------------------------------------------------------------------------------------------------
Path Group:  **async_default**
From Clock:  u_camera_hdmi/u_hdmi/u_phy/u_vphy/inst/gt_wrapper_inst/inst/gen_gtwizard_gtye4_top.vid_phy_controller_0_gtwrapper_gtwizard_gtye4_inst/gen_gtwizard_gtye4.gen_cpll_cal_gtye4.gen_cpll_cal_inst[1].gen_inst_cpll_cal.gtwizard_ultrascale_v1_7_17_gtye4_cpll_cal_inst/gtwizard_ultrascale_v1_7_17_gtye4_cpll_cal_rx_i/gen_cal_rx_en.bufg_gt_rxoutclkmon_inst/O
  To Clock:  u_camera_hdmi/u_hdmi/u_phy/u_vphy/inst/gt_wrapper_inst/inst/gen_gtwizard_gtye4_top.vid_phy_controller_0_gtwrapper_gtwizard_gtye4_inst/gen_gtwizard_gtye4.gen_cpll_cal_gtye4.gen_cpll_cal_inst[1].gen_inst_cpll_cal.gtwizard_ultrascale_v1_7_17_gtye4_cpll_cal_inst/gtwizard_ultrascale_v1_7_17_gtye4_cpll_cal_rx_i/gen_cal_rx_en.bufg_gt_rxoutclkmon_inst/O

Setup :            0  Failing Endpoints,  Worst Slack        2.707ns,  Total Violation        0.000ns
Hold  :           NA  Failing Endpoints,  Worst Slack           NA  ,  Total Violation           NA
---------------------------------------------------------------------------------------------------


Max Delay Paths
--------------------------------------------------------------------------------------
Slack (MET) :             2.707ns  (required time - arrival time)
  Source:                 u_camera_hdmi/u_hdmi/u_phy/u_vphy/inst/gt_wrapper_inst/inst/gen_gtwizard_gtye4_top.vid_phy_controller_0_gtwrapper_gtwizard_gtye4_inst/gen_gtwizard_gtye4.gen_cpll_cal_gtye4.gen_cpll_cal_inst[1].gen_inst_cpll_cal.gtwizard_ultrascale_v1_7_17_gtye4_cpll_cal_inst/gtwizard_ultrascale_v1_7_17_gtye4_cpll_cal_rx_i/gen_cal_rx_en.U_RXOUTCLK_FREQ_COUNTER/reset_synchronizer_testclk_rst_inst/rst_in_out_reg/C
                            (rising edge-triggered cell FDPE clocked by u_camera_hdmi/u_hdmi/u_phy/u_vphy/inst/gt_wrapper_inst/inst/gen_gtwizard_gtye4_top.vid_phy_controller_0_gtwrapper_gtwizard_gtye4_inst/gen_gtwizard_gtye4.gen_cpll_cal_gtye4.gen_cpll_cal_inst[1].gen_inst_cpll_cal.gtwizard_ultrascale_v1_7_17_gtye4_cpll_cal_inst/gtwizard_ultrascale_v1_7_17_gtye4_cpll_cal_rx_i/gen_cal_rx_en.bufg_gt_rxoutclkmon_inst/O  {rise@0.000ns fall@1.684ns period=3.367ns})
  Destination:            u_camera_hdmi/u_hdmi/u_phy/u_vphy/inst/gt_wrapper_inst/inst/gen_gtwizard_gtye4_top.vid_phy_controller_0_gtwrapper_gtwizard_gtye4_inst/gen_gtwizard_gtye4.gen_cpll_cal_gtye4.gen_cpll_cal_inst[1].gen_inst_cpll_cal.gtwizard_ultrascale_v1_7_17_gtye4_cpll_cal_inst/gtwizard_ultrascale_v1_7_17_gtye4_cpll_cal_rx_i/gen_cal_rx_en.U_RXOUTCLK_FREQ_COUNTER/testclk_cnt_reg[16]/CLR
                            (recovery check against rising-edge clock u_camera_hdmi/u_hdmi/u_phy/u_vphy/inst/gt_wrapper_inst/inst/gen_gtwizard_gtye4_top.vid_phy_controller_0_gtwrapper_gtwizard_gtye4_inst/gen_gtwizard_gtye4.gen_cpll_cal_gtye4.gen_cpll_cal_inst[1].gen_inst_cpll_cal.gtwizard_ultrascale_v1_7_17_gtye4_cpll_cal_inst/gtwizard_ultrascale_v1_7_17_gtye4_cpll_cal_rx_i/gen_cal_rx_en.bufg_gt_rxoutclkmon_inst/O  {rise@0.000ns fall@1.684ns period=3.367ns})
  Path Group:             **async_default**
  Path Type:              Recovery (Max at Slow Process Corner)
  Requirement:            3.367ns  (u_camera_hdmi/u_hdmi/u_phy/u_vphy/inst/gt_wrapper_inst/inst/gen_gtwizard_gtye4_top.vid_phy_controller_0_gtwrapper_gtwizard_gtye4_inst/gen_gtwizard_gtye4.gen_cpll_cal_gtye4.gen_cpll_cal_inst[1].gen_inst_cpll_cal.gtwizard_ultrascale_v1_7_17_gtye4_cpll_cal_inst/gtwizard_ultrascale_v1_7_17_gtye4_cpll_cal_rx_i/gen_cal_rx_en.bufg_gt_rxoutclkmon_inst/O rise@3.367ns - u_camera_hdmi/u_hdmi/u_phy/u_vphy/inst/gt_wrapper_inst/inst/gen_gtwizard_gtye4_top.vid_phy_controller_0_gtwrapper_gtwizard_gtye4_inst/gen_gtwizard_gtye4.gen_cpll_cal_gtye4.gen_cpll_cal_inst[1].gen_inst_cpll_cal.gtwizard_ultrascale_v1_7_17_gtye4_cpll_cal_inst/gtwizard_ultrascale_v1_7_17_gtye4_cpll_cal_rx_i/gen_cal_rx_en.bufg_gt_rxoutclkmon_inst/O rise@0.000ns)
  Data Path Delay:        0.439ns  (logic 0.079ns (17.995%)  route 0.360ns (82.005%))
  Logic Levels:           0  
  Clock Path Skew:        -0.109ns (DCD - SCD + CPR)
    Destination Clock Delay (DCD):    0.537ns = ( 3.904 - 3.367 ) 
    Source Clock Delay      (SCD):    0.655ns
    Clock Pessimism Removal (CPR):    0.009ns
  Clock Uncertainty:      0.046ns  ((TSJ^2 + DJ^2)^1/2) / 2 + PE
    Total System Jitter     (TSJ):    0.071ns
    Discrete Jitter          (DJ):    0.060ns
    Phase Error              (PE):    0.000ns
  Clock Net Delay (Source):      0.655ns (routing 0.000ns, distribution 0.655ns)
  Clock Net Delay (Destination): 0.537ns (routing 0.000ns, distribution 0.537ns)

    Location             Delay type                Incr(ns)  Path(ns)    Netlist Resource(s)
  -------------------------------------------------------------------    -------------------
                         (clock u_camera_hdmi/u_hdmi/u_phy/u_vphy/inst/gt_wrapper_inst/inst/gen_gtwizard_gtye4_top.vid_phy_controller_0_gtwrapper_gtwizard_gtye4_inst/gen_gtwizard_gtye4.gen_cpll_cal_gtye4.gen_cpll_cal_inst[1].gen_inst_cpll_cal.gtwizard_ultrascale_v1_7_17_gtye4_cpll_cal_inst/gtwizard_ultrascale_v1_7_17_gtye4_cpll_cal_rx_i/gen_cal_rx_en.bufg_gt_rxoutclkmon_inst/O rise edge)
                                                      0.000     0.000 r  
    BUFG_GT_X0Y132       BUFG_GT                      0.000     0.000 r  u_camera_hdmi/u_hdmi/u_phy/u_vphy/inst/gt_wrapper_inst/inst/gen_gtwizard_gtye4_top.vid_phy_controller_0_gtwrapper_gtwizard_gtye4_inst/gen_gtwizard_gtye4.gen_cpll_cal_gtye4.gen_cpll_cal_inst[1].gen_inst_cpll_cal.gtwizard_ultrascale_v1_7_17_gtye4_cpll_cal_inst/gtwizard_ultrascale_v1_7_17_gtye4_cpll_cal_rx_i/gen_cal_rx_en.bufg_gt_rxoutclkmon_inst/O
    X0Y5 (CLOCK_ROOT)    net (fo=31, estimated)       0.655     0.655    u_camera_hdmi/u_hdmi/u_phy/u_vphy/inst/gt_wrapper_inst/inst/gen_gtwizard_gtye4_top.vid_phy_controller_0_gtwrapper_gtwizard_gtye4_inst/gen_gtwizard_gtye4.gen_cpll_cal_gtye4.gen_cpll_cal_inst[1].gen_inst_cpll_cal.gtwizard_ultrascale_v1_7_17_gtye4_cpll_cal_inst/gtwizard_ultrascale_v1_7_17_gtye4_cpll_cal_rx_i/gen_cal_rx_en.U_RXOUTCLK_FREQ_COUNTER/reset_synchronizer_testclk_rst_inst/gen_cal_rx_en.rxoutclkmon
    SLICE_X20Y343        FDPE                                         r  u_camera_hdmi/u_hdmi/u_phy/u_vphy/inst/gt_wrapper_inst/inst/gen_gtwizard_gtye4_top.vid_phy_controller_0_gtwrapper_gtwizard_gtye4_inst/gen_gtwizard_gtye4.gen_cpll_cal_gtye4.gen_cpll_cal_inst[1].gen_inst_cpll_cal.gtwizard_ultrascale_v1_7_17_gtye4_cpll_cal_inst/gtwizard_ultrascale_v1_7_17_gtye4_cpll_cal_rx_i/gen_cal_rx_en.U_RXOUTCLK_FREQ_COUNTER/reset_synchronizer_testclk_rst_inst/rst_in_out_reg/C
  -------------------------------------------------------------------    -------------------
    SLICE_X20Y343        FDPE (Prop_EFF_SLICEL_C_Q)
                                                      0.079     0.734 f  u_camera_hdmi/u_hdmi/u_phy/u_vphy/inst/gt_wrapper_inst/inst/gen_gtwizard_gtye4_top.vid_phy_controller_0_gtwrapper_gtwizard_gtye4_inst/gen_gtwizard_gtye4.gen_cpll_cal_gtye4.gen_cpll_cal_inst[1].gen_inst_cpll_cal.gtwizard_ultrascale_v1_7_17_gtye4_cpll_cal_inst/gtwizard_ultrascale_v1_7_17_gtye4_cpll_cal_rx_i/gen_cal_rx_en.U_RXOUTCLK_FREQ_COUNTER/reset_synchronizer_testclk_rst_inst/rst_in_out_reg/Q
                         net (fo=18, estimated)       0.360     1.094    u_camera_hdmi/u_hdmi/u_phy/u_vphy/inst/gt_wrapper_inst/inst/gen_gtwizard_gtye4_top.vid_phy_controller_0_gtwrapper_gtwizard_gtye4_inst/gen_gtwizard_gtye4.gen_cpll_cal_gtye4.gen_cpll_cal_inst[1].gen_inst_cpll_cal.gtwizard_ultrascale_v1_7_17_gtye4_cpll_cal_inst/gtwizard_ultrascale_v1_7_17_gtye4_cpll_cal_rx_i/gen_cal_rx_en.U_RXOUTCLK_FREQ_COUNTER/rst_in_out
    SLICE_X18Y345        FDCE                                         f  u_camera_hdmi/u_hdmi/u_phy/u_vphy/inst/gt_wrapper_inst/inst/gen_gtwizard_gtye4_top.vid_phy_controller_0_gtwrapper_gtwizard_gtye4_inst/gen_gtwizard_gtye4.gen_cpll_cal_gtye4.gen_cpll_cal_inst[1].gen_inst_cpll_cal.gtwizard_ultrascale_v1_7_17_gtye4_cpll_cal_inst/gtwizard_ultrascale_v1_7_17_gtye4_cpll_cal_rx_i/gen_cal_rx_en.U_RXOUTCLK_FREQ_COUNTER/testclk_cnt_reg[16]/CLR
  -------------------------------------------------------------------    -------------------

                         (clock u_camera_hdmi/u_hdmi/u_phy/u_vphy/inst/gt_wrapper_inst/inst/gen_gtwizard_gtye4_top.vid_phy_controller_0_gtwrapper_gtwizard_gtye4_inst/gen_gtwizard_gtye4.gen_cpll_cal_gtye4.gen_cpll_cal_inst[1].gen_inst_cpll_cal.gtwizard_ultrascale_v1_7_17_gtye4_cpll_cal_inst/gtwizard_ultrascale_v1_7_17_gtye4_cpll_cal_rx_i/gen_cal_rx_en.bufg_gt_rxoutclkmon_inst/O rise edge)
                                                      3.367     3.367 r  
    BUFG_GT_X0Y132       BUFG_GT                      0.000     3.367 r  u_camera_hdmi/u_hdmi/u_phy/u_vphy/inst/gt_wrapper_inst/inst/gen_gtwizard_gtye4_top.vid_phy_controller_0_gtwrapper_gtwizard_gtye4_inst/gen_gtwizard_gtye4.gen_cpll_cal_gtye4.gen_cpll_cal_inst[1].gen_inst_cpll_cal.gtwizard_ultrascale_v1_7_17_gtye4_cpll_cal_inst/gtwizard_ultrascale_v1_7_17_gtye4_cpll_cal_rx_i/gen_cal_rx_en.bufg_gt_rxoutclkmon_inst/O
    X0Y5 (CLOCK_ROOT)    net (fo=31, estimated)       0.537     3.904    u_camera_hdmi/u_hdmi/u_phy/u_vphy/inst/gt_wrapper_inst/inst/gen_gtwizard_gtye4_top.vid_phy_controller_0_gtwrapper_gtwizard_gtye4_inst/gen_gtwizard_gtye4.gen_cpll_cal_gtye4.gen_cpll_cal_inst[1].gen_inst_cpll_cal.gtwizard_ultrascale_v1_7_17_gtye4_cpll_cal_inst/gtwizard_ultrascale_v1_7_17_gtye4_cpll_cal_rx_i/gen_cal_rx_en.U_RXOUTCLK_FREQ_COUNTER/gen_cal_rx_en.rxoutclkmon
    SLICE_X18Y345        FDCE                                         r  u_camera_hdmi/u_hdmi/u_phy/u_vphy/inst/gt_wrapper_inst/inst/gen_gtwizard_gtye4_top.vid_phy_controller_0_gtwrapper_gtwizard_gtye4_inst/gen_gtwizard_gtye4.gen_cpll_cal_gtye4.gen_cpll_cal_inst[1].gen_inst_cpll_cal.gtwizard_ultrascale_v1_7_17_gtye4_cpll_cal_inst/gtwizard_ultrascale_v1_7_17_gtye4_cpll_cal_rx_i/gen_cal_rx_en.U_RXOUTCLK_FREQ_COUNTER/testclk_cnt_reg[16]/C
                         clock pessimism              0.009     3.913    
                         clock uncertainty           -0.046     3.866    
    SLICE_X18Y345        FDCE (Recov_AFF_SLICEL_C_CLR)
                                                     -0.066     3.800    u_camera_hdmi/u_hdmi/u_phy/u_vphy/inst/gt_wrapper_inst/inst/gen_gtwizard_gtye4_top.vid_phy_controller_0_gtwrapper_gtwizard_gtye4_inst/gen_gtwizard_gtye4.gen_cpll_cal_gtye4.gen_cpll_cal_inst[1].gen_inst_cpll_cal.gtwizard_ultrascale_v1_7_17_gtye4_cpll_cal_inst/gtwizard_ultrascale_v1_7_17_gtye4_cpll_cal_rx_i/gen_cal_rx_en.U_RXOUTCLK_FREQ_COUNTER/testclk_cnt_reg[16]
  -------------------------------------------------------------------
                         required time                          3.800    
                         arrival time                          -1.094    
  -------------------------------------------------------------------
                         slack                                  2.707    





---------------------------------------------------------------------------------------------------
Path Group:  **async_default**
From Clock:  u_camera_hdmi/u_hdmi/u_phy/u_vphy/inst/gt_wrapper_inst/inst/gen_gtwizard_gtye4_top.vid_phy_controller_0_gtwrapper_gtwizard_gtye4_inst/gen_gtwizard_gtye4.gen_cpll_cal_gtye4.gen_cpll_cal_inst[1].gen_inst_cpll_cal.gtwizard_ultrascale_v1_7_17_gtye4_cpll_cal_inst/gtwizard_ultrascale_v1_7_17_gtye4_cpll_cal_tx_i/bufg_gt_txoutclkmon_inst/O
  To Clock:  u_camera_hdmi/u_hdmi/u_phy/u_vphy/inst/gt_wrapper_inst/inst/gen_gtwizard_gtye4_top.vid_phy_controller_0_gtwrapper_gtwizard_gtye4_inst/gen_gtwizard_gtye4.gen_cpll_cal_gtye4.gen_cpll_cal_inst[1].gen_inst_cpll_cal.gtwizard_ultrascale_v1_7_17_gtye4_cpll_cal_inst/gtwizard_ultrascale_v1_7_17_gtye4_cpll_cal_tx_i/bufg_gt_txoutclkmon_inst/O

Setup :            0  Failing Endpoints,  Worst Slack        2.630ns,  Total Violation        0.000ns
Hold  :           NA  Failing Endpoints,  Worst Slack           NA  ,  Total Violation           NA
---------------------------------------------------------------------------------------------------


Max Delay Paths
--------------------------------------------------------------------------------------
Slack (MET) :             2.630ns  (required time - arrival time)
  Source:                 u_camera_hdmi/u_hdmi/u_phy/u_vphy/inst/gt_wrapper_inst/inst/gen_gtwizard_gtye4_top.vid_phy_controller_0_gtwrapper_gtwizard_gtye4_inst/gen_gtwizard_gtye4.gen_cpll_cal_gtye4.gen_cpll_cal_inst[1].gen_inst_cpll_cal.gtwizard_ultrascale_v1_7_17_gtye4_cpll_cal_inst/gtwizard_ultrascale_v1_7_17_gtye4_cpll_cal_tx_i/U_TXOUTCLK_FREQ_COUNTER/reset_synchronizer_testclk_rst_inst/rst_in_out_reg/C
                            (rising edge-triggered cell FDPE clocked by u_camera_hdmi/u_hdmi/u_phy/u_vphy/inst/gt_wrapper_inst/inst/gen_gtwizard_gtye4_top.vid_phy_controller_0_gtwrapper_gtwizard_gtye4_inst/gen_gtwizard_gtye4.gen_cpll_cal_gtye4.gen_cpll_cal_inst[1].gen_inst_cpll_cal.gtwizard_ultrascale_v1_7_17_gtye4_cpll_cal_inst/gtwizard_ultrascale_v1_7_17_gtye4_cpll_cal_tx_i/bufg_gt_txoutclkmon_inst/O  {rise@0.000ns fall@1.684ns period=3.367ns})
  Destination:            u_camera_hdmi/u_hdmi/u_phy/u_vphy/inst/gt_wrapper_inst/inst/gen_gtwizard_gtye4_top.vid_phy_controller_0_gtwrapper_gtwizard_gtye4_inst/gen_gtwizard_gtye4.gen_cpll_cal_gtye4.gen_cpll_cal_inst[1].gen_inst_cpll_cal.gtwizard_ultrascale_v1_7_17_gtye4_cpll_cal_inst/gtwizard_ultrascale_v1_7_17_gtye4_cpll_cal_tx_i/U_TXOUTCLK_FREQ_COUNTER/testclk_cnt_reg[0]/CLR
                            (recovery check against rising-edge clock u_camera_hdmi/u_hdmi/u_phy/u_vphy/inst/gt_wrapper_inst/inst/gen_gtwizard_gtye4_top.vid_phy_controller_0_gtwrapper_gtwizard_gtye4_inst/gen_gtwizard_gtye4.gen_cpll_cal_gtye4.gen_cpll_cal_inst[1].gen_inst_cpll_cal.gtwizard_ultrascale_v1_7_17_gtye4_cpll_cal_inst/gtwizard_ultrascale_v1_7_17_gtye4_cpll_cal_tx_i/bufg_gt_txoutclkmon_inst/O  {rise@0.000ns fall@1.684ns period=3.367ns})
  Path Group:             **async_default**
  Path Type:              Recovery (Max at Slow Process Corner)
  Requirement:            3.367ns  (u_camera_hdmi/u_hdmi/u_phy/u_vphy/inst/gt_wrapper_inst/inst/gen_gtwizard_gtye4_top.vid_phy_controller_0_gtwrapper_gtwizard_gtye4_inst/gen_gtwizard_gtye4.gen_cpll_cal_gtye4.gen_cpll_cal_inst[1].gen_inst_cpll_cal.gtwizard_ultrascale_v1_7_17_gtye4_cpll_cal_inst/gtwizard_ultrascale_v1_7_17_gtye4_cpll_cal_tx_i/bufg_gt_txoutclkmon_inst/O rise@3.367ns - u_camera_hdmi/u_hdmi/u_phy/u_vphy/inst/gt_wrapper_inst/inst/gen_gtwizard_gtye4_top.vid_phy_controller_0_gtwrapper_gtwizard_gtye4_inst/gen_gtwizard_gtye4.gen_cpll_cal_gtye4.gen_cpll_cal_inst[1].gen_inst_cpll_cal.gtwizard_ultrascale_v1_7_17_gtye4_cpll_cal_inst/gtwizard_ultrascale_v1_7_17_gtye4_cpll_cal_tx_i/bufg_gt_txoutclkmon_inst/O rise@0.000ns)
  Data Path Delay:        0.560ns  (logic 0.079ns (14.107%)  route 0.481ns (85.893%))
  Logic Levels:           0  
  Clock Path Skew:        -0.065ns (DCD - SCD + CPR)
    Destination Clock Delay (DCD):    0.554ns = ( 3.921 - 3.367 ) 
    Source Clock Delay      (SCD):    0.677ns
    Clock Pessimism Removal (CPR):    0.058ns
  Clock Uncertainty:      0.046ns  ((TSJ^2 + DJ^2)^1/2) / 2 + PE
    Total System Jitter     (TSJ):    0.071ns
    Discrete Jitter          (DJ):    0.060ns
    Phase Error              (PE):    0.000ns
  Clock Net Delay (Source):      0.677ns (routing 0.000ns, distribution 0.677ns)
  Clock Net Delay (Destination): 0.554ns (routing 0.000ns, distribution 0.554ns)

    Location             Delay type                Incr(ns)  Path(ns)    Netlist Resource(s)
  -------------------------------------------------------------------    -------------------
                         (clock u_camera_hdmi/u_hdmi/u_phy/u_vphy/inst/gt_wrapper_inst/inst/gen_gtwizard_gtye4_top.vid_phy_controller_0_gtwrapper_gtwizard_gtye4_inst/gen_gtwizard_gtye4.gen_cpll_cal_gtye4.gen_cpll_cal_inst[1].gen_inst_cpll_cal.gtwizard_ultrascale_v1_7_17_gtye4_cpll_cal_inst/gtwizard_ultrascale_v1_7_17_gtye4_cpll_cal_tx_i/bufg_gt_txoutclkmon_inst/O rise edge)
                                                      0.000     0.000 r  
    BUFG_GT_X0Y142       BUFG_GT                      0.000     0.000 r  u_camera_hdmi/u_hdmi/u_phy/u_vphy/inst/gt_wrapper_inst/inst/gen_gtwizard_gtye4_top.vid_phy_controller_0_gtwrapper_gtwizard_gtye4_inst/gen_gtwizard_gtye4.gen_cpll_cal_gtye4.gen_cpll_cal_inst[1].gen_inst_cpll_cal.gtwizard_ultrascale_v1_7_17_gtye4_cpll_cal_inst/gtwizard_ultrascale_v1_7_17_gtye4_cpll_cal_tx_i/bufg_gt_txoutclkmon_inst/O
    X0Y5 (CLOCK_ROOT)    net (fo=31, estimated)       0.677     0.677    u_camera_hdmi/u_hdmi/u_phy/u_vphy/inst/gt_wrapper_inst/inst/gen_gtwizard_gtye4_top.vid_phy_controller_0_gtwrapper_gtwizard_gtye4_inst/gen_gtwizard_gtye4.gen_cpll_cal_gtye4.gen_cpll_cal_inst[1].gen_inst_cpll_cal.gtwizard_ultrascale_v1_7_17_gtye4_cpll_cal_inst/gtwizard_ultrascale_v1_7_17_gtye4_cpll_cal_tx_i/U_TXOUTCLK_FREQ_COUNTER/reset_synchronizer_testclk_rst_inst/txoutclkmon
    SLICE_X18Y351        FDPE                                         r  u_camera_hdmi/u_hdmi/u_phy/u_vphy/inst/gt_wrapper_inst/inst/gen_gtwizard_gtye4_top.vid_phy_controller_0_gtwrapper_gtwizard_gtye4_inst/gen_gtwizard_gtye4.gen_cpll_cal_gtye4.gen_cpll_cal_inst[1].gen_inst_cpll_cal.gtwizard_ultrascale_v1_7_17_gtye4_cpll_cal_inst/gtwizard_ultrascale_v1_7_17_gtye4_cpll_cal_tx_i/U_TXOUTCLK_FREQ_COUNTER/reset_synchronizer_testclk_rst_inst/rst_in_out_reg/C
  -------------------------------------------------------------------    -------------------
    SLICE_X18Y351        FDPE (Prop_EFF_SLICEL_C_Q)
                                                      0.079     0.756 f  u_camera_hdmi/u_hdmi/u_phy/u_vphy/inst/gt_wrapper_inst/inst/gen_gtwizard_gtye4_top.vid_phy_controller_0_gtwrapper_gtwizard_gtye4_inst/gen_gtwizard_gtye4.gen_cpll_cal_gtye4.gen_cpll_cal_inst[1].gen_inst_cpll_cal.gtwizard_ultrascale_v1_7_17_gtye4_cpll_cal_inst/gtwizard_ultrascale_v1_7_17_gtye4_cpll_cal_tx_i/U_TXOUTCLK_FREQ_COUNTER/reset_synchronizer_testclk_rst_inst/rst_in_out_reg/Q
                         net (fo=18, estimated)       0.481     1.237    u_camera_hdmi/u_hdmi/u_phy/u_vphy/inst/gt_wrapper_inst/inst/gen_gtwizard_gtye4_top.vid_phy_controller_0_gtwrapper_gtwizard_gtye4_inst/gen_gtwizard_gtye4.gen_cpll_cal_gtye4.gen_cpll_cal_inst[1].gen_inst_cpll_cal.gtwizard_ultrascale_v1_7_17_gtye4_cpll_cal_inst/gtwizard_ultrascale_v1_7_17_gtye4_cpll_cal_tx_i/U_TXOUTCLK_FREQ_COUNTER/rst_in_out
    SLICE_X17Y338        FDCE                                         f  u_camera_hdmi/u_hdmi/u_phy/u_vphy/inst/gt_wrapper_inst/inst/gen_gtwizard_gtye4_top.vid_phy_controller_0_gtwrapper_gtwizard_gtye4_inst/gen_gtwizard_gtye4.gen_cpll_cal_gtye4.gen_cpll_cal_inst[1].gen_inst_cpll_cal.gtwizard_ultrascale_v1_7_17_gtye4_cpll_cal_inst/gtwizard_ultrascale_v1_7_17_gtye4_cpll_cal_tx_i/U_TXOUTCLK_FREQ_COUNTER/testclk_cnt_reg[0]/CLR
  -------------------------------------------------------------------    -------------------

                         (clock u_camera_hdmi/u_hdmi/u_phy/u_vphy/inst/gt_wrapper_inst/inst/gen_gtwizard_gtye4_top.vid_phy_controller_0_gtwrapper_gtwizard_gtye4_inst/gen_gtwizard_gtye4.gen_cpll_cal_gtye4.gen_cpll_cal_inst[1].gen_inst_cpll_cal.gtwizard_ultrascale_v1_7_17_gtye4_cpll_cal_inst/gtwizard_ultrascale_v1_7_17_gtye4_cpll_cal_tx_i/bufg_gt_txoutclkmon_inst/O rise edge)
                                                      3.367     3.367 r  
    BUFG_GT_X0Y142       BUFG_GT                      0.000     3.367 r  u_camera_hdmi/u_hdmi/u_phy/u_vphy/inst/gt_wrapper_inst/inst/gen_gtwizard_gtye4_top.vid_phy_controller_0_gtwrapper_gtwizard_gtye4_inst/gen_gtwizard_gtye4.gen_cpll_cal_gtye4.gen_cpll_cal_inst[1].gen_inst_cpll_cal.gtwizard_ultrascale_v1_7_17_gtye4_cpll_cal_inst/gtwizard_ultrascale_v1_7_17_gtye4_cpll_cal_tx_i/bufg_gt_txoutclkmon_inst/O
    X0Y5 (CLOCK_ROOT)    net (fo=31, estimated)       0.554     3.921    u_camera_hdmi/u_hdmi/u_phy/u_vphy/inst/gt_wrapper_inst/inst/gen_gtwizard_gtye4_top.vid_phy_controller_0_gtwrapper_gtwizard_gtye4_inst/gen_gtwizard_gtye4.gen_cpll_cal_gtye4.gen_cpll_cal_inst[1].gen_inst_cpll_cal.gtwizard_ultrascale_v1_7_17_gtye4_cpll_cal_inst/gtwizard_ultrascale_v1_7_17_gtye4_cpll_cal_tx_i/U_TXOUTCLK_FREQ_COUNTER/txoutclkmon
    SLICE_X17Y338        FDCE                                         r  u_camera_hdmi/u_hdmi/u_phy/u_vphy/inst/gt_wrapper_inst/inst/gen_gtwizard_gtye4_top.vid_phy_controller_0_gtwrapper_gtwizard_gtye4_inst/gen_gtwizard_gtye4.gen_cpll_cal_gtye4.gen_cpll_cal_inst[1].gen_inst_cpll_cal.gtwizard_ultrascale_v1_7_17_gtye4_cpll_cal_inst/gtwizard_ultrascale_v1_7_17_gtye4_cpll_cal_tx_i/U_TXOUTCLK_FREQ_COUNTER/testclk_cnt_reg[0]/C
                         clock pessimism              0.058     3.979    
                         clock uncertainty           -0.046     3.933    
    SLICE_X17Y338        FDCE (Recov_AFF_SLICEM_C_CLR)
                                                     -0.066     3.867    u_camera_hdmi/u_hdmi/u_phy/u_vphy/inst/gt_wrapper_inst/inst/gen_gtwizard_gtye4_top.vid_phy_controller_0_gtwrapper_gtwizard_gtye4_inst/gen_gtwizard_gtye4.gen_cpll_cal_gtye4.gen_cpll_cal_inst[1].gen_inst_cpll_cal.gtwizard_ultrascale_v1_7_17_gtye4_cpll_cal_inst/gtwizard_ultrascale_v1_7_17_gtye4_cpll_cal_tx_i/U_TXOUTCLK_FREQ_COUNTER/testclk_cnt_reg[0]
  -------------------------------------------------------------------
                         required time                          3.867    
                         arrival time                          -1.237    
  -------------------------------------------------------------------
                         slack                                  2.630    





---------------------------------------------------------------------------------------------------
Path Group:  **async_default**
From Clock:  u_camera_hdmi/u_hdmi/u_phy/u_vphy/inst/gt_wrapper_inst/inst/gen_gtwizard_gtye4_top.vid_phy_controller_0_gtwrapper_gtwizard_gtye4_inst/gen_gtwizard_gtye4.gen_cpll_cal_gtye4.gen_cpll_cal_inst[2].gen_inst_cpll_cal.gtwizard_ultrascale_v1_7_17_gtye4_cpll_cal_inst/gtwizard_ultrascale_v1_7_17_gtye4_cpll_cal_rx_i/gen_cal_rx_en.bufg_gt_rxoutclkmon_inst/O
  To Clock:  u_camera_hdmi/u_hdmi/u_phy/u_vphy/inst/gt_wrapper_inst/inst/gen_gtwizard_gtye4_top.vid_phy_controller_0_gtwrapper_gtwizard_gtye4_inst/gen_gtwizard_gtye4.gen_cpll_cal_gtye4.gen_cpll_cal_inst[2].gen_inst_cpll_cal.gtwizard_ultrascale_v1_7_17_gtye4_cpll_cal_inst/gtwizard_ultrascale_v1_7_17_gtye4_cpll_cal_rx_i/gen_cal_rx_en.bufg_gt_rxoutclkmon_inst/O

Setup :            0  Failing Endpoints,  Worst Slack        2.470ns,  Total Violation        0.000ns
Hold  :           NA  Failing Endpoints,  Worst Slack           NA  ,  Total Violation           NA
---------------------------------------------------------------------------------------------------


Max Delay Paths
--------------------------------------------------------------------------------------
Slack (MET) :             2.470ns  (required time - arrival time)
  Source:                 u_camera_hdmi/u_hdmi/u_phy/u_vphy/inst/gt_wrapper_inst/inst/gen_gtwizard_gtye4_top.vid_phy_controller_0_gtwrapper_gtwizard_gtye4_inst/gen_gtwizard_gtye4.gen_cpll_cal_gtye4.gen_cpll_cal_inst[2].gen_inst_cpll_cal.gtwizard_ultrascale_v1_7_17_gtye4_cpll_cal_inst/gtwizard_ultrascale_v1_7_17_gtye4_cpll_cal_rx_i/gen_cal_rx_en.U_RXOUTCLK_FREQ_COUNTER/reset_synchronizer_testclk_rst_inst/rst_in_out_reg/C
                            (rising edge-triggered cell FDPE clocked by u_camera_hdmi/u_hdmi/u_phy/u_vphy/inst/gt_wrapper_inst/inst/gen_gtwizard_gtye4_top.vid_phy_controller_0_gtwrapper_gtwizard_gtye4_inst/gen_gtwizard_gtye4.gen_cpll_cal_gtye4.gen_cpll_cal_inst[2].gen_inst_cpll_cal.gtwizard_ultrascale_v1_7_17_gtye4_cpll_cal_inst/gtwizard_ultrascale_v1_7_17_gtye4_cpll_cal_rx_i/gen_cal_rx_en.bufg_gt_rxoutclkmon_inst/O  {rise@0.000ns fall@1.684ns period=3.367ns})
  Destination:            u_camera_hdmi/u_hdmi/u_phy/u_vphy/inst/gt_wrapper_inst/inst/gen_gtwizard_gtye4_top.vid_phy_controller_0_gtwrapper_gtwizard_gtye4_inst/gen_gtwizard_gtye4.gen_cpll_cal_gtye4.gen_cpll_cal_inst[2].gen_inst_cpll_cal.gtwizard_ultrascale_v1_7_17_gtye4_cpll_cal_inst/gtwizard_ultrascale_v1_7_17_gtye4_cpll_cal_rx_i/gen_cal_rx_en.U_RXOUTCLK_FREQ_COUNTER/testclk_cnt_reg[0]/CLR
                            (recovery check against rising-edge clock u_camera_hdmi/u_hdmi/u_phy/u_vphy/inst/gt_wrapper_inst/inst/gen_gtwizard_gtye4_top.vid_phy_controller_0_gtwrapper_gtwizard_gtye4_inst/gen_gtwizard_gtye4.gen_cpll_cal_gtye4.gen_cpll_cal_inst[2].gen_inst_cpll_cal.gtwizard_ultrascale_v1_7_17_gtye4_cpll_cal_inst/gtwizard_ultrascale_v1_7_17_gtye4_cpll_cal_rx_i/gen_cal_rx_en.bufg_gt_rxoutclkmon_inst/O  {rise@0.000ns fall@1.684ns period=3.367ns})
  Path Group:             **async_default**
  Path Type:              Recovery (Max at Slow Process Corner)
  Requirement:            3.367ns  (u_camera_hdmi/u_hdmi/u_phy/u_vphy/inst/gt_wrapper_inst/inst/gen_gtwizard_gtye4_top.vid_phy_controller_0_gtwrapper_gtwizard_gtye4_inst/gen_gtwizard_gtye4.gen_cpll_cal_gtye4.gen_cpll_cal_inst[2].gen_inst_cpll_cal.gtwizard_ultrascale_v1_7_17_gtye4_cpll_cal_inst/gtwizard_ultrascale_v1_7_17_gtye4_cpll_cal_rx_i/gen_cal_rx_en.bufg_gt_rxoutclkmon_inst/O rise@3.367ns - u_camera_hdmi/u_hdmi/u_phy/u_vphy/inst/gt_wrapper_inst/inst/gen_gtwizard_gtye4_top.vid_phy_controller_0_gtwrapper_gtwizard_gtye4_inst/gen_gtwizard_gtye4.gen_cpll_cal_gtye4.gen_cpll_cal_inst[2].gen_inst_cpll_cal.gtwizard_ultrascale_v1_7_17_gtye4_cpll_cal_inst/gtwizard_ultrascale_v1_7_17_gtye4_cpll_cal_rx_i/gen_cal_rx_en.bufg_gt_rxoutclkmon_inst/O rise@0.000ns)
  Data Path Delay:        0.650ns  (logic 0.076ns (11.692%)  route 0.574ns (88.308%))
  Logic Levels:           0  
  Clock Path Skew:        -0.135ns (DCD - SCD + CPR)
    Destination Clock Delay (DCD):    0.530ns = ( 3.897 - 3.367 ) 
    Source Clock Delay      (SCD):    0.678ns
    Clock Pessimism Removal (CPR):    0.013ns
  Clock Uncertainty:      0.046ns  ((TSJ^2 + DJ^2)^1/2) / 2 + PE
    Total System Jitter     (TSJ):    0.071ns
    Discrete Jitter          (DJ):    0.060ns
    Phase Error              (PE):    0.000ns
  Clock Net Delay (Source):      0.678ns (routing 0.000ns, distribution 0.678ns)
  Clock Net Delay (Destination): 0.530ns (routing 0.000ns, distribution 0.530ns)

    Location             Delay type                Incr(ns)  Path(ns)    Netlist Resource(s)
  -------------------------------------------------------------------    -------------------
                         (clock u_camera_hdmi/u_hdmi/u_phy/u_vphy/inst/gt_wrapper_inst/inst/gen_gtwizard_gtye4_top.vid_phy_controller_0_gtwrapper_gtwizard_gtye4_inst/gen_gtwizard_gtye4.gen_cpll_cal_gtye4.gen_cpll_cal_inst[2].gen_inst_cpll_cal.gtwizard_ultrascale_v1_7_17_gtye4_cpll_cal_inst/gtwizard_ultrascale_v1_7_17_gtye4_cpll_cal_rx_i/gen_cal_rx_en.bufg_gt_rxoutclkmon_inst/O rise edge)
                                                      0.000     0.000 r  
    BUFG_GT_X0Y141       BUFG_GT                      0.000     0.000 r  u_camera_hdmi/u_hdmi/u_phy/u_vphy/inst/gt_wrapper_inst/inst/gen_gtwizard_gtye4_top.vid_phy_controller_0_gtwrapper_gtwizard_gtye4_inst/gen_gtwizard_gtye4.gen_cpll_cal_gtye4.gen_cpll_cal_inst[2].gen_inst_cpll_cal.gtwizard_ultrascale_v1_7_17_gtye4_cpll_cal_inst/gtwizard_ultrascale_v1_7_17_gtye4_cpll_cal_rx_i/gen_cal_rx_en.bufg_gt_rxoutclkmon_inst/O
    X0Y5 (CLOCK_ROOT)    net (fo=31, estimated)       0.678     0.678    u_camera_hdmi/u_hdmi/u_phy/u_vphy/inst/gt_wrapper_inst/inst/gen_gtwizard_gtye4_top.vid_phy_controller_0_gtwrapper_gtwizard_gtye4_inst/gen_gtwizard_gtye4.gen_cpll_cal_gtye4.gen_cpll_cal_inst[2].gen_inst_cpll_cal.gtwizard_ultrascale_v1_7_17_gtye4_cpll_cal_inst/gtwizard_ultrascale_v1_7_17_gtye4_cpll_cal_rx_i/gen_cal_rx_en.U_RXOUTCLK_FREQ_COUNTER/reset_synchronizer_testclk_rst_inst/gen_cal_rx_en.rxoutclkmon
    SLICE_X19Y347        FDPE                                         r  u_camera_hdmi/u_hdmi/u_phy/u_vphy/inst/gt_wrapper_inst/inst/gen_gtwizard_gtye4_top.vid_phy_controller_0_gtwrapper_gtwizard_gtye4_inst/gen_gtwizard_gtye4.gen_cpll_cal_gtye4.gen_cpll_cal_inst[2].gen_inst_cpll_cal.gtwizard_ultrascale_v1_7_17_gtye4_cpll_cal_inst/gtwizard_ultrascale_v1_7_17_gtye4_cpll_cal_rx_i/gen_cal_rx_en.U_RXOUTCLK_FREQ_COUNTER/reset_synchronizer_testclk_rst_inst/rst_in_out_reg/C
  -------------------------------------------------------------------    -------------------
    SLICE_X19Y347        FDPE (Prop_EFF_SLICEM_C_Q)
                                                      0.076     0.754 f  u_camera_hdmi/u_hdmi/u_phy/u_vphy/inst/gt_wrapper_inst/inst/gen_gtwizard_gtye4_top.vid_phy_controller_0_gtwrapper_gtwizard_gtye4_inst/gen_gtwizard_gtye4.gen_cpll_cal_gtye4.gen_cpll_cal_inst[2].gen_inst_cpll_cal.gtwizard_ultrascale_v1_7_17_gtye4_cpll_cal_inst/gtwizard_ultrascale_v1_7_17_gtye4_cpll_cal_rx_i/gen_cal_rx_en.U_RXOUTCLK_FREQ_COUNTER/reset_synchronizer_testclk_rst_inst/rst_in_out_reg/Q
                         net (fo=18, estimated)       0.574     1.328    u_camera_hdmi/u_hdmi/u_phy/u_vphy/inst/gt_wrapper_inst/inst/gen_gtwizard_gtye4_top.vid_phy_controller_0_gtwrapper_gtwizard_gtye4_inst/gen_gtwizard_gtye4.gen_cpll_cal_gtye4.gen_cpll_cal_inst[2].gen_inst_cpll_cal.gtwizard_ultrascale_v1_7_17_gtye4_cpll_cal_inst/gtwizard_ultrascale_v1_7_17_gtye4_cpll_cal_rx_i/gen_cal_rx_en.U_RXOUTCLK_FREQ_COUNTER/rst_in_out
    SLICE_X14Y339        FDCE                                         f  u_camera_hdmi/u_hdmi/u_phy/u_vphy/inst/gt_wrapper_inst/inst/gen_gtwizard_gtye4_top.vid_phy_controller_0_gtwrapper_gtwizard_gtye4_inst/gen_gtwizard_gtye4.gen_cpll_cal_gtye4.gen_cpll_cal_inst[2].gen_inst_cpll_cal.gtwizard_ultrascale_v1_7_17_gtye4_cpll_cal_inst/gtwizard_ultrascale_v1_7_17_gtye4_cpll_cal_rx_i/gen_cal_rx_en.U_RXOUTCLK_FREQ_COUNTER/testclk_cnt_reg[0]/CLR
  -------------------------------------------------------------------    -------------------

                         (clock u_camera_hdmi/u_hdmi/u_phy/u_vphy/inst/gt_wrapper_inst/inst/gen_gtwizard_gtye4_top.vid_phy_controller_0_gtwrapper_gtwizard_gtye4_inst/gen_gtwizard_gtye4.gen_cpll_cal_gtye4.gen_cpll_cal_inst[2].gen_inst_cpll_cal.gtwizard_ultrascale_v1_7_17_gtye4_cpll_cal_inst/gtwizard_ultrascale_v1_7_17_gtye4_cpll_cal_rx_i/gen_cal_rx_en.bufg_gt_rxoutclkmon_inst/O rise edge)
                                                      3.367     3.367 r  
    BUFG_GT_X0Y141       BUFG_GT                      0.000     3.367 r  u_camera_hdmi/u_hdmi/u_phy/u_vphy/inst/gt_wrapper_inst/inst/gen_gtwizard_gtye4_top.vid_phy_controller_0_gtwrapper_gtwizard_gtye4_inst/gen_gtwizard_gtye4.gen_cpll_cal_gtye4.gen_cpll_cal_inst[2].gen_inst_cpll_cal.gtwizard_ultrascale_v1_7_17_gtye4_cpll_cal_inst/gtwizard_ultrascale_v1_7_17_gtye4_cpll_cal_rx_i/gen_cal_rx_en.bufg_gt_rxoutclkmon_inst/O
    X0Y5 (CLOCK_ROOT)    net (fo=31, estimated)       0.530     3.897    u_camera_hdmi/u_hdmi/u_phy/u_vphy/inst/gt_wrapper_inst/inst/gen_gtwizard_gtye4_top.vid_phy_controller_0_gtwrapper_gtwizard_gtye4_inst/gen_gtwizard_gtye4.gen_cpll_cal_gtye4.gen_cpll_cal_inst[2].gen_inst_cpll_cal.gtwizard_ultrascale_v1_7_17_gtye4_cpll_cal_inst/gtwizard_ultrascale_v1_7_17_gtye4_cpll_cal_rx_i/gen_cal_rx_en.U_RXOUTCLK_FREQ_COUNTER/gen_cal_rx_en.rxoutclkmon
    SLICE_X14Y339        FDCE                                         r  u_camera_hdmi/u_hdmi/u_phy/u_vphy/inst/gt_wrapper_inst/inst/gen_gtwizard_gtye4_top.vid_phy_controller_0_gtwrapper_gtwizard_gtye4_inst/gen_gtwizard_gtye4.gen_cpll_cal_gtye4.gen_cpll_cal_inst[2].gen_inst_cpll_cal.gtwizard_ultrascale_v1_7_17_gtye4_cpll_cal_inst/gtwizard_ultrascale_v1_7_17_gtye4_cpll_cal_rx_i/gen_cal_rx_en.U_RXOUTCLK_FREQ_COUNTER/testclk_cnt_reg[0]/C
                         clock pessimism              0.013     3.910    
                         clock uncertainty           -0.046     3.864    
    SLICE_X14Y339        FDCE (Recov_AFF_SLICEL_C_CLR)
                                                     -0.066     3.798    u_camera_hdmi/u_hdmi/u_phy/u_vphy/inst/gt_wrapper_inst/inst/gen_gtwizard_gtye4_top.vid_phy_controller_0_gtwrapper_gtwizard_gtye4_inst/gen_gtwizard_gtye4.gen_cpll_cal_gtye4.gen_cpll_cal_inst[2].gen_inst_cpll_cal.gtwizard_ultrascale_v1_7_17_gtye4_cpll_cal_inst/gtwizard_ultrascale_v1_7_17_gtye4_cpll_cal_rx_i/gen_cal_rx_en.U_RXOUTCLK_FREQ_COUNTER/testclk_cnt_reg[0]
  -------------------------------------------------------------------
                         required time                          3.798    
                         arrival time                          -1.328    
  -------------------------------------------------------------------
                         slack                                  2.470    





---------------------------------------------------------------------------------------------------
Path Group:  **async_default**
From Clock:  u_camera_hdmi/u_hdmi/u_phy/u_vphy/inst/gt_wrapper_inst/inst/gen_gtwizard_gtye4_top.vid_phy_controller_0_gtwrapper_gtwizard_gtye4_inst/gen_gtwizard_gtye4.gen_cpll_cal_gtye4.gen_cpll_cal_inst[2].gen_inst_cpll_cal.gtwizard_ultrascale_v1_7_17_gtye4_cpll_cal_inst/gtwizard_ultrascale_v1_7_17_gtye4_cpll_cal_tx_i/bufg_gt_txoutclkmon_inst/O
  To Clock:  u_camera_hdmi/u_hdmi/u_phy/u_vphy/inst/gt_wrapper_inst/inst/gen_gtwizard_gtye4_top.vid_phy_controller_0_gtwrapper_gtwizard_gtye4_inst/gen_gtwizard_gtye4.gen_cpll_cal_gtye4.gen_cpll_cal_inst[2].gen_inst_cpll_cal.gtwizard_ultrascale_v1_7_17_gtye4_cpll_cal_inst/gtwizard_ultrascale_v1_7_17_gtye4_cpll_cal_tx_i/bufg_gt_txoutclkmon_inst/O

Setup :            0  Failing Endpoints,  Worst Slack        2.801ns,  Total Violation        0.000ns
Hold  :           NA  Failing Endpoints,  Worst Slack           NA  ,  Total Violation           NA
---------------------------------------------------------------------------------------------------


Max Delay Paths
--------------------------------------------------------------------------------------
Slack (MET) :             2.801ns  (required time - arrival time)
  Source:                 u_camera_hdmi/u_hdmi/u_phy/u_vphy/inst/gt_wrapper_inst/inst/gen_gtwizard_gtye4_top.vid_phy_controller_0_gtwrapper_gtwizard_gtye4_inst/gen_gtwizard_gtye4.gen_cpll_cal_gtye4.gen_cpll_cal_inst[2].gen_inst_cpll_cal.gtwizard_ultrascale_v1_7_17_gtye4_cpll_cal_inst/gtwizard_ultrascale_v1_7_17_gtye4_cpll_cal_tx_i/U_TXOUTCLK_FREQ_COUNTER/reset_synchronizer_testclk_rst_inst/rst_in_out_reg/C
                            (rising edge-triggered cell FDPE clocked by u_camera_hdmi/u_hdmi/u_phy/u_vphy/inst/gt_wrapper_inst/inst/gen_gtwizard_gtye4_top.vid_phy_controller_0_gtwrapper_gtwizard_gtye4_inst/gen_gtwizard_gtye4.gen_cpll_cal_gtye4.gen_cpll_cal_inst[2].gen_inst_cpll_cal.gtwizard_ultrascale_v1_7_17_gtye4_cpll_cal_inst/gtwizard_ultrascale_v1_7_17_gtye4_cpll_cal_tx_i/bufg_gt_txoutclkmon_inst/O  {rise@0.000ns fall@1.684ns period=3.367ns})
  Destination:            u_camera_hdmi/u_hdmi/u_phy/u_vphy/inst/gt_wrapper_inst/inst/gen_gtwizard_gtye4_top.vid_phy_controller_0_gtwrapper_gtwizard_gtye4_inst/gen_gtwizard_gtye4.gen_cpll_cal_gtye4.gen_cpll_cal_inst[2].gen_inst_cpll_cal.gtwizard_ultrascale_v1_7_17_gtye4_cpll_cal_inst/gtwizard_ultrascale_v1_7_17_gtye4_cpll_cal_tx_i/U_TXOUTCLK_FREQ_COUNTER/testclk_cnt_reg[0]/CLR
                            (recovery check against rising-edge clock u_camera_hdmi/u_hdmi/u_phy/u_vphy/inst/gt_wrapper_inst/inst/gen_gtwizard_gtye4_top.vid_phy_controller_0_gtwrapper_gtwizard_gtye4_inst/gen_gtwizard_gtye4.gen_cpll_cal_gtye4.gen_cpll_cal_inst[2].gen_inst_cpll_cal.gtwizard_ultrascale_v1_7_17_gtye4_cpll_cal_inst/gtwizard_ultrascale_v1_7_17_gtye4_cpll_cal_tx_i/bufg_gt_txoutclkmon_inst/O  {rise@0.000ns fall@1.684ns period=3.367ns})
  Path Group:             **async_default**
  Path Type:              Recovery (Max at Slow Process Corner)
  Requirement:            3.367ns  (u_camera_hdmi/u_hdmi/u_phy/u_vphy/inst/gt_wrapper_inst/inst/gen_gtwizard_gtye4_top.vid_phy_controller_0_gtwrapper_gtwizard_gtye4_inst/gen_gtwizard_gtye4.gen_cpll_cal_gtye4.gen_cpll_cal_inst[2].gen_inst_cpll_cal.gtwizard_ultrascale_v1_7_17_gtye4_cpll_cal_inst/gtwizard_ultrascale_v1_7_17_gtye4_cpll_cal_tx_i/bufg_gt_txoutclkmon_inst/O rise@3.367ns - u_camera_hdmi/u_hdmi/u_phy/u_vphy/inst/gt_wrapper_inst/inst/gen_gtwizard_gtye4_top.vid_phy_controller_0_gtwrapper_gtwizard_gtye4_inst/gen_gtwizard_gtye4.gen_cpll_cal_gtye4.gen_cpll_cal_inst[2].gen_inst_cpll_cal.gtwizard_ultrascale_v1_7_17_gtye4_cpll_cal_inst/gtwizard_ultrascale_v1_7_17_gtye4_cpll_cal_tx_i/bufg_gt_txoutclkmon_inst/O rise@0.000ns)
  Data Path Delay:        0.390ns  (logic 0.079ns (20.256%)  route 0.311ns (79.744%))
  Logic Levels:           0  
  Clock Path Skew:        -0.063ns (DCD - SCD + CPR)
    Destination Clock Delay (DCD):    0.473ns = ( 3.840 - 3.367 ) 
    Source Clock Delay      (SCD):    0.589ns
    Clock Pessimism Removal (CPR):    0.053ns
  Clock Uncertainty:      0.046ns  ((TSJ^2 + DJ^2)^1/2) / 2 + PE
    Total System Jitter     (TSJ):    0.071ns
    Discrete Jitter          (DJ):    0.060ns
    Phase Error              (PE):    0.000ns
  Clock Net Delay (Source):      0.589ns (routing 0.000ns, distribution 0.589ns)
  Clock Net Delay (Destination): 0.473ns (routing 0.000ns, distribution 0.473ns)

    Location             Delay type                Incr(ns)  Path(ns)    Netlist Resource(s)
  -------------------------------------------------------------------    -------------------
                         (clock u_camera_hdmi/u_hdmi/u_phy/u_vphy/inst/gt_wrapper_inst/inst/gen_gtwizard_gtye4_top.vid_phy_controller_0_gtwrapper_gtwizard_gtye4_inst/gen_gtwizard_gtye4.gen_cpll_cal_gtye4.gen_cpll_cal_inst[2].gen_inst_cpll_cal.gtwizard_ultrascale_v1_7_17_gtye4_cpll_cal_inst/gtwizard_ultrascale_v1_7_17_gtye4_cpll_cal_tx_i/bufg_gt_txoutclkmon_inst/O rise edge)
                                                      0.000     0.000 r  
    BUFG_GT_X0Y122       BUFG_GT                      0.000     0.000 r  u_camera_hdmi/u_hdmi/u_phy/u_vphy/inst/gt_wrapper_inst/inst/gen_gtwizard_gtye4_top.vid_phy_controller_0_gtwrapper_gtwizard_gtye4_inst/gen_gtwizard_gtye4.gen_cpll_cal_gtye4.gen_cpll_cal_inst[2].gen_inst_cpll_cal.gtwizard_ultrascale_v1_7_17_gtye4_cpll_cal_inst/gtwizard_ultrascale_v1_7_17_gtye4_cpll_cal_tx_i/bufg_gt_txoutclkmon_inst/O
    X0Y5 (CLOCK_ROOT)    net (fo=31, estimated)       0.589     0.589    u_camera_hdmi/u_hdmi/u_phy/u_vphy/inst/gt_wrapper_inst/inst/gen_gtwizard_gtye4_top.vid_phy_controller_0_gtwrapper_gtwizard_gtye4_inst/gen_gtwizard_gtye4.gen_cpll_cal_gtye4.gen_cpll_cal_inst[2].gen_inst_cpll_cal.gtwizard_ultrascale_v1_7_17_gtye4_cpll_cal_inst/gtwizard_ultrascale_v1_7_17_gtye4_cpll_cal_tx_i/U_TXOUTCLK_FREQ_COUNTER/reset_synchronizer_testclk_rst_inst/txoutclkmon
    SLICE_X9Y336         FDPE                                         r  u_camera_hdmi/u_hdmi/u_phy/u_vphy/inst/gt_wrapper_inst/inst/gen_gtwizard_gtye4_top.vid_phy_controller_0_gtwrapper_gtwizard_gtye4_inst/gen_gtwizard_gtye4.gen_cpll_cal_gtye4.gen_cpll_cal_inst[2].gen_inst_cpll_cal.gtwizard_ultrascale_v1_7_17_gtye4_cpll_cal_inst/gtwizard_ultrascale_v1_7_17_gtye4_cpll_cal_tx_i/U_TXOUTCLK_FREQ_COUNTER/reset_synchronizer_testclk_rst_inst/rst_in_out_reg/C
  -------------------------------------------------------------------    -------------------
    SLICE_X9Y336         FDPE (Prop_EFF_SLICEL_C_Q)
                                                      0.079     0.668 f  u_camera_hdmi/u_hdmi/u_phy/u_vphy/inst/gt_wrapper_inst/inst/gen_gtwizard_gtye4_top.vid_phy_controller_0_gtwrapper_gtwizard_gtye4_inst/gen_gtwizard_gtye4.gen_cpll_cal_gtye4.gen_cpll_cal_inst[2].gen_inst_cpll_cal.gtwizard_ultrascale_v1_7_17_gtye4_cpll_cal_inst/gtwizard_ultrascale_v1_7_17_gtye4_cpll_cal_tx_i/U_TXOUTCLK_FREQ_COUNTER/reset_synchronizer_testclk_rst_inst/rst_in_out_reg/Q
                         net (fo=18, estimated)       0.311     0.979    u_camera_hdmi/u_hdmi/u_phy/u_vphy/inst/gt_wrapper_inst/inst/gen_gtwizard_gtye4_top.vid_phy_controller_0_gtwrapper_gtwizard_gtye4_inst/gen_gtwizard_gtye4.gen_cpll_cal_gtye4.gen_cpll_cal_inst[2].gen_inst_cpll_cal.gtwizard_ultrascale_v1_7_17_gtye4_cpll_cal_inst/gtwizard_ultrascale_v1_7_17_gtye4_cpll_cal_tx_i/U_TXOUTCLK_FREQ_COUNTER/rst_in_out
    SLICE_X9Y334         FDCE                                         f  u_camera_hdmi/u_hdmi/u_phy/u_vphy/inst/gt_wrapper_inst/inst/gen_gtwizard_gtye4_top.vid_phy_controller_0_gtwrapper_gtwizard_gtye4_inst/gen_gtwizard_gtye4.gen_cpll_cal_gtye4.gen_cpll_cal_inst[2].gen_inst_cpll_cal.gtwizard_ultrascale_v1_7_17_gtye4_cpll_cal_inst/gtwizard_ultrascale_v1_7_17_gtye4_cpll_cal_tx_i/U_TXOUTCLK_FREQ_COUNTER/testclk_cnt_reg[0]/CLR
  -------------------------------------------------------------------    -------------------

                         (clock u_camera_hdmi/u_hdmi/u_phy/u_vphy/inst/gt_wrapper_inst/inst/gen_gtwizard_gtye4_top.vid_phy_controller_0_gtwrapper_gtwizard_gtye4_inst/gen_gtwizard_gtye4.gen_cpll_cal_gtye4.gen_cpll_cal_inst[2].gen_inst_cpll_cal.gtwizard_ultrascale_v1_7_17_gtye4_cpll_cal_inst/gtwizard_ultrascale_v1_7_17_gtye4_cpll_cal_tx_i/bufg_gt_txoutclkmon_inst/O rise edge)
                                                      3.367     3.367 r  
    BUFG_GT_X0Y122       BUFG_GT                      0.000     3.367 r  u_camera_hdmi/u_hdmi/u_phy/u_vphy/inst/gt_wrapper_inst/inst/gen_gtwizard_gtye4_top.vid_phy_controller_0_gtwrapper_gtwizard_gtye4_inst/gen_gtwizard_gtye4.gen_cpll_cal_gtye4.gen_cpll_cal_inst[2].gen_inst_cpll_cal.gtwizard_ultrascale_v1_7_17_gtye4_cpll_cal_inst/gtwizard_ultrascale_v1_7_17_gtye4_cpll_cal_tx_i/bufg_gt_txoutclkmon_inst/O
    X0Y5 (CLOCK_ROOT)    net (fo=31, estimated)       0.473     3.840    u_camera_hdmi/u_hdmi/u_phy/u_vphy/inst/gt_wrapper_inst/inst/gen_gtwizard_gtye4_top.vid_phy_controller_0_gtwrapper_gtwizard_gtye4_inst/gen_gtwizard_gtye4.gen_cpll_cal_gtye4.gen_cpll_cal_inst[2].gen_inst_cpll_cal.gtwizard_ultrascale_v1_7_17_gtye4_cpll_cal_inst/gtwizard_ultrascale_v1_7_17_gtye4_cpll_cal_tx_i/U_TXOUTCLK_FREQ_COUNTER/txoutclkmon
    SLICE_X9Y334         FDCE                                         r  u_camera_hdmi/u_hdmi/u_phy/u_vphy/inst/gt_wrapper_inst/inst/gen_gtwizard_gtye4_top.vid_phy_controller_0_gtwrapper_gtwizard_gtye4_inst/gen_gtwizard_gtye4.gen_cpll_cal_gtye4.gen_cpll_cal_inst[2].gen_inst_cpll_cal.gtwizard_ultrascale_v1_7_17_gtye4_cpll_cal_inst/gtwizard_ultrascale_v1_7_17_gtye4_cpll_cal_tx_i/U_TXOUTCLK_FREQ_COUNTER/testclk_cnt_reg[0]/C
                         clock pessimism              0.053     3.893    
                         clock uncertainty           -0.046     3.846    
    SLICE_X9Y334         FDCE (Recov_AFF_SLICEL_C_CLR)
                                                     -0.066     3.780    u_camera_hdmi/u_hdmi/u_phy/u_vphy/inst/gt_wrapper_inst/inst/gen_gtwizard_gtye4_top.vid_phy_controller_0_gtwrapper_gtwizard_gtye4_inst/gen_gtwizard_gtye4.gen_cpll_cal_gtye4.gen_cpll_cal_inst[2].gen_inst_cpll_cal.gtwizard_ultrascale_v1_7_17_gtye4_cpll_cal_inst/gtwizard_ultrascale_v1_7_17_gtye4_cpll_cal_tx_i/U_TXOUTCLK_FREQ_COUNTER/testclk_cnt_reg[0]
  -------------------------------------------------------------------
                         required time                          3.780    
                         arrival time                          -0.979    
  -------------------------------------------------------------------
                         slack                                  2.801    





---------------------------------------------------------------------------------------------------
Path Group:  **async_default**
From Clock:  u_camera_hdmi/u_hdmi/u_phy/u_vphy/inst/gt_wrapper_inst/inst/gen_gtwizard_gtye4_top.vid_phy_controller_0_gtwrapper_gtwizard_gtye4_inst/gen_gtwizard_gtye4.gen_cpll_cal_gtye4.gen_cpll_cal_inst[3].gen_inst_cpll_cal.gtwizard_ultrascale_v1_7_17_gtye4_cpll_cal_inst/gtwizard_ultrascale_v1_7_17_gtye4_cpll_cal_rx_i/gen_cal_rx_en.bufg_gt_rxoutclkmon_inst/O
  To Clock:  u_camera_hdmi/u_hdmi/u_phy/u_vphy/inst/gt_wrapper_inst/inst/gen_gtwizard_gtye4_top.vid_phy_controller_0_gtwrapper_gtwizard_gtye4_inst/gen_gtwizard_gtye4.gen_cpll_cal_gtye4.gen_cpll_cal_inst[3].gen_inst_cpll_cal.gtwizard_ultrascale_v1_7_17_gtye4_cpll_cal_inst/gtwizard_ultrascale_v1_7_17_gtye4_cpll_cal_rx_i/gen_cal_rx_en.bufg_gt_rxoutclkmon_inst/O

Setup :            0  Failing Endpoints,  Worst Slack        2.370ns,  Total Violation        0.000ns
Hold  :           NA  Failing Endpoints,  Worst Slack           NA  ,  Total Violation           NA
---------------------------------------------------------------------------------------------------


Max Delay Paths
--------------------------------------------------------------------------------------
Slack (MET) :             2.370ns  (required time - arrival time)
  Source:                 u_camera_hdmi/u_hdmi/u_phy/u_vphy/inst/gt_wrapper_inst/inst/gen_gtwizard_gtye4_top.vid_phy_controller_0_gtwrapper_gtwizard_gtye4_inst/gen_gtwizard_gtye4.gen_cpll_cal_gtye4.gen_cpll_cal_inst[3].gen_inst_cpll_cal.gtwizard_ultrascale_v1_7_17_gtye4_cpll_cal_inst/gtwizard_ultrascale_v1_7_17_gtye4_cpll_cal_rx_i/gen_cal_rx_en.U_RXOUTCLK_FREQ_COUNTER/reset_synchronizer_testclk_rst_inst/rst_in_out_reg/C
                            (rising edge-triggered cell FDPE clocked by u_camera_hdmi/u_hdmi/u_phy/u_vphy/inst/gt_wrapper_inst/inst/gen_gtwizard_gtye4_top.vid_phy_controller_0_gtwrapper_gtwizard_gtye4_inst/gen_gtwizard_gtye4.gen_cpll_cal_gtye4.gen_cpll_cal_inst[3].gen_inst_cpll_cal.gtwizard_ultrascale_v1_7_17_gtye4_cpll_cal_inst/gtwizard_ultrascale_v1_7_17_gtye4_cpll_cal_rx_i/gen_cal_rx_en.bufg_gt_rxoutclkmon_inst/O  {rise@0.000ns fall@1.684ns period=3.367ns})
  Destination:            u_camera_hdmi/u_hdmi/u_phy/u_vphy/inst/gt_wrapper_inst/inst/gen_gtwizard_gtye4_top.vid_phy_controller_0_gtwrapper_gtwizard_gtye4_inst/gen_gtwizard_gtye4.gen_cpll_cal_gtye4.gen_cpll_cal_inst[3].gen_inst_cpll_cal.gtwizard_ultrascale_v1_7_17_gtye4_cpll_cal_inst/gtwizard_ultrascale_v1_7_17_gtye4_cpll_cal_rx_i/gen_cal_rx_en.U_RXOUTCLK_FREQ_COUNTER/testclk_cnt_reg[0]/CLR
                            (recovery check against rising-edge clock u_camera_hdmi/u_hdmi/u_phy/u_vphy/inst/gt_wrapper_inst/inst/gen_gtwizard_gtye4_top.vid_phy_controller_0_gtwrapper_gtwizard_gtye4_inst/gen_gtwizard_gtye4.gen_cpll_cal_gtye4.gen_cpll_cal_inst[3].gen_inst_cpll_cal.gtwizard_ultrascale_v1_7_17_gtye4_cpll_cal_inst/gtwizard_ultrascale_v1_7_17_gtye4_cpll_cal_rx_i/gen_cal_rx_en.bufg_gt_rxoutclkmon_inst/O  {rise@0.000ns fall@1.684ns period=3.367ns})
  Path Group:             **async_default**
  Path Type:              Recovery (Max at Slow Process Corner)
  Requirement:            3.367ns  (u_camera_hdmi/u_hdmi/u_phy/u_vphy/inst/gt_wrapper_inst/inst/gen_gtwizard_gtye4_top.vid_phy_controller_0_gtwrapper_gtwizard_gtye4_inst/gen_gtwizard_gtye4.gen_cpll_cal_gtye4.gen_cpll_cal_inst[3].gen_inst_cpll_cal.gtwizard_ultrascale_v1_7_17_gtye4_cpll_cal_inst/gtwizard_ultrascale_v1_7_17_gtye4_cpll_cal_rx_i/gen_cal_rx_en.bufg_gt_rxoutclkmon_inst/O rise@3.367ns - u_camera_hdmi/u_hdmi/u_phy/u_vphy/inst/gt_wrapper_inst/inst/gen_gtwizard_gtye4_top.vid_phy_controller_0_gtwrapper_gtwizard_gtye4_inst/gen_gtwizard_gtye4.gen_cpll_cal_gtye4.gen_cpll_cal_inst[3].gen_inst_cpll_cal.gtwizard_ultrascale_v1_7_17_gtye4_cpll_cal_inst/gtwizard_ultrascale_v1_7_17_gtye4_cpll_cal_rx_i/gen_cal_rx_en.bufg_gt_rxoutclkmon_inst/O rise@0.000ns)
  Data Path Delay:        0.687ns  (logic 0.079ns (11.499%)  route 0.608ns (88.501%))
  Logic Levels:           0  
  Clock Path Skew:        -0.198ns (DCD - SCD + CPR)
    Destination Clock Delay (DCD):    0.879ns = ( 4.246 - 3.367 ) 
    Source Clock Delay      (SCD):    1.098ns
    Clock Pessimism Removal (CPR):    0.021ns
  Clock Uncertainty:      0.046ns  ((TSJ^2 + DJ^2)^1/2) / 2 + PE
    Total System Jitter     (TSJ):    0.071ns
    Discrete Jitter          (DJ):    0.060ns
    Phase Error              (PE):    0.000ns
  Clock Net Delay (Source):      1.098ns (routing 0.235ns, distribution 0.863ns)
  Clock Net Delay (Destination): 0.879ns (routing 0.214ns, distribution 0.665ns)

    Location             Delay type                Incr(ns)  Path(ns)    Netlist Resource(s)
  -------------------------------------------------------------------    -------------------
                         (clock u_camera_hdmi/u_hdmi/u_phy/u_vphy/inst/gt_wrapper_inst/inst/gen_gtwizard_gtye4_top.vid_phy_controller_0_gtwrapper_gtwizard_gtye4_inst/gen_gtwizard_gtye4.gen_cpll_cal_gtye4.gen_cpll_cal_inst[3].gen_inst_cpll_cal.gtwizard_ultrascale_v1_7_17_gtye4_cpll_cal_inst/gtwizard_ultrascale_v1_7_17_gtye4_cpll_cal_rx_i/gen_cal_rx_en.bufg_gt_rxoutclkmon_inst/O rise edge)
                                                      0.000     0.000 r  
    BUFG_GT_X0Y123       BUFG_GT                      0.000     0.000 r  u_camera_hdmi/u_hdmi/u_phy/u_vphy/inst/gt_wrapper_inst/inst/gen_gtwizard_gtye4_top.vid_phy_controller_0_gtwrapper_gtwizard_gtye4_inst/gen_gtwizard_gtye4.gen_cpll_cal_gtye4.gen_cpll_cal_inst[3].gen_inst_cpll_cal.gtwizard_ultrascale_v1_7_17_gtye4_cpll_cal_inst/gtwizard_ultrascale_v1_7_17_gtye4_cpll_cal_rx_i/gen_cal_rx_en.bufg_gt_rxoutclkmon_inst/O
    X0Y5 (CLOCK_ROOT)    net (fo=31, estimated)       1.098     1.098    u_camera_hdmi/u_hdmi/u_phy/u_vphy/inst/gt_wrapper_inst/inst/gen_gtwizard_gtye4_top.vid_phy_controller_0_gtwrapper_gtwizard_gtye4_inst/gen_gtwizard_gtye4.gen_cpll_cal_gtye4.gen_cpll_cal_inst[3].gen_inst_cpll_cal.gtwizard_ultrascale_v1_7_17_gtye4_cpll_cal_inst/gtwizard_ultrascale_v1_7_17_gtye4_cpll_cal_rx_i/gen_cal_rx_en.U_RXOUTCLK_FREQ_COUNTER/reset_synchronizer_testclk_rst_inst/gen_cal_rx_en.rxoutclkmon
    SLICE_X10Y372        FDPE                                         r  u_camera_hdmi/u_hdmi/u_phy/u_vphy/inst/gt_wrapper_inst/inst/gen_gtwizard_gtye4_top.vid_phy_controller_0_gtwrapper_gtwizard_gtye4_inst/gen_gtwizard_gtye4.gen_cpll_cal_gtye4.gen_cpll_cal_inst[3].gen_inst_cpll_cal.gtwizard_ultrascale_v1_7_17_gtye4_cpll_cal_inst/gtwizard_ultrascale_v1_7_17_gtye4_cpll_cal_rx_i/gen_cal_rx_en.U_RXOUTCLK_FREQ_COUNTER/reset_synchronizer_testclk_rst_inst/rst_in_out_reg/C
  -------------------------------------------------------------------    -------------------
    SLICE_X10Y372        FDPE (Prop_EFF_SLICEL_C_Q)
                                                      0.079     1.177 f  u_camera_hdmi/u_hdmi/u_phy/u_vphy/inst/gt_wrapper_inst/inst/gen_gtwizard_gtye4_top.vid_phy_controller_0_gtwrapper_gtwizard_gtye4_inst/gen_gtwizard_gtye4.gen_cpll_cal_gtye4.gen_cpll_cal_inst[3].gen_inst_cpll_cal.gtwizard_ultrascale_v1_7_17_gtye4_cpll_cal_inst/gtwizard_ultrascale_v1_7_17_gtye4_cpll_cal_rx_i/gen_cal_rx_en.U_RXOUTCLK_FREQ_COUNTER/reset_synchronizer_testclk_rst_inst/rst_in_out_reg/Q
                         net (fo=18, estimated)       0.608     1.785    u_camera_hdmi/u_hdmi/u_phy/u_vphy/inst/gt_wrapper_inst/inst/gen_gtwizard_gtye4_top.vid_phy_controller_0_gtwrapper_gtwizard_gtye4_inst/gen_gtwizard_gtye4.gen_cpll_cal_gtye4.gen_cpll_cal_inst[3].gen_inst_cpll_cal.gtwizard_ultrascale_v1_7_17_gtye4_cpll_cal_inst/gtwizard_ultrascale_v1_7_17_gtye4_cpll_cal_rx_i/gen_cal_rx_en.U_RXOUTCLK_FREQ_COUNTER/rst_in_out
    SLICE_X8Y350         FDCE                                         f  u_camera_hdmi/u_hdmi/u_phy/u_vphy/inst/gt_wrapper_inst/inst/gen_gtwizard_gtye4_top.vid_phy_controller_0_gtwrapper_gtwizard_gtye4_inst/gen_gtwizard_gtye4.gen_cpll_cal_gtye4.gen_cpll_cal_inst[3].gen_inst_cpll_cal.gtwizard_ultrascale_v1_7_17_gtye4_cpll_cal_inst/gtwizard_ultrascale_v1_7_17_gtye4_cpll_cal_rx_i/gen_cal_rx_en.U_RXOUTCLK_FREQ_COUNTER/testclk_cnt_reg[0]/CLR
  -------------------------------------------------------------------    -------------------

                         (clock u_camera_hdmi/u_hdmi/u_phy/u_vphy/inst/gt_wrapper_inst/inst/gen_gtwizard_gtye4_top.vid_phy_controller_0_gtwrapper_gtwizard_gtye4_inst/gen_gtwizard_gtye4.gen_cpll_cal_gtye4.gen_cpll_cal_inst[3].gen_inst_cpll_cal.gtwizard_ultrascale_v1_7_17_gtye4_cpll_cal_inst/gtwizard_ultrascale_v1_7_17_gtye4_cpll_cal_rx_i/gen_cal_rx_en.bufg_gt_rxoutclkmon_inst/O rise edge)
                                                      3.367     3.367 r  
    BUFG_GT_X0Y123       BUFG_GT                      0.000     3.367 r  u_camera_hdmi/u_hdmi/u_phy/u_vphy/inst/gt_wrapper_inst/inst/gen_gtwizard_gtye4_top.vid_phy_controller_0_gtwrapper_gtwizard_gtye4_inst/gen_gtwizard_gtye4.gen_cpll_cal_gtye4.gen_cpll_cal_inst[3].gen_inst_cpll_cal.gtwizard_ultrascale_v1_7_17_gtye4_cpll_cal_inst/gtwizard_ultrascale_v1_7_17_gtye4_cpll_cal_rx_i/gen_cal_rx_en.bufg_gt_rxoutclkmon_inst/O
    X0Y5 (CLOCK_ROOT)    net (fo=31, estimated)       0.879     4.246    u_camera_hdmi/u_hdmi/u_phy/u_vphy/inst/gt_wrapper_inst/inst/gen_gtwizard_gtye4_top.vid_phy_controller_0_gtwrapper_gtwizard_gtye4_inst/gen_gtwizard_gtye4.gen_cpll_cal_gtye4.gen_cpll_cal_inst[3].gen_inst_cpll_cal.gtwizard_ultrascale_v1_7_17_gtye4_cpll_cal_inst/gtwizard_ultrascale_v1_7_17_gtye4_cpll_cal_rx_i/gen_cal_rx_en.U_RXOUTCLK_FREQ_COUNTER/gen_cal_rx_en.rxoutclkmon
    SLICE_X8Y350         FDCE                                         r  u_camera_hdmi/u_hdmi/u_phy/u_vphy/inst/gt_wrapper_inst/inst/gen_gtwizard_gtye4_top.vid_phy_controller_0_gtwrapper_gtwizard_gtye4_inst/gen_gtwizard_gtye4.gen_cpll_cal_gtye4.gen_cpll_cal_inst[3].gen_inst_cpll_cal.gtwizard_ultrascale_v1_7_17_gtye4_cpll_cal_inst/gtwizard_ultrascale_v1_7_17_gtye4_cpll_cal_rx_i/gen_cal_rx_en.U_RXOUTCLK_FREQ_COUNTER/testclk_cnt_reg[0]/C
                         clock pessimism              0.021     4.267    
                         clock uncertainty           -0.046     4.221    
    SLICE_X8Y350         FDCE (Recov_AFF_SLICEM_C_CLR)
                                                     -0.066     4.155    u_camera_hdmi/u_hdmi/u_phy/u_vphy/inst/gt_wrapper_inst/inst/gen_gtwizard_gtye4_top.vid_phy_controller_0_gtwrapper_gtwizard_gtye4_inst/gen_gtwizard_gtye4.gen_cpll_cal_gtye4.gen_cpll_cal_inst[3].gen_inst_cpll_cal.gtwizard_ultrascale_v1_7_17_gtye4_cpll_cal_inst/gtwizard_ultrascale_v1_7_17_gtye4_cpll_cal_rx_i/gen_cal_rx_en.U_RXOUTCLK_FREQ_COUNTER/testclk_cnt_reg[0]
  -------------------------------------------------------------------
                         required time                          4.155    
                         arrival time                          -1.785    
  -------------------------------------------------------------------
                         slack                                  2.370    





---------------------------------------------------------------------------------------------------
Path Group:  **async_default**
From Clock:  u_camera_hdmi/u_hdmi/u_phy/u_vphy/inst/gt_wrapper_inst/inst/gen_gtwizard_gtye4_top.vid_phy_controller_0_gtwrapper_gtwizard_gtye4_inst/gen_gtwizard_gtye4.gen_cpll_cal_gtye4.gen_cpll_cal_inst[3].gen_inst_cpll_cal.gtwizard_ultrascale_v1_7_17_gtye4_cpll_cal_inst/gtwizard_ultrascale_v1_7_17_gtye4_cpll_cal_tx_i/bufg_gt_txoutclkmon_inst/O
  To Clock:  u_camera_hdmi/u_hdmi/u_phy/u_vphy/inst/gt_wrapper_inst/inst/gen_gtwizard_gtye4_top.vid_phy_controller_0_gtwrapper_gtwizard_gtye4_inst/gen_gtwizard_gtye4.gen_cpll_cal_gtye4.gen_cpll_cal_inst[3].gen_inst_cpll_cal.gtwizard_ultrascale_v1_7_17_gtye4_cpll_cal_inst/gtwizard_ultrascale_v1_7_17_gtye4_cpll_cal_tx_i/bufg_gt_txoutclkmon_inst/O

Setup :            0  Failing Endpoints,  Worst Slack        2.385ns,  Total Violation        0.000ns
Hold  :           NA  Failing Endpoints,  Worst Slack           NA  ,  Total Violation           NA
---------------------------------------------------------------------------------------------------


Max Delay Paths
--------------------------------------------------------------------------------------
Slack (MET) :             2.385ns  (required time - arrival time)
  Source:                 u_camera_hdmi/u_hdmi/u_phy/u_vphy/inst/gt_wrapper_inst/inst/gen_gtwizard_gtye4_top.vid_phy_controller_0_gtwrapper_gtwizard_gtye4_inst/gen_gtwizard_gtye4.gen_cpll_cal_gtye4.gen_cpll_cal_inst[3].gen_inst_cpll_cal.gtwizard_ultrascale_v1_7_17_gtye4_cpll_cal_inst/gtwizard_ultrascale_v1_7_17_gtye4_cpll_cal_tx_i/U_TXOUTCLK_FREQ_COUNTER/reset_synchronizer_testclk_rst_inst/rst_in_out_reg/C
                            (rising edge-triggered cell FDPE clocked by u_camera_hdmi/u_hdmi/u_phy/u_vphy/inst/gt_wrapper_inst/inst/gen_gtwizard_gtye4_top.vid_phy_controller_0_gtwrapper_gtwizard_gtye4_inst/gen_gtwizard_gtye4.gen_cpll_cal_gtye4.gen_cpll_cal_inst[3].gen_inst_cpll_cal.gtwizard_ultrascale_v1_7_17_gtye4_cpll_cal_inst/gtwizard_ultrascale_v1_7_17_gtye4_cpll_cal_tx_i/bufg_gt_txoutclkmon_inst/O  {rise@0.000ns fall@1.684ns period=3.367ns})
  Destination:            u_camera_hdmi/u_hdmi/u_phy/u_vphy/inst/gt_wrapper_inst/inst/gen_gtwizard_gtye4_top.vid_phy_controller_0_gtwrapper_gtwizard_gtye4_inst/gen_gtwizard_gtye4.gen_cpll_cal_gtye4.gen_cpll_cal_inst[3].gen_inst_cpll_cal.gtwizard_ultrascale_v1_7_17_gtye4_cpll_cal_inst/gtwizard_ultrascale_v1_7_17_gtye4_cpll_cal_tx_i/U_TXOUTCLK_FREQ_COUNTER/testclk_cnt_reg[10]/CLR
                            (recovery check against rising-edge clock u_camera_hdmi/u_hdmi/u_phy/u_vphy/inst/gt_wrapper_inst/inst/gen_gtwizard_gtye4_top.vid_phy_controller_0_gtwrapper_gtwizard_gtye4_inst/gen_gtwizard_gtye4.gen_cpll_cal_gtye4.gen_cpll_cal_inst[3].gen_inst_cpll_cal.gtwizard_ultrascale_v1_7_17_gtye4_cpll_cal_inst/gtwizard_ultrascale_v1_7_17_gtye4_cpll_cal_tx_i/bufg_gt_txoutclkmon_inst/O  {rise@0.000ns fall@1.684ns period=3.367ns})
  Path Group:             **async_default**
  Path Type:              Recovery (Max at Slow Process Corner)
  Requirement:            3.367ns  (u_camera_hdmi/u_hdmi/u_phy/u_vphy/inst/gt_wrapper_inst/inst/gen_gtwizard_gtye4_top.vid_phy_controller_0_gtwrapper_gtwizard_gtye4_inst/gen_gtwizard_gtye4.gen_cpll_cal_gtye4.gen_cpll_cal_inst[3].gen_inst_cpll_cal.gtwizard_ultrascale_v1_7_17_gtye4_cpll_cal_inst/gtwizard_ultrascale_v1_7_17_gtye4_cpll_cal_tx_i/bufg_gt_txoutclkmon_inst/O rise@3.367ns - u_camera_hdmi/u_hdmi/u_phy/u_vphy/inst/gt_wrapper_inst/inst/gen_gtwizard_gtye4_top.vid_phy_controller_0_gtwrapper_gtwizard_gtye4_inst/gen_gtwizard_gtye4.gen_cpll_cal_gtye4.gen_cpll_cal_inst[3].gen_inst_cpll_cal.gtwizard_ultrascale_v1_7_17_gtye4_cpll_cal_inst/gtwizard_ultrascale_v1_7_17_gtye4_cpll_cal_tx_i/bufg_gt_txoutclkmon_inst/O rise@0.000ns)
  Data Path Delay:        0.670ns  (logic 0.076ns (11.343%)  route 0.594ns (88.657%))
  Logic Levels:           0  
  Clock Path Skew:        -0.200ns (DCD - SCD + CPR)
    Destination Clock Delay (DCD):    0.869ns = ( 4.236 - 3.367 ) 
    Source Clock Delay      (SCD):    1.091ns
    Clock Pessimism Removal (CPR):    0.022ns
  Clock Uncertainty:      0.046ns  ((TSJ^2 + DJ^2)^1/2) / 2 + PE
    Total System Jitter     (TSJ):    0.071ns
    Discrete Jitter          (DJ):    0.060ns
    Phase Error              (PE):    0.000ns
  Clock Net Delay (Source):      1.091ns (routing 0.237ns, distribution 0.854ns)
  Clock Net Delay (Destination): 0.869ns (routing 0.215ns, distribution 0.654ns)

    Location             Delay type                Incr(ns)  Path(ns)    Netlist Resource(s)
  -------------------------------------------------------------------    -------------------
                         (clock u_camera_hdmi/u_hdmi/u_phy/u_vphy/inst/gt_wrapper_inst/inst/gen_gtwizard_gtye4_top.vid_phy_controller_0_gtwrapper_gtwizard_gtye4_inst/gen_gtwizard_gtye4.gen_cpll_cal_gtye4.gen_cpll_cal_inst[3].gen_inst_cpll_cal.gtwizard_ultrascale_v1_7_17_gtye4_cpll_cal_inst/gtwizard_ultrascale_v1_7_17_gtye4_cpll_cal_tx_i/bufg_gt_txoutclkmon_inst/O rise edge)
                                                      0.000     0.000 r  
    BUFG_GT_X0Y124       BUFG_GT                      0.000     0.000 r  u_camera_hdmi/u_hdmi/u_phy/u_vphy/inst/gt_wrapper_inst/inst/gen_gtwizard_gtye4_top.vid_phy_controller_0_gtwrapper_gtwizard_gtye4_inst/gen_gtwizard_gtye4.gen_cpll_cal_gtye4.gen_cpll_cal_inst[3].gen_inst_cpll_cal.gtwizard_ultrascale_v1_7_17_gtye4_cpll_cal_inst/gtwizard_ultrascale_v1_7_17_gtye4_cpll_cal_tx_i/bufg_gt_txoutclkmon_inst/O
    X0Y5 (CLOCK_ROOT)    net (fo=31, estimated)       1.091     1.091    u_camera_hdmi/u_hdmi/u_phy/u_vphy/inst/gt_wrapper_inst/inst/gen_gtwizard_gtye4_top.vid_phy_controller_0_gtwrapper_gtwizard_gtye4_inst/gen_gtwizard_gtye4.gen_cpll_cal_gtye4.gen_cpll_cal_inst[3].gen_inst_cpll_cal.gtwizard_ultrascale_v1_7_17_gtye4_cpll_cal_inst/gtwizard_ultrascale_v1_7_17_gtye4_cpll_cal_tx_i/U_TXOUTCLK_FREQ_COUNTER/reset_synchronizer_testclk_rst_inst/txoutclkmon
    SLICE_X6Y375         FDPE                                         r  u_camera_hdmi/u_hdmi/u_phy/u_vphy/inst/gt_wrapper_inst/inst/gen_gtwizard_gtye4_top.vid_phy_controller_0_gtwrapper_gtwizard_gtye4_inst/gen_gtwizard_gtye4.gen_cpll_cal_gtye4.gen_cpll_cal_inst[3].gen_inst_cpll_cal.gtwizard_ultrascale_v1_7_17_gtye4_cpll_cal_inst/gtwizard_ultrascale_v1_7_17_gtye4_cpll_cal_tx_i/U_TXOUTCLK_FREQ_COUNTER/reset_synchronizer_testclk_rst_inst/rst_in_out_reg/C
  -------------------------------------------------------------------    -------------------
    SLICE_X6Y375         FDPE (Prop_EFF_SLICEM_C_Q)
                                                      0.076     1.167 f  u_camera_hdmi/u_hdmi/u_phy/u_vphy/inst/gt_wrapper_inst/inst/gen_gtwizard_gtye4_top.vid_phy_controller_0_gtwrapper_gtwizard_gtye4_inst/gen_gtwizard_gtye4.gen_cpll_cal_gtye4.gen_cpll_cal_inst[3].gen_inst_cpll_cal.gtwizard_ultrascale_v1_7_17_gtye4_cpll_cal_inst/gtwizard_ultrascale_v1_7_17_gtye4_cpll_cal_tx_i/U_TXOUTCLK_FREQ_COUNTER/reset_synchronizer_testclk_rst_inst/rst_in_out_reg/Q
                         net (fo=18, estimated)       0.594     1.761    u_camera_hdmi/u_hdmi/u_phy/u_vphy/inst/gt_wrapper_inst/inst/gen_gtwizard_gtye4_top.vid_phy_controller_0_gtwrapper_gtwizard_gtye4_inst/gen_gtwizard_gtye4.gen_cpll_cal_gtye4.gen_cpll_cal_inst[3].gen_inst_cpll_cal.gtwizard_ultrascale_v1_7_17_gtye4_cpll_cal_inst/gtwizard_ultrascale_v1_7_17_gtye4_cpll_cal_tx_i/U_TXOUTCLK_FREQ_COUNTER/rst_in_out
    SLICE_X5Y352         FDCE                                         f  u_camera_hdmi/u_hdmi/u_phy/u_vphy/inst/gt_wrapper_inst/inst/gen_gtwizard_gtye4_top.vid_phy_controller_0_gtwrapper_gtwizard_gtye4_inst/gen_gtwizard_gtye4.gen_cpll_cal_gtye4.gen_cpll_cal_inst[3].gen_inst_cpll_cal.gtwizard_ultrascale_v1_7_17_gtye4_cpll_cal_inst/gtwizard_ultrascale_v1_7_17_gtye4_cpll_cal_tx_i/U_TXOUTCLK_FREQ_COUNTER/testclk_cnt_reg[10]/CLR
  -------------------------------------------------------------------    -------------------

                         (clock u_camera_hdmi/u_hdmi/u_phy/u_vphy/inst/gt_wrapper_inst/inst/gen_gtwizard_gtye4_top.vid_phy_controller_0_gtwrapper_gtwizard_gtye4_inst/gen_gtwizard_gtye4.gen_cpll_cal_gtye4.gen_cpll_cal_inst[3].gen_inst_cpll_cal.gtwizard_ultrascale_v1_7_17_gtye4_cpll_cal_inst/gtwizard_ultrascale_v1_7_17_gtye4_cpll_cal_tx_i/bufg_gt_txoutclkmon_inst/O rise edge)
                                                      3.367     3.367 r  
    BUFG_GT_X0Y124       BUFG_GT                      0.000     3.367 r  u_camera_hdmi/u_hdmi/u_phy/u_vphy/inst/gt_wrapper_inst/inst/gen_gtwizard_gtye4_top.vid_phy_controller_0_gtwrapper_gtwizard_gtye4_inst/gen_gtwizard_gtye4.gen_cpll_cal_gtye4.gen_cpll_cal_inst[3].gen_inst_cpll_cal.gtwizard_ultrascale_v1_7_17_gtye4_cpll_cal_inst/gtwizard_ultrascale_v1_7_17_gtye4_cpll_cal_tx_i/bufg_gt_txoutclkmon_inst/O
    X0Y5 (CLOCK_ROOT)    net (fo=31, estimated)       0.869     4.236    u_camera_hdmi/u_hdmi/u_phy/u_vphy/inst/gt_wrapper_inst/inst/gen_gtwizard_gtye4_top.vid_phy_controller_0_gtwrapper_gtwizard_gtye4_inst/gen_gtwizard_gtye4.gen_cpll_cal_gtye4.gen_cpll_cal_inst[3].gen_inst_cpll_cal.gtwizard_ultrascale_v1_7_17_gtye4_cpll_cal_inst/gtwizard_ultrascale_v1_7_17_gtye4_cpll_cal_tx_i/U_TXOUTCLK_FREQ_COUNTER/txoutclkmon
    SLICE_X5Y352         FDCE                                         r  u_camera_hdmi/u_hdmi/u_phy/u_vphy/inst/gt_wrapper_inst/inst/gen_gtwizard_gtye4_top.vid_phy_controller_0_gtwrapper_gtwizard_gtye4_inst/gen_gtwizard_gtye4.gen_cpll_cal_gtye4.gen_cpll_cal_inst[3].gen_inst_cpll_cal.gtwizard_ultrascale_v1_7_17_gtye4_cpll_cal_inst/gtwizard_ultrascale_v1_7_17_gtye4_cpll_cal_tx_i/U_TXOUTCLK_FREQ_COUNTER/testclk_cnt_reg[10]/C
                         clock pessimism              0.022     4.258    
                         clock uncertainty           -0.046     4.212    
    SLICE_X5Y352         FDCE (Recov_CFF_SLICEL_C_CLR)
                                                     -0.066     4.146    u_camera_hdmi/u_hdmi/u_phy/u_vphy/inst/gt_wrapper_inst/inst/gen_gtwizard_gtye4_top.vid_phy_controller_0_gtwrapper_gtwizard_gtye4_inst/gen_gtwizard_gtye4.gen_cpll_cal_gtye4.gen_cpll_cal_inst[3].gen_inst_cpll_cal.gtwizard_ultrascale_v1_7_17_gtye4_cpll_cal_inst/gtwizard_ultrascale_v1_7_17_gtye4_cpll_cal_tx_i/U_TXOUTCLK_FREQ_COUNTER/testclk_cnt_reg[10]
  -------------------------------------------------------------------
                         required time                          4.146    
                         arrival time                          -1.761    
  -------------------------------------------------------------------
                         slack                                  2.385    





