Copyright 1986-2022 Xilinx, Inc. All Rights Reserved. Copyright 2022-2023 Advanced Micro Devices, Inc. All Rights Reserved.
-------------------------------------------------------------------------------------------------------------------------------------------------------------------------------------------
| Tool Version : Vivado v.2023.2 (lin64) Build 4029153 Fri Oct 13 20:13:54 MDT 2023
| Date         : Sun Sep  6 17:53:25 2026
| Host         : tsmc184 running 64-bit Ubuntu 22.04.5 LTS
| Command      : report_utilization -hierarchical -hierarchical_depth 5 -file /mnt/data/wzr/13p/ov7670/sixteen_camera/reports/video_timing_refactor/P4/routed/utilization_hierarchical.rpt
| Design       : top_wrapper
| Device       : xcvu13p-fhga2104-2-i
| Speed File   : -2
| Design State : Routed
-------------------------------------------------------------------------------------------------------------------------------------------------------------------------------------------

Utilization Design Information

Table of Contents
-----------------
1. Utilization by Hierarchy

1. Utilization by Hierarchy
---------------------------

+------------------------------------------------------+----------------------------------------------------------------------------+------------+------------+---------+------+--------+--------+--------+------+------------+
|                       Instance                       |                                   Module                                   | Total LUTs | Logic LUTs | LUTRAMs | SRLs |   FFs  | RAMB36 | RAMB18 | URAM | DSP Blocks |
+------------------------------------------------------+----------------------------------------------------------------------------+------------+------------+---------+------+--------+--------+--------+------+------------+
| top_wrapper                                          |                                                                      (top) |     124486 |     112877 |   10308 | 1301 | 233027 |    405 |     81 |    0 |         18 |
|   (top_wrapper)                                      |                                                                      (top) |          0 |          0 |       0 |    0 |     20 |      0 |      0 |    0 |          0 |
|   dbg_hub                                            |                                                                    dbg_hub |        428 |        408 |      20 |    0 |    741 |      0 |      0 |    0 |          0 |
|     (dbg_hub)                                        |                                                                    dbg_hub |          0 |          0 |       0 |    0 |      0 |      0 |      0 |    0 |          0 |
|     inst                                             |                                                         xsdbm_v3_0_0_xsdbm |        428 |        408 |      20 |    0 |    741 |      0 |      0 |    0 |          0 |
|       BSCANID.u_xsdbm_id                             |                                                      xsdbm_v3_0_0_xsdbm_id |        428 |        408 |      20 |    0 |    741 |      0 |      0 |    0 |          0 |
|         (BSCANID.u_xsdbm_id)                         |                                                      xsdbm_v3_0_0_xsdbm_id |         33 |         33 |       0 |    0 |     34 |      0 |      0 |    0 |          0 |
|         CORE_XSDB.UUT_MASTER                         |                                                     xsdbm_v3_0_0_icon2xsdb |        260 |        240 |      20 |    0 |    554 |      0 |      0 |    0 |          0 |
|           U_ICON_INTERFACE                           |                                                            xsdbm_v3_0_0_if |        157 |        137 |      20 |    0 |    450 |      0 |      0 |    0 |          0 |
|           U_XSDB_ADDRESS_CONTROLLER                  |                                                      xsdbm_v3_0_0_addr_ctl |         17 |         17 |       0 |    0 |     19 |      0 |      0 |    0 |          0 |
|           U_XSDB_BURST_WD_LEN_CONTROLLER             |                                               xsdbm_v3_0_0_burst_wdlen_ctl |         21 |         21 |       0 |    0 |     20 |      0 |      0 |    0 |          0 |
|           U_XSDB_BUS_CONTROLLER                      |                                                       xsdbm_v3_0_0_bus_ctl |         66 |         66 |       0 |    0 |     48 |      0 |      0 |    0 |          0 |
|           U_XSDB_BUS_MSTR2SL_PORT_IFACE              |                                                xsdbm_v3_0_0_bus_mstr2sl_if |          0 |          0 |       0 |    0 |     17 |      0 |      0 |    0 |          0 |
|         CORE_XSDB.U_ICON                             |                                                          xsdbm_v3_0_0_icon |         16 |         16 |       0 |    0 |     28 |      0 |      0 |    0 |          0 |
|           (CORE_XSDB.U_ICON)                         |                                                          xsdbm_v3_0_0_icon |          1 |          1 |       0 |    0 |      3 |      0 |      0 |    0 |          0 |
|           U_CMD                                      |                                                    xsdbm_v3_0_0_cmd_decode |          8 |          8 |       0 |    0 |     10 |      0 |      0 |    0 |          0 |
|           U_STAT                                     |                                                          xsdbm_v3_0_0_stat |          5 |          5 |       0 |    0 |      7 |      0 |      0 |    0 |          0 |
|           U_SYNC                                     |                                                          xsdbm_v3_0_0_sync |          2 |          2 |       0 |    0 |      8 |      0 |      0 |    0 |          0 |
|         SWITCH_N_EXT_BSCAN.bscan_inst                |                                                         ltlib_v1_0_1_bscan |          0 |          0 |       0 |    0 |      0 |      0 |      0 |    0 |          0 |
|         SWITCH_N_EXT_BSCAN.bscan_switch              |                                                  xsdbm_v3_0_0_bscan_switch |        120 |        120 |       0 |    0 |    125 |      0 |      0 |    0 |          0 |
|   u_camera_hdmi                                      |                                                      camera_hdmi_subsystem |      52908 |      51018 |    1428 |  462 | 135213 |    184 |     26 |    0 |          0 |
|     u_camera_subsystem                               |                                                           camera_subsystem |      33859 |      33707 |       0 |  152 | 107917 |    176 |     24 |    0 |          0 |
|       (u_camera_subsystem)                           |                                                           camera_subsystem |         88 |         88 |       0 |    0 |    200 |      0 |      0 |    0 |          0 |
|       g_camera_frontend[0].u_camera                  |                                                 ov7670_frontend__xdcDup__1 |       3815 |       3796 |       0 |   19 |  12254 |      0 |      1 |    0 |          0 |
|         (g_camera_frontend[0].u_camera)              |                                                 ov7670_frontend__xdcDup__1 |        511 |        503 |       0 |    8 |   2618 |      0 |      0 |    0 |          0 |
|         u_cdc_diag_cdc                               |                                  xpm_cdc_array_single__parameterized14__16 |          0 |          0 |       0 |    0 |    271 |      0 |      0 |    0 |          0 |
|         u_control_cdc                                |                                   xpm_cdc_array_single__parameterized2__10 |          0 |          0 |       0 |    0 |     12 |      0 |      0 |    0 |          0 |
|         u_ctrl_diag_cdc                              |                                   xpm_cdc_array_single__parameterized12__8 |          0 |          0 |       0 |    0 |   1214 |      0 |      0 |    0 |          0 |
|         u_diagnostics                                |                                                       ov7670_axil_regs_633 |       1974 |       1974 |       0 |    0 |     75 |      0 |      0 |    0 |          0 |
|         u_href_diag_cdc                              |                                   xpm_cdc_array_single__parameterized8__10 |          0 |          0 |       0 |    0 |    480 |      0 |      0 |    0 |          0 |
|         u_href_guard_diag_cdc                        |                                  xpm_cdc_array_single__parameterized14__17 |          0 |          0 |       0 |    0 |    281 |      0 |      0 |    0 |          0 |
|         u_href_line_guard                            |                                                    dvp_href_line_guard_634 |         59 |         59 |       0 |    0 |    109 |      0 |      0 |    0 |          0 |
|         u_line_flush_diag_cdc                        |                                  xpm_cdc_array_single__parameterized15__33 |          0 |          0 |       0 |    0 |     96 |      0 |      0 |    0 |          0 |
|         u_ov7670_ctrl                                |                                                    ov7670_ztachip_ctrl_635 |        221 |        221 |       0 |    0 |    399 |      0 |      1 |    0 |          0 |
|         u_pclk_diag_cdc                              |                                  xpm_cdc_array_single__parameterized11__18 |          0 |          0 |       0 |    0 |    668 |      0 |      0 |    0 |          0 |
|         u_pclk_extended_diag_cdc                     |                                  xpm_cdc_array_single__parameterized17__16 |          0 |          0 |       0 |    0 |    512 |      0 |      0 |    0 |          0 |
|         u_pclk_quality_diag_cdc                      |                                   xpm_cdc_array_single__parameterized16__8 |          0 |          0 |       0 |    0 |    320 |      0 |      0 |    0 |          0 |
|         u_pclk_recovery                              |                                                      dvp_pclk_recovery_636 |       1053 |       1042 |       0 |   11 |   1291 |      0 |      0 |    0 |          0 |
|         u_pclk_snapshot_ack_cdc                      |                                          xpm_cdc_single__parameterized0__8 |          0 |          0 |       0 |    0 |      4 |      0 |      0 |    0 |          0 |
|         u_pclk_snapshot_cdc_high                     |                                  xpm_cdc_array_single__parameterized17__17 |          0 |          0 |       0 |    0 |    512 |      0 |      0 |    0 |          0 |
|         u_pclk_snapshot_cdc_low                      |                                   xpm_cdc_array_single__parameterized18__8 |          0 |          0 |       0 |    0 |   2048 |      0 |      0 |    0 |          0 |
|         u_rejected_vsync_diag_cdc                    |                                  xpm_cdc_array_single__parameterized15__32 |          0 |          0 |       0 |    0 |     96 |      0 |      0 |    0 |          0 |
|         u_stream_diag_cdc                            |                                  xpm_cdc_array_single__parameterized11__19 |          0 |          0 |       0 |    0 |    768 |      0 |      0 |    0 |          0 |
|         u_timeout_abort_diag_cdc                     |                                  xpm_cdc_array_single__parameterized15__34 |          0 |          0 |       0 |    0 |     96 |      0 |      0 |    0 |          0 |
|         u_vsync_diag_cdc                             |                                   xpm_cdc_array_single__parameterized13__8 |          0 |          0 |       0 |    0 |    384 |      0 |      0 |    0 |          0 |
|       g_camera_frontend[0].u_camera_cdc              |                                                 camera_axis_cdc__xdcDup__1 |        233 |        233 |       0 |    0 |    428 |     22 |      1 |    0 |          0 |
|         (g_camera_frontend[0].u_camera_cdc)          |                                                 camera_axis_cdc__xdcDup__1 |         84 |         84 |       0 |    0 |    305 |      0 |      0 |    0 |          0 |
|         u_fifo                                       |                                           xpm_fifo_sync__parameterized2__9 |        150 |        150 |       0 |    0 |    123 |     22 |      1 |    0 |          0 |
|           xpm_fifo_base_inst                         |                                           xpm_fifo_base__parameterized8__9 |        150 |        150 |       0 |    0 |    123 |     22 |      1 |    0 |          0 |
|       g_camera_frontend[0].u_camera_stream           |                                                      camera_axis_to_stream |        119 |        119 |       0 |    0 |    452 |      0 |      0 |    0 |          0 |
|       g_camera_frontend[0].u_event_bridge            |                                                dvp_event_bridge__xdcDup__1 |        139 |        139 |       0 |    0 |    201 |      0 |      1 |    0 |          0 |
|         (g_camera_frontend[0].u_event_bridge)        |                                                dvp_event_bridge__xdcDup__1 |         31 |         31 |       0 |    0 |     48 |      0 |      0 |    0 |          0 |
|         u_event_fifo                                 |                                  xpm_fifo_async__parameterized4__xdcDup__1 |        108 |        108 |       0 |    0 |    153 |      0 |      1 |    0 |          0 |
|           gnuram_async_fifo.xpm_fifo_base_inst       |                                   xpm_fifo_base__parameterized7__xdcDup__1 |        108 |        108 |       0 |    0 |    153 |      0 |      1 |    0 |          0 |
|       g_camera_frontend[0].u_event_overflow_diag_cdc |                                      xpm_cdc_array_single__parameterized15 |          0 |          0 |       0 |    0 |     96 |      0 |      0 |    0 |          0 |
|       g_camera_frontend[0].u_pixel_assembler         |                                                     camera_pixel_assembler |          4 |          4 |       0 |    0 |     32 |      0 |      0 |    0 |          0 |
|       g_camera_frontend[1].u_camera                  |                                                 ov7670_frontend__xdcDup__2 |       3534 |       3515 |       0 |   19 |  12255 |      0 |      1 |    0 |          0 |
|         (g_camera_frontend[1].u_camera)              |                                                 ov7670_frontend__xdcDup__2 |        314 |        306 |       0 |    8 |   2618 |      0 |      0 |    0 |          0 |
|         u_cdc_diag_cdc                               |                                  xpm_cdc_array_single__parameterized14__18 |          0 |          0 |       0 |    0 |    271 |      0 |      0 |    0 |          0 |
|         u_control_cdc                                |                                   xpm_cdc_array_single__parameterized2__11 |          0 |          0 |       0 |    0 |     12 |      0 |      0 |    0 |          0 |
|         u_ctrl_diag_cdc                              |                                   xpm_cdc_array_single__parameterized12__9 |          0 |          0 |       0 |    0 |   1214 |      0 |      0 |    0 |          0 |
|         u_diagnostics                                |                                                       ov7670_axil_regs_611 |       1846 |       1846 |       0 |    0 |     75 |      0 |      0 |    0 |          0 |
|         u_href_diag_cdc                              |                                   xpm_cdc_array_single__parameterized8__11 |          0 |          0 |       0 |    0 |    480 |      0 |      0 |    0 |          0 |
|         u_href_guard_diag_cdc                        |                                  xpm_cdc_array_single__parameterized14__19 |          0 |          0 |       0 |    0 |    281 |      0 |      0 |    0 |          0 |
|         u_href_line_guard                            |                                                    dvp_href_line_guard_612 |         94 |         94 |       0 |    0 |    109 |      0 |      0 |    0 |          0 |
|         u_line_flush_diag_cdc                        |                                  xpm_cdc_array_single__parameterized15__36 |          0 |          0 |       0 |    0 |     96 |      0 |      0 |    0 |          0 |
|         u_ov7670_ctrl                                |                                                    ov7670_ztachip_ctrl_613 |        226 |        226 |       0 |    0 |    399 |      0 |      1 |    0 |          0 |
|         u_pclk_diag_cdc                              |                                  xpm_cdc_array_single__parameterized11__20 |          0 |          0 |       0 |    0 |    668 |      0 |      0 |    0 |          0 |
|         u_pclk_extended_diag_cdc                     |                                  xpm_cdc_array_single__parameterized17__18 |          0 |          0 |       0 |    0 |    512 |      0 |      0 |    0 |          0 |
|         u_pclk_quality_diag_cdc                      |                                   xpm_cdc_array_single__parameterized16__9 |          0 |          0 |       0 |    0 |    320 |      0 |      0 |    0 |          0 |
|         u_pclk_recovery                              |                                                      dvp_pclk_recovery_614 |       1056 |       1045 |       0 |   11 |   1292 |      0 |      0 |    0 |          0 |
|         u_pclk_snapshot_ack_cdc                      |                                          xpm_cdc_single__parameterized0__9 |          0 |          0 |       0 |    0 |      4 |      0 |      0 |    0 |          0 |
|         u_pclk_snapshot_cdc_high                     |                                  xpm_cdc_array_single__parameterized17__19 |          0 |          0 |       0 |    0 |    512 |      0 |      0 |    0 |          0 |
|         u_pclk_snapshot_cdc_low                      |                                   xpm_cdc_array_single__parameterized18__9 |          0 |          0 |       0 |    0 |   2048 |      0 |      0 |    0 |          0 |
|         u_rejected_vsync_diag_cdc                    |                                  xpm_cdc_array_single__parameterized15__35 |          0 |          0 |       0 |    0 |     96 |      0 |      0 |    0 |          0 |
|         u_stream_diag_cdc                            |                                  xpm_cdc_array_single__parameterized11__21 |          0 |          0 |       0 |    0 |    768 |      0 |      0 |    0 |          0 |
|         u_timeout_abort_diag_cdc                     |                                  xpm_cdc_array_single__parameterized15__37 |          0 |          0 |       0 |    0 |     96 |      0 |      0 |    0 |          0 |
|         u_vsync_diag_cdc                             |                                   xpm_cdc_array_single__parameterized13__9 |          0 |          0 |       0 |    0 |    384 |      0 |      0 |    0 |          0 |
|       g_camera_frontend[1].u_camera_cdc              |                                                 camera_axis_cdc__xdcDup__2 |        248 |        248 |       0 |    0 |    428 |     22 |      1 |    0 |          0 |
|         (g_camera_frontend[1].u_camera_cdc)          |                                                 camera_axis_cdc__xdcDup__2 |         98 |         98 |       0 |    0 |    305 |      0 |      0 |    0 |          0 |
|         u_fifo                                       |                                          xpm_fifo_sync__parameterized2__14 |        150 |        150 |       0 |    0 |    123 |     22 |      1 |    0 |          0 |
|           xpm_fifo_base_inst                         |                                          xpm_fifo_base__parameterized8__14 |        150 |        150 |       0 |    0 |    123 |     22 |      1 |    0 |          0 |
|       g_camera_frontend[1].u_camera_stream           |                                      camera_axis_to_stream__parameterized0 |        276 |        276 |       0 |    0 |    452 |      0 |      0 |    0 |          0 |
|       g_camera_frontend[1].u_event_bridge            |                                                dvp_event_bridge__xdcDup__2 |        140 |        140 |       0 |    0 |    201 |      0 |      1 |    0 |          0 |
|         (g_camera_frontend[1].u_event_bridge)        |                                                dvp_event_bridge__xdcDup__2 |         31 |         31 |       0 |    0 |     48 |      0 |      0 |    0 |          0 |
|         u_event_fifo                                 |                                  xpm_fifo_async__parameterized4__xdcDup__2 |        109 |        109 |       0 |    0 |    153 |      0 |      1 |    0 |          0 |
|           gnuram_async_fifo.xpm_fifo_base_inst       |                                   xpm_fifo_base__parameterized7__xdcDup__2 |        109 |        109 |       0 |    0 |    153 |      0 |      1 |    0 |          0 |
|       g_camera_frontend[1].u_event_overflow_diag_cdc |                                  xpm_cdc_array_single__parameterized15__62 |          0 |          0 |       0 |    0 |     96 |      0 |      0 |    0 |          0 |
|       g_camera_frontend[1].u_pixel_assembler         |                                                 camera_pixel_assembler_460 |          4 |          4 |       0 |    0 |     32 |      0 |      0 |    0 |          0 |
|       g_camera_frontend[2].u_camera                  |                                                 ov7670_frontend__xdcDup__3 |       3527 |       3508 |       0 |   19 |  12254 |      0 |      1 |    0 |          0 |
|         (g_camera_frontend[2].u_camera)              |                                                 ov7670_frontend__xdcDup__3 |        315 |        307 |       0 |    8 |   2618 |      0 |      0 |    0 |          0 |
|         u_cdc_diag_cdc                               |                                  xpm_cdc_array_single__parameterized14__20 |          0 |          0 |       0 |    0 |    271 |      0 |      0 |    0 |          0 |
|         u_control_cdc                                |                                   xpm_cdc_array_single__parameterized2__12 |          0 |          0 |       0 |    0 |     12 |      0 |      0 |    0 |          0 |
|         u_ctrl_diag_cdc                              |                                  xpm_cdc_array_single__parameterized12__10 |          0 |          0 |       0 |    0 |   1214 |      0 |      0 |    0 |          0 |
|         u_diagnostics                                |                                                       ov7670_axil_regs_589 |       1846 |       1846 |       0 |    0 |     75 |      0 |      0 |    0 |          0 |
|         u_href_diag_cdc                              |                                   xpm_cdc_array_single__parameterized8__12 |          0 |          0 |       0 |    0 |    480 |      0 |      0 |    0 |          0 |
|         u_href_guard_diag_cdc                        |                                  xpm_cdc_array_single__parameterized14__21 |          0 |          0 |       0 |    0 |    281 |      0 |      0 |    0 |          0 |
|         u_href_line_guard                            |                                                    dvp_href_line_guard_590 |         94 |         94 |       0 |    0 |    109 |      0 |      0 |    0 |          0 |
|         u_line_flush_diag_cdc                        |                                  xpm_cdc_array_single__parameterized15__39 |          0 |          0 |       0 |    0 |     96 |      0 |      0 |    0 |          0 |
|         u_ov7670_ctrl                                |                                                    ov7670_ztachip_ctrl_591 |        226 |        226 |       0 |    0 |    399 |      0 |      1 |    0 |          0 |
|         u_pclk_diag_cdc                              |                                  xpm_cdc_array_single__parameterized11__22 |          0 |          0 |       0 |    0 |    668 |      0 |      0 |    0 |          0 |
|         u_pclk_extended_diag_cdc                     |                                  xpm_cdc_array_single__parameterized17__20 |          0 |          0 |       0 |    0 |    512 |      0 |      0 |    0 |          0 |
|         u_pclk_quality_diag_cdc                      |                                  xpm_cdc_array_single__parameterized16__10 |          0 |          0 |       0 |    0 |    320 |      0 |      0 |    0 |          0 |
|         u_pclk_recovery                              |                                                      dvp_pclk_recovery_592 |       1050 |       1039 |       0 |   11 |   1291 |      0 |      0 |    0 |          0 |
|         u_pclk_snapshot_ack_cdc                      |                                         xpm_cdc_single__parameterized0__10 |          0 |          0 |       0 |    0 |      4 |      0 |      0 |    0 |          0 |
|         u_pclk_snapshot_cdc_high                     |                                  xpm_cdc_array_single__parameterized17__21 |          0 |          0 |       0 |    0 |    512 |      0 |      0 |    0 |          0 |
|         u_pclk_snapshot_cdc_low                      |                                  xpm_cdc_array_single__parameterized18__10 |          0 |          0 |       0 |    0 |   2048 |      0 |      0 |    0 |          0 |
|         u_rejected_vsync_diag_cdc                    |                                  xpm_cdc_array_single__parameterized15__38 |          0 |          0 |       0 |    0 |     96 |      0 |      0 |    0 |          0 |
|         u_stream_diag_cdc                            |                                  xpm_cdc_array_single__parameterized11__23 |          0 |          0 |       0 |    0 |    768 |      0 |      0 |    0 |          0 |
|         u_timeout_abort_diag_cdc                     |                                  xpm_cdc_array_single__parameterized15__40 |          0 |          0 |       0 |    0 |     96 |      0 |      0 |    0 |          0 |
|         u_vsync_diag_cdc                             |                                  xpm_cdc_array_single__parameterized13__10 |          0 |          0 |       0 |    0 |    384 |      0 |      0 |    0 |          0 |
|       g_camera_frontend[2].u_camera_cdc              |                                                 camera_axis_cdc__xdcDup__3 |        248 |        248 |       0 |    0 |    428 |     22 |      1 |    0 |          0 |
|         (g_camera_frontend[2].u_camera_cdc)          |                                                 camera_axis_cdc__xdcDup__3 |         98 |         98 |       0 |    0 |    305 |      0 |      0 |    0 |          0 |
|         u_fifo                                       |                                              xpm_fifo_sync__parameterized2 |        150 |        150 |       0 |    0 |    123 |     22 |      1 |    0 |          0 |
|           xpm_fifo_base_inst                         |                                              xpm_fifo_base__parameterized8 |        150 |        150 |       0 |    0 |    123 |     22 |      1 |    0 |          0 |
|       g_camera_frontend[2].u_camera_stream           |                                      camera_axis_to_stream__parameterized1 |        276 |        276 |       0 |    0 |    452 |      0 |      0 |    0 |          0 |
|       g_camera_frontend[2].u_event_bridge            |                                                dvp_event_bridge__xdcDup__3 |        141 |        141 |       0 |    0 |    201 |      0 |      1 |    0 |          0 |
|         (g_camera_frontend[2].u_event_bridge)        |                                                dvp_event_bridge__xdcDup__3 |         32 |         32 |       0 |    0 |     48 |      0 |      0 |    0 |          0 |
|         u_event_fifo                                 |                                  xpm_fifo_async__parameterized4__xdcDup__3 |        109 |        109 |       0 |    0 |    153 |      0 |      1 |    0 |          0 |
|           gnuram_async_fifo.xpm_fifo_base_inst       |                                   xpm_fifo_base__parameterized7__xdcDup__3 |        109 |        109 |       0 |    0 |    153 |      0 |      1 |    0 |          0 |
|       g_camera_frontend[2].u_event_overflow_diag_cdc |                                  xpm_cdc_array_single__parameterized15__60 |          0 |          0 |       0 |    0 |     96 |      0 |      0 |    0 |          0 |
|       g_camera_frontend[2].u_pixel_assembler         |                                                 camera_pixel_assembler_461 |          4 |          4 |       0 |    0 |     32 |      0 |      0 |    0 |          0 |
|       g_camera_frontend[3].u_camera                  |                                                 ov7670_frontend__xdcDup__4 |       3531 |       3512 |       0 |   19 |  12254 |      0 |      1 |    0 |          0 |
|         (g_camera_frontend[3].u_camera)              |                                                 ov7670_frontend__xdcDup__4 |        315 |        307 |       0 |    8 |   2618 |      0 |      0 |    0 |          0 |
|         u_cdc_diag_cdc                               |                                  xpm_cdc_array_single__parameterized14__22 |          0 |          0 |       0 |    0 |    271 |      0 |      0 |    0 |          0 |
|         u_control_cdc                                |                                   xpm_cdc_array_single__parameterized2__13 |          0 |          0 |       0 |    0 |     12 |      0 |      0 |    0 |          0 |
|         u_ctrl_diag_cdc                              |                                  xpm_cdc_array_single__parameterized12__11 |          0 |          0 |       0 |    0 |   1214 |      0 |      0 |    0 |          0 |
|         u_diagnostics                                |                                                       ov7670_axil_regs_567 |       1846 |       1846 |       0 |    0 |     75 |      0 |      0 |    0 |          0 |
|         u_href_diag_cdc                              |                                   xpm_cdc_array_single__parameterized8__13 |          0 |          0 |       0 |    0 |    480 |      0 |      0 |    0 |          0 |
|         u_href_guard_diag_cdc                        |                                  xpm_cdc_array_single__parameterized14__23 |          0 |          0 |       0 |    0 |    281 |      0 |      0 |    0 |          0 |
|         u_href_line_guard                            |                                                    dvp_href_line_guard_568 |         93 |         93 |       0 |    0 |    109 |      0 |      0 |    0 |          0 |
|         u_line_flush_diag_cdc                        |                                  xpm_cdc_array_single__parameterized15__42 |          0 |          0 |       0 |    0 |     96 |      0 |      0 |    0 |          0 |
|         u_ov7670_ctrl                                |                                                    ov7670_ztachip_ctrl_569 |        230 |        230 |       0 |    0 |    399 |      0 |      1 |    0 |          0 |
|         u_pclk_diag_cdc                              |                                  xpm_cdc_array_single__parameterized11__24 |          0 |          0 |       0 |    0 |    668 |      0 |      0 |    0 |          0 |
|         u_pclk_extended_diag_cdc                     |                                  xpm_cdc_array_single__parameterized17__22 |          0 |          0 |       0 |    0 |    512 |      0 |      0 |    0 |          0 |
|         u_pclk_quality_diag_cdc                      |                                  xpm_cdc_array_single__parameterized16__11 |          0 |          0 |       0 |    0 |    320 |      0 |      0 |    0 |          0 |
|         u_pclk_recovery                              |                                                      dvp_pclk_recovery_570 |       1052 |       1041 |       0 |   11 |   1291 |      0 |      0 |    0 |          0 |
|         u_pclk_snapshot_ack_cdc                      |                                         xpm_cdc_single__parameterized0__11 |          0 |          0 |       0 |    0 |      4 |      0 |      0 |    0 |          0 |
|         u_pclk_snapshot_cdc_high                     |                                  xpm_cdc_array_single__parameterized17__23 |          0 |          0 |       0 |    0 |    512 |      0 |      0 |    0 |          0 |
|         u_pclk_snapshot_cdc_low                      |                                  xpm_cdc_array_single__parameterized18__11 |          0 |          0 |       0 |    0 |   2048 |      0 |      0 |    0 |          0 |
|         u_rejected_vsync_diag_cdc                    |                                  xpm_cdc_array_single__parameterized15__41 |          0 |          0 |       0 |    0 |     96 |      0 |      0 |    0 |          0 |
|         u_stream_diag_cdc                            |                                  xpm_cdc_array_single__parameterized11__25 |          0 |          0 |       0 |    0 |    768 |      0 |      0 |    0 |          0 |
|         u_timeout_abort_diag_cdc                     |                                  xpm_cdc_array_single__parameterized15__43 |          0 |          0 |       0 |    0 |     96 |      0 |      0 |    0 |          0 |
|         u_vsync_diag_cdc                             |                                  xpm_cdc_array_single__parameterized13__11 |          0 |          0 |       0 |    0 |    384 |      0 |      0 |    0 |          0 |
|       g_camera_frontend[3].u_camera_cdc              |                                                 camera_axis_cdc__xdcDup__4 |        250 |        250 |       0 |    0 |    428 |     22 |      1 |    0 |          0 |
|         (g_camera_frontend[3].u_camera_cdc)          |                                                 camera_axis_cdc__xdcDup__4 |        100 |        100 |       0 |    0 |    305 |      0 |      0 |    0 |          0 |
|         u_fifo                                       |                                          xpm_fifo_sync__parameterized2__13 |        150 |        150 |       0 |    0 |    123 |     22 |      1 |    0 |          0 |
|           xpm_fifo_base_inst                         |                                          xpm_fifo_base__parameterized8__13 |        150 |        150 |       0 |    0 |    123 |     22 |      1 |    0 |          0 |
|       g_camera_frontend[3].u_camera_stream           |                                      camera_axis_to_stream__parameterized2 |        266 |        266 |       0 |    0 |    452 |      0 |      0 |    0 |          0 |
|       g_camera_frontend[3].u_event_bridge            |                                                dvp_event_bridge__xdcDup__4 |        140 |        140 |       0 |    0 |    201 |      0 |      1 |    0 |          0 |
|         (g_camera_frontend[3].u_event_bridge)        |                                                dvp_event_bridge__xdcDup__4 |         32 |         32 |       0 |    0 |     48 |      0 |      0 |    0 |          0 |
|         u_event_fifo                                 |                                  xpm_fifo_async__parameterized4__xdcDup__4 |        108 |        108 |       0 |    0 |    153 |      0 |      1 |    0 |          0 |
|           gnuram_async_fifo.xpm_fifo_base_inst       |                                   xpm_fifo_base__parameterized7__xdcDup__4 |        108 |        108 |       0 |    0 |    153 |      0 |      1 |    0 |          0 |
|       g_camera_frontend[3].u_event_overflow_diag_cdc |                                  xpm_cdc_array_single__parameterized15__58 |          0 |          0 |       0 |    0 |     96 |      0 |      0 |    0 |          0 |
|       g_camera_frontend[3].u_pixel_assembler         |                                                 camera_pixel_assembler_462 |          4 |          4 |       0 |    0 |     32 |      0 |      0 |    0 |          0 |
|       g_camera_frontend[4].u_camera                  |                                                 ov7670_frontend__xdcDup__5 |       3563 |       3544 |       0 |   19 |  12254 |      0 |      1 |    0 |          0 |
|         (g_camera_frontend[4].u_camera)              |                                                 ov7670_frontend__xdcDup__5 |        315 |        307 |       0 |    8 |   2618 |      0 |      0 |    0 |          0 |
|         u_cdc_diag_cdc                               |                                  xpm_cdc_array_single__parameterized14__24 |          0 |          0 |       0 |    0 |    271 |      0 |      0 |    0 |          0 |
|         u_control_cdc                                |                                   xpm_cdc_array_single__parameterized2__14 |          0 |          0 |       0 |    0 |     12 |      0 |      0 |    0 |          0 |
|         u_ctrl_diag_cdc                              |                                  xpm_cdc_array_single__parameterized12__12 |          0 |          0 |       0 |    0 |   1214 |      0 |      0 |    0 |          0 |
|         u_diagnostics                                |                                                       ov7670_axil_regs_545 |       1882 |       1882 |       0 |    0 |     75 |      0 |      0 |    0 |          0 |
|         u_href_diag_cdc                              |                                   xpm_cdc_array_single__parameterized8__14 |          0 |          0 |       0 |    0 |    480 |      0 |      0 |    0 |          0 |
|         u_href_guard_diag_cdc                        |                                  xpm_cdc_array_single__parameterized14__25 |          0 |          0 |       0 |    0 |    281 |      0 |      0 |    0 |          0 |
|         u_href_line_guard                            |                                                    dvp_href_line_guard_546 |         93 |         93 |       0 |    0 |    109 |      0 |      0 |    0 |          0 |
|         u_line_flush_diag_cdc                        |                                  xpm_cdc_array_single__parameterized15__45 |          0 |          0 |       0 |    0 |     96 |      0 |      0 |    0 |          0 |
|         u_ov7670_ctrl                                |                                                    ov7670_ztachip_ctrl_547 |        226 |        226 |       0 |    0 |    399 |      0 |      1 |    0 |          0 |
|         u_pclk_diag_cdc                              |                                  xpm_cdc_array_single__parameterized11__26 |          0 |          0 |       0 |    0 |    668 |      0 |      0 |    0 |          0 |
|         u_pclk_extended_diag_cdc                     |                                  xpm_cdc_array_single__parameterized17__24 |          0 |          0 |       0 |    0 |    512 |      0 |      0 |    0 |          0 |
|         u_pclk_quality_diag_cdc                      |                                  xpm_cdc_array_single__parameterized16__12 |          0 |          0 |       0 |    0 |    320 |      0 |      0 |    0 |          0 |
|         u_pclk_recovery                              |                                                      dvp_pclk_recovery_548 |       1051 |       1040 |       0 |   11 |   1291 |      0 |      0 |    0 |          0 |
|         u_pclk_snapshot_ack_cdc                      |                                         xpm_cdc_single__parameterized0__12 |          0 |          0 |       0 |    0 |      4 |      0 |      0 |    0 |          0 |
|         u_pclk_snapshot_cdc_high                     |                                  xpm_cdc_array_single__parameterized17__25 |          0 |          0 |       0 |    0 |    512 |      0 |      0 |    0 |          0 |
|         u_pclk_snapshot_cdc_low                      |                                  xpm_cdc_array_single__parameterized18__12 |          0 |          0 |       0 |    0 |   2048 |      0 |      0 |    0 |          0 |
|         u_rejected_vsync_diag_cdc                    |                                  xpm_cdc_array_single__parameterized15__44 |          0 |          0 |       0 |    0 |     96 |      0 |      0 |    0 |          0 |
|         u_stream_diag_cdc                            |                                  xpm_cdc_array_single__parameterized11__27 |          0 |          0 |       0 |    0 |    768 |      0 |      0 |    0 |          0 |
|         u_timeout_abort_diag_cdc                     |                                  xpm_cdc_array_single__parameterized15__46 |          0 |          0 |       0 |    0 |     96 |      0 |      0 |    0 |          0 |
|         u_vsync_diag_cdc                             |                                  xpm_cdc_array_single__parameterized13__12 |          0 |          0 |       0 |    0 |    384 |      0 |      0 |    0 |          0 |
|       g_camera_frontend[4].u_camera_cdc              |                                                 camera_axis_cdc__xdcDup__5 |        250 |        250 |       0 |    0 |    428 |     22 |      1 |    0 |          0 |
|         (g_camera_frontend[4].u_camera_cdc)          |                                                 camera_axis_cdc__xdcDup__5 |        101 |        101 |       0 |    0 |    305 |      0 |      0 |    0 |          0 |
|         u_fifo                                       |                                          xpm_fifo_sync__parameterized2__11 |        150 |        150 |       0 |    0 |    123 |     22 |      1 |    0 |          0 |
|           xpm_fifo_base_inst                         |                                          xpm_fifo_base__parameterized8__11 |        150 |        150 |       0 |    0 |    123 |     22 |      1 |    0 |          0 |
|       g_camera_frontend[4].u_camera_stream           |                                      camera_axis_to_stream__parameterized3 |        278 |        278 |       0 |    0 |    452 |      0 |      0 |    0 |          0 |
|       g_camera_frontend[4].u_event_bridge            |                                                dvp_event_bridge__xdcDup__5 |        140 |        140 |       0 |    0 |    201 |      0 |      1 |    0 |          0 |
|         (g_camera_frontend[4].u_event_bridge)        |                                                dvp_event_bridge__xdcDup__5 |         31 |         31 |       0 |    0 |     48 |      0 |      0 |    0 |          0 |
|         u_event_fifo                                 |                                  xpm_fifo_async__parameterized4__xdcDup__5 |        109 |        109 |       0 |    0 |    153 |      0 |      1 |    0 |          0 |
|           gnuram_async_fifo.xpm_fifo_base_inst       |                                   xpm_fifo_base__parameterized7__xdcDup__5 |        109 |        109 |       0 |    0 |    153 |      0 |      1 |    0 |          0 |
|       g_camera_frontend[4].u_event_overflow_diag_cdc |                                  xpm_cdc_array_single__parameterized15__57 |          0 |          0 |       0 |    0 |     96 |      0 |      0 |    0 |          0 |
|       g_camera_frontend[4].u_pixel_assembler         |                                                 camera_pixel_assembler_463 |          4 |          4 |       0 |    0 |     32 |      0 |      0 |    0 |          0 |
|       g_camera_frontend[5].u_camera                  |                                                 ov7670_frontend__xdcDup__6 |       3522 |       3503 |       0 |   19 |  12254 |      0 |      1 |    0 |          0 |
|         (g_camera_frontend[5].u_camera)              |                                                 ov7670_frontend__xdcDup__6 |        314 |        306 |       0 |    8 |   2618 |      0 |      0 |    0 |          0 |
|         u_cdc_diag_cdc                               |                                  xpm_cdc_array_single__parameterized14__26 |          0 |          0 |       0 |    0 |    271 |      0 |      0 |    0 |          0 |
|         u_control_cdc                                |                                   xpm_cdc_array_single__parameterized2__15 |          0 |          0 |       0 |    0 |     12 |      0 |      0 |    0 |          0 |
|         u_ctrl_diag_cdc                              |                                  xpm_cdc_array_single__parameterized12__13 |          0 |          0 |       0 |    0 |   1214 |      0 |      0 |    0 |          0 |
|         u_diagnostics                                |                                                       ov7670_axil_regs_523 |       1846 |       1846 |       0 |    0 |     75 |      0 |      0 |    0 |          0 |
|         u_href_diag_cdc                              |                                   xpm_cdc_array_single__parameterized8__15 |          0 |          0 |       0 |    0 |    480 |      0 |      0 |    0 |          0 |
|         u_href_guard_diag_cdc                        |                                  xpm_cdc_array_single__parameterized14__27 |          0 |          0 |       0 |    0 |    281 |      0 |      0 |    0 |          0 |
|         u_href_line_guard                            |                                                    dvp_href_line_guard_524 |         93 |         93 |       0 |    0 |    109 |      0 |      0 |    0 |          0 |
|         u_line_flush_diag_cdc                        |                                  xpm_cdc_array_single__parameterized15__48 |          0 |          0 |       0 |    0 |     96 |      0 |      0 |    0 |          0 |
|         u_ov7670_ctrl                                |                                                    ov7670_ztachip_ctrl_525 |        225 |        225 |       0 |    0 |    399 |      0 |      1 |    0 |          0 |
|         u_pclk_diag_cdc                              |                                  xpm_cdc_array_single__parameterized11__28 |          0 |          0 |       0 |    0 |    668 |      0 |      0 |    0 |          0 |
|         u_pclk_extended_diag_cdc                     |                                  xpm_cdc_array_single__parameterized17__26 |          0 |          0 |       0 |    0 |    512 |      0 |      0 |    0 |          0 |
|         u_pclk_quality_diag_cdc                      |                                  xpm_cdc_array_single__parameterized16__13 |          0 |          0 |       0 |    0 |    320 |      0 |      0 |    0 |          0 |
|         u_pclk_recovery                              |                                                      dvp_pclk_recovery_526 |       1047 |       1036 |       0 |   11 |   1291 |      0 |      0 |    0 |          0 |
|         u_pclk_snapshot_ack_cdc                      |                                         xpm_cdc_single__parameterized0__13 |          0 |          0 |       0 |    0 |      4 |      0 |      0 |    0 |          0 |
|         u_pclk_snapshot_cdc_high                     |                                  xpm_cdc_array_single__parameterized17__27 |          0 |          0 |       0 |    0 |    512 |      0 |      0 |    0 |          0 |
|         u_pclk_snapshot_cdc_low                      |                                  xpm_cdc_array_single__parameterized18__13 |          0 |          0 |       0 |    0 |   2048 |      0 |      0 |    0 |          0 |
|         u_rejected_vsync_diag_cdc                    |                                  xpm_cdc_array_single__parameterized15__47 |          0 |          0 |       0 |    0 |     96 |      0 |      0 |    0 |          0 |
|         u_stream_diag_cdc                            |                                  xpm_cdc_array_single__parameterized11__29 |          0 |          0 |       0 |    0 |    768 |      0 |      0 |    0 |          0 |
|         u_timeout_abort_diag_cdc                     |                                  xpm_cdc_array_single__parameterized15__49 |          0 |          0 |       0 |    0 |     96 |      0 |      0 |    0 |          0 |
|         u_vsync_diag_cdc                             |                                  xpm_cdc_array_single__parameterized13__13 |          0 |          0 |       0 |    0 |    384 |      0 |      0 |    0 |          0 |
|       g_camera_frontend[5].u_camera_cdc              |                                                 camera_axis_cdc__xdcDup__6 |        248 |        248 |       0 |    0 |    428 |     22 |      1 |    0 |          0 |
|         (g_camera_frontend[5].u_camera_cdc)          |                                                 camera_axis_cdc__xdcDup__6 |         99 |         99 |       0 |    0 |    305 |      0 |      0 |    0 |          0 |
|         u_fifo                                       |                                          xpm_fifo_sync__parameterized2__12 |        149 |        149 |       0 |    0 |    123 |     22 |      1 |    0 |          0 |
|           xpm_fifo_base_inst                         |                                          xpm_fifo_base__parameterized8__12 |        149 |        149 |       0 |    0 |    123 |     22 |      1 |    0 |          0 |
|       g_camera_frontend[5].u_camera_stream           |                                      camera_axis_to_stream__parameterized4 |        265 |        265 |       0 |    0 |    452 |      0 |      0 |    0 |          0 |
|       g_camera_frontend[5].u_event_bridge            |                                                dvp_event_bridge__xdcDup__6 |        140 |        140 |       0 |    0 |    201 |      0 |      1 |    0 |          0 |
|         (g_camera_frontend[5].u_event_bridge)        |                                                dvp_event_bridge__xdcDup__6 |         31 |         31 |       0 |    0 |     48 |      0 |      0 |    0 |          0 |
|         u_event_fifo                                 |                                  xpm_fifo_async__parameterized4__xdcDup__6 |        109 |        109 |       0 |    0 |    153 |      0 |      1 |    0 |          0 |
|           gnuram_async_fifo.xpm_fifo_base_inst       |                                   xpm_fifo_base__parameterized7__xdcDup__6 |        109 |        109 |       0 |    0 |    153 |      0 |      1 |    0 |          0 |
|       g_camera_frontend[5].u_event_overflow_diag_cdc |                                  xpm_cdc_array_single__parameterized15__59 |          0 |          0 |       0 |    0 |     96 |      0 |      0 |    0 |          0 |
|       g_camera_frontend[5].u_pixel_assembler         |                                                 camera_pixel_assembler_464 |          4 |          4 |       0 |    0 |     32 |      0 |      0 |    0 |          0 |
|       g_camera_frontend[6].u_camera                  |                                                 ov7670_frontend__xdcDup__7 |       3530 |       3511 |       0 |   19 |  12254 |      0 |      1 |    0 |          0 |
|         (g_camera_frontend[6].u_camera)              |                                                 ov7670_frontend__xdcDup__7 |        315 |        307 |       0 |    8 |   2618 |      0 |      0 |    0 |          0 |
|         u_cdc_diag_cdc                               |                                  xpm_cdc_array_single__parameterized14__28 |          0 |          0 |       0 |    0 |    271 |      0 |      0 |    0 |          0 |
|         u_control_cdc                                |                                   xpm_cdc_array_single__parameterized2__16 |          0 |          0 |       0 |    0 |     12 |      0 |      0 |    0 |          0 |
|         u_ctrl_diag_cdc                              |                                  xpm_cdc_array_single__parameterized12__14 |          0 |          0 |       0 |    0 |   1214 |      0 |      0 |    0 |          0 |
|         u_diagnostics                                |                                                       ov7670_axil_regs_501 |       1846 |       1846 |       0 |    0 |     75 |      0 |      0 |    0 |          0 |
|         u_href_diag_cdc                              |                                   xpm_cdc_array_single__parameterized8__16 |          0 |          0 |       0 |    0 |    480 |      0 |      0 |    0 |          0 |
|         u_href_guard_diag_cdc                        |                                  xpm_cdc_array_single__parameterized14__29 |          0 |          0 |       0 |    0 |    281 |      0 |      0 |    0 |          0 |
|         u_href_line_guard                            |                                                    dvp_href_line_guard_502 |         93 |         93 |       0 |    0 |    109 |      0 |      0 |    0 |          0 |
|         u_line_flush_diag_cdc                        |                                  xpm_cdc_array_single__parameterized15__51 |          0 |          0 |       0 |    0 |     96 |      0 |      0 |    0 |          0 |
|         u_ov7670_ctrl                                |                                                    ov7670_ztachip_ctrl_503 |        223 |        223 |       0 |    0 |    399 |      0 |      1 |    0 |          0 |
|         u_pclk_diag_cdc                              |                                  xpm_cdc_array_single__parameterized11__30 |          0 |          0 |       0 |    0 |    668 |      0 |      0 |    0 |          0 |
|         u_pclk_extended_diag_cdc                     |                                  xpm_cdc_array_single__parameterized17__28 |          0 |          0 |       0 |    0 |    512 |      0 |      0 |    0 |          0 |
|         u_pclk_quality_diag_cdc                      |                                  xpm_cdc_array_single__parameterized16__14 |          0 |          0 |       0 |    0 |    320 |      0 |      0 |    0 |          0 |
|         u_pclk_recovery                              |                                                      dvp_pclk_recovery_504 |       1057 |       1046 |       0 |   11 |   1291 |      0 |      0 |    0 |          0 |
|         u_pclk_snapshot_ack_cdc                      |                                         xpm_cdc_single__parameterized0__14 |          0 |          0 |       0 |    0 |      4 |      0 |      0 |    0 |          0 |
|         u_pclk_snapshot_cdc_high                     |                                  xpm_cdc_array_single__parameterized17__29 |          0 |          0 |       0 |    0 |    512 |      0 |      0 |    0 |          0 |
|         u_pclk_snapshot_cdc_low                      |                                  xpm_cdc_array_single__parameterized18__14 |          0 |          0 |       0 |    0 |   2048 |      0 |      0 |    0 |          0 |
|         u_rejected_vsync_diag_cdc                    |                                  xpm_cdc_array_single__parameterized15__50 |          0 |          0 |       0 |    0 |     96 |      0 |      0 |    0 |          0 |
|         u_stream_diag_cdc                            |                                  xpm_cdc_array_single__parameterized11__31 |          0 |          0 |       0 |    0 |    768 |      0 |      0 |    0 |          0 |
|         u_timeout_abort_diag_cdc                     |                                  xpm_cdc_array_single__parameterized15__52 |          0 |          0 |       0 |    0 |     96 |      0 |      0 |    0 |          0 |
|         u_vsync_diag_cdc                             |                                  xpm_cdc_array_single__parameterized13__14 |          0 |          0 |       0 |    0 |    384 |      0 |      0 |    0 |          0 |
|       g_camera_frontend[6].u_camera_cdc              |                                                 camera_axis_cdc__xdcDup__7 |        250 |        250 |       0 |    0 |    428 |     22 |      1 |    0 |          0 |
|         (g_camera_frontend[6].u_camera_cdc)          |                                                 camera_axis_cdc__xdcDup__7 |         99 |         99 |       0 |    0 |    305 |      0 |      0 |    0 |          0 |
|         u_fifo                                       |                                          xpm_fifo_sync__parameterized2__10 |        151 |        151 |       0 |    0 |    123 |     22 |      1 |    0 |          0 |
|           xpm_fifo_base_inst                         |                                          xpm_fifo_base__parameterized8__10 |        151 |        151 |       0 |    0 |    123 |     22 |      1 |    0 |          0 |
|       g_camera_frontend[6].u_camera_stream           |                                      camera_axis_to_stream__parameterized5 |        275 |        275 |       0 |    0 |    452 |      0 |      0 |    0 |          0 |
|       g_camera_frontend[6].u_event_bridge            |                                                dvp_event_bridge__xdcDup__7 |        139 |        139 |       0 |    0 |    201 |      0 |      1 |    0 |          0 |
|         (g_camera_frontend[6].u_event_bridge)        |                                                dvp_event_bridge__xdcDup__7 |         31 |         31 |       0 |    0 |     48 |      0 |      0 |    0 |          0 |
|         u_event_fifo                                 |                                  xpm_fifo_async__parameterized4__xdcDup__7 |        108 |        108 |       0 |    0 |    153 |      0 |      1 |    0 |          0 |
|           gnuram_async_fifo.xpm_fifo_base_inst       |                                   xpm_fifo_base__parameterized7__xdcDup__7 |        108 |        108 |       0 |    0 |    153 |      0 |      1 |    0 |          0 |
|       g_camera_frontend[6].u_event_overflow_diag_cdc |                                  xpm_cdc_array_single__parameterized15__61 |          0 |          0 |       0 |    0 |     96 |      0 |      0 |    0 |          0 |
|       g_camera_frontend[6].u_pixel_assembler         |                                                 camera_pixel_assembler_465 |          4 |          4 |       0 |    0 |     32 |      0 |      0 |    0 |          0 |
|       g_camera_frontend[7].u_camera                  |                                                            ov7670_frontend |       3737 |       3718 |       0 |   19 |  12254 |      0 |      1 |    0 |          0 |
|         (g_camera_frontend[7].u_camera)              |                                                            ov7670_frontend |        511 |        503 |       0 |    8 |   2618 |      0 |      0 |    0 |          0 |
|         u_cdc_diag_cdc                               |                                  xpm_cdc_array_single__parameterized14__30 |          0 |          0 |       0 |    0 |    271 |      0 |      0 |    0 |          0 |
|         u_control_cdc                                |                                       xpm_cdc_array_single__parameterized2 |          0 |          0 |       0 |    0 |     12 |      0 |      0 |    0 |          0 |
|         u_ctrl_diag_cdc                              |                                      xpm_cdc_array_single__parameterized12 |          0 |          0 |       0 |    0 |   1214 |      0 |      0 |    0 |          0 |
|         u_diagnostics                                |                                                           ov7670_axil_regs |       1905 |       1905 |       0 |    0 |     75 |      0 |      0 |    0 |          0 |
|         u_href_diag_cdc                              |                                       xpm_cdc_array_single__parameterized8 |          0 |          0 |       0 |    0 |    480 |      0 |      0 |    0 |          0 |
|         u_href_guard_diag_cdc                        |                                      xpm_cdc_array_single__parameterized14 |          0 |          0 |       0 |    0 |    281 |      0 |      0 |    0 |          0 |
|         u_href_line_guard                            |                                                        dvp_href_line_guard |         58 |         58 |       0 |    0 |    109 |      0 |      0 |    0 |          0 |
|         u_line_flush_diag_cdc                        |                                  xpm_cdc_array_single__parameterized15__54 |          0 |          0 |       0 |    0 |     96 |      0 |      0 |    0 |          0 |
|         u_ov7670_ctrl                                |                                                        ov7670_ztachip_ctrl |        218 |        218 |       0 |    0 |    399 |      0 |      1 |    0 |          0 |
|         u_pclk_diag_cdc                              |                                  xpm_cdc_array_single__parameterized11__32 |          0 |          0 |       0 |    0 |    668 |      0 |      0 |    0 |          0 |
|         u_pclk_extended_diag_cdc                     |                                  xpm_cdc_array_single__parameterized17__30 |          0 |          0 |       0 |    0 |    512 |      0 |      0 |    0 |          0 |
|         u_pclk_quality_diag_cdc                      |                                      xpm_cdc_array_single__parameterized16 |          0 |          0 |       0 |    0 |    320 |      0 |      0 |    0 |          0 |
|         u_pclk_recovery                              |                                                          dvp_pclk_recovery |       1048 |       1037 |       0 |   11 |   1291 |      0 |      0 |    0 |          0 |
|         u_pclk_snapshot_ack_cdc                      |                                             xpm_cdc_single__parameterized0 |          0 |          0 |       0 |    0 |      4 |      0 |      0 |    0 |          0 |
|         u_pclk_snapshot_cdc_high                     |                                      xpm_cdc_array_single__parameterized17 |          0 |          0 |       0 |    0 |    512 |      0 |      0 |    0 |          0 |
|         u_pclk_snapshot_cdc_low                      |                                      xpm_cdc_array_single__parameterized18 |          0 |          0 |       0 |    0 |   2048 |      0 |      0 |    0 |          0 |
|         u_rejected_vsync_diag_cdc                    |                                  xpm_cdc_array_single__parameterized15__53 |          0 |          0 |       0 |    0 |     96 |      0 |      0 |    0 |          0 |
|         u_stream_diag_cdc                            |                                      xpm_cdc_array_single__parameterized11 |          0 |          0 |       0 |    0 |    768 |      0 |      0 |    0 |          0 |
|         u_timeout_abort_diag_cdc                     |                                  xpm_cdc_array_single__parameterized15__55 |          0 |          0 |       0 |    0 |     96 |      0 |      0 |    0 |          0 |
|         u_vsync_diag_cdc                             |                                      xpm_cdc_array_single__parameterized13 |          0 |          0 |       0 |    0 |    384 |      0 |      0 |    0 |          0 |
|       g_camera_frontend[7].u_camera_cdc              |                                                            camera_axis_cdc |        259 |        259 |       0 |    0 |    428 |     22 |      1 |    0 |          0 |
|         (g_camera_frontend[7].u_camera_cdc)          |                                                            camera_axis_cdc |        109 |        109 |       0 |    0 |    305 |      0 |      0 |    0 |          0 |
|         u_fifo                                       |                                           xpm_fifo_sync__parameterized2__8 |        150 |        150 |       0 |    0 |    123 |     22 |      1 |    0 |          0 |
|           xpm_fifo_base_inst                         |                                           xpm_fifo_base__parameterized8__8 |        150 |        150 |       0 |    0 |    123 |     22 |      1 |    0 |          0 |
|       g_camera_frontend[7].u_camera_stream           |                                      camera_axis_to_stream__parameterized6 |        118 |        118 |       0 |    0 |    452 |      0 |      0 |    0 |          0 |
|       g_camera_frontend[7].u_event_bridge            |                                                           dvp_event_bridge |        138 |        138 |       0 |    0 |    201 |      0 |      1 |    0 |          0 |
|         (g_camera_frontend[7].u_event_bridge)        |                                                           dvp_event_bridge |         31 |         31 |       0 |    0 |     48 |      0 |      0 |    0 |          0 |
|         u_event_fifo                                 |                                             xpm_fifo_async__parameterized4 |        107 |        107 |       0 |    0 |    153 |      0 |      1 |    0 |          0 |
|           gnuram_async_fifo.xpm_fifo_base_inst       |                                              xpm_fifo_base__parameterized7 |        107 |        107 |       0 |    0 |    153 |      0 |      1 |    0 |          0 |
|       g_camera_frontend[7].u_event_overflow_diag_cdc |                                  xpm_cdc_array_single__parameterized15__56 |          0 |          0 |       0 |    0 |     96 |      0 |      0 |    0 |          0 |
|       g_camera_frontend[7].u_pixel_assembler         |                                                 camera_pixel_assembler_466 |          6 |          6 |       0 |    0 |     32 |      0 |      0 |    0 |          0 |
|       u_camera_clocking                              |                                                            camera_clocking |          0 |          0 |       0 |    0 |      0 |      0 |      0 |    0 |          0 |
|         u_ov7670_clk_wiz                             |                                                             clk_wiz_ov7670 |          0 |          0 |       0 |    0 |      0 |      0 |      0 |    0 |          0 |
|           inst                                       |                                                     clk_wiz_ov7670_clk_wiz |          0 |          0 |       0 |    0 |      0 |      0 |      0 |    0 |          0 |
|       u_camera_init_scheduler                        |                                                      ov7670_init_scheduler |         15 |         15 |       0 |    0 |     12 |      0 |      0 |    0 |          0 |
|     u_hdmi                                           |                                                             hdmi_subsystem |      19050 |      17312 |    1428 |  310 |  27296 |      8 |      2 |    0 |          0 |
|       u_control                                      |                                                    video_control_subsystem |       1121 |       1103 |       0 |   18 |    861 |      0 |      0 |    0 |          0 |
|         (u_control)                                  |                                                    video_control_subsystem |          0 |          0 |       0 |    0 |      0 |      0 |      0 |    0 |          0 |
|         u_gpio                                       |                                                                 axi_gpio_0 |        116 |        116 |       0 |    0 |    239 |      0 |      0 |    0 |          0 |
|           U0                                         |                                                         axi_gpio_0axi_gpio |        116 |        116 |       0 |    0 |    239 |      0 |      0 |    0 |          0 |
|         u_iic                                        |                                                                  axi_iic_0 |        378 |        360 |       0 |   18 |    352 |      0 |      0 |    0 |          0 |
|           (u_iic)                                    |                                                                  axi_iic_0 |          0 |          0 |       0 |    0 |      0 |      0 |      0 |    0 |          0 |
|           U0                                         |                                                           axi_iic_0axi_iic |        378 |        360 |       0 |   18 |    352 |      0 |      0 |    0 |          0 |
|         u_mmio_fabric                                |                                                          video_mmio_fabric |        186 |        186 |       0 |    0 |    130 |      0 |      0 |    0 |          0 |
|         u_peripheral_fabric                          |                                                    video_peripheral_fabric |        442 |        442 |       0 |    0 |    140 |      0 |      0 |    0 |          0 |
|       u_phy                                          |                                                         hdmi_phy_subsystem |       3314 |       3314 |       0 |    0 |   7425 |      0 |      0 |    0 |          0 |
|         (u_phy)                                      |                                                         hdmi_phy_subsystem |          0 |          0 |       0 |    0 |      0 |      0 |      0 |    0 |          0 |
|         u_tx_refclk_bufg                             |                                                             tx_refclk_bufg |          0 |          0 |       0 |    0 |      0 |      0 |      0 |    0 |          0 |
|           (u_tx_refclk_bufg)                         |                                                             tx_refclk_bufg |          0 |          0 |       0 |    0 |      0 |      0 |      0 |    0 |          0 |
|           U0                                         |                                                  tx_refclk_bufgutil_ds_buf |          0 |          0 |       0 |    0 |      0 |      0 |      0 |    0 |          0 |
|         u_tx_refclk_ibuf                             |                                                             tx_refclk_ibuf |          0 |          0 |       0 |    0 |      0 |      0 |      0 |    0 |          0 |
|           U0                                         |                                                  tx_refclk_ibufutil_ds_buf |          0 |          0 |       0 |    0 |      0 |      0 |      0 |    0 |          0 |
|         u_vphy                                       |                                                       vid_phy_controller_0 |       3314 |       3314 |       0 |    0 |   7425 |      0 |      0 |    0 |          0 |
|           (u_vphy)                                   |                                                       vid_phy_controller_0 |          0 |          0 |       0 |    0 |      0 |      0 |      0 |    0 |          0 |
|           inst                                       |                                                   vid_phy_controller_0_top |       3314 |       3314 |       0 |    0 |   7425 |      0 |      0 |    0 |          0 |
|       u_rx                                           |                                                          hdmi_rx_subsystem |       8687 |       7931 |     660 |   96 |  10043 |      6 |      1 |    0 |          0 |
|         (u_rx)                                       |                                                          hdmi_rx_subsystem |          0 |          0 |       0 |    0 |      0 |      0 |      0 |    0 |          0 |
|         u_hdmi_rx                                    |                                                             v_hdmi_rx_ss_0 |       8475 |       7719 |     660 |   96 |   8617 |      6 |      1 |    0 |          0 |
|           inst                                       |                                                     v_hdmi_rx_ss_0_bd_2422 |       8475 |       7719 |     660 |   96 |   8617 |      6 |      1 |    0 |          0 |
|         u_rx_axis_reg_slice                          |                                                          rx_axis_reg_slice |         31 |         31 |       0 |    0 |    105 |      0 |      0 |    0 |          0 |
|           inst                                       |           rx_axis_reg_sliceaxis_register_slice_v1_1_29_axis_register_slice |         31 |         31 |       0 |    0 |    105 |      0 |      0 |    0 |          0 |
|         u_spatial_demux                              |                                                      hdmi_4k_spatial_demux |        182 |        182 |       0 |    0 |   1321 |      0 |      0 |    0 |          0 |
|       u_tx                                           |                                                          hdmi_tx_subsystem |       5928 |       4964 |     768 |  196 |   8967 |      2 |      1 |    0 |          0 |
|         (u_tx)                                       |                                                          hdmi_tx_subsystem |          0 |          0 |       0 |    0 |      0 |      0 |      0 |    0 |          0 |
|         u_hdmi_tx                                    |                                                             v_hdmi_tx_ss_0 |       5898 |       4934 |     768 |  196 |   8862 |      2 |      1 |    0 |          0 |
|           inst                                       |                                                     v_hdmi_tx_ss_0_bd_2444 |       5898 |       4934 |     768 |  196 |   8862 |      2 |      1 |    0 |          0 |
|         u_tx_axis_reg_slice                          |                                                          tx_axis_reg_slice |         30 |         30 |       0 |    0 |    105 |      0 |      0 |    0 |          0 |
|           inst                                       |           tx_axis_reg_sliceaxis_register_slice_v1_1_29_axis_register_slice |         30 |         30 |       0 |    0 |    105 |      0 |      0 |    0 |          0 |
|   u_control_soc                                      |                                                      control_soc_subsystem |      18165 |      15201 |    2958 |    6 |   7865 |      0 |     44 |    0 |         10 |
|     (u_control_soc)                                  |                                                      control_soc_subsystem |         15 |         15 |       0 |    0 |      2 |      0 |      0 |    0 |          0 |
|     u_rocket                                         |                                                     MyBoardFPGATestHarness |      17616 |      14652 |    2958 |    6 |   7583 |      0 |     42 |    0 |         10 |
|       chiptop0                                       |                                                                    ChipTop |      17616 |      14652 |    2958 |    6 |   7583 |      0 |     42 |    0 |         10 |
|         debug_reset_syncd_debug_reset_sync           |                                    AsyncResetSynchronizerShiftReg_w1_d3_i0 |          1 |          1 |       0 |    0 |      3 |      0 |      0 |    0 |          0 |
|           output_chain                               |                          AsyncResetSynchronizerPrimitiveShiftReg_d3_i0_459 |          1 |          1 |       0 |    0 |      3 |      0 |      0 |    0 |          0 |
|         inst_jtag_tunnel                             |                                                                 JTAGTUNNEL |         27 |         27 |       0 |    0 |     24 |      0 |      0 |    0 |          0 |
|         system                                       |                                                                 DigitalTop |      17587 |      14623 |    2958 |    6 |   7553 |      0 |     42 |    0 |         10 |
|           (system)                                   |                                                                 DigitalTop |        264 |          8 |     256 |    0 |     10 |      0 |      0 |    0 |          0 |
|           bank                                       |                                                             ScratchpadBank |        554 |        206 |     348 |    0 |    302 |      0 |     32 |    0 |          0 |
|           cbus                                       |                                                          PeripheryBus_cbus |       2744 |       2472 |     272 |    0 |    441 |      0 |      0 |    0 |          0 |
|           chipyard_prcictrl_domain                   |                                            ChipyardPRCICtrlClockSinkDomain |         83 |         83 |       0 |    0 |     59 |      0 |      0 |    0 |          0 |
|           clint_domain                               |                                                       CLINTClockSinkDomain |         35 |         35 |       0 |    0 |    131 |      0 |      0 |    0 |          0 |
|           coh_wrapper                                |                                                    CoherenceManagerWrapper |       1969 |       1297 |     672 |    0 |    281 |      0 |      0 |    0 |          0 |
|           dtm                                        |                                                   DebugTransportModuleJTAG |        108 |        108 |       0 |    0 |    168 |      0 |      0 |    0 |          0 |
|           fbus_buffer                                |                                                     TLBuffer_a33d64s1k2z4u |        180 |         60 |     120 |    0 |      6 |      0 |      0 |    0 |          0 |
|           fbus_coupler_from_debug_sb                 |                                   TLInterconnectCoupler_fbus_from_debug_sb |         66 |         66 |       0 |    0 |    133 |      0 |      0 |    0 |          0 |
|           ibus_intsink                               |                                              IntSyncAsyncCrossingSink_n1x8 |         10 |          5 |       0 |    5 |      5 |      0 |      0 |    0 |          0 |
|           ibus_intsource                             |                                                 IntSyncCrossingSource_n1x8 |          0 |          0 |       0 |    0 |      5 |      0 |      0 |    0 |          0 |
|           mbus                                       |                                                                  MemoryBus |       1033 |        685 |     348 |    0 |    492 |      0 |      0 |    0 |          0 |
|           pbus                                       |                                                          PeripheryBus_pbus |        837 |        607 |     230 |    0 |    330 |      0 |      0 |    0 |          0 |
|           plic_domain                                |                                                        PLICClockSinkDomain |        134 |        134 |       0 |    0 |    113 |      0 |      0 |    0 |          0 |
|           sbus                                       |                                                                  SystemBus |       1880 |       1536 |     344 |    0 |    964 |      0 |      0 |    0 |          0 |
|           tile_prci_domain                           |                                                             TilePRCIDomain |       6407 |       6066 |     340 |    1 |   2755 |      0 |     10 |    0 |         10 |
|           tlDM                                       |                                                              TLDebugModule |       1163 |       1155 |       8 |    0 |   1230 |      0 |      0 |    0 |          0 |
|           uartClockDomainWrapper                     |                                                      TLUARTClockSinkDomain |        130 |        110 |      20 |    0 |    128 |      0 |      0 |    0 |          0 |
|         system_debug_systemjtag_reset_catcher        |                                                       ResetCatchAndSync_d3 |          1 |          1 |       0 |    0 |      3 |      0 |      0 |    0 |          0 |
|           io_sync_reset_chain                        |                                AsyncResetSynchronizerShiftReg_w1_d3_i0_296 |          1 |          1 |       0 |    0 |      3 |      0 |      0 |    0 |          0 |
|     u_si5338top                                      |                                                                  si5338top |        534 |        534 |       0 |    0 |    280 |      0 |      2 |    0 |          0 |
|       si5338_inst1                                   |                                                                     si5338 |        267 |        267 |       0 |    0 |    140 |      0 |      1 |    0 |          0 |
|         (si5338_inst1)                               |                                                                     si5338 |         25 |         25 |       0 |    0 |     89 |      0 |      1 |    0 |          0 |
|         i2c_master_inst                              |                                                             i2c_master_295 |        243 |        243 |       0 |    0 |     51 |      0 |      0 |    0 |          0 |
|       si5338_inst2                                   |                                                     si5338__parameterized0 |        267 |        267 |       0 |    0 |    140 |      0 |      1 |    0 |          0 |
|         (si5338_inst2)                               |                                                     si5338__parameterized0 |         25 |         25 |       0 |    0 |     89 |      0 |      1 |    0 |          0 |
|         i2c_master_inst                              |                                                                 i2c_master |        243 |        243 |       0 |    0 |     51 |      0 |      0 |    0 |          0 |
|   u_ddr_memory                                       |                                                       ddr_memory_subsystem |      52998 |      46263 |    5902 |  833 |  89188 |    221 |     11 |    0 |          8 |
|     (u_ddr_memory)                                   |                                                       ddr_memory_subsystem |          6 |          6 |       0 |    0 |      8 |      0 |      0 |    0 |          0 |
|     g_capture_merge[0].u_hdmi_stream_cdc             |                                                video_stream_cdc__xdcDup__1 |        130 |        130 |       0 |    0 |    161 |      2 |      1 |    0 |          0 |
|       (g_capture_merge[0].u_hdmi_stream_cdc)         |                                                video_stream_cdc__xdcDup__1 |         21 |         21 |       0 |    0 |      8 |      0 |      0 |    0 |          0 |
|       u_stream_fifo                                  |                                                  xpm_fifo_async__xdcDup__1 |        109 |        109 |       0 |    0 |    153 |      2 |      1 |    0 |          0 |
|         gnuram_async_fifo.xpm_fifo_base_inst         |                                                   xpm_fifo_base__xdcDup__1 |        109 |        109 |       0 |    0 |    153 |      2 |      1 |    0 |          0 |
|           (gnuram_async_fifo.xpm_fifo_base_inst)     |                                                   xpm_fifo_base__xdcDup__1 |          3 |          3 |       0 |    0 |      5 |      0 |      0 |    0 |          0 |
|           gen_cdc_pntr.rd_pntr_cdc_inst              |                                                           xpm_cdc_gray__47 |         13 |         13 |       0 |    0 |     30 |      0 |      0 |    0 |          0 |
|           gen_cdc_pntr.rpw_gray_reg                  |                                                       xpm_fifo_reg_vec_284 |          8 |          8 |       0 |    0 |     10 |      0 |      0 |    0 |          0 |
|           gen_cdc_pntr.wpr_gray_reg                  |                                                       xpm_fifo_reg_vec_286 |          4 |          4 |       0 |    0 |     10 |      0 |      0 |    0 |          0 |
|           gen_cdc_pntr.wr_pntr_cdc_inst              |                                                           xpm_cdc_gray__46 |         14 |         14 |       0 |    0 |     30 |      0 |      0 |    0 |          0 |
|           gen_sdpram.xpm_memory_base_inst            |                                                            xpm_memory_base |          1 |          1 |       0 |    0 |      0 |      2 |      1 |    0 |          0 |
|           rdp_inst                                   |                                       xpm_counter_updn__parameterized0_289 |         14 |         14 |       0 |    0 |     10 |      0 |      0 |    0 |          0 |
|           rdpp1_inst                                 |                                       xpm_counter_updn__parameterized1_290 |          9 |          9 |       0 |    0 |     10 |      0 |      0 |    0 |          0 |
|           rst_d1_inst                                |                                                       xpm_fifo_reg_bit_291 |          0 |          0 |       0 |    0 |      1 |      0 |      0 |    0 |          0 |
|           wrp_inst                                   |                                       xpm_counter_updn__parameterized0_292 |          9 |          9 |       0 |    0 |     10 |      0 |      0 |    0 |          0 |
|           wrpp1_inst                                 |                                       xpm_counter_updn__parameterized1_293 |          9 |          9 |       0 |    0 |     10 |      0 |      0 |    0 |          0 |
|           wrpp2_inst                                 |                                       xpm_counter_updn__parameterized2_294 |          9 |          9 |       0 |    0 |     10 |      0 |      0 |    0 |          0 |
|           xpm_fifo_rst_inst                          |                                                    xpm_fifo_rst__xdcDup__1 |         16 |         16 |       0 |    0 |     17 |      0 |      0 |    0 |          0 |
|     g_capture_merge[1].u_hdmi_stream_cdc             |                                                video_stream_cdc__xdcDup__2 |        131 |        131 |       0 |    0 |    161 |      2 |      1 |    0 |          0 |
|       (g_capture_merge[1].u_hdmi_stream_cdc)         |                                                video_stream_cdc__xdcDup__2 |         21 |         21 |       0 |    0 |      8 |      0 |      0 |    0 |          0 |
|       u_stream_fifo                                  |                                                  xpm_fifo_async__xdcDup__2 |        110 |        110 |       0 |    0 |    153 |      2 |      1 |    0 |          0 |
|         gnuram_async_fifo.xpm_fifo_base_inst         |                                                   xpm_fifo_base__xdcDup__2 |        110 |        110 |       0 |    0 |    153 |      2 |      1 |    0 |          0 |
|           (gnuram_async_fifo.xpm_fifo_base_inst)     |                                                   xpm_fifo_base__xdcDup__2 |          3 |          3 |       0 |    0 |      5 |      0 |      0 |    0 |          0 |
|           gen_cdc_pntr.rd_pntr_cdc_inst              |                                                           xpm_cdc_gray__45 |         14 |         14 |       0 |    0 |     30 |      0 |      0 |    0 |          0 |
|           gen_cdc_pntr.rpw_gray_reg                  |                                                       xpm_fifo_reg_vec_273 |          8 |          8 |       0 |    0 |     10 |      0 |      0 |    0 |          0 |
|           gen_cdc_pntr.wpr_gray_reg                  |                                                       xpm_fifo_reg_vec_275 |          4 |          4 |       0 |    0 |     10 |      0 |      0 |    0 |          0 |
|           gen_cdc_pntr.wr_pntr_cdc_inst              |                                                           xpm_cdc_gray__44 |         14 |         14 |       0 |    0 |     30 |      0 |      0 |    0 |          0 |
|           gen_sdpram.xpm_memory_base_inst            |                                                        xpm_memory_base__14 |          1 |          1 |       0 |    0 |      0 |      2 |      1 |    0 |          0 |
|           rdp_inst                                   |                                       xpm_counter_updn__parameterized0_278 |         14 |         14 |       0 |    0 |     10 |      0 |      0 |    0 |          0 |
|           rdpp1_inst                                 |                                       xpm_counter_updn__parameterized1_279 |          9 |          9 |       0 |    0 |     10 |      0 |      0 |    0 |          0 |
|           rst_d1_inst                                |                                                       xpm_fifo_reg_bit_280 |          0 |          0 |       0 |    0 |      1 |      0 |      0 |    0 |          0 |
|           wrp_inst                                   |                                       xpm_counter_updn__parameterized0_281 |          9 |          9 |       0 |    0 |     10 |      0 |      0 |    0 |          0 |
|           wrpp1_inst                                 |                                       xpm_counter_updn__parameterized1_282 |          9 |          9 |       0 |    0 |     10 |      0 |      0 |    0 |          0 |
|           wrpp2_inst                                 |                                       xpm_counter_updn__parameterized2_283 |          9 |          9 |       0 |    0 |     10 |      0 |      0 |    0 |          0 |
|           xpm_fifo_rst_inst                          |                                                    xpm_fifo_rst__xdcDup__2 |         16 |         16 |       0 |    0 |     17 |      0 |      0 |    0 |          0 |
|     g_capture_merge[2].u_hdmi_stream_cdc             |                                                video_stream_cdc__xdcDup__3 |        132 |        132 |       0 |    0 |    161 |      2 |      1 |    0 |          0 |
|       (g_capture_merge[2].u_hdmi_stream_cdc)         |                                                video_stream_cdc__xdcDup__3 |         21 |         21 |       0 |    0 |      8 |      0 |      0 |    0 |          0 |
|       u_stream_fifo                                  |                                                  xpm_fifo_async__xdcDup__3 |        111 |        111 |       0 |    0 |    153 |      2 |      1 |    0 |          0 |
|         gnuram_async_fifo.xpm_fifo_base_inst         |                                                   xpm_fifo_base__xdcDup__3 |        111 |        111 |       0 |    0 |    153 |      2 |      1 |    0 |          0 |
|           (gnuram_async_fifo.xpm_fifo_base_inst)     |                                                   xpm_fifo_base__xdcDup__3 |          3 |          3 |       0 |    0 |      5 |      0 |      0 |    0 |          0 |
|           gen_cdc_pntr.rd_pntr_cdc_inst              |                                                           xpm_cdc_gray__43 |         14 |         14 |       0 |    0 |     30 |      0 |      0 |    0 |          0 |
|           gen_cdc_pntr.rpw_gray_reg                  |                                                       xpm_fifo_reg_vec_262 |          8 |          8 |       0 |    0 |     10 |      0 |      0 |    0 |          0 |
|           gen_cdc_pntr.wpr_gray_reg                  |                                                       xpm_fifo_reg_vec_264 |          4 |          4 |       0 |    0 |     10 |      0 |      0 |    0 |          0 |
|           gen_cdc_pntr.wr_pntr_cdc_inst              |                                                           xpm_cdc_gray__42 |         14 |         14 |       0 |    0 |     30 |      0 |      0 |    0 |          0 |
|           gen_sdpram.xpm_memory_base_inst            |                                                        xpm_memory_base__13 |          1 |          1 |       0 |    0 |      0 |      2 |      1 |    0 |          0 |
|           rdp_inst                                   |                                       xpm_counter_updn__parameterized0_267 |         14 |         14 |       0 |    0 |     10 |      0 |      0 |    0 |          0 |
|           rdpp1_inst                                 |                                       xpm_counter_updn__parameterized1_268 |         10 |         10 |       0 |    0 |     10 |      0 |      0 |    0 |          0 |
|           rst_d1_inst                                |                                                       xpm_fifo_reg_bit_269 |          0 |          0 |       0 |    0 |      1 |      0 |      0 |    0 |          0 |
|           wrp_inst                                   |                                       xpm_counter_updn__parameterized0_270 |          9 |          9 |       0 |    0 |     10 |      0 |      0 |    0 |          0 |
|           wrpp1_inst                                 |                                       xpm_counter_updn__parameterized1_271 |          9 |          9 |       0 |    0 |     10 |      0 |      0 |    0 |          0 |
|           wrpp2_inst                                 |                                       xpm_counter_updn__parameterized2_272 |          9 |          9 |       0 |    0 |     10 |      0 |      0 |    0 |          0 |
|           xpm_fifo_rst_inst                          |                                                    xpm_fifo_rst__xdcDup__3 |         16 |         16 |       0 |    0 |     17 |      0 |      0 |    0 |          0 |
|     g_capture_merge[3].u_hdmi_stream_cdc             |                                                video_stream_cdc__xdcDup__4 |        132 |        132 |       0 |    0 |    161 |      2 |      1 |    0 |          0 |
|       (g_capture_merge[3].u_hdmi_stream_cdc)         |                                                video_stream_cdc__xdcDup__4 |         21 |         21 |       0 |    0 |      8 |      0 |      0 |    0 |          0 |
|       u_stream_fifo                                  |                                                  xpm_fifo_async__xdcDup__4 |        111 |        111 |       0 |    0 |    153 |      2 |      1 |    0 |          0 |
|         gnuram_async_fifo.xpm_fifo_base_inst         |                                                   xpm_fifo_base__xdcDup__4 |        111 |        111 |       0 |    0 |    153 |      2 |      1 |    0 |          0 |
|           (gnuram_async_fifo.xpm_fifo_base_inst)     |                                                   xpm_fifo_base__xdcDup__4 |          3 |          3 |       0 |    0 |      5 |      0 |      0 |    0 |          0 |
|           gen_cdc_pntr.rd_pntr_cdc_inst              |                                                           xpm_cdc_gray__41 |         14 |         14 |       0 |    0 |     30 |      0 |      0 |    0 |          0 |
|           gen_cdc_pntr.rpw_gray_reg                  |                                                       xpm_fifo_reg_vec_251 |          8 |          8 |       0 |    0 |     10 |      0 |      0 |    0 |          0 |
|           gen_cdc_pntr.wpr_gray_reg                  |                                                       xpm_fifo_reg_vec_253 |          4 |          4 |       0 |    0 |     10 |      0 |      0 |    0 |          0 |
|           gen_cdc_pntr.wr_pntr_cdc_inst              |                                                           xpm_cdc_gray__40 |         14 |         14 |       0 |    0 |     30 |      0 |      0 |    0 |          0 |
|           gen_sdpram.xpm_memory_base_inst            |                                                        xpm_memory_base__12 |          1 |          1 |       0 |    0 |      0 |      2 |      1 |    0 |          0 |
|           rdp_inst                                   |                                       xpm_counter_updn__parameterized0_256 |         14 |         14 |       0 |    0 |     10 |      0 |      0 |    0 |          0 |
|           rdpp1_inst                                 |                                       xpm_counter_updn__parameterized1_257 |         10 |         10 |       0 |    0 |     10 |      0 |      0 |    0 |          0 |
|           rst_d1_inst                                |                                                       xpm_fifo_reg_bit_258 |          0 |          0 |       0 |    0 |      1 |      0 |      0 |    0 |          0 |
|           wrp_inst                                   |                                       xpm_counter_updn__parameterized0_259 |          9 |          9 |       0 |    0 |     10 |      0 |      0 |    0 |          0 |
|           wrpp1_inst                                 |                                       xpm_counter_updn__parameterized1_260 |          9 |          9 |       0 |    0 |     10 |      0 |      0 |    0 |          0 |
|           wrpp2_inst                                 |                                       xpm_counter_updn__parameterized2_261 |          9 |          9 |       0 |    0 |     10 |      0 |      0 |    0 |          0 |
|           xpm_fifo_rst_inst                          |                                                    xpm_fifo_rst__xdcDup__4 |         16 |         16 |       0 |    0 |     17 |      0 |      0 |    0 |          0 |
|     g_capture_merge[4].u_hdmi_stream_cdc             |                                                video_stream_cdc__xdcDup__5 |        133 |        133 |       0 |    0 |    161 |      2 |      1 |    0 |          0 |
|       (g_capture_merge[4].u_hdmi_stream_cdc)         |                                                video_stream_cdc__xdcDup__5 |         22 |         22 |       0 |    0 |      8 |      0 |      0 |    0 |          0 |
|       u_stream_fifo                                  |                                                  xpm_fifo_async__xdcDup__5 |        111 |        111 |       0 |    0 |    153 |      2 |      1 |    0 |          0 |
|         gnuram_async_fifo.xpm_fifo_base_inst         |                                                   xpm_fifo_base__xdcDup__5 |        111 |        111 |       0 |    0 |    153 |      2 |      1 |    0 |          0 |
|           (gnuram_async_fifo.xpm_fifo_base_inst)     |                                                   xpm_fifo_base__xdcDup__5 |          3 |          3 |       0 |    0 |      5 |      0 |      0 |    0 |          0 |
|           gen_cdc_pntr.rd_pntr_cdc_inst              |                                                           xpm_cdc_gray__39 |         14 |         14 |       0 |    0 |     30 |      0 |      0 |    0 |          0 |
|           gen_cdc_pntr.rpw_gray_reg                  |                                                       xpm_fifo_reg_vec_240 |          8 |          8 |       0 |    0 |     10 |      0 |      0 |    0 |          0 |
|           gen_cdc_pntr.wpr_gray_reg                  |                                                       xpm_fifo_reg_vec_242 |          4 |          4 |       0 |    0 |     10 |      0 |      0 |    0 |          0 |
|           gen_cdc_pntr.wr_pntr_cdc_inst              |                                                           xpm_cdc_gray__38 |         15 |         15 |       0 |    0 |     30 |      0 |      0 |    0 |          0 |
|           gen_sdpram.xpm_memory_base_inst            |                                                        xpm_memory_base__11 |          1 |          1 |       0 |    0 |      0 |      2 |      1 |    0 |          0 |
|           rdp_inst                                   |                                       xpm_counter_updn__parameterized0_245 |         14 |         14 |       0 |    0 |     10 |      0 |      0 |    0 |          0 |
|           rdpp1_inst                                 |                                       xpm_counter_updn__parameterized1_246 |          9 |          9 |       0 |    0 |     10 |      0 |      0 |    0 |          0 |
|           rst_d1_inst                                |                                                       xpm_fifo_reg_bit_247 |          0 |          0 |       0 |    0 |      1 |      0 |      0 |    0 |          0 |
|           wrp_inst                                   |                                       xpm_counter_updn__parameterized0_248 |          9 |          9 |       0 |    0 |     10 |      0 |      0 |    0 |          0 |
|           wrpp1_inst                                 |                                       xpm_counter_updn__parameterized1_249 |          9 |          9 |       0 |    0 |     10 |      0 |      0 |    0 |          0 |
|           wrpp2_inst                                 |                                       xpm_counter_updn__parameterized2_250 |          9 |          9 |       0 |    0 |     10 |      0 |      0 |    0 |          0 |
|           xpm_fifo_rst_inst                          |                                                    xpm_fifo_rst__xdcDup__5 |         16 |         16 |       0 |    0 |     17 |      0 |      0 |    0 |          0 |
|     g_capture_merge[5].u_hdmi_stream_cdc             |                                                video_stream_cdc__xdcDup__6 |        130 |        130 |       0 |    0 |    161 |      2 |      1 |    0 |          0 |
|       (g_capture_merge[5].u_hdmi_stream_cdc)         |                                                video_stream_cdc__xdcDup__6 |         21 |         21 |       0 |    0 |      8 |      0 |      0 |    0 |          0 |
|       u_stream_fifo                                  |                                                  xpm_fifo_async__xdcDup__6 |        109 |        109 |       0 |    0 |    153 |      2 |      1 |    0 |          0 |
|         gnuram_async_fifo.xpm_fifo_base_inst         |                                                   xpm_fifo_base__xdcDup__6 |        109 |        109 |       0 |    0 |    153 |      2 |      1 |    0 |          0 |
|           (gnuram_async_fifo.xpm_fifo_base_inst)     |                                                   xpm_fifo_base__xdcDup__6 |          3 |          3 |       0 |    0 |      5 |      0 |      0 |    0 |          0 |
|           gen_cdc_pntr.rd_pntr_cdc_inst              |                                                           xpm_cdc_gray__37 |         13 |         13 |       0 |    0 |     30 |      0 |      0 |    0 |          0 |
|           gen_cdc_pntr.rpw_gray_reg                  |                                                       xpm_fifo_reg_vec_229 |          8 |          8 |       0 |    0 |     10 |      0 |      0 |    0 |          0 |
|           gen_cdc_pntr.wpr_gray_reg                  |                                                       xpm_fifo_reg_vec_231 |          4 |          4 |       0 |    0 |     10 |      0 |      0 |    0 |          0 |
|           gen_cdc_pntr.wr_pntr_cdc_inst              |                                                           xpm_cdc_gray__36 |         14 |         14 |       0 |    0 |     30 |      0 |      0 |    0 |          0 |
|           gen_sdpram.xpm_memory_base_inst            |                                                        xpm_memory_base__10 |          1 |          1 |       0 |    0 |      0 |      2 |      1 |    0 |          0 |
|           rdp_inst                                   |                                       xpm_counter_updn__parameterized0_234 |         14 |         14 |       0 |    0 |     10 |      0 |      0 |    0 |          0 |
|           rdpp1_inst                                 |                                       xpm_counter_updn__parameterized1_235 |          9 |          9 |       0 |    0 |     10 |      0 |      0 |    0 |          0 |
|           rst_d1_inst                                |                                                       xpm_fifo_reg_bit_236 |          0 |          0 |       0 |    0 |      1 |      0 |      0 |    0 |          0 |
|           wrp_inst                                   |                                       xpm_counter_updn__parameterized0_237 |          9 |          9 |       0 |    0 |     10 |      0 |      0 |    0 |          0 |
|           wrpp1_inst                                 |                                       xpm_counter_updn__parameterized1_238 |          9 |          9 |       0 |    0 |     10 |      0 |      0 |    0 |          0 |
|           wrpp2_inst                                 |                                       xpm_counter_updn__parameterized2_239 |          9 |          9 |       0 |    0 |     10 |      0 |      0 |    0 |          0 |
|           xpm_fifo_rst_inst                          |                                                    xpm_fifo_rst__xdcDup__6 |         16 |         16 |       0 |    0 |     17 |      0 |      0 |    0 |          0 |
|     g_capture_merge[6].u_hdmi_stream_cdc             |                                                video_stream_cdc__xdcDup__7 |        130 |        130 |       0 |    0 |    161 |      2 |      1 |    0 |          0 |
|       (g_capture_merge[6].u_hdmi_stream_cdc)         |                                                video_stream_cdc__xdcDup__7 |         20 |         20 |       0 |    0 |      8 |      0 |      0 |    0 |          0 |
|       u_stream_fifo                                  |                                                  xpm_fifo_async__xdcDup__7 |        110 |        110 |       0 |    0 |    153 |      2 |      1 |    0 |          0 |
|         gnuram_async_fifo.xpm_fifo_base_inst         |                                                   xpm_fifo_base__xdcDup__7 |        110 |        110 |       0 |    0 |    153 |      2 |      1 |    0 |          0 |
|           (gnuram_async_fifo.xpm_fifo_base_inst)     |                                                   xpm_fifo_base__xdcDup__7 |          3 |          3 |       0 |    0 |      5 |      0 |      0 |    0 |          0 |
|           gen_cdc_pntr.rd_pntr_cdc_inst              |                                                           xpm_cdc_gray__35 |         14 |         14 |       0 |    0 |     30 |      0 |      0 |    0 |          0 |
|           gen_cdc_pntr.rpw_gray_reg                  |                                                       xpm_fifo_reg_vec_218 |          8 |          8 |       0 |    0 |     10 |      0 |      0 |    0 |          0 |
|           gen_cdc_pntr.wpr_gray_reg                  |                                                       xpm_fifo_reg_vec_220 |          4 |          4 |       0 |    0 |     10 |      0 |      0 |    0 |          0 |
|           gen_cdc_pntr.wr_pntr_cdc_inst              |                                                           xpm_cdc_gray__34 |         14 |         14 |       0 |    0 |     30 |      0 |      0 |    0 |          0 |
|           gen_sdpram.xpm_memory_base_inst            |                                                         xpm_memory_base__9 |          1 |          1 |       0 |    0 |      0 |      2 |      1 |    0 |          0 |
|           rdp_inst                                   |                                       xpm_counter_updn__parameterized0_223 |         14 |         14 |       0 |    0 |     10 |      0 |      0 |    0 |          0 |
|           rdpp1_inst                                 |                                       xpm_counter_updn__parameterized1_224 |          9 |          9 |       0 |    0 |     10 |      0 |      0 |    0 |          0 |
|           rst_d1_inst                                |                                                       xpm_fifo_reg_bit_225 |          0 |          0 |       0 |    0 |      1 |      0 |      0 |    0 |          0 |
|           wrp_inst                                   |                                       xpm_counter_updn__parameterized0_226 |          9 |          9 |       0 |    0 |     10 |      0 |      0 |    0 |          0 |
|           wrpp1_inst                                 |                                       xpm_counter_updn__parameterized1_227 |          9 |          9 |       0 |    0 |     10 |      0 |      0 |    0 |          0 |
|           wrpp2_inst                                 |                                       xpm_counter_updn__parameterized2_228 |          9 |          9 |       0 |    0 |     10 |      0 |      0 |    0 |          0 |
|           xpm_fifo_rst_inst                          |                                                    xpm_fifo_rst__xdcDup__7 |         16 |         16 |       0 |    0 |     17 |      0 |      0 |    0 |          0 |
|     g_capture_merge[7].u_hdmi_stream_cdc             |                                                           video_stream_cdc |        132 |        132 |       0 |    0 |    161 |      2 |      1 |    0 |          0 |
|       (g_capture_merge[7].u_hdmi_stream_cdc)         |                                                           video_stream_cdc |         21 |         21 |       0 |    0 |      8 |      0 |      0 |    0 |          0 |
|       u_stream_fifo                                  |                                                             xpm_fifo_async |        111 |        111 |       0 |    0 |    153 |      2 |      1 |    0 |          0 |
|         gnuram_async_fifo.xpm_fifo_base_inst         |                                                              xpm_fifo_base |        111 |        111 |       0 |    0 |    153 |      2 |      1 |    0 |          0 |
|           (gnuram_async_fifo.xpm_fifo_base_inst)     |                                                              xpm_fifo_base |          3 |          3 |       0 |    0 |      5 |      0 |      0 |    0 |          0 |
|           gen_cdc_pntr.rd_pntr_cdc_inst              |                                                           xpm_cdc_gray__33 |         14 |         14 |       0 |    0 |     30 |      0 |      0 |    0 |          0 |
|           gen_cdc_pntr.rpw_gray_reg                  |                                                       xpm_fifo_reg_vec_209 |          8 |          8 |       0 |    0 |     10 |      0 |      0 |    0 |          0 |
|           gen_cdc_pntr.wpr_gray_reg                  |                                                       xpm_fifo_reg_vec_210 |          4 |          4 |       0 |    0 |     10 |      0 |      0 |    0 |          0 |
|           gen_cdc_pntr.wr_pntr_cdc_inst              |                                                           xpm_cdc_gray__32 |         14 |         14 |       0 |    0 |     30 |      0 |      0 |    0 |          0 |
|           gen_sdpram.xpm_memory_base_inst            |                                                         xpm_memory_base__8 |          1 |          1 |       0 |    0 |      0 |      2 |      1 |    0 |          0 |
|           rdp_inst                                   |                                       xpm_counter_updn__parameterized0_213 |         14 |         14 |       0 |    0 |     10 |      0 |      0 |    0 |          0 |
|           rdpp1_inst                                 |                                       xpm_counter_updn__parameterized1_214 |         10 |         10 |       0 |    0 |     10 |      0 |      0 |    0 |          0 |
|           rst_d1_inst                                |                                                       xpm_fifo_reg_bit_215 |          0 |          0 |       0 |    0 |      1 |      0 |      0 |    0 |          0 |
|           wrp_inst                                   |                                       xpm_counter_updn__parameterized0_216 |          9 |          9 |       0 |    0 |     10 |      0 |      0 |    0 |          0 |
|           wrpp1_inst                                 |                                       xpm_counter_updn__parameterized1_217 |          9 |          9 |       0 |    0 |     10 |      0 |      0 |    0 |          0 |
|           wrpp2_inst                                 |                                           xpm_counter_updn__parameterized2 |          9 |          9 |       0 |    0 |     10 |      0 |      0 |    0 |          0 |
|           xpm_fifo_rst_inst                          |                                                    xpm_fifo_rst__xdcDup__8 |         16 |         16 |       0 |    0 |     17 |      0 |      0 |    0 |          0 |
|     u_ddr_bd                                         |                                                           design_1_wrapper |      20665 |      18314 |    1518 |  833 |  30900 |     25 |      1 |    0 |          3 |
|       (u_ddr_bd)                                     |                                                           design_1_wrapper |         52 |         52 |       0 |    0 |      0 |      0 |      0 |    0 |          0 |
|       design_1_i                                     |                                                                   design_1 |      20613 |      18262 |    1518 |  833 |  30900 |     25 |      1 |    0 |          3 |
|         axi_interconnect_0                           |                                              design_1_axi_interconnect_0_0 |       6801 |       5835 |     702 |  264 |  11921 |      0 |      0 |    0 |          0 |
|           s00_couplers                               |                                                    s00_couplers_imp_O7FAN0 |       2324 |       1544 |     702 |   78 |   4714 |      0 |      0 |    0 |          0 |
|           s01_couplers                               |                                                   s01_couplers_imp_1F69D31 |       1703 |       1611 |       0 |   92 |   2989 |      0 |      0 |    0 |          0 |
|           s02_couplers                               |                                                    s02_couplers_imp_N071UN |       1700 |       1608 |       0 |   92 |   2990 |      0 |      0 |    0 |          0 |
|           xbar                                       |                                                            design_1_xbar_0 |       1074 |       1072 |       0 |    2 |   1228 |      0 |      0 |    0 |          0 |
|         ddr4_0                                       |                                                          design_1_ddr4_0_0 |      13784 |      12400 |     816 |  568 |  17734 |     25 |      1 |    0 |          3 |
|           inst                                       |                                                     design_1_ddr4_0_0_ddr4 |      13784 |      12400 |     816 |  568 |  17734 |     25 |      1 |    0 |          3 |
|         m00_full_regslice                            |                                               design_1_m00_full_regslice_0 |         15 |         15 |       0 |    0 |   1191 |      0 |      0 |    0 |          0 |
|           inst                                       | design_1_m00_full_regslice_0_axi_register_slice_v2_1_29_axi_register_slice |         15 |         15 |       0 |    0 |   1191 |      0 |      0 |    0 |          0 |
|         proc_sys_reset_0                             |                                                design_1_proc_sys_reset_0_0 |         13 |         12 |       0 |    1 |     54 |      0 |      0 |    0 |          0 |
|           U0                                         |                                 design_1_proc_sys_reset_0_0_proc_sys_reset |         13 |         12 |       0 |    1 |     54 |      0 |      0 |    0 |          0 |
|     u_hdmi_stats_to_video                            |                                                       xpm_cdc_array_single |          0 |          0 |       0 |    0 |   1728 |      0 |      0 |    0 |          0 |
|     u_preprocess_read_ui_cdc                         |                                           axi4_ui_read_cdc__parameterized0 |        169 |        133 |      36 |    0 |    266 |      4 |      0 |    0 |          0 |
|       u_ar                                           |                                                cdc_payload_fifo__xdcDup__3 |         84 |         48 |      36 |    0 |    172 |      0 |      0 |    0 |          0 |
|         (u_ar)                                       |                                                cdc_payload_fifo__xdcDup__3 |          4 |          4 |       0 |    0 |      8 |      0 |      0 |    0 |          0 |
|         u_fifo                                       |                                  xpm_fifo_async__parameterized0__xdcDup__3 |         80 |         44 |      36 |    0 |    164 |      0 |      0 |    0 |          0 |
|           gnuram_async_fifo.xpm_fifo_base_inst       |                                   xpm_fifo_base__parameterized0__xdcDup__3 |         80 |         44 |      36 |    0 |    164 |      0 |      0 |    0 |          0 |
|       u_r                                            |                                           cdc_payload_fifo__parameterized2 |         85 |         85 |       0 |    0 |     94 |      4 |      0 |    0 |          0 |
|         (u_r)                                        |                                           cdc_payload_fifo__parameterized2 |          8 |          8 |       0 |    0 |      8 |      0 |      0 |    0 |          0 |
|         u_fifo                                       |                                             xpm_fifo_async__parameterized3 |         77 |         77 |       0 |    0 |     86 |      4 |      0 |    0 |          0 |
|           gnuram_async_fifo.xpm_fifo_base_inst       |                                              xpm_fifo_base__parameterized3 |         77 |         77 |       0 |    0 |     86 |      4 |      0 |    0 |          0 |
|     u_preprocess_write_ui_cdc                        |                                          axi4_ui_write_cdc__parameterized0 |        217 |        177 |      40 |    0 |    629 |      4 |      1 |    0 |          0 |
|       u_aw                                           |                                                           cdc_payload_fifo |         84 |         48 |      36 |    0 |    172 |      0 |      0 |    0 |          0 |
|         (u_aw)                                       |                                                           cdc_payload_fifo |          4 |          4 |       0 |    0 |      8 |      0 |      0 |    0 |          0 |
|         u_fifo                                       |                                             xpm_fifo_async__parameterized0 |         80 |         44 |      36 |    0 |    164 |      0 |      0 |    0 |          0 |
|           gnuram_async_fifo.xpm_fifo_base_inst       |                                              xpm_fifo_base__parameterized0 |         80 |         44 |      36 |    0 |    164 |      0 |      0 |    0 |          0 |
|       u_b                                            |                                           cdc_payload_fifo__parameterized1 |         53 |         49 |       4 |    0 |     76 |      0 |      0 |    0 |          0 |
|         (u_b)                                        |                                           cdc_payload_fifo__parameterized1 |          6 |          6 |       0 |    0 |      8 |      0 |      0 |    0 |          0 |
|         u_fifo                                       |                                             xpm_fifo_async__parameterized2 |         47 |         43 |       4 |    0 |     68 |      0 |      0 |    0 |          0 |
|           gnuram_async_fifo.xpm_fifo_base_inst       |                                              xpm_fifo_base__parameterized2 |         47 |         43 |       4 |    0 |     68 |      0 |      0 |    0 |          0 |
|       u_w                                            |                                           cdc_payload_fifo__parameterized0 |         80 |         80 |       0 |    0 |    381 |      4 |      1 |    0 |          0 |
|         (u_w)                                        |                                           cdc_payload_fifo__parameterized0 |          5 |          5 |       0 |    0 |      8 |      0 |      0 |    0 |          0 |
|         u_fifo                                       |                                             xpm_fifo_async__parameterized1 |         75 |         75 |       0 |    0 |    373 |      4 |      1 |    0 |          0 |
|           gnuram_async_fifo.xpm_fifo_base_inst       |                                              xpm_fifo_base__parameterized1 |         75 |         75 |       0 |    0 |    373 |      4 |      1 |    0 |          0 |
|     u_reader_ui_cdc                                  |                                                           axi4_ui_read_cdc |        171 |        135 |      36 |    0 |    266 |      4 |      0 |    0 |          0 |
|       u_ar                                           |                                                cdc_payload_fifo__xdcDup__2 |         83 |         47 |      36 |    0 |    172 |      0 |      0 |    0 |          0 |
|         (u_ar)                                       |                                                cdc_payload_fifo__xdcDup__2 |          4 |          4 |       0 |    0 |      8 |      0 |      0 |    0 |          0 |
|         u_fifo                                       |                                  xpm_fifo_async__parameterized0__xdcDup__2 |         79 |         43 |      36 |    0 |    164 |      0 |      0 |    0 |          0 |
|           gnuram_async_fifo.xpm_fifo_base_inst       |                                   xpm_fifo_base__parameterized0__xdcDup__2 |         79 |         43 |      36 |    0 |    164 |      0 |      0 |    0 |          0 |
|       u_r                                            |                                cdc_payload_fifo__parameterized2__xdcDup__1 |         88 |         88 |       0 |    0 |     94 |      4 |      0 |    0 |          0 |
|         (u_r)                                        |                                cdc_payload_fifo__parameterized2__xdcDup__1 |          8 |          8 |       0 |    0 |      8 |      0 |      0 |    0 |          0 |
|         u_fifo                                       |                                  xpm_fifo_async__parameterized3__xdcDup__1 |         80 |         80 |       0 |    0 |     86 |      4 |      0 |    0 |          0 |
|           gnuram_async_fifo.xpm_fifo_base_inst       |                                   xpm_fifo_base__parameterized3__xdcDup__1 |         80 |         80 |       0 |    0 |     86 |      4 |      0 |    0 |          0 |
|     u_video_framebuffer                              |                                           multi_channel_ddr_video_pipeline |      30511 |      26279 |    4232 |    0 |  53480 |    164 |      0 |    0 |          5 |
|       (u_video_framebuffer)                          |                                           multi_channel_ddr_video_pipeline |          4 |          4 |       0 |    0 |    207 |      0 |      0 |    0 |          0 |
|       u_ai_meta_ack_cdc                              |                                                         xpm_cdc_single__19 |          0 |          0 |       0 |    0 |      3 |      0 |      0 |    0 |          0 |
|       u_ai_meta_index_cdc                            |                                    xpm_cdc_array_single__parameterized2__9 |          0 |          0 |       0 |    0 |     12 |      0 |      0 |    0 |          0 |
|       u_ai_meta_payload_cdc                          |                                       xpm_cdc_array_single__parameterized3 |          0 |          0 |       0 |    0 |    576 |      0 |      0 |    0 |          0 |
|       u_ai_meta_req_cdc                              |                                                         xpm_cdc_single__18 |          0 |          0 |       0 |    0 |      3 |      0 |      0 |    0 |          0 |
|       u_ai_release_ack_cdc                           |                                                         xpm_cdc_single__17 |          0 |          0 |       0 |    0 |      3 |      0 |      0 |    0 |          0 |
|       u_ai_release_mask_cdc                          |                                       xpm_cdc_array_single__parameterized1 |          0 |          0 |       0 |    0 |     48 |      0 |      0 |    0 |          0 |
|       u_ai_release_req_cdc                           |                                                         xpm_cdc_single__16 |          0 |          0 |       0 |    0 |      3 |      0 |      0 |    0 |          0 |
|       u_ai_snapshot_ack_cdc                          |                                                         xpm_cdc_single__15 |          0 |          0 |       0 |    0 |      3 |      0 |      0 |    0 |          0 |
|       u_ai_snapshot_req_cdc                          |                                                         xpm_cdc_single__14 |          0 |          0 |       0 |    0 |      3 |      0 |      0 |    0 |          0 |
|       u_ai_snapshot_status_cdc                       |                                       xpm_cdc_array_single__parameterized4 |          0 |          0 |       0 |    0 |    507 |      0 |      0 |    0 |          0 |
|       u_batch_preprocess                             |                                                    batch_preprocess_engine |       1397 |       1397 |       0 |    0 |   1909 |      4 |      0 |    0 |          4 |
|         (u_batch_preprocess)                         |                                                    batch_preprocess_engine |         93 |         93 |       0 |    0 |   1105 |      0 |      0 |    0 |          2 |
|         u_frame_preprocess                           |                                                     frame_preprocess_accel |       1304 |       1304 |       0 |    0 |    804 |      4 |      0 |    0 |          2 |
|       u_control                                      |                                             multi_channel_framebuffer_ctrl |       4458 |       4458 |       0 |    0 |   1444 |      0 |      0 |    0 |          0 |
|       u_drop_count_cdc                               |                                    xpm_cdc_array_single__parameterized9__4 |          0 |          0 |       0 |    0 |   1536 |      0 |      0 |    0 |          0 |
|       u_hdmi_diag_cdc                                |                                      xpm_cdc_array_single__parameterized10 |          0 |          0 |       0 |    0 |    960 |      0 |      0 |    0 |          0 |
|       u_hdmi_enable_cdc                              |                                                         xpm_cdc_single__13 |          0 |          0 |       0 |    0 |      3 |      0 |      0 |    0 |          0 |
|       u_malformed_count_cdc                          |                                       xpm_cdc_array_single__parameterized9 |          0 |          0 |       0 |    0 |   1536 |      0 |      0 |    0 |          0 |
|       u_manager                                      |                                                multi_channel_frame_manager |      10556 |       9916 |     640 |    0 |  18370 |      0 |      0 |    0 |          0 |
|       u_overlay_commit_ack_cdc                       |                                                             xpm_cdc_single |          0 |          0 |       0 |    0 |      3 |      0 |      0 |    0 |          0 |
|       u_overlay_commit_req_cdc                       |                                                         xpm_cdc_single__24 |          0 |          0 |       0 |    0 |      3 |      0 |      0 |    0 |          0 |
|       u_overlay_payload_cdc                          |                                       xpm_cdc_array_single__parameterized7 |          0 |          0 |       0 |    0 |   1152 |      0 |      0 |    0 |          0 |
|       u_preprocess_config_cdc                        |                                       xpm_cdc_array_single__parameterized0 |          0 |          0 |       0 |    0 |    387 |      0 |      0 |    0 |          0 |
|       u_preprocess_recycle_ack_cdc                   |                                                         xpm_cdc_single__23 |          0 |          0 |       0 |    0 |      3 |      0 |      0 |    0 |          0 |
|       u_preprocess_recycle_mask_cdc                  |                                       xpm_cdc_array_single__parameterized5 |          0 |          0 |       0 |    0 |      6 |      0 |      0 |    0 |          0 |
|       u_preprocess_recycle_req_cdc                   |                                                         xpm_cdc_single__22 |          0 |          0 |       0 |    0 |      3 |      0 |      0 |    0 |          0 |
|       u_preprocess_start_ack_cdc                     |                                                         xpm_cdc_single__21 |          0 |          0 |       0 |    0 |      3 |      0 |      0 |    0 |          0 |
|       u_preprocess_start_req_cdc                     |                                                         xpm_cdc_single__20 |          0 |          0 |       0 |    0 |      3 |      0 |      0 |    0 |          0 |
|       u_preprocess_status_cdc                        |                                       xpm_cdc_array_single__parameterized6 |          0 |          0 |       0 |    0 |   1289 |      0 |      0 |    0 |          0 |
|       u_reader                                       |                                                   display_reader_subsystem |       9070 |       5534 |    3536 |    0 |  14495 |     32 |      0 |    0 |          1 |
|         (u_reader)                                   |                                                   display_reader_subsystem |          0 |          0 |       0 |    0 |      6 |      0 |      0 |    0 |          0 |
|         u_detection_overlay                          |                                                          detection_overlay |       2702 |       2702 |       0 |    0 |  12449 |      0 |      0 |    0 |          0 |
|         u_full_reader                                |                                                           ddr_frame_reader |        655 |        647 |       8 |    0 |    693 |     28 |      0 |    0 |          0 |
|           (u_full_reader)                            |                                                           ddr_frame_reader |        560 |        552 |       8 |    0 |    617 |      0 |      0 |    0 |          0 |
|           u_read_fifo                                |                                              xpm_fifo_sync__parameterized0 |         96 |         96 |       0 |    0 |     76 |     28 |      0 |    0 |          0 |
|         u_mosaic_reader                              |                                                        mosaic_frame_reader |       5716 |       2188 |    3528 |    0 |   1347 |      4 |      0 |    0 |          1 |
|           (u_mosaic_reader)                          |                                                        mosaic_frame_reader |       5648 |       2120 |    3528 |    0 |   1286 |      0 |      0 |    0 |          1 |
|           u_axi_read_fifo                            |                                              xpm_fifo_sync__parameterized1 |         68 |         68 |       0 |    0 |     61 |      4 |      0 |    0 |          0 |
|       u_status_cdc                                   |                                    xpm_cdc_array_single__parameterized8__9 |          0 |          0 |       0 |    0 |    477 |      0 |      0 |    0 |          0 |
|       u_writer                                       |                                                    multi_channel_video_dma |       5033 |       4977 |      56 |    0 |   6280 |    128 |      0 |    0 |          0 |
|         (u_writer)                                   |                                                    multi_channel_video_dma |       2277 |       2221 |      56 |    0 |   2350 |      0 |      0 |    0 |          0 |
|         g_channels[0].u_fifo                         |                                              channel_write_fifo__xdcDup__1 |         93 |         93 |       0 |    0 |    246 |      8 |      0 |    0 |          0 |
|           (g_channels[0].u_fifo)                     |                                              channel_write_fifo__xdcDup__1 |         20 |         20 |       0 |    0 |    180 |      0 |      0 |    0 |          0 |
|           u_fifo                                     |                                                          xpm_fifo_sync__28 |         73 |         73 |       0 |    0 |     66 |      8 |      0 |    0 |          0 |
|         g_channels[10].u_fifo                        |                                             channel_write_fifo__xdcDup__11 |         98 |         98 |       0 |    0 |    244 |      8 |      0 |    0 |          0 |
|           (g_channels[10].u_fifo)                    |                                             channel_write_fifo__xdcDup__11 |         25 |         25 |       0 |    0 |    180 |      0 |      0 |    0 |          0 |
|           u_fifo                                     |                                                          xpm_fifo_sync__18 |         73 |         73 |       0 |    0 |     64 |      8 |      0 |    0 |          0 |
|         g_channels[11].u_fifo                        |                                             channel_write_fifo__xdcDup__12 |        421 |        421 |       0 |    0 |    246 |      8 |      0 |    0 |          0 |
|           (g_channels[11].u_fifo)                    |                                             channel_write_fifo__xdcDup__12 |        348 |        348 |       0 |    0 |    180 |      0 |      0 |    0 |          0 |
|           u_fifo                                     |                                                          xpm_fifo_sync__17 |         73 |         73 |       0 |    0 |     66 |      8 |      0 |    0 |          0 |
|         g_channels[12].u_fifo                        |                                             channel_write_fifo__xdcDup__13 |         95 |         95 |       0 |    0 |    244 |      8 |      0 |    0 |          0 |
|           (g_channels[12].u_fifo)                    |                                             channel_write_fifo__xdcDup__13 |         22 |         22 |       0 |    0 |    180 |      0 |      0 |    0 |          0 |
|           u_fifo                                     |                                                          xpm_fifo_sync__16 |         73 |         73 |       0 |    0 |     64 |      8 |      0 |    0 |          0 |
|         g_channels[13].u_fifo                        |                                             channel_write_fifo__xdcDup__14 |         95 |         95 |       0 |    0 |    246 |      8 |      0 |    0 |          0 |
|           (g_channels[13].u_fifo)                    |                                             channel_write_fifo__xdcDup__14 |         22 |         22 |       0 |    0 |    180 |      0 |      0 |    0 |          0 |
|           u_fifo                                     |                                                          xpm_fifo_sync__29 |         73 |         73 |       0 |    0 |     66 |      8 |      0 |    0 |          0 |
|         g_channels[14].u_fifo                        |                                             channel_write_fifo__xdcDup__15 |         92 |         92 |       0 |    0 |    244 |      8 |      0 |    0 |          0 |
|           (g_channels[14].u_fifo)                    |                                             channel_write_fifo__xdcDup__15 |         19 |         19 |       0 |    0 |    180 |      0 |      0 |    0 |          0 |
|           u_fifo                                     |                                                              xpm_fifo_sync |         73 |         73 |       0 |    0 |     64 |      8 |      0 |    0 |          0 |
|         g_channels[15].u_fifo                        |                                                         channel_write_fifo |        388 |        388 |       0 |    0 |    246 |      8 |      0 |    0 |          0 |
|           (g_channels[15].u_fifo)                    |                                                         channel_write_fifo |        314 |        314 |       0 |    0 |    180 |      0 |      0 |    0 |          0 |
|           u_fifo                                     |                                                          xpm_fifo_sync__30 |         74 |         74 |       0 |    0 |     66 |      8 |      0 |    0 |          0 |
|         g_channels[1].u_fifo                         |                                              channel_write_fifo__xdcDup__2 |         97 |         97 |       0 |    0 |    246 |      8 |      0 |    0 |          0 |
|           (g_channels[1].u_fifo)                     |                                              channel_write_fifo__xdcDup__2 |         23 |         23 |       0 |    0 |    180 |      0 |      0 |    0 |          0 |
|           u_fifo                                     |                                                          xpm_fifo_sync__27 |         74 |         74 |       0 |    0 |     66 |      8 |      0 |    0 |          0 |
|         g_channels[2].u_fifo                         |                                              channel_write_fifo__xdcDup__3 |         97 |         97 |       0 |    0 |    246 |      8 |      0 |    0 |          0 |
|           (g_channels[2].u_fifo)                     |                                              channel_write_fifo__xdcDup__3 |         24 |         24 |       0 |    0 |    180 |      0 |      0 |    0 |          0 |
|           u_fifo                                     |                                                          xpm_fifo_sync__26 |         73 |         73 |       0 |    0 |     66 |      8 |      0 |    0 |          0 |
|         g_channels[3].u_fifo                         |                                              channel_write_fifo__xdcDup__4 |        420 |        420 |       0 |    0 |    246 |      8 |      0 |    0 |          0 |
|           (g_channels[3].u_fifo)                     |                                              channel_write_fifo__xdcDup__4 |        347 |        347 |       0 |    0 |    180 |      0 |      0 |    0 |          0 |
|           u_fifo                                     |                                                          xpm_fifo_sync__25 |         73 |         73 |       0 |    0 |     66 |      8 |      0 |    0 |          0 |
|         g_channels[4].u_fifo                         |                                              channel_write_fifo__xdcDup__5 |         98 |         98 |       0 |    0 |    246 |      8 |      0 |    0 |          0 |
|           (g_channels[4].u_fifo)                     |                                              channel_write_fifo__xdcDup__5 |         24 |         24 |       0 |    0 |    180 |      0 |      0 |    0 |          0 |
|           u_fifo                                     |                                                          xpm_fifo_sync__24 |         74 |         74 |       0 |    0 |     66 |      8 |      0 |    0 |          0 |
|         g_channels[5].u_fifo                         |                                              channel_write_fifo__xdcDup__6 |         92 |         92 |       0 |    0 |    246 |      8 |      0 |    0 |          0 |
|           (g_channels[5].u_fifo)                     |                                              channel_write_fifo__xdcDup__6 |         19 |         19 |       0 |    0 |    180 |      0 |      0 |    0 |          0 |
|           u_fifo                                     |                                                          xpm_fifo_sync__23 |         73 |         73 |       0 |    0 |     66 |      8 |      0 |    0 |          0 |
|         g_channels[6].u_fifo                         |                                              channel_write_fifo__xdcDup__7 |         93 |         93 |       0 |    0 |    246 |      8 |      0 |    0 |          0 |
|           (g_channels[6].u_fifo)                     |                                              channel_write_fifo__xdcDup__7 |         20 |         20 |       0 |    0 |    180 |      0 |      0 |    0 |          0 |
|           u_fifo                                     |                                                          xpm_fifo_sync__22 |         73 |         73 |       0 |    0 |     66 |      8 |      0 |    0 |          0 |
|         g_channels[7].u_fifo                         |                                              channel_write_fifo__xdcDup__8 |        388 |        388 |       0 |    0 |    246 |      8 |      0 |    0 |          0 |
|           (g_channels[7].u_fifo)                     |                                              channel_write_fifo__xdcDup__8 |        314 |        314 |       0 |    0 |    180 |      0 |      0 |    0 |          0 |
|           u_fifo                                     |                                                          xpm_fifo_sync__21 |         74 |         74 |       0 |    0 |     66 |      8 |      0 |    0 |          0 |
|         g_channels[8].u_fifo                         |                                              channel_write_fifo__xdcDup__9 |         98 |         98 |       0 |    0 |    246 |      8 |      0 |    0 |          0 |
|           (g_channels[8].u_fifo)                     |                                              channel_write_fifo__xdcDup__9 |         24 |         24 |       0 |    0 |    180 |      0 |      0 |    0 |          0 |
|           u_fifo                                     |                                                          xpm_fifo_sync__20 |         74 |         74 |       0 |    0 |     66 |      8 |      0 |    0 |          0 |
|         g_channels[9].u_fifo                         |                                             channel_write_fifo__xdcDup__10 |         98 |         98 |       0 |    0 |    246 |      8 |      0 |    0 |          0 |
|           (g_channels[9].u_fifo)                     |                                             channel_write_fifo__xdcDup__10 |         25 |         25 |       0 |    0 |    180 |      0 |      0 |    0 |          0 |
|           u_fifo                                     |                                                          xpm_fifo_sync__19 |         73 |         73 |       0 |    0 |     66 |      8 |      0 |    0 |          0 |
|       u_writer_count_cdc                             |                                    xpm_cdc_array_single__parameterized9__3 |          0 |          0 |       0 |    0 |   1536 |      0 |      0 |    0 |          0 |
|       u_writer_perf_cdc                              |                                  xpm_cdc_array_single__parameterized11__17 |          0 |          0 |       0 |    0 |    714 |      0 |      0 |    0 |          0 |
|     u_writer_ui_cdc                                  |                                                          axi4_ui_write_cdc |        218 |        178 |      40 |    0 |    623 |      4 |      1 |    0 |          0 |
|       u_aw                                           |                                                cdc_payload_fifo__xdcDup__1 |         84 |         48 |      36 |    0 |    170 |      0 |      0 |    0 |          0 |
|         (u_aw)                                       |                                                cdc_payload_fifo__xdcDup__1 |          4 |          4 |       0 |    0 |      8 |      0 |      0 |    0 |          0 |
|         u_fifo                                       |                                  xpm_fifo_async__parameterized0__xdcDup__1 |         80 |         44 |      36 |    0 |    162 |      0 |      0 |    0 |          0 |
|           gnuram_async_fifo.xpm_fifo_base_inst       |                                   xpm_fifo_base__parameterized0__xdcDup__1 |         80 |         44 |      36 |    0 |    162 |      0 |      0 |    0 |          0 |
|       u_b                                            |                                cdc_payload_fifo__parameterized1__xdcDup__1 |         53 |         49 |       4 |    0 |     70 |      0 |      0 |    0 |          0 |
|         (u_b)                                        |                                cdc_payload_fifo__parameterized1__xdcDup__1 |          6 |          6 |       0 |    0 |      8 |      0 |      0 |    0 |          0 |
|         u_fifo                                       |                                  xpm_fifo_async__parameterized2__xdcDup__1 |         47 |         43 |       4 |    0 |     62 |      0 |      0 |    0 |          0 |
|           gnuram_async_fifo.xpm_fifo_base_inst       |                                   xpm_fifo_base__parameterized2__xdcDup__1 |         47 |         43 |       4 |    0 |     62 |      0 |      0 |    0 |          0 |
|       u_w                                            |                                cdc_payload_fifo__parameterized0__xdcDup__1 |         81 |         81 |       0 |    0 |    383 |      4 |      1 |    0 |          0 |
|         (u_w)                                        |                                cdc_payload_fifo__parameterized0__xdcDup__1 |          6 |          6 |       0 |    0 |      8 |      0 |      0 |    0 |          0 |
|         u_fifo                                       |                                  xpm_fifo_async__parameterized1__xdcDup__1 |         75 |         75 |       0 |    0 |    375 |      4 |      1 |    0 |          0 |
|           gnuram_async_fifo.xpm_fifo_base_inst       |                                   xpm_fifo_base__parameterized1__xdcDup__1 |         75 |         75 |       0 |    0 |    375 |      4 |      1 |    0 |          0 |
+------------------------------------------------------+----------------------------------------------------------------------------+------------+------------+---------+------+--------+--------+--------+------+------------+
* Note: The sum of lower-level cells may be larger than their parent cells total, due to cross-hierarchy LUT combining


