Copyright 1986-2022 Xilinx, Inc. All Rights Reserved. Copyright 2022-2023 Advanced Micro Devices, Inc. All Rights Reserved.
--------------------------------------------------------------------------------------------------------------------------------------------------------------------------------------------------------------------------------------------------------------------------------------------------------------------------------------------------------------------------------------------------------------------------------------------------------------------------------------------------------------------------------------------------
| Tool Version      : Vivado v.2023.2 (lin64) Build 4029153 Fri Oct 13 20:13:54 MDT 2023
| Date              : Sat Sep  5 20:57:04 2026
| Host              : tsmc184 running 64-bit Ubuntu 22.04.5 LTS
| Command           : report_timing -delay_type max -max_paths 200 -unique_pins -from [get_cells -hierarchical -filter {NAME =~ *dvp_data_iob_reg* ||  NAME =~ *dvp_href_iob_reg ||  NAME =~ *dvp_vsync_iob_reg ||  NAME =~ *dvp_pclk_iob_reg}] -to [get_cells -hierarchical -filter {NAME =~ *dvp_data_sync_reg* ||  NAME =~ *dvp_href_sync_reg ||  NAME =~ *dvp_vsync_sync_reg ||  NAME =~ *dvp_pclk_sync_reg}] -file /mnt/data/wzr/13p/ov7670/sixteen_camera/reports/video_timing_refactor/P1/reset_enable_constraints/dvp_iob_to_sync_max.rpt
| Design            : top_wrapper
| Device            : xcvu13p-fhga2104
| Speed File        : -2  PRODUCTION 1.28 03-30-2022
| Design State      : Routed
| Temperature Grade : I
--------------------------------------------------------------------------------------------------------------------------------------------------------------------------------------------------------------------------------------------------------------------------------------------------------------------------------------------------------------------------------------------------------------------------------------------------------------------------------------------------------------------------------------------------

Timing Report

Slack (VIOLATED) :        -0.696ns  (required time - arrival time)
  Source:                 u_camera_hdmi/u_camera_subsystem/g_camera_frontend[0].u_camera/dvp_data_iob_reg[6]/C
                            (rising edge-triggered cell FDRE clocked by mmcm_clkout0  {rise@0.000ns fall@1.666ns period=3.332ns})
  Destination:            u_camera_hdmi/u_camera_subsystem/g_camera_frontend[0].u_camera/dvp_data_sync_reg[6]/D
                            (rising edge-triggered cell FDRE clocked by mmcm_clkout0  {rise@0.000ns fall@1.666ns period=3.332ns})
  Path Group:             mmcm_clkout0
  Path Type:              Setup (Max at Slow Process Corner)
  Requirement:            1.500ns  (MaxDelay Path 1.500ns)
  Data Path Delay:        2.221ns  (logic 0.428ns (19.271%)  route 1.793ns (80.729%))
  Logic Levels:           0  
  Timing Exception:       MaxDelay Path 1.500ns -datapath_only

    Location             Delay type                Incr(ns)  Path(ns)    PBlock               Netlist Resource(s)
  -------------------------------------------------------------------    ----------------------------------------
    BITSLICE_RX_TX_X0Y679
                                                      0.000     0.000 r                       u_camera_hdmi/u_camera_subsystem/g_camera_frontend[0].u_camera/dvp_data_iob_reg[6]/C
    BITSLICE_RX_TX_X0Y679
                         FDRE (Prop_IN_FF_BITSLICE_COMPONENT_RX_TX_C_Q)
                                                      0.428     0.428 r                       u_camera_hdmi/u_camera_subsystem/g_camera_frontend[0].u_camera/dvp_data_iob_reg[6]/Q
                         net (fo=1, routed)           1.793     2.221                         u_camera_hdmi/u_camera_subsystem/g_camera_frontend[0].u_camera/dvp_data_iob[6]
    SLR Crossing[3->2]   
    SLICE_X112Y719       FDRE                                         r  pblock_dvp_sync_slr3 u_camera_hdmi/u_camera_subsystem/g_camera_frontend[0].u_camera/dvp_data_sync_reg[6]/D
  -------------------------------------------------------------------    ----------------------------------------

                         max delay                    1.500     1.500                         
    SLICE_X112Y719       FDRE (Setup_AFF_SLICEL_C_D)
                                                      0.025     1.525    pblock_dvp_sync_slr3   u_camera_hdmi/u_camera_subsystem/g_camera_frontend[0].u_camera/dvp_data_sync_reg[6]
  -------------------------------------------------------------------
                         required time                          1.525                           
                         arrival time                          -2.221                           
  -------------------------------------------------------------------
                         slack                                 -0.696                           

Slack (VIOLATED) :        -0.695ns  (required time - arrival time)
  Source:                 u_camera_hdmi/u_camera_subsystem/g_camera_frontend[0].u_camera/dvp_data_iob_reg[1]/C
                            (rising edge-triggered cell FDRE clocked by mmcm_clkout0  {rise@0.000ns fall@1.666ns period=3.332ns})
  Destination:            u_camera_hdmi/u_camera_subsystem/g_camera_frontend[0].u_camera/dvp_data_sync_reg[1]/D
                            (rising edge-triggered cell FDRE clocked by mmcm_clkout0  {rise@0.000ns fall@1.666ns period=3.332ns})
  Path Group:             mmcm_clkout0
  Path Type:              Setup (Max at Slow Process Corner)
  Requirement:            1.500ns  (MaxDelay Path 1.500ns)
  Data Path Delay:        2.220ns  (logic 0.310ns (13.964%)  route 1.910ns (86.036%))
  Logic Levels:           0  
  Timing Exception:       MaxDelay Path 1.500ns -datapath_only

    Location             Delay type                Incr(ns)  Path(ns)    PBlock               Netlist Resource(s)
  -------------------------------------------------------------------    ----------------------------------------
    BITSLICE_RX_TX_X0Y680
                                                      0.000     0.000 r                       u_camera_hdmi/u_camera_subsystem/g_camera_frontend[0].u_camera/dvp_data_iob_reg[1]/C
    BITSLICE_RX_TX_X0Y680
                         FDRE (Prop_IN_FF_BITSLICE_COMPONENT_RX_TX_C_Q)
                                                      0.310     0.310 r                       u_camera_hdmi/u_camera_subsystem/g_camera_frontend[0].u_camera/dvp_data_iob_reg[1]/Q
                         net (fo=1, routed)           1.910     2.220                         u_camera_hdmi/u_camera_subsystem/g_camera_frontend[0].u_camera/dvp_data_iob[1]
    SLR Crossing[3->2]   
    SLICE_X110Y704       FDRE                                         r  pblock_dvp_sync_slr3 u_camera_hdmi/u_camera_subsystem/g_camera_frontend[0].u_camera/dvp_data_sync_reg[1]/D
  -------------------------------------------------------------------    ----------------------------------------

                         max delay                    1.500     1.500                         
    SLICE_X110Y704       FDRE (Setup_CFF2_SLICEL_C_D)
                                                      0.025     1.525    pblock_dvp_sync_slr3   u_camera_hdmi/u_camera_subsystem/g_camera_frontend[0].u_camera/dvp_data_sync_reg[1]
  -------------------------------------------------------------------
                         required time                          1.525                           
                         arrival time                          -2.220                           
  -------------------------------------------------------------------
                         slack                                 -0.695                           

Slack (VIOLATED) :        -0.656ns  (required time - arrival time)
  Source:                 u_camera_hdmi/u_camera_subsystem/g_camera_frontend[0].u_camera/dvp_data_iob_reg[0]/C
                            (rising edge-triggered cell FDRE clocked by mmcm_clkout0  {rise@0.000ns fall@1.666ns period=3.332ns})
  Destination:            u_camera_hdmi/u_camera_subsystem/g_camera_frontend[0].u_camera/dvp_data_sync_reg[0]/D
                            (rising edge-triggered cell FDRE clocked by mmcm_clkout0  {rise@0.000ns fall@1.666ns period=3.332ns})
  Path Group:             mmcm_clkout0
  Path Type:              Setup (Max at Slow Process Corner)
  Requirement:            1.500ns  (MaxDelay Path 1.500ns)
  Data Path Delay:        2.181ns  (logic 0.271ns (12.425%)  route 1.910ns (87.575%))
  Logic Levels:           0  
  Timing Exception:       MaxDelay Path 1.500ns -datapath_only

    Location             Delay type                Incr(ns)  Path(ns)    PBlock               Netlist Resource(s)
  -------------------------------------------------------------------    ----------------------------------------
    BITSLICE_RX_TX_X0Y681
                                                      0.000     0.000 r                       u_camera_hdmi/u_camera_subsystem/g_camera_frontend[0].u_camera/dvp_data_iob_reg[0]/C
    BITSLICE_RX_TX_X0Y681
                         FDRE (Prop_IN_FF_BITSLICE_COMPONENT_RX_TX_C_Q)
                                                      0.271     0.271 r                       u_camera_hdmi/u_camera_subsystem/g_camera_frontend[0].u_camera/dvp_data_iob_reg[0]/Q
                         net (fo=1, routed)           1.910     2.181                         u_camera_hdmi/u_camera_subsystem/g_camera_frontend[0].u_camera/dvp_data_iob[0]
    SLR Crossing[3->2]   
    SLICE_X110Y702       FDRE                                         r  pblock_dvp_sync_slr3 u_camera_hdmi/u_camera_subsystem/g_camera_frontend[0].u_camera/dvp_data_sync_reg[0]/D
  -------------------------------------------------------------------    ----------------------------------------

                         max delay                    1.500     1.500                         
    SLICE_X110Y702       FDRE (Setup_CFF2_SLICEL_C_D)
                                                      0.025     1.525    pblock_dvp_sync_slr3   u_camera_hdmi/u_camera_subsystem/g_camera_frontend[0].u_camera/dvp_data_sync_reg[0]
  -------------------------------------------------------------------
                         required time                          1.525                           
                         arrival time                          -2.181                           
  -------------------------------------------------------------------
                         slack                                 -0.656                           

Slack (VIOLATED) :        -0.646ns  (required time - arrival time)
  Source:                 u_camera_hdmi/u_camera_subsystem/g_camera_frontend[0].u_camera/dvp_data_iob_reg[4]/C
                            (rising edge-triggered cell FDRE clocked by mmcm_clkout0  {rise@0.000ns fall@1.666ns period=3.332ns})
  Destination:            u_camera_hdmi/u_camera_subsystem/g_camera_frontend[0].u_camera/dvp_data_sync_reg[4]/D
                            (rising edge-triggered cell FDRE clocked by mmcm_clkout0  {rise@0.000ns fall@1.666ns period=3.332ns})
  Path Group:             mmcm_clkout0
  Path Type:              Setup (Max at Slow Process Corner)
  Requirement:            1.500ns  (MaxDelay Path 1.500ns)
  Data Path Delay:        2.171ns  (logic 0.349ns (16.076%)  route 1.822ns (83.924%))
  Logic Levels:           0  
  Timing Exception:       MaxDelay Path 1.500ns -datapath_only

    Location             Delay type                Incr(ns)  Path(ns)    PBlock               Netlist Resource(s)
  -------------------------------------------------------------------    ----------------------------------------
    BITSLICE_RX_TX_X0Y690
                                                      0.000     0.000 r                       u_camera_hdmi/u_camera_subsystem/g_camera_frontend[0].u_camera/dvp_data_iob_reg[4]/C
    BITSLICE_RX_TX_X0Y690
                         FDRE (Prop_IN_FF_BITSLICE_COMPONENT_RX_TX_C_Q)
                                                      0.349     0.349 r                       u_camera_hdmi/u_camera_subsystem/g_camera_frontend[0].u_camera/dvp_data_iob_reg[4]/Q
                         net (fo=1, routed)           1.822     2.171                         u_camera_hdmi/u_camera_subsystem/g_camera_frontend[0].u_camera/dvp_data_iob[4]
    SLR Crossing[3->2]   
    SLICE_X112Y719       FDRE                                         r  pblock_dvp_sync_slr3 u_camera_hdmi/u_camera_subsystem/g_camera_frontend[0].u_camera/dvp_data_sync_reg[4]/D
  -------------------------------------------------------------------    ----------------------------------------

                         max delay                    1.500     1.500                         
    SLICE_X112Y719       FDRE (Setup_AFF2_SLICEL_C_D)
                                                      0.025     1.525    pblock_dvp_sync_slr3   u_camera_hdmi/u_camera_subsystem/g_camera_frontend[0].u_camera/dvp_data_sync_reg[4]
  -------------------------------------------------------------------
                         required time                          1.525                           
                         arrival time                          -2.171                           
  -------------------------------------------------------------------
                         slack                                 -0.646                           

Slack (VIOLATED) :        -0.612ns  (required time - arrival time)
  Source:                 u_camera_hdmi/u_camera_subsystem/g_camera_frontend[0].u_camera/dvp_data_iob_reg[7]/C
                            (rising edge-triggered cell FDRE clocked by mmcm_clkout0  {rise@0.000ns fall@1.666ns period=3.332ns})
  Destination:            u_camera_hdmi/u_camera_subsystem/g_camera_frontend[0].u_camera/dvp_data_sync_reg[7]/D
                            (rising edge-triggered cell FDRE clocked by mmcm_clkout0  {rise@0.000ns fall@1.666ns period=3.332ns})
  Path Group:             mmcm_clkout0
  Path Type:              Setup (Max at Slow Process Corner)
  Requirement:            1.500ns  (MaxDelay Path 1.500ns)
  Data Path Delay:        2.137ns  (logic 0.431ns (20.168%)  route 1.706ns (79.832%))
  Logic Levels:           0  
  Timing Exception:       MaxDelay Path 1.500ns -datapath_only

    Location             Delay type                Incr(ns)  Path(ns)    PBlock               Netlist Resource(s)
  -------------------------------------------------------------------    ----------------------------------------
    BITSLICE_RX_TX_X0Y678
                                                      0.000     0.000 r                       u_camera_hdmi/u_camera_subsystem/g_camera_frontend[0].u_camera/dvp_data_iob_reg[7]/C
    BITSLICE_RX_TX_X0Y678
                         FDRE (Prop_IN_FF_BITSLICE_COMPONENT_RX_TX_C_Q)
                                                      0.431     0.431 r                       u_camera_hdmi/u_camera_subsystem/g_camera_frontend[0].u_camera/dvp_data_iob_reg[7]/Q
                         net (fo=1, routed)           1.706     2.137                         u_camera_hdmi/u_camera_subsystem/g_camera_frontend[0].u_camera/dvp_data_iob[7]
    SLR Crossing[3->2]   
    SLICE_X110Y719       FDRE                                         r  pblock_dvp_sync_slr3 u_camera_hdmi/u_camera_subsystem/g_camera_frontend[0].u_camera/dvp_data_sync_reg[7]/D
  -------------------------------------------------------------------    ----------------------------------------

                         max delay                    1.500     1.500                         
    SLICE_X110Y719       FDRE (Setup_FFF2_SLICEL_C_D)
                                                      0.025     1.525    pblock_dvp_sync_slr3   u_camera_hdmi/u_camera_subsystem/g_camera_frontend[0].u_camera/dvp_data_sync_reg[7]
  -------------------------------------------------------------------
                         required time                          1.525                           
                         arrival time                          -2.137                           
  -------------------------------------------------------------------
                         slack                                 -0.612                           

Slack (VIOLATED) :        -0.552ns  (required time - arrival time)
  Source:                 u_camera_hdmi/u_camera_subsystem/g_camera_frontend[0].u_camera/dvp_vsync_iob_reg/C
                            (rising edge-triggered cell FDRE clocked by mmcm_clkout0  {rise@0.000ns fall@1.666ns period=3.332ns})
  Destination:            u_camera_hdmi/u_camera_subsystem/g_camera_frontend[0].u_camera/dvp_vsync_sync_reg/D
                            (rising edge-triggered cell FDRE clocked by mmcm_clkout0  {rise@0.000ns fall@1.666ns period=3.332ns})
  Path Group:             mmcm_clkout0
  Path Type:              Setup (Max at Slow Process Corner)
  Requirement:            1.500ns  (MaxDelay Path 1.500ns)
  Data Path Delay:        2.077ns  (logic 0.478ns (23.014%)  route 1.599ns (76.986%))
  Logic Levels:           0  
  Timing Exception:       MaxDelay Path 1.500ns -datapath_only

    Location             Delay type                Incr(ns)  Path(ns)    PBlock               Netlist Resource(s)
  -------------------------------------------------------------------    ----------------------------------------
    BITSLICE_RX_TX_X0Y712
                                                      0.000     0.000 r                       u_camera_hdmi/u_camera_subsystem/g_camera_frontend[0].u_camera/dvp_vsync_iob_reg/C
    BITSLICE_RX_TX_X0Y712
                         FDRE (Prop_IN_FF_BITSLICE_COMPONENT_RX_TX_C_Q)
                                                      0.478     0.478 r                       u_camera_hdmi/u_camera_subsystem/g_camera_frontend[0].u_camera/dvp_vsync_iob_reg/Q
                         net (fo=1, routed)           1.599     2.077                         u_camera_hdmi/u_camera_subsystem/g_camera_frontend[0].u_camera/dvp_vsync_iob
    SLICE_X113Y720       FDRE                                         r  pblock_dvp_sync_slr3 u_camera_hdmi/u_camera_subsystem/g_camera_frontend[0].u_camera/dvp_vsync_sync_reg/D
  -------------------------------------------------------------------    ----------------------------------------

                         max delay                    1.500     1.500                         
    SLICE_X113Y720       FDRE (Setup_BFF_SLICEL_C_D)
                                                      0.025     1.525    pblock_dvp_sync_slr3   u_camera_hdmi/u_camera_subsystem/g_camera_frontend[0].u_camera/dvp_vsync_sync_reg
  -------------------------------------------------------------------
                         required time                          1.525                           
                         arrival time                          -2.077                           
  -------------------------------------------------------------------
                         slack                                 -0.552                           

Slack (VIOLATED) :        -0.515ns  (required time - arrival time)
  Source:                 u_camera_hdmi/u_camera_subsystem/g_camera_frontend[1].u_camera/dvp_data_iob_reg[2]/C
                            (rising edge-triggered cell FDRE clocked by mmcm_clkout0  {rise@0.000ns fall@1.666ns period=3.332ns})
  Destination:            u_camera_hdmi/u_camera_subsystem/g_camera_frontend[1].u_camera/dvp_data_sync_reg[2]/D
                            (rising edge-triggered cell FDRE clocked by mmcm_clkout0  {rise@0.000ns fall@1.666ns period=3.332ns})
  Path Group:             mmcm_clkout0
  Path Type:              Setup (Max at Slow Process Corner)
  Requirement:            1.500ns  (MaxDelay Path 1.500ns)
  Data Path Delay:        2.040ns  (logic 0.402ns (19.706%)  route 1.638ns (80.294%))
  Logic Levels:           0  
  Timing Exception:       MaxDelay Path 1.500ns -datapath_only

    Location             Delay type                Incr(ns)  Path(ns)    PBlock               Netlist Resource(s)
  -------------------------------------------------------------------    ----------------------------------------
    BITSLICE_RX_TX_X0Y711
                                                      0.000     0.000 r                       u_camera_hdmi/u_camera_subsystem/g_camera_frontend[1].u_camera/dvp_data_iob_reg[2]/C
    BITSLICE_RX_TX_X0Y711
                         FDRE (Prop_IN_FF_BITSLICE_COMPONENT_RX_TX_C_Q)
                                                      0.402     0.402 r                       u_camera_hdmi/u_camera_subsystem/g_camera_frontend[1].u_camera/dvp_data_iob_reg[2]/Q
                         net (fo=1, routed)           1.638     2.040                         u_camera_hdmi/u_camera_subsystem/g_camera_frontend[1].u_camera/dvp_data_iob[2]
    SLICE_X112Y720       FDRE                                         r  pblock_dvp_sync_slr3 u_camera_hdmi/u_camera_subsystem/g_camera_frontend[1].u_camera/dvp_data_sync_reg[2]/D
  -------------------------------------------------------------------    ----------------------------------------

                         max delay                    1.500     1.500                         
    SLICE_X112Y720       FDRE (Setup_GFF2_SLICEL_C_D)
                                                      0.025     1.525    pblock_dvp_sync_slr3   u_camera_hdmi/u_camera_subsystem/g_camera_frontend[1].u_camera/dvp_data_sync_reg[2]
  -------------------------------------------------------------------
                         required time                          1.525                           
                         arrival time                          -2.040                           
  -------------------------------------------------------------------
                         slack                                 -0.515                           

Slack (VIOLATED) :        -0.477ns  (required time - arrival time)
  Source:                 u_camera_hdmi/u_camera_subsystem/g_camera_frontend[0].u_camera/dvp_data_iob_reg[5]/C
                            (rising edge-triggered cell FDRE clocked by mmcm_clkout0  {rise@0.000ns fall@1.666ns period=3.332ns})
  Destination:            u_camera_hdmi/u_camera_subsystem/g_camera_frontend[0].u_camera/dvp_data_sync_reg[5]/D
                            (rising edge-triggered cell FDRE clocked by mmcm_clkout0  {rise@0.000ns fall@1.666ns period=3.332ns})
  Path Group:             mmcm_clkout0
  Path Type:              Setup (Max at Slow Process Corner)
  Requirement:            1.500ns  (MaxDelay Path 1.500ns)
  Data Path Delay:        2.002ns  (logic 0.251ns (12.537%)  route 1.751ns (87.463%))
  Logic Levels:           0  
  Timing Exception:       MaxDelay Path 1.500ns -datapath_only

    Location             Delay type                Incr(ns)  Path(ns)    PBlock               Netlist Resource(s)
  -------------------------------------------------------------------    ----------------------------------------
    BITSLICE_RX_TX_X0Y689
                                                      0.000     0.000 r                       u_camera_hdmi/u_camera_subsystem/g_camera_frontend[0].u_camera/dvp_data_iob_reg[5]/C
    BITSLICE_RX_TX_X0Y689
                         FDRE (Prop_IN_FF_BITSLICE_COMPONENT_RX_TX_C_Q)
                                                      0.251     0.251 r                       u_camera_hdmi/u_camera_subsystem/g_camera_frontend[0].u_camera/dvp_data_iob_reg[5]/Q
                         net (fo=1, routed)           1.751     2.002                         u_camera_hdmi/u_camera_subsystem/g_camera_frontend[0].u_camera/dvp_data_iob[5]
    SLR Crossing[3->2]   
    SLICE_X110Y712       FDRE                                         r  pblock_dvp_sync_slr3 u_camera_hdmi/u_camera_subsystem/g_camera_frontend[0].u_camera/dvp_data_sync_reg[5]/D
  -------------------------------------------------------------------    ----------------------------------------

                         max delay                    1.500     1.500                         
    SLICE_X110Y712       FDRE (Setup_AFF_SLICEL_C_D)
                                                      0.025     1.525    pblock_dvp_sync_slr3   u_camera_hdmi/u_camera_subsystem/g_camera_frontend[0].u_camera/dvp_data_sync_reg[5]
  -------------------------------------------------------------------
                         required time                          1.525                           
                         arrival time                          -2.002                           
  -------------------------------------------------------------------
                         slack                                 -0.477                           

Slack (VIOLATED) :        -0.442ns  (required time - arrival time)
  Source:                 u_camera_hdmi/u_camera_subsystem/g_camera_frontend[1].u_camera/dvp_pclk_iob_reg/C
                            (rising edge-triggered cell FDRE clocked by mmcm_clkout0  {rise@0.000ns fall@1.666ns period=3.332ns})
  Destination:            u_camera_hdmi/u_camera_subsystem/g_camera_frontend[1].u_camera/dvp_pclk_sync_reg/D
                            (rising edge-triggered cell FDRE clocked by mmcm_clkout0  {rise@0.000ns fall@1.666ns period=3.332ns})
  Path Group:             mmcm_clkout0
  Path Type:              Setup (Max at Slow Process Corner)
  Requirement:            1.500ns  (MaxDelay Path 1.500ns)
  Data Path Delay:        1.967ns  (logic 0.431ns (21.912%)  route 1.536ns (78.088%))
  Logic Levels:           0  
  Timing Exception:       MaxDelay Path 1.500ns -datapath_only

    Location             Delay type                Incr(ns)  Path(ns)    PBlock               Netlist Resource(s)
  -------------------------------------------------------------------    ----------------------------------------
    BITSLICE_RX_TX_X0Y704
                                                      0.000     0.000 r                       u_camera_hdmi/u_camera_subsystem/g_camera_frontend[1].u_camera/dvp_pclk_iob_reg/C
    BITSLICE_RX_TX_X0Y704
                         FDRE (Prop_IN_FF_BITSLICE_COMPONENT_RX_TX_C_Q)
                                                      0.431     0.431 r                       u_camera_hdmi/u_camera_subsystem/g_camera_frontend[1].u_camera/dvp_pclk_iob_reg/Q
                         net (fo=1, routed)           1.536     1.967                         u_camera_hdmi/u_camera_subsystem/g_camera_frontend[1].u_camera/dvp_pclk_iob
    SLICE_X114Y720       FDRE                                         r  pblock_dvp_sync_slr3 u_camera_hdmi/u_camera_subsystem/g_camera_frontend[1].u_camera/dvp_pclk_sync_reg/D
  -------------------------------------------------------------------    ----------------------------------------

                         max delay                    1.500     1.500                         
    SLICE_X114Y720       FDRE (Setup_EFF_SLICEM_C_D)
                                                      0.025     1.525    pblock_dvp_sync_slr3   u_camera_hdmi/u_camera_subsystem/g_camera_frontend[1].u_camera/dvp_pclk_sync_reg
  -------------------------------------------------------------------
                         required time                          1.525                           
                         arrival time                          -1.967                           
  -------------------------------------------------------------------
                         slack                                 -0.442                           

Slack (VIOLATED) :        -0.385ns  (required time - arrival time)
  Source:                 u_camera_hdmi/u_camera_subsystem/g_camera_frontend[1].u_camera/dvp_data_iob_reg[3]/C
                            (rising edge-triggered cell FDRE clocked by mmcm_clkout0  {rise@0.000ns fall@1.666ns period=3.332ns})
  Destination:            u_camera_hdmi/u_camera_subsystem/g_camera_frontend[1].u_camera/dvp_data_sync_reg[3]/D
                            (rising edge-triggered cell FDRE clocked by mmcm_clkout0  {rise@0.000ns fall@1.666ns period=3.332ns})
  Path Group:             mmcm_clkout0
  Path Type:              Setup (Max at Slow Process Corner)
  Requirement:            1.500ns  (MaxDelay Path 1.500ns)
  Data Path Delay:        1.910ns  (logic 0.369ns (19.319%)  route 1.541ns (80.681%))
  Logic Levels:           0  
  Timing Exception:       MaxDelay Path 1.500ns -datapath_only

    Location             Delay type                Incr(ns)  Path(ns)    PBlock               Netlist Resource(s)
  -------------------------------------------------------------------    ----------------------------------------
    BITSLICE_RX_TX_X0Y710
                                                      0.000     0.000 r                       u_camera_hdmi/u_camera_subsystem/g_camera_frontend[1].u_camera/dvp_data_iob_reg[3]/C
    BITSLICE_RX_TX_X0Y710
                         FDRE (Prop_IN_FF_BITSLICE_COMPONENT_RX_TX_C_Q)
                                                      0.369     0.369 r                       u_camera_hdmi/u_camera_subsystem/g_camera_frontend[1].u_camera/dvp_data_iob_reg[3]/Q
                         net (fo=1, routed)           1.541     1.910                         u_camera_hdmi/u_camera_subsystem/g_camera_frontend[1].u_camera/dvp_data_iob[3]
    SLICE_X113Y721       FDRE                                         r  pblock_dvp_sync_slr3 u_camera_hdmi/u_camera_subsystem/g_camera_frontend[1].u_camera/dvp_data_sync_reg[3]/D
  -------------------------------------------------------------------    ----------------------------------------

                         max delay                    1.500     1.500                         
    SLICE_X113Y721       FDRE (Setup_AFF_SLICEL_C_D)
                                                      0.025     1.525    pblock_dvp_sync_slr3   u_camera_hdmi/u_camera_subsystem/g_camera_frontend[1].u_camera/dvp_data_sync_reg[3]
  -------------------------------------------------------------------
                         required time                          1.525                           
                         arrival time                          -1.910                           
  -------------------------------------------------------------------
                         slack                                 -0.385                           

Slack (VIOLATED) :        -0.379ns  (required time - arrival time)
  Source:                 u_camera_hdmi/u_camera_subsystem/g_camera_frontend[1].u_camera/dvp_data_iob_reg[1]/C
                            (rising edge-triggered cell FDRE clocked by mmcm_clkout0  {rise@0.000ns fall@1.666ns period=3.332ns})
  Destination:            u_camera_hdmi/u_camera_subsystem/g_camera_frontend[1].u_camera/dvp_data_sync_reg[1]/D
                            (rising edge-triggered cell FDRE clocked by mmcm_clkout0  {rise@0.000ns fall@1.666ns period=3.332ns})
  Path Group:             mmcm_clkout0
  Path Type:              Setup (Max at Slow Process Corner)
  Requirement:            1.500ns  (MaxDelay Path 1.500ns)
  Data Path Delay:        1.904ns  (logic 0.310ns (16.282%)  route 1.594ns (83.718%))
  Logic Levels:           0  
  Timing Exception:       MaxDelay Path 1.500ns -datapath_only

    Location             Delay type                Incr(ns)  Path(ns)    PBlock               Netlist Resource(s)
  -------------------------------------------------------------------    ----------------------------------------
    BITSLICE_RX_TX_X0Y706
                                                      0.000     0.000 r                       u_camera_hdmi/u_camera_subsystem/g_camera_frontend[1].u_camera/dvp_data_iob_reg[1]/C
    BITSLICE_RX_TX_X0Y706
                         FDRE (Prop_IN_FF_BITSLICE_COMPONENT_RX_TX_C_Q)
                                                      0.310     0.310 r                       u_camera_hdmi/u_camera_subsystem/g_camera_frontend[1].u_camera/dvp_data_iob_reg[1]/Q
                         net (fo=1, routed)           1.594     1.904                         u_camera_hdmi/u_camera_subsystem/g_camera_frontend[1].u_camera/dvp_data_iob[1]
    SLICE_X112Y723       FDRE                                         r  pblock_dvp_sync_slr3 u_camera_hdmi/u_camera_subsystem/g_camera_frontend[1].u_camera/dvp_data_sync_reg[1]/D
  -------------------------------------------------------------------    ----------------------------------------

                         max delay                    1.500     1.500                         
    SLICE_X112Y723       FDRE (Setup_AFF_SLICEL_C_D)
                                                      0.025     1.525    pblock_dvp_sync_slr3   u_camera_hdmi/u_camera_subsystem/g_camera_frontend[1].u_camera/dvp_data_sync_reg[1]
  -------------------------------------------------------------------
                         required time                          1.525                           
                         arrival time                          -1.904                           
  -------------------------------------------------------------------
                         slack                                 -0.379                           

Slack (VIOLATED) :        -0.357ns  (required time - arrival time)
  Source:                 u_camera_hdmi/u_camera_subsystem/g_camera_frontend[1].u_camera/dvp_href_iob_reg/C
                            (rising edge-triggered cell FDRE clocked by mmcm_clkout0  {rise@0.000ns fall@1.666ns period=3.332ns})
  Destination:            u_camera_hdmi/u_camera_subsystem/g_camera_frontend[1].u_camera/dvp_href_sync_reg/D
                            (rising edge-triggered cell FDRE clocked by mmcm_clkout0  {rise@0.000ns fall@1.666ns period=3.332ns})
  Path Group:             mmcm_clkout0
  Path Type:              Setup (Max at Slow Process Corner)
  Requirement:            1.500ns  (MaxDelay Path 1.500ns)
  Data Path Delay:        1.882ns  (logic 0.478ns (25.399%)  route 1.404ns (74.601%))
  Logic Levels:           0  
  Timing Exception:       MaxDelay Path 1.500ns -datapath_only

    Location             Delay type                Incr(ns)  Path(ns)    PBlock               Netlist Resource(s)
  -------------------------------------------------------------------    ----------------------------------------
    BITSLICE_RX_TX_X0Y686
                                                      0.000     0.000 r                       u_camera_hdmi/u_camera_subsystem/g_camera_frontend[1].u_camera/dvp_href_iob_reg/C
    BITSLICE_RX_TX_X0Y686
                         FDRE (Prop_IN_FF_BITSLICE_COMPONENT_RX_TX_C_Q)
                                                      0.478     0.478 r                       u_camera_hdmi/u_camera_subsystem/g_camera_frontend[1].u_camera/dvp_href_iob_reg/Q
                         net (fo=1, routed)           1.404     1.882                         u_camera_hdmi/u_camera_subsystem/g_camera_frontend[1].u_camera/dvp_href_iob
    SLICE_X112Y720       FDRE                                         r  pblock_dvp_sync_slr3 u_camera_hdmi/u_camera_subsystem/g_camera_frontend[1].u_camera/dvp_href_sync_reg/D
  -------------------------------------------------------------------    ----------------------------------------

                         max delay                    1.500     1.500                         
    SLICE_X112Y720       FDRE (Setup_GFF_SLICEL_C_D)
                                                      0.025     1.525    pblock_dvp_sync_slr3   u_camera_hdmi/u_camera_subsystem/g_camera_frontend[1].u_camera/dvp_href_sync_reg
  -------------------------------------------------------------------
                         required time                          1.525                           
                         arrival time                          -1.882                           
  -------------------------------------------------------------------
                         slack                                 -0.357                           

Slack (VIOLATED) :        -0.349ns  (required time - arrival time)
  Source:                 u_camera_hdmi/u_camera_subsystem/g_camera_frontend[0].u_camera/dvp_href_iob_reg/C
                            (rising edge-triggered cell FDRE clocked by mmcm_clkout0  {rise@0.000ns fall@1.666ns period=3.332ns})
  Destination:            u_camera_hdmi/u_camera_subsystem/g_camera_frontend[0].u_camera/dvp_href_sync_reg/D
                            (rising edge-triggered cell FDRE clocked by mmcm_clkout0  {rise@0.000ns fall@1.666ns period=3.332ns})
  Path Group:             mmcm_clkout0
  Path Type:              Setup (Max at Slow Process Corner)
  Requirement:            1.500ns  (MaxDelay Path 1.500ns)
  Data Path Delay:        1.874ns  (logic 0.294ns (15.688%)  route 1.580ns (84.312%))
  Logic Levels:           0  
  Timing Exception:       MaxDelay Path 1.500ns -datapath_only

    Location             Delay type                Incr(ns)  Path(ns)    PBlock               Netlist Resource(s)
  -------------------------------------------------------------------    ----------------------------------------
    BITSLICE_RX_TX_X0Y708
                                                      0.000     0.000 r                       u_camera_hdmi/u_camera_subsystem/g_camera_frontend[0].u_camera/dvp_href_iob_reg/C
    BITSLICE_RX_TX_X0Y708
                         FDRE (Prop_IN_FF_BITSLICE_COMPONENT_RX_TX_C_Q)
                                                      0.294     0.294 r                       u_camera_hdmi/u_camera_subsystem/g_camera_frontend[0].u_camera/dvp_href_iob_reg/Q
                         net (fo=1, routed)           1.580     1.874                         u_camera_hdmi/u_camera_subsystem/g_camera_frontend[0].u_camera/dvp_href_iob
    SLICE_X113Y720       FDRE                                         r  pblock_dvp_sync_slr3 u_camera_hdmi/u_camera_subsystem/g_camera_frontend[0].u_camera/dvp_href_sync_reg/D
  -------------------------------------------------------------------    ----------------------------------------

                         max delay                    1.500     1.500                         
    SLICE_X113Y720       FDRE (Setup_AFF2_SLICEL_C_D)
                                                      0.025     1.525    pblock_dvp_sync_slr3   u_camera_hdmi/u_camera_subsystem/g_camera_frontend[0].u_camera/dvp_href_sync_reg
  -------------------------------------------------------------------
                         required time                          1.525                           
                         arrival time                          -1.874                           
  -------------------------------------------------------------------
                         slack                                 -0.349                           

Slack (VIOLATED) :        -0.337ns  (required time - arrival time)
  Source:                 u_camera_hdmi/u_camera_subsystem/g_camera_frontend[1].u_camera/dvp_data_iob_reg[0]/C
                            (rising edge-triggered cell FDRE clocked by mmcm_clkout0  {rise@0.000ns fall@1.666ns period=3.332ns})
  Destination:            u_camera_hdmi/u_camera_subsystem/g_camera_frontend[1].u_camera/dvp_data_sync_reg[0]/D
                            (rising edge-triggered cell FDRE clocked by mmcm_clkout0  {rise@0.000ns fall@1.666ns period=3.332ns})
  Path Group:             mmcm_clkout0
  Path Type:              Setup (Max at Slow Process Corner)
  Requirement:            1.500ns  (MaxDelay Path 1.500ns)
  Data Path Delay:        1.862ns  (logic 0.271ns (14.554%)  route 1.591ns (85.446%))
  Logic Levels:           0  
  Timing Exception:       MaxDelay Path 1.500ns -datapath_only

    Location             Delay type                Incr(ns)  Path(ns)    PBlock               Netlist Resource(s)
  -------------------------------------------------------------------    ----------------------------------------
    BITSLICE_RX_TX_X0Y707
                                                      0.000     0.000 r                       u_camera_hdmi/u_camera_subsystem/g_camera_frontend[1].u_camera/dvp_data_iob_reg[0]/C
    BITSLICE_RX_TX_X0Y707
                         FDRE (Prop_IN_FF_BITSLICE_COMPONENT_RX_TX_C_Q)
                                                      0.271     0.271 r                       u_camera_hdmi/u_camera_subsystem/g_camera_frontend[1].u_camera/dvp_data_iob_reg[0]/Q
                         net (fo=1, routed)           1.591     1.862                         u_camera_hdmi/u_camera_subsystem/g_camera_frontend[1].u_camera/dvp_data_iob[0]
    SLICE_X112Y720       FDRE                                         r  pblock_dvp_sync_slr3 u_camera_hdmi/u_camera_subsystem/g_camera_frontend[1].u_camera/dvp_data_sync_reg[0]/D
  -------------------------------------------------------------------    ----------------------------------------

                         max delay                    1.500     1.500                         
    SLICE_X112Y720       FDRE (Setup_EFF_SLICEL_C_D)
                                                      0.025     1.525    pblock_dvp_sync_slr3   u_camera_hdmi/u_camera_subsystem/g_camera_frontend[1].u_camera/dvp_data_sync_reg[0]
  -------------------------------------------------------------------
                         required time                          1.525                           
                         arrival time                          -1.862                           
  -------------------------------------------------------------------
                         slack                                 -0.337                           

Slack (VIOLATED) :        -0.308ns  (required time - arrival time)
  Source:                 u_camera_hdmi/u_camera_subsystem/g_camera_frontend[0].u_camera/dvp_data_iob_reg[2]/C
                            (rising edge-triggered cell FDRE clocked by mmcm_clkout0  {rise@0.000ns fall@1.666ns period=3.332ns})
  Destination:            u_camera_hdmi/u_camera_subsystem/g_camera_frontend[0].u_camera/dvp_data_sync_reg[2]/D
                            (rising edge-triggered cell FDRE clocked by mmcm_clkout0  {rise@0.000ns fall@1.666ns period=3.332ns})
  Path Group:             mmcm_clkout0
  Path Type:              Setup (Max at Slow Process Corner)
  Requirement:            1.500ns  (MaxDelay Path 1.500ns)
  Data Path Delay:        1.833ns  (logic 0.428ns (23.350%)  route 1.405ns (76.650%))
  Logic Levels:           0  
  Timing Exception:       MaxDelay Path 1.500ns -datapath_only

    Location             Delay type                Incr(ns)  Path(ns)    PBlock               Netlist Resource(s)
  -------------------------------------------------------------------    ----------------------------------------
    BITSLICE_RX_TX_X0Y692
                                                      0.000     0.000 r                       u_camera_hdmi/u_camera_subsystem/g_camera_frontend[0].u_camera/dvp_data_iob_reg[2]/C
    BITSLICE_RX_TX_X0Y692
                         FDRE (Prop_IN_FF_BITSLICE_COMPONENT_RX_TX_C_Q)
                                                      0.428     0.428 r                       u_camera_hdmi/u_camera_subsystem/g_camera_frontend[0].u_camera/dvp_data_iob_reg[2]/Q
                         net (fo=1, routed)           1.405     1.833                         u_camera_hdmi/u_camera_subsystem/g_camera_frontend[0].u_camera/dvp_data_iob[2]
    SLICE_X114Y720       FDRE                                         r  pblock_dvp_sync_slr3 u_camera_hdmi/u_camera_subsystem/g_camera_frontend[0].u_camera/dvp_data_sync_reg[2]/D
  -------------------------------------------------------------------    ----------------------------------------

                         max delay                    1.500     1.500                         
    SLICE_X114Y720       FDRE (Setup_AFF_SLICEM_C_D)
                                                      0.025     1.525    pblock_dvp_sync_slr3   u_camera_hdmi/u_camera_subsystem/g_camera_frontend[0].u_camera/dvp_data_sync_reg[2]
  -------------------------------------------------------------------
                         required time                          1.525                           
                         arrival time                          -1.833                           
  -------------------------------------------------------------------
                         slack                                 -0.308                           

Slack (VIOLATED) :        -0.304ns  (required time - arrival time)
  Source:                 u_camera_hdmi/u_camera_subsystem/g_camera_frontend[1].u_camera/dvp_data_iob_reg[4]/C
                            (rising edge-triggered cell FDRE clocked by mmcm_clkout0  {rise@0.000ns fall@1.666ns period=3.332ns})
  Destination:            u_camera_hdmi/u_camera_subsystem/g_camera_frontend[1].u_camera/dvp_data_sync_reg[4]/D
                            (rising edge-triggered cell FDRE clocked by mmcm_clkout0  {rise@0.000ns fall@1.666ns period=3.332ns})
  Path Group:             mmcm_clkout0
  Path Type:              Setup (Max at Slow Process Corner)
  Requirement:            1.500ns  (MaxDelay Path 1.500ns)
  Data Path Delay:        1.829ns  (logic 0.402ns (21.979%)  route 1.427ns (78.021%))
  Logic Levels:           0  
  Timing Exception:       MaxDelay Path 1.500ns -datapath_only

    Location             Delay type                Incr(ns)  Path(ns)    PBlock               Netlist Resource(s)
  -------------------------------------------------------------------    ----------------------------------------
    BITSLICE_RX_TX_X0Y685
                                                      0.000     0.000 r                       u_camera_hdmi/u_camera_subsystem/g_camera_frontend[1].u_camera/dvp_data_iob_reg[4]/C
    BITSLICE_RX_TX_X0Y685
                         FDRE (Prop_IN_FF_BITSLICE_COMPONENT_RX_TX_C_Q)
                                                      0.402     0.402 r                       u_camera_hdmi/u_camera_subsystem/g_camera_frontend[1].u_camera/dvp_data_iob_reg[4]/Q
                         net (fo=1, routed)           1.427     1.829                         u_camera_hdmi/u_camera_subsystem/g_camera_frontend[1].u_camera/dvp_data_iob[4]
    SLICE_X112Y726       FDRE                                         r  pblock_dvp_sync_slr3 u_camera_hdmi/u_camera_subsystem/g_camera_frontend[1].u_camera/dvp_data_sync_reg[4]/D
  -------------------------------------------------------------------    ----------------------------------------

                         max delay                    1.500     1.500                         
    SLICE_X112Y726       FDRE (Setup_AFF_SLICEL_C_D)
                                                      0.025     1.525    pblock_dvp_sync_slr3   u_camera_hdmi/u_camera_subsystem/g_camera_frontend[1].u_camera/dvp_data_sync_reg[4]
  -------------------------------------------------------------------
                         required time                          1.525                           
                         arrival time                          -1.829                           
  -------------------------------------------------------------------
                         slack                                 -0.304                           

Slack (VIOLATED) :        -0.290ns  (required time - arrival time)
  Source:                 u_camera_hdmi/u_camera_subsystem/g_camera_frontend[3].u_camera/dvp_href_iob_reg/C
                            (rising edge-triggered cell FDRE clocked by mmcm_clkout0  {rise@0.000ns fall@1.666ns period=3.332ns})
  Destination:            u_camera_hdmi/u_camera_subsystem/g_camera_frontend[3].u_camera/dvp_href_sync_reg/D
                            (rising edge-triggered cell FDRE clocked by mmcm_clkout0  {rise@0.000ns fall@1.666ns period=3.332ns})
  Path Group:             mmcm_clkout0
  Path Type:              Setup (Max at Slow Process Corner)
  Requirement:            1.500ns  (MaxDelay Path 1.500ns)
  Data Path Delay:        1.815ns  (logic 0.251ns (13.829%)  route 1.564ns (86.171%))
  Logic Levels:           0  
  Timing Exception:       MaxDelay Path 1.500ns -datapath_only

    Location             Delay type                Incr(ns)  Path(ns)    PBlock               Netlist Resource(s)
  -------------------------------------------------------------------    ----------------------------------------
    BITSLICE_RX_TX_X0Y624
                                                      0.000     0.000 r                       u_camera_hdmi/u_camera_subsystem/g_camera_frontend[3].u_camera/dvp_href_iob_reg/C
    BITSLICE_RX_TX_X0Y624
                         FDRE (Prop_IN_FF_BITSLICE_COMPONENT_RX_TX_C_Q)
                                                      0.251     0.251 r                       u_camera_hdmi/u_camera_subsystem/g_camera_frontend[3].u_camera/dvp_href_iob_reg/Q
                         net (fo=1, routed)           1.564     1.815                         u_camera_hdmi/u_camera_subsystem/g_camera_frontend[3].u_camera/dvp_href_iob
    SLR Crossing[3->2]   
    SLICE_X121Y660       FDRE                                         r  pblock_dvp_sync_slr3 u_camera_hdmi/u_camera_subsystem/g_camera_frontend[3].u_camera/dvp_href_sync_reg/D
  -------------------------------------------------------------------    ----------------------------------------

                         max delay                    1.500     1.500                         
    SLICE_X121Y660       FDRE (Setup_EFF_SLICEM_C_D)
                                                      0.025     1.525    pblock_dvp_sync_slr3   u_camera_hdmi/u_camera_subsystem/g_camera_frontend[3].u_camera/dvp_href_sync_reg
  -------------------------------------------------------------------
                         required time                          1.525                           
                         arrival time                          -1.815                           
  -------------------------------------------------------------------
                         slack                                 -0.290                           

Slack (VIOLATED) :        -0.231ns  (required time - arrival time)
  Source:                 u_camera_hdmi/u_camera_subsystem/g_camera_frontend[0].u_camera/dvp_data_iob_reg[3]/C
                            (rising edge-triggered cell FDRE clocked by mmcm_clkout0  {rise@0.000ns fall@1.666ns period=3.332ns})
  Destination:            u_camera_hdmi/u_camera_subsystem/g_camera_frontend[0].u_camera/dvp_data_sync_reg[3]/D
                            (rising edge-triggered cell FDRE clocked by mmcm_clkout0  {rise@0.000ns fall@1.666ns period=3.332ns})
  Path Group:             mmcm_clkout0
  Path Type:              Setup (Max at Slow Process Corner)
  Requirement:            1.500ns  (MaxDelay Path 1.500ns)
  Data Path Delay:        1.756ns  (logic 0.431ns (24.544%)  route 1.325ns (75.456%))
  Logic Levels:           0  
  Timing Exception:       MaxDelay Path 1.500ns -datapath_only

    Location             Delay type                Incr(ns)  Path(ns)    PBlock               Netlist Resource(s)
  -------------------------------------------------------------------    ----------------------------------------
    BITSLICE_RX_TX_X0Y691
                                                      0.000     0.000 r                       u_camera_hdmi/u_camera_subsystem/g_camera_frontend[0].u_camera/dvp_data_iob_reg[3]/C
    BITSLICE_RX_TX_X0Y691
                         FDRE (Prop_IN_FF_BITSLICE_COMPONENT_RX_TX_C_Q)
                                                      0.431     0.431 r                       u_camera_hdmi/u_camera_subsystem/g_camera_frontend[0].u_camera/dvp_data_iob_reg[3]/Q
                         net (fo=1, routed)           1.325     1.756                         u_camera_hdmi/u_camera_subsystem/g_camera_frontend[0].u_camera/dvp_data_iob[3]
    SLICE_X113Y720       FDRE                                         r  pblock_dvp_sync_slr3 u_camera_hdmi/u_camera_subsystem/g_camera_frontend[0].u_camera/dvp_data_sync_reg[3]/D
  -------------------------------------------------------------------    ----------------------------------------

                         max delay                    1.500     1.500                         
    SLICE_X113Y720       FDRE (Setup_BFF2_SLICEL_C_D)
                                                      0.025     1.525    pblock_dvp_sync_slr3   u_camera_hdmi/u_camera_subsystem/g_camera_frontend[0].u_camera/dvp_data_sync_reg[3]
  -------------------------------------------------------------------
                         required time                          1.525                           
                         arrival time                          -1.756                           
  -------------------------------------------------------------------
                         slack                                 -0.231                           

Slack (VIOLATED) :        -0.230ns  (required time - arrival time)
  Source:                 u_camera_hdmi/u_camera_subsystem/g_camera_frontend[0].u_camera/dvp_pclk_iob_reg/C
                            (rising edge-triggered cell FDRE clocked by mmcm_clkout0  {rise@0.000ns fall@1.666ns period=3.332ns})
  Destination:            u_camera_hdmi/u_camera_subsystem/g_camera_frontend[0].u_camera/dvp_pclk_sync_reg/D
                            (rising edge-triggered cell FDRE clocked by mmcm_clkout0  {rise@0.000ns fall@1.666ns period=3.332ns})
  Path Group:             mmcm_clkout0
  Path Type:              Setup (Max at Slow Process Corner)
  Requirement:            1.500ns  (MaxDelay Path 1.500ns)
  Data Path Delay:        1.755ns  (logic 0.251ns (14.302%)  route 1.504ns (85.698%))
  Logic Levels:           0  
  Timing Exception:       MaxDelay Path 1.500ns -datapath_only

    Location             Delay type                Incr(ns)  Path(ns)    PBlock               Netlist Resource(s)
  -------------------------------------------------------------------    ----------------------------------------
    BITSLICE_RX_TX_X0Y702
                                                      0.000     0.000 r                       u_camera_hdmi/u_camera_subsystem/g_camera_frontend[0].u_camera/dvp_pclk_iob_reg/C
    BITSLICE_RX_TX_X0Y702
                         FDRE (Prop_IN_FF_BITSLICE_COMPONENT_RX_TX_C_Q)
                                                      0.251     0.251 r                       u_camera_hdmi/u_camera_subsystem/g_camera_frontend[0].u_camera/dvp_pclk_iob_reg/Q
                         net (fo=1, routed)           1.504     1.755                         u_camera_hdmi/u_camera_subsystem/g_camera_frontend[0].u_camera/dvp_pclk_iob
    SLICE_X113Y720       FDRE                                         r  pblock_dvp_sync_slr3 u_camera_hdmi/u_camera_subsystem/g_camera_frontend[0].u_camera/dvp_pclk_sync_reg/D
  -------------------------------------------------------------------    ----------------------------------------

                         max delay                    1.500     1.500                         
    SLICE_X113Y720       FDRE (Setup_AFF_SLICEL_C_D)
                                                      0.025     1.525    pblock_dvp_sync_slr3   u_camera_hdmi/u_camera_subsystem/g_camera_frontend[0].u_camera/dvp_pclk_sync_reg
  -------------------------------------------------------------------
                         required time                          1.525                           
                         arrival time                          -1.755                           
  -------------------------------------------------------------------
                         slack                                 -0.230                           

Slack (VIOLATED) :        -0.214ns  (required time - arrival time)
  Source:                 u_camera_hdmi/u_camera_subsystem/g_camera_frontend[1].u_camera/dvp_data_iob_reg[5]/C
                            (rising edge-triggered cell FDRE clocked by mmcm_clkout0  {rise@0.000ns fall@1.666ns period=3.332ns})
  Destination:            u_camera_hdmi/u_camera_subsystem/g_camera_frontend[1].u_camera/dvp_data_sync_reg[5]/D
                            (rising edge-triggered cell FDRE clocked by mmcm_clkout0  {rise@0.000ns fall@1.666ns period=3.332ns})
  Path Group:             mmcm_clkout0
  Path Type:              Setup (Max at Slow Process Corner)
  Requirement:            1.500ns  (MaxDelay Path 1.500ns)
  Data Path Delay:        1.739ns  (logic 0.369ns (21.219%)  route 1.370ns (78.781%))
  Logic Levels:           0  
  Timing Exception:       MaxDelay Path 1.500ns -datapath_only

    Location             Delay type                Incr(ns)  Path(ns)    PBlock               Netlist Resource(s)
  -------------------------------------------------------------------    ----------------------------------------
    BITSLICE_RX_TX_X0Y684
                                                      0.000     0.000 r                       u_camera_hdmi/u_camera_subsystem/g_camera_frontend[1].u_camera/dvp_data_iob_reg[5]/C
    BITSLICE_RX_TX_X0Y684
                         FDRE (Prop_IN_FF_BITSLICE_COMPONENT_RX_TX_C_Q)
                                                      0.369     0.369 r                       u_camera_hdmi/u_camera_subsystem/g_camera_frontend[1].u_camera/dvp_data_iob_reg[5]/Q
                         net (fo=1, routed)           1.370     1.739                         u_camera_hdmi/u_camera_subsystem/g_camera_frontend[1].u_camera/dvp_data_iob[5]
    SLICE_X112Y720       FDRE                                         r  pblock_dvp_sync_slr3 u_camera_hdmi/u_camera_subsystem/g_camera_frontend[1].u_camera/dvp_data_sync_reg[5]/D
  -------------------------------------------------------------------    ----------------------------------------

                         max delay                    1.500     1.500                         
    SLICE_X112Y720       FDRE (Setup_EFF2_SLICEL_C_D)
                                                      0.025     1.525    pblock_dvp_sync_slr3   u_camera_hdmi/u_camera_subsystem/g_camera_frontend[1].u_camera/dvp_data_sync_reg[5]
  -------------------------------------------------------------------
                         required time                          1.525                           
                         arrival time                          -1.739                           
  -------------------------------------------------------------------
                         slack                                 -0.214                           

Slack (VIOLATED) :        -0.172ns  (required time - arrival time)
  Source:                 u_camera_hdmi/u_camera_subsystem/g_camera_frontend[7].u_camera/dvp_data_iob_reg[2]/C
                            (rising edge-triggered cell FDRE clocked by mmcm_clkout0  {rise@0.000ns fall@1.666ns period=3.332ns})
  Destination:            u_camera_hdmi/u_camera_subsystem/g_camera_frontend[7].u_camera/dvp_data_sync_reg[2]/D
                            (rising edge-triggered cell FDRE clocked by mmcm_clkout0  {rise@0.000ns fall@1.666ns period=3.332ns})
  Path Group:             mmcm_clkout0
  Path Type:              Setup (Max at Slow Process Corner)
  Requirement:            1.500ns  (MaxDelay Path 1.500ns)
  Data Path Delay:        1.697ns  (logic 0.310ns (18.268%)  route 1.387ns (81.732%))
  Logic Levels:           0  
  Timing Exception:       MaxDelay Path 1.500ns -datapath_only

    Location             Delay type                Incr(ns)  Path(ns)    PBlock               Netlist Resource(s)
  -------------------------------------------------------------------    ----------------------------------------
    BITSLICE_RX_TX_X0Y446
                                                      0.000     0.000 r                       u_camera_hdmi/u_camera_subsystem/g_camera_frontend[7].u_camera/dvp_data_iob_reg[2]/C
    BITSLICE_RX_TX_X0Y446
                         FDRE (Prop_IN_FF_BITSLICE_COMPONENT_RX_TX_C_Q)
                                                      0.310     0.310 r                       u_camera_hdmi/u_camera_subsystem/g_camera_frontend[7].u_camera/dvp_data_iob_reg[2]/Q
                         net (fo=1, routed)           1.387     1.697                         u_camera_hdmi/u_camera_subsystem/g_camera_frontend[7].u_camera/dvp_data_iob[2]
    SLICE_X100Y502       FDRE                                         r  pblock_dvp_bridge_slr2
                                                                                              u_camera_hdmi/u_camera_subsystem/g_camera_frontend[7].u_camera/dvp_data_sync_reg[2]/D
  -------------------------------------------------------------------    ----------------------------------------

                         max delay                    1.500     1.500                         
    SLICE_X100Y502       FDRE (Setup_EFF_SLICEM_C_D)
                                                      0.025     1.525    pblock_dvp_bridge_slr2
                                                                                                u_camera_hdmi/u_camera_subsystem/g_camera_frontend[7].u_camera/dvp_data_sync_reg[2]
  -------------------------------------------------------------------
                         required time                          1.525                           
                         arrival time                          -1.697                           
  -------------------------------------------------------------------
                         slack                                 -0.172                           

Slack (VIOLATED) :        -0.171ns  (required time - arrival time)
  Source:                 u_camera_hdmi/u_camera_subsystem/g_camera_frontend[1].u_camera/dvp_vsync_iob_reg/C
                            (rising edge-triggered cell FDRE clocked by mmcm_clkout0  {rise@0.000ns fall@1.666ns period=3.332ns})
  Destination:            u_camera_hdmi/u_camera_subsystem/g_camera_frontend[1].u_camera/dvp_vsync_sync_reg/D
                            (rising edge-triggered cell FDRE clocked by mmcm_clkout0  {rise@0.000ns fall@1.666ns period=3.332ns})
  Path Group:             mmcm_clkout0
  Path Type:              Setup (Max at Slow Process Corner)
  Requirement:            1.500ns  (MaxDelay Path 1.500ns)
  Data Path Delay:        1.696ns  (logic 0.294ns (17.335%)  route 1.402ns (82.665%))
  Logic Levels:           0  
  Timing Exception:       MaxDelay Path 1.500ns -datapath_only

    Location             Delay type                Incr(ns)  Path(ns)    PBlock               Netlist Resource(s)
  -------------------------------------------------------------------    ----------------------------------------
    BITSLICE_RX_TX_X0Y682
                                                      0.000     0.000 r                       u_camera_hdmi/u_camera_subsystem/g_camera_frontend[1].u_camera/dvp_vsync_iob_reg/C
    BITSLICE_RX_TX_X0Y682
                         FDRE (Prop_IN_FF_BITSLICE_COMPONENT_RX_TX_C_Q)
                                                      0.294     0.294 r                       u_camera_hdmi/u_camera_subsystem/g_camera_frontend[1].u_camera/dvp_vsync_iob_reg/Q
                         net (fo=1, routed)           1.402     1.696                         u_camera_hdmi/u_camera_subsystem/g_camera_frontend[1].u_camera/dvp_vsync_iob
    SLICE_X112Y725       FDRE                                         r  pblock_dvp_sync_slr3 u_camera_hdmi/u_camera_subsystem/g_camera_frontend[1].u_camera/dvp_vsync_sync_reg/D
  -------------------------------------------------------------------    ----------------------------------------

                         max delay                    1.500     1.500                         
    SLICE_X112Y725       FDRE (Setup_AFF_SLICEL_C_D)
                                                      0.025     1.525    pblock_dvp_sync_slr3   u_camera_hdmi/u_camera_subsystem/g_camera_frontend[1].u_camera/dvp_vsync_sync_reg
  -------------------------------------------------------------------
                         required time                          1.525                           
                         arrival time                          -1.696                           
  -------------------------------------------------------------------
                         slack                                 -0.171                           

Slack (VIOLATED) :        -0.146ns  (required time - arrival time)
  Source:                 u_camera_hdmi/u_camera_subsystem/g_camera_frontend[4].u_camera/dvp_data_iob_reg[3]/C
                            (rising edge-triggered cell FDRE clocked by mmcm_clkout0  {rise@0.000ns fall@1.666ns period=3.332ns})
  Destination:            u_camera_hdmi/u_camera_subsystem/g_camera_frontend[4].u_camera/dvp_data_sync_reg[3]/D
                            (rising edge-triggered cell FDRE clocked by mmcm_clkout0  {rise@0.000ns fall@1.666ns period=3.332ns})
  Path Group:             mmcm_clkout0
  Path Type:              Setup (Max at Slow Process Corner)
  Requirement:            1.500ns  (MaxDelay Path 1.500ns)
  Data Path Delay:        1.671ns  (logic 0.478ns (28.606%)  route 1.193ns (71.394%))
  Logic Levels:           0  
  Timing Exception:       MaxDelay Path 1.500ns -datapath_only

    Location             Delay type                Incr(ns)  Path(ns)    PBlock               Netlist Resource(s)
  -------------------------------------------------------------------    ----------------------------------------
    BITSLICE_RX_TX_X0Y504
                                                      0.000     0.000 r                       u_camera_hdmi/u_camera_subsystem/g_camera_frontend[4].u_camera/dvp_data_iob_reg[3]/C
    BITSLICE_RX_TX_X0Y504
                         FDRE (Prop_IN_FF_BITSLICE_COMPONENT_RX_TX_C_Q)
                                                      0.478     0.478 r                       u_camera_hdmi/u_camera_subsystem/g_camera_frontend[4].u_camera/dvp_data_iob_reg[3]/Q
                         net (fo=1, routed)           1.193     1.671                         u_camera_hdmi/u_camera_subsystem/g_camera_frontend[4].u_camera/dvp_data_iob[3]
    SLICE_X107Y531       FDRE                                         r  pblock_dvp_bridge_slr2
                                                                                              u_camera_hdmi/u_camera_subsystem/g_camera_frontend[4].u_camera/dvp_data_sync_reg[3]/D
  -------------------------------------------------------------------    ----------------------------------------

                         max delay                    1.500     1.500                         
    SLICE_X107Y531       FDRE (Setup_BFF_SLICEM_C_D)
                                                      0.025     1.525    pblock_dvp_bridge_slr2
                                                                                                u_camera_hdmi/u_camera_subsystem/g_camera_frontend[4].u_camera/dvp_data_sync_reg[3]
  -------------------------------------------------------------------
                         required time                          1.525                           
                         arrival time                          -1.671                           
  -------------------------------------------------------------------
                         slack                                 -0.146                           

Slack (VIOLATED) :        -0.141ns  (required time - arrival time)
  Source:                 u_camera_hdmi/u_camera_subsystem/g_camera_frontend[3].u_camera/dvp_data_iob_reg[5]/C
                            (rising edge-triggered cell FDRE clocked by mmcm_clkout0  {rise@0.000ns fall@1.666ns period=3.332ns})
  Destination:            u_camera_hdmi/u_camera_subsystem/g_camera_frontend[3].u_camera/dvp_data_sync_reg[5]/D
                            (rising edge-triggered cell FDRE clocked by mmcm_clkout0  {rise@0.000ns fall@1.666ns period=3.332ns})
  Path Group:             mmcm_clkout0
  Path Type:              Setup (Max at Slow Process Corner)
  Requirement:            1.500ns  (MaxDelay Path 1.500ns)
  Data Path Delay:        1.666ns  (logic 0.402ns (24.130%)  route 1.264ns (75.870%))
  Logic Levels:           0  
  Timing Exception:       MaxDelay Path 1.500ns -datapath_only

    Location             Delay type                Incr(ns)  Path(ns)    PBlock               Netlist Resource(s)
  -------------------------------------------------------------------    ----------------------------------------
    BITSLICE_RX_TX_X0Y659
                                                      0.000     0.000 r                       u_camera_hdmi/u_camera_subsystem/g_camera_frontend[3].u_camera/dvp_data_iob_reg[5]/C
    BITSLICE_RX_TX_X0Y659
                         FDRE (Prop_IN_FF_BITSLICE_COMPONENT_RX_TX_C_Q)
                                                      0.402     0.402 r                       u_camera_hdmi/u_camera_subsystem/g_camera_frontend[3].u_camera/dvp_data_iob_reg[5]/Q
                         net (fo=1, routed)           1.264     1.666                         u_camera_hdmi/u_camera_subsystem/g_camera_frontend[3].u_camera/dvp_data_iob[5]
    SLICE_X112Y721       FDRE                                         r  pblock_dvp_sync_slr3 u_camera_hdmi/u_camera_subsystem/g_camera_frontend[3].u_camera/dvp_data_sync_reg[5]/D
  -------------------------------------------------------------------    ----------------------------------------

                         max delay                    1.500     1.500                         
    SLICE_X112Y721       FDRE (Setup_BFF2_SLICEL_C_D)
                                                      0.025     1.525    pblock_dvp_sync_slr3   u_camera_hdmi/u_camera_subsystem/g_camera_frontend[3].u_camera/dvp_data_sync_reg[5]
  -------------------------------------------------------------------
                         required time                          1.525                           
                         arrival time                          -1.666                           
  -------------------------------------------------------------------
                         slack                                 -0.141                           

Slack (VIOLATED) :        -0.139ns  (required time - arrival time)
  Source:                 u_camera_hdmi/u_camera_subsystem/g_camera_frontend[7].u_camera/dvp_data_iob_reg[0]/C
                            (rising edge-triggered cell FDRE clocked by mmcm_clkout0  {rise@0.000ns fall@1.666ns period=3.332ns})
  Destination:            u_camera_hdmi/u_camera_subsystem/g_camera_frontend[7].u_camera/dvp_data_sync_reg[0]/D
                            (rising edge-triggered cell FDRE clocked by mmcm_clkout0  {rise@0.000ns fall@1.666ns period=3.332ns})
  Path Group:             mmcm_clkout0
  Path Type:              Setup (Max at Slow Process Corner)
  Requirement:            1.500ns  (MaxDelay Path 1.500ns)
  Data Path Delay:        1.664ns  (logic 0.478ns (28.726%)  route 1.186ns (71.274%))
  Logic Levels:           0  
  Timing Exception:       MaxDelay Path 1.500ns -datapath_only

    Location             Delay type                Incr(ns)  Path(ns)    PBlock               Netlist Resource(s)
  -------------------------------------------------------------------    ----------------------------------------
    BITSLICE_RX_TX_X0Y426
                                                      0.000     0.000 r                       u_camera_hdmi/u_camera_subsystem/g_camera_frontend[7].u_camera/dvp_data_iob_reg[0]/C
    BITSLICE_RX_TX_X0Y426
                         FDRE (Prop_IN_FF_BITSLICE_COMPONENT_RX_TX_C_Q)
                                                      0.478     0.478 r                       u_camera_hdmi/u_camera_subsystem/g_camera_frontend[7].u_camera/dvp_data_iob_reg[0]/Q
                         net (fo=1, routed)           1.186     1.664                         u_camera_hdmi/u_camera_subsystem/g_camera_frontend[7].u_camera/dvp_data_iob[0]
    SLICE_X102Y480       FDRE                                         r  pblock_dvp_bridge_slr2
                                                                                              u_camera_hdmi/u_camera_subsystem/g_camera_frontend[7].u_camera/dvp_data_sync_reg[0]/D
  -------------------------------------------------------------------    ----------------------------------------

                         max delay                    1.500     1.500                         
    SLICE_X102Y480       FDRE (Setup_EFF_SLICEM_C_D)
                                                      0.025     1.525    pblock_dvp_bridge_slr2
                                                                                                u_camera_hdmi/u_camera_subsystem/g_camera_frontend[7].u_camera/dvp_data_sync_reg[0]
  -------------------------------------------------------------------
                         required time                          1.525                           
                         arrival time                          -1.664                           
  -------------------------------------------------------------------
                         slack                                 -0.139                           

Slack (VIOLATED) :        -0.129ns  (required time - arrival time)
  Source:                 u_camera_hdmi/u_camera_subsystem/g_camera_frontend[2].u_camera/dvp_href_iob_reg/C
                            (rising edge-triggered cell FDRE clocked by mmcm_clkout0  {rise@0.000ns fall@1.666ns period=3.332ns})
  Destination:            u_camera_hdmi/u_camera_subsystem/g_camera_frontend[2].u_camera/dvp_href_sync_reg/D
                            (rising edge-triggered cell FDRE clocked by mmcm_clkout0  {rise@0.000ns fall@1.666ns period=3.332ns})
  Path Group:             mmcm_clkout0
  Path Type:              Setup (Max at Slow Process Corner)
  Requirement:            1.500ns  (MaxDelay Path 1.500ns)
  Data Path Delay:        1.654ns  (logic 0.431ns (26.058%)  route 1.223ns (73.942%))
  Logic Levels:           0  
  Timing Exception:       MaxDelay Path 1.500ns -datapath_only

    Location             Delay type                Incr(ns)  Path(ns)    PBlock               Netlist Resource(s)
  -------------------------------------------------------------------    ----------------------------------------
    BITSLICE_RX_TX_X0Y665
                                                      0.000     0.000 r                       u_camera_hdmi/u_camera_subsystem/g_camera_frontend[2].u_camera/dvp_href_iob_reg/C
    BITSLICE_RX_TX_X0Y665
                         FDRE (Prop_IN_FF_BITSLICE_COMPONENT_RX_TX_C_Q)
                                                      0.431     0.431 r                       u_camera_hdmi/u_camera_subsystem/g_camera_frontend[2].u_camera/dvp_href_iob_reg/Q
                         net (fo=1, routed)           1.223     1.654                         u_camera_hdmi/u_camera_subsystem/g_camera_frontend[2].u_camera/dvp_href_iob
    SLICE_X110Y722       FDRE                                         r  pblock_dvp_sync_slr3 u_camera_hdmi/u_camera_subsystem/g_camera_frontend[2].u_camera/dvp_href_sync_reg/D
  -------------------------------------------------------------------    ----------------------------------------

                         max delay                    1.500     1.500                         
    SLICE_X110Y722       FDRE (Setup_EFF_SLICEL_C_D)
                                                      0.025     1.525    pblock_dvp_sync_slr3   u_camera_hdmi/u_camera_subsystem/g_camera_frontend[2].u_camera/dvp_href_sync_reg
  -------------------------------------------------------------------
                         required time                          1.525                           
                         arrival time                          -1.654                           
  -------------------------------------------------------------------
                         slack                                 -0.129                           

Slack (VIOLATED) :        -0.126ns  (required time - arrival time)
  Source:                 u_camera_hdmi/u_camera_subsystem/g_camera_frontend[4].u_camera/dvp_pclk_iob_reg/C
                            (rising edge-triggered cell FDRE clocked by mmcm_clkout0  {rise@0.000ns fall@1.666ns period=3.332ns})
  Destination:            u_camera_hdmi/u_camera_subsystem/g_camera_frontend[4].u_camera/dvp_pclk_sync_reg/D
                            (rising edge-triggered cell FDRE clocked by mmcm_clkout0  {rise@0.000ns fall@1.666ns period=3.332ns})
  Path Group:             mmcm_clkout0
  Path Type:              Setup (Max at Slow Process Corner)
  Requirement:            1.500ns  (MaxDelay Path 1.500ns)
  Data Path Delay:        1.651ns  (logic 0.478ns (28.952%)  route 1.173ns (71.048%))
  Logic Levels:           0  
  Timing Exception:       MaxDelay Path 1.500ns -datapath_only

    Location             Delay type                Incr(ns)  Path(ns)    PBlock               Netlist Resource(s)
  -------------------------------------------------------------------    ----------------------------------------
    BITSLICE_RX_TX_X0Y491
                                                      0.000     0.000 r                       u_camera_hdmi/u_camera_subsystem/g_camera_frontend[4].u_camera/dvp_pclk_iob_reg/C
    BITSLICE_RX_TX_X0Y491
                         FDRE (Prop_IN_FF_BITSLICE_COMPONENT_RX_TX_C_Q)
                                                      0.478     0.478 r                       u_camera_hdmi/u_camera_subsystem/g_camera_frontend[4].u_camera/dvp_pclk_iob_reg/Q
                         net (fo=1, routed)           1.173     1.651                         u_camera_hdmi/u_camera_subsystem/g_camera_frontend[4].u_camera/dvp_pclk_iob
    SLICE_X113Y521       FDRE                                         r  pblock_dvp_bridge_slr2
                                                                                              u_camera_hdmi/u_camera_subsystem/g_camera_frontend[4].u_camera/dvp_pclk_sync_reg/D
  -------------------------------------------------------------------    ----------------------------------------

                         max delay                    1.500     1.500                         
    SLICE_X113Y521       FDRE (Setup_EFF_SLICEL_C_D)
                                                      0.025     1.525    pblock_dvp_bridge_slr2
                                                                                                u_camera_hdmi/u_camera_subsystem/g_camera_frontend[4].u_camera/dvp_pclk_sync_reg
  -------------------------------------------------------------------
                         required time                          1.525                           
                         arrival time                          -1.651                           
  -------------------------------------------------------------------
                         slack                                 -0.126                           

Slack (VIOLATED) :        -0.124ns  (required time - arrival time)
  Source:                 u_camera_hdmi/u_camera_subsystem/g_camera_frontend[7].u_camera/dvp_data_iob_reg[4]/C
                            (rising edge-triggered cell FDRE clocked by mmcm_clkout0  {rise@0.000ns fall@1.666ns period=3.332ns})
  Destination:            u_camera_hdmi/u_camera_subsystem/g_camera_frontend[7].u_camera/dvp_data_sync_reg[4]/D
                            (rising edge-triggered cell FDRE clocked by mmcm_clkout0  {rise@0.000ns fall@1.666ns period=3.332ns})
  Path Group:             mmcm_clkout0
  Path Type:              Setup (Max at Slow Process Corner)
  Requirement:            1.500ns  (MaxDelay Path 1.500ns)
  Data Path Delay:        1.649ns  (logic 0.294ns (17.829%)  route 1.355ns (82.171%))
  Logic Levels:           0  
  Timing Exception:       MaxDelay Path 1.500ns -datapath_only

    Location             Delay type                Incr(ns)  Path(ns)    PBlock               Netlist Resource(s)
  -------------------------------------------------------------------    ----------------------------------------
    BITSLICE_RX_TX_X0Y422
                                                      0.000     0.000 r                       u_camera_hdmi/u_camera_subsystem/g_camera_frontend[7].u_camera/dvp_data_iob_reg[4]/C
    BITSLICE_RX_TX_X0Y422
                         FDRE (Prop_IN_FF_BITSLICE_COMPONENT_RX_TX_C_Q)
                                                      0.294     0.294 r                       u_camera_hdmi/u_camera_subsystem/g_camera_frontend[7].u_camera/dvp_data_iob_reg[4]/Q
                         net (fo=1, routed)           1.355     1.649                         u_camera_hdmi/u_camera_subsystem/g_camera_frontend[7].u_camera/dvp_data_iob[4]
    SLICE_X102Y480       FDRE                                         r  pblock_dvp_bridge_slr2
                                                                                              u_camera_hdmi/u_camera_subsystem/g_camera_frontend[7].u_camera/dvp_data_sync_reg[4]/D
  -------------------------------------------------------------------    ----------------------------------------

                         max delay                    1.500     1.500                         
    SLICE_X102Y480       FDRE (Setup_FFF_SLICEM_C_D)
                                                      0.025     1.525    pblock_dvp_bridge_slr2
                                                                                                u_camera_hdmi/u_camera_subsystem/g_camera_frontend[7].u_camera/dvp_data_sync_reg[4]
  -------------------------------------------------------------------
                         required time                          1.525                           
                         arrival time                          -1.649                           
  -------------------------------------------------------------------
                         slack                                 -0.124                           

Slack (VIOLATED) :        -0.121ns  (required time - arrival time)
  Source:                 u_camera_hdmi/u_camera_subsystem/g_camera_frontend[7].u_camera/dvp_data_iob_reg[1]/C
                            (rising edge-triggered cell FDRE clocked by mmcm_clkout0  {rise@0.000ns fall@1.666ns period=3.332ns})
  Destination:            u_camera_hdmi/u_camera_subsystem/g_camera_frontend[7].u_camera/dvp_data_sync_reg[1]/D
                            (rising edge-triggered cell FDRE clocked by mmcm_clkout0  {rise@0.000ns fall@1.666ns period=3.332ns})
  Path Group:             mmcm_clkout0
  Path Type:              Setup (Max at Slow Process Corner)
  Requirement:            1.500ns  (MaxDelay Path 1.500ns)
  Data Path Delay:        1.646ns  (logic 0.303ns (18.408%)  route 1.343ns (81.592%))
  Logic Levels:           0  
  Timing Exception:       MaxDelay Path 1.500ns -datapath_only

    Location             Delay type                Incr(ns)  Path(ns)    PBlock               Netlist Resource(s)
  -------------------------------------------------------------------    ----------------------------------------
    BITSLICE_RX_TX_X0Y427
                                                      0.000     0.000 r                       u_camera_hdmi/u_camera_subsystem/g_camera_frontend[7].u_camera/dvp_data_iob_reg[1]/C
    BITSLICE_RX_TX_X0Y427
                         FDRE (Prop_IN_FF_BITSLICE_COMPONENT_RX_TX_C_Q)
                                                      0.303     0.303 r                       u_camera_hdmi/u_camera_subsystem/g_camera_frontend[7].u_camera/dvp_data_iob_reg[1]/Q
                         net (fo=1, routed)           1.343     1.646                         u_camera_hdmi/u_camera_subsystem/g_camera_frontend[7].u_camera/dvp_data_iob[1]
    SLICE_X102Y480       FDRE                                         r  pblock_dvp_bridge_slr2
                                                                                              u_camera_hdmi/u_camera_subsystem/g_camera_frontend[7].u_camera/dvp_data_sync_reg[1]/D
  -------------------------------------------------------------------    ----------------------------------------

                         max delay                    1.500     1.500                         
    SLICE_X102Y480       FDRE (Setup_EFF2_SLICEM_C_D)
                                                      0.025     1.525    pblock_dvp_bridge_slr2
                                                                                                u_camera_hdmi/u_camera_subsystem/g_camera_frontend[7].u_camera/dvp_data_sync_reg[1]
  -------------------------------------------------------------------
                         required time                          1.525                           
                         arrival time                          -1.646                           
  -------------------------------------------------------------------
                         slack                                 -0.121                           

Slack (VIOLATED) :        -0.110ns  (required time - arrival time)
  Source:                 u_camera_hdmi/u_camera_subsystem/g_camera_frontend[2].u_camera/dvp_data_iob_reg[5]/C
                            (rising edge-triggered cell FDRE clocked by mmcm_clkout0  {rise@0.000ns fall@1.666ns period=3.332ns})
  Destination:            u_camera_hdmi/u_camera_subsystem/g_camera_frontend[2].u_camera/dvp_data_sync_reg[5]/D
                            (rising edge-triggered cell FDRE clocked by mmcm_clkout0  {rise@0.000ns fall@1.666ns period=3.332ns})
  Path Group:             mmcm_clkout0
  Path Type:              Setup (Max at Slow Process Corner)
  Requirement:            1.500ns  (MaxDelay Path 1.500ns)
  Data Path Delay:        1.635ns  (logic 0.478ns (29.235%)  route 1.157ns (70.765%))
  Logic Levels:           0  
  Timing Exception:       MaxDelay Path 1.500ns -datapath_only

    Location             Delay type                Incr(ns)  Path(ns)    PBlock               Netlist Resource(s)
  -------------------------------------------------------------------    ----------------------------------------
    BITSLICE_RX_TX_X0Y660
                                                      0.000     0.000 r                       u_camera_hdmi/u_camera_subsystem/g_camera_frontend[2].u_camera/dvp_data_iob_reg[5]/C
    BITSLICE_RX_TX_X0Y660
                         FDRE (Prop_IN_FF_BITSLICE_COMPONENT_RX_TX_C_Q)
                                                      0.478     0.478 r                       u_camera_hdmi/u_camera_subsystem/g_camera_frontend[2].u_camera/dvp_data_iob_reg[5]/Q
                         net (fo=1, routed)           1.157     1.635                         u_camera_hdmi/u_camera_subsystem/g_camera_frontend[2].u_camera/dvp_data_iob[5]
    SLICE_X112Y722       FDRE                                         r  pblock_dvp_sync_slr3 u_camera_hdmi/u_camera_subsystem/g_camera_frontend[2].u_camera/dvp_data_sync_reg[5]/D
  -------------------------------------------------------------------    ----------------------------------------

                         max delay                    1.500     1.500                         
    SLICE_X112Y722       FDRE (Setup_EFF_SLICEL_C_D)
                                                      0.025     1.525    pblock_dvp_sync_slr3   u_camera_hdmi/u_camera_subsystem/g_camera_frontend[2].u_camera/dvp_data_sync_reg[5]
  -------------------------------------------------------------------
                         required time                          1.525                           
                         arrival time                          -1.635                           
  -------------------------------------------------------------------
                         slack                                 -0.110                           

Slack (VIOLATED) :        -0.109ns  (required time - arrival time)
  Source:                 u_camera_hdmi/u_camera_subsystem/g_camera_frontend[2].u_camera/dvp_data_iob_reg[7]/C
                            (rising edge-triggered cell FDRE clocked by mmcm_clkout0  {rise@0.000ns fall@1.666ns period=3.332ns})
  Destination:            u_camera_hdmi/u_camera_subsystem/g_camera_frontend[2].u_camera/dvp_data_sync_reg[7]/D
                            (rising edge-triggered cell FDRE clocked by mmcm_clkout0  {rise@0.000ns fall@1.666ns period=3.332ns})
  Path Group:             mmcm_clkout0
  Path Type:              Setup (Max at Slow Process Corner)
  Requirement:            1.500ns  (MaxDelay Path 1.500ns)
  Data Path Delay:        1.634ns  (logic 0.294ns (17.993%)  route 1.340ns (82.007%))
  Logic Levels:           0  
  Timing Exception:       MaxDelay Path 1.500ns -datapath_only

    Location             Delay type                Incr(ns)  Path(ns)    PBlock               Netlist Resource(s)
  -------------------------------------------------------------------    ----------------------------------------
    BITSLICE_RX_TX_X0Y656
                                                      0.000     0.000 r                       u_camera_hdmi/u_camera_subsystem/g_camera_frontend[2].u_camera/dvp_data_iob_reg[7]/C
    BITSLICE_RX_TX_X0Y656
                         FDRE (Prop_IN_FF_BITSLICE_COMPONENT_RX_TX_C_Q)
                                                      0.294     0.294 r                       u_camera_hdmi/u_camera_subsystem/g_camera_frontend[2].u_camera/dvp_data_iob_reg[7]/Q
                         net (fo=1, routed)           1.340     1.634                         u_camera_hdmi/u_camera_subsystem/g_camera_frontend[2].u_camera/dvp_data_iob[7]
    SLICE_X112Y722       FDRE                                         r  pblock_dvp_sync_slr3 u_camera_hdmi/u_camera_subsystem/g_camera_frontend[2].u_camera/dvp_data_sync_reg[7]/D
  -------------------------------------------------------------------    ----------------------------------------

                         max delay                    1.500     1.500                         
    SLICE_X112Y722       FDRE (Setup_FFF_SLICEL_C_D)
                                                      0.025     1.525    pblock_dvp_sync_slr3   u_camera_hdmi/u_camera_subsystem/g_camera_frontend[2].u_camera/dvp_data_sync_reg[7]
  -------------------------------------------------------------------
                         required time                          1.525                           
                         arrival time                          -1.634                           
  -------------------------------------------------------------------
                         slack                                 -0.109                           

Slack (VIOLATED) :        -0.094ns  (required time - arrival time)
  Source:                 u_camera_hdmi/u_camera_subsystem/g_camera_frontend[4].u_camera/dvp_data_iob_reg[2]/C
                            (rising edge-triggered cell FDRE clocked by mmcm_clkout0  {rise@0.000ns fall@1.666ns period=3.332ns})
  Destination:            u_camera_hdmi/u_camera_subsystem/g_camera_frontend[4].u_camera/dvp_data_sync_reg[2]/D
                            (rising edge-triggered cell FDRE clocked by mmcm_clkout0  {rise@0.000ns fall@1.666ns period=3.332ns})
  Path Group:             mmcm_clkout0
  Path Type:              Setup (Max at Slow Process Corner)
  Requirement:            1.500ns  (MaxDelay Path 1.500ns)
  Data Path Delay:        1.619ns  (logic 0.303ns (18.715%)  route 1.316ns (81.285%))
  Logic Levels:           0  
  Timing Exception:       MaxDelay Path 1.500ns -datapath_only

    Location             Delay type                Incr(ns)  Path(ns)    PBlock               Netlist Resource(s)
  -------------------------------------------------------------------    ----------------------------------------
    BITSLICE_RX_TX_X0Y505
                                                      0.000     0.000 r                       u_camera_hdmi/u_camera_subsystem/g_camera_frontend[4].u_camera/dvp_data_iob_reg[2]/C
    BITSLICE_RX_TX_X0Y505
                         FDRE (Prop_IN_FF_BITSLICE_COMPONENT_RX_TX_C_Q)
                                                      0.303     0.303 r                       u_camera_hdmi/u_camera_subsystem/g_camera_frontend[4].u_camera/dvp_data_iob_reg[2]/Q
                         net (fo=1, routed)           1.316     1.619                         u_camera_hdmi/u_camera_subsystem/g_camera_frontend[4].u_camera/dvp_data_iob[2]
    SLICE_X107Y531       FDRE                                         r  pblock_dvp_bridge_slr2
                                                                                              u_camera_hdmi/u_camera_subsystem/g_camera_frontend[4].u_camera/dvp_data_sync_reg[2]/D
  -------------------------------------------------------------------    ----------------------------------------

                         max delay                    1.500     1.500                         
    SLICE_X107Y531       FDRE (Setup_AFF2_SLICEM_C_D)
                                                      0.025     1.525    pblock_dvp_bridge_slr2
                                                                                                u_camera_hdmi/u_camera_subsystem/g_camera_frontend[4].u_camera/dvp_data_sync_reg[2]
  -------------------------------------------------------------------
                         required time                          1.525                           
                         arrival time                          -1.619                           
  -------------------------------------------------------------------
                         slack                                 -0.094                           

Slack (VIOLATED) :        -0.088ns  (required time - arrival time)
  Source:                 u_camera_hdmi/u_camera_subsystem/g_camera_frontend[2].u_camera/dvp_data_iob_reg[6]/C
                            (rising edge-triggered cell FDRE clocked by mmcm_clkout0  {rise@0.000ns fall@1.666ns period=3.332ns})
  Destination:            u_camera_hdmi/u_camera_subsystem/g_camera_frontend[2].u_camera/dvp_data_sync_reg[6]/D
                            (rising edge-triggered cell FDRE clocked by mmcm_clkout0  {rise@0.000ns fall@1.666ns period=3.332ns})
  Path Group:             mmcm_clkout0
  Path Type:              Setup (Max at Slow Process Corner)
  Requirement:            1.500ns  (MaxDelay Path 1.500ns)
  Data Path Delay:        1.613ns  (logic 0.309ns (19.157%)  route 1.304ns (80.843%))
  Logic Levels:           0  
  Timing Exception:       MaxDelay Path 1.500ns -datapath_only

    Location             Delay type                Incr(ns)  Path(ns)    PBlock               Netlist Resource(s)
  -------------------------------------------------------------------    ----------------------------------------
    BITSLICE_RX_TX_X0Y657
                                                      0.000     0.000 r                       u_camera_hdmi/u_camera_subsystem/g_camera_frontend[2].u_camera/dvp_data_iob_reg[6]/C
    BITSLICE_RX_TX_X0Y657
                         FDRE (Prop_IN_FF_BITSLICE_COMPONENT_RX_TX_C_Q)
                                                      0.309     0.309 r                       u_camera_hdmi/u_camera_subsystem/g_camera_frontend[2].u_camera/dvp_data_iob_reg[6]/Q
                         net (fo=1, routed)           1.304     1.613                         u_camera_hdmi/u_camera_subsystem/g_camera_frontend[2].u_camera/dvp_data_iob[6]
    SLICE_X112Y722       FDRE                                         r  pblock_dvp_sync_slr3 u_camera_hdmi/u_camera_subsystem/g_camera_frontend[2].u_camera/dvp_data_sync_reg[6]/D
  -------------------------------------------------------------------    ----------------------------------------

                         max delay                    1.500     1.500                         
    SLICE_X112Y722       FDRE (Setup_EFF2_SLICEL_C_D)
                                                      0.025     1.525    pblock_dvp_sync_slr3   u_camera_hdmi/u_camera_subsystem/g_camera_frontend[2].u_camera/dvp_data_sync_reg[6]
  -------------------------------------------------------------------
                         required time                          1.525                           
                         arrival time                          -1.613                           
  -------------------------------------------------------------------
                         slack                                 -0.088                           

Slack (VIOLATED) :        -0.083ns  (required time - arrival time)
  Source:                 u_camera_hdmi/u_camera_subsystem/g_camera_frontend[1].u_camera/dvp_data_iob_reg[6]/C
                            (rising edge-triggered cell FDRE clocked by mmcm_clkout0  {rise@0.000ns fall@1.666ns period=3.332ns})
  Destination:            u_camera_hdmi/u_camera_subsystem/g_camera_frontend[1].u_camera/dvp_data_sync_reg[6]/D
                            (rising edge-triggered cell FDRE clocked by mmcm_clkout0  {rise@0.000ns fall@1.666ns period=3.332ns})
  Path Group:             mmcm_clkout0
  Path Type:              Setup (Max at Slow Process Corner)
  Requirement:            1.500ns  (MaxDelay Path 1.500ns)
  Data Path Delay:        1.608ns  (logic 0.349ns (21.704%)  route 1.259ns (78.296%))
  Logic Levels:           0  
  Timing Exception:       MaxDelay Path 1.500ns -datapath_only

    Location             Delay type                Incr(ns)  Path(ns)    PBlock               Netlist Resource(s)
  -------------------------------------------------------------------    ----------------------------------------
    BITSLICE_RX_TX_X0Y677
                                                      0.000     0.000 r                       u_camera_hdmi/u_camera_subsystem/g_camera_frontend[1].u_camera/dvp_data_iob_reg[6]/C
    BITSLICE_RX_TX_X0Y677
                         FDRE (Prop_IN_FF_BITSLICE_COMPONENT_RX_TX_C_Q)
                                                      0.349     0.349 r                       u_camera_hdmi/u_camera_subsystem/g_camera_frontend[1].u_camera/dvp_data_iob_reg[6]/Q
                         net (fo=1, routed)           1.259     1.608                         u_camera_hdmi/u_camera_subsystem/g_camera_frontend[1].u_camera/dvp_data_iob[6]
    SLICE_X112Y720       FDRE                                         r  pblock_dvp_sync_slr3 u_camera_hdmi/u_camera_subsystem/g_camera_frontend[1].u_camera/dvp_data_sync_reg[6]/D
  -------------------------------------------------------------------    ----------------------------------------

                         max delay                    1.500     1.500                         
    SLICE_X112Y720       FDRE (Setup_FFF_SLICEL_C_D)
                                                      0.025     1.525    pblock_dvp_sync_slr3   u_camera_hdmi/u_camera_subsystem/g_camera_frontend[1].u_camera/dvp_data_sync_reg[6]
  -------------------------------------------------------------------
                         required time                          1.525                           
                         arrival time                          -1.608                           
  -------------------------------------------------------------------
                         slack                                 -0.083                           

Slack (VIOLATED) :        -0.077ns  (required time - arrival time)
  Source:                 u_camera_hdmi/u_camera_subsystem/g_camera_frontend[1].u_camera/dvp_data_iob_reg[7]/C
                            (rising edge-triggered cell FDRE clocked by mmcm_clkout0  {rise@0.000ns fall@1.666ns period=3.332ns})
  Destination:            u_camera_hdmi/u_camera_subsystem/g_camera_frontend[1].u_camera/dvp_data_sync_reg[7]/D
                            (rising edge-triggered cell FDRE clocked by mmcm_clkout0  {rise@0.000ns fall@1.666ns period=3.332ns})
  Path Group:             mmcm_clkout0
  Path Type:              Setup (Max at Slow Process Corner)
  Requirement:            1.500ns  (MaxDelay Path 1.500ns)
  Data Path Delay:        1.602ns  (logic 0.251ns (15.668%)  route 1.351ns (84.332%))
  Logic Levels:           0  
  Timing Exception:       MaxDelay Path 1.500ns -datapath_only

    Location             Delay type                Incr(ns)  Path(ns)    PBlock               Netlist Resource(s)
  -------------------------------------------------------------------    ----------------------------------------
    BITSLICE_RX_TX_X0Y676
                                                      0.000     0.000 r                       u_camera_hdmi/u_camera_subsystem/g_camera_frontend[1].u_camera/dvp_data_iob_reg[7]/C
    BITSLICE_RX_TX_X0Y676
                         FDRE (Prop_IN_FF_BITSLICE_COMPONENT_RX_TX_C_Q)
                                                      0.251     0.251 r                       u_camera_hdmi/u_camera_subsystem/g_camera_frontend[1].u_camera/dvp_data_iob_reg[7]/Q
                         net (fo=1, routed)           1.351     1.602                         u_camera_hdmi/u_camera_subsystem/g_camera_frontend[1].u_camera/dvp_data_iob[7]
    SLICE_X112Y720       FDRE                                         r  pblock_dvp_sync_slr3 u_camera_hdmi/u_camera_subsystem/g_camera_frontend[1].u_camera/dvp_data_sync_reg[7]/D
  -------------------------------------------------------------------    ----------------------------------------

                         max delay                    1.500     1.500                         
    SLICE_X112Y720       FDRE (Setup_FFF2_SLICEL_C_D)
                                                      0.025     1.525    pblock_dvp_sync_slr3   u_camera_hdmi/u_camera_subsystem/g_camera_frontend[1].u_camera/dvp_data_sync_reg[7]
  -------------------------------------------------------------------
                         required time                          1.525                           
                         arrival time                          -1.602                           
  -------------------------------------------------------------------
                         slack                                 -0.077                           

Slack (VIOLATED) :        -0.067ns  (required time - arrival time)
  Source:                 u_camera_hdmi/u_camera_subsystem/g_camera_frontend[7].u_camera/dvp_pclk_iob_reg/C
                            (rising edge-triggered cell FDRE clocked by mmcm_clkout0  {rise@0.000ns fall@1.666ns period=3.332ns})
  Destination:            u_camera_hdmi/u_camera_subsystem/g_camera_frontend[7].u_camera/dvp_pclk_sync_reg/D
                            (rising edge-triggered cell FDRE clocked by mmcm_clkout0  {rise@0.000ns fall@1.666ns period=3.332ns})
  Path Group:             mmcm_clkout0
  Path Type:              Setup (Max at Slow Process Corner)
  Requirement:            1.500ns  (MaxDelay Path 1.500ns)
  Data Path Delay:        1.592ns  (logic 0.478ns (30.025%)  route 1.114ns (69.975%))
  Logic Levels:           0  
  Timing Exception:       MaxDelay Path 1.500ns -datapath_only

    Location             Delay type                Incr(ns)  Path(ns)    PBlock               Netlist Resource(s)
  -------------------------------------------------------------------    ----------------------------------------
    BITSLICE_RX_TX_X0Y439
                                                      0.000     0.000 r                       u_camera_hdmi/u_camera_subsystem/g_camera_frontend[7].u_camera/dvp_pclk_iob_reg/C
    BITSLICE_RX_TX_X0Y439
                         FDRE (Prop_IN_FF_BITSLICE_COMPONENT_RX_TX_C_Q)
                                                      0.478     0.478 r                       u_camera_hdmi/u_camera_subsystem/g_camera_frontend[7].u_camera/dvp_pclk_iob_reg/Q
                         net (fo=1, routed)           1.114     1.592                         u_camera_hdmi/u_camera_subsystem/g_camera_frontend[7].u_camera/dvp_pclk_iob
    SLICE_X102Y495       FDRE                                         r  pblock_dvp_bridge_slr2
                                                                                              u_camera_hdmi/u_camera_subsystem/g_camera_frontend[7].u_camera/dvp_pclk_sync_reg/D
  -------------------------------------------------------------------    ----------------------------------------

                         max delay                    1.500     1.500                         
    SLICE_X102Y495       FDRE (Setup_EFF2_SLICEM_C_D)
                                                      0.025     1.525    pblock_dvp_bridge_slr2
                                                                                                u_camera_hdmi/u_camera_subsystem/g_camera_frontend[7].u_camera/dvp_pclk_sync_reg
  -------------------------------------------------------------------
                         required time                          1.525                           
                         arrival time                          -1.592                           
  -------------------------------------------------------------------
                         slack                                 -0.067                           

Slack (VIOLATED) :        -0.042ns  (required time - arrival time)
  Source:                 u_camera_hdmi/u_camera_subsystem/g_camera_frontend[7].u_camera/dvp_href_iob_reg/C
                            (rising edge-triggered cell FDRE clocked by mmcm_clkout0  {rise@0.000ns fall@1.666ns period=3.332ns})
  Destination:            u_camera_hdmi/u_camera_subsystem/g_camera_frontend[7].u_camera/dvp_href_sync_reg/D
                            (rising edge-triggered cell FDRE clocked by mmcm_clkout0  {rise@0.000ns fall@1.666ns period=3.332ns})
  Path Group:             mmcm_clkout0
  Path Type:              Setup (Max at Slow Process Corner)
  Requirement:            1.500ns  (MaxDelay Path 1.500ns)
  Data Path Delay:        1.567ns  (logic 0.369ns (23.548%)  route 1.198ns (76.452%))
  Logic Levels:           0  
  Timing Exception:       MaxDelay Path 1.500ns -datapath_only

    Location             Delay type                Incr(ns)  Path(ns)    PBlock               Netlist Resource(s)
  -------------------------------------------------------------------    ----------------------------------------
    BITSLICE_RX_TX_X0Y424
                                                      0.000     0.000 r                       u_camera_hdmi/u_camera_subsystem/g_camera_frontend[7].u_camera/dvp_href_iob_reg/C
    BITSLICE_RX_TX_X0Y424
                         FDRE (Prop_IN_FF_BITSLICE_COMPONENT_RX_TX_C_Q)
                                                      0.369     0.369 r                       u_camera_hdmi/u_camera_subsystem/g_camera_frontend[7].u_camera/dvp_href_iob_reg/Q
                         net (fo=1, routed)           1.198     1.567                         u_camera_hdmi/u_camera_subsystem/g_camera_frontend[7].u_camera/dvp_href_iob
    SLICE_X102Y480       FDRE                                         r  pblock_dvp_bridge_slr2
                                                                                              u_camera_hdmi/u_camera_subsystem/g_camera_frontend[7].u_camera/dvp_href_sync_reg/D
  -------------------------------------------------------------------    ----------------------------------------

                         max delay                    1.500     1.500                         
    SLICE_X102Y480       FDRE (Setup_GFF_SLICEM_C_D)
                                                      0.025     1.525    pblock_dvp_bridge_slr2
                                                                                                u_camera_hdmi/u_camera_subsystem/g_camera_frontend[7].u_camera/dvp_href_sync_reg
  -------------------------------------------------------------------
                         required time                          1.525                           
                         arrival time                          -1.567                           
  -------------------------------------------------------------------
                         slack                                 -0.042                           

Slack (VIOLATED) :        -0.038ns  (required time - arrival time)
  Source:                 u_camera_hdmi/u_camera_subsystem/g_camera_frontend[3].u_camera/dvp_data_iob_reg[7]/C
                            (rising edge-triggered cell FDRE clocked by mmcm_clkout0  {rise@0.000ns fall@1.666ns period=3.332ns})
  Destination:            u_camera_hdmi/u_camera_subsystem/g_camera_frontend[3].u_camera/dvp_data_sync_reg[7]/D
                            (rising edge-triggered cell FDRE clocked by mmcm_clkout0  {rise@0.000ns fall@1.666ns period=3.332ns})
  Path Group:             mmcm_clkout0
  Path Type:              Setup (Max at Slow Process Corner)
  Requirement:            1.500ns  (MaxDelay Path 1.500ns)
  Data Path Delay:        1.563ns  (logic 0.271ns (17.338%)  route 1.292ns (82.662%))
  Logic Levels:           0  
  Timing Exception:       MaxDelay Path 1.500ns -datapath_only

    Location             Delay type                Incr(ns)  Path(ns)    PBlock               Netlist Resource(s)
  -------------------------------------------------------------------    ----------------------------------------
    BITSLICE_RX_TX_X0Y655
                                                      0.000     0.000 r                       u_camera_hdmi/u_camera_subsystem/g_camera_frontend[3].u_camera/dvp_data_iob_reg[7]/C
    BITSLICE_RX_TX_X0Y655
                         FDRE (Prop_IN_FF_BITSLICE_COMPONENT_RX_TX_C_Q)
                                                      0.271     0.271 r                       u_camera_hdmi/u_camera_subsystem/g_camera_frontend[3].u_camera/dvp_data_iob_reg[7]/Q
                         net (fo=1, routed)           1.292     1.563                         u_camera_hdmi/u_camera_subsystem/g_camera_frontend[3].u_camera/dvp_data_iob[7]
    SLICE_X112Y721       FDRE                                         r  pblock_dvp_sync_slr3 u_camera_hdmi/u_camera_subsystem/g_camera_frontend[3].u_camera/dvp_data_sync_reg[7]/D
  -------------------------------------------------------------------    ----------------------------------------

                         max delay                    1.500     1.500                         
    SLICE_X112Y721       FDRE (Setup_CFF2_SLICEL_C_D)
                                                      0.025     1.525    pblock_dvp_sync_slr3   u_camera_hdmi/u_camera_subsystem/g_camera_frontend[3].u_camera/dvp_data_sync_reg[7]
  -------------------------------------------------------------------
                         required time                          1.525                           
                         arrival time                          -1.563                           
  -------------------------------------------------------------------
                         slack                                 -0.038                           

Slack (VIOLATED) :        -0.023ns  (required time - arrival time)
  Source:                 u_camera_hdmi/u_camera_subsystem/g_camera_frontend[2].u_camera/dvp_pclk_iob_reg/C
                            (rising edge-triggered cell FDRE clocked by mmcm_clkout0  {rise@0.000ns fall@1.666ns period=3.332ns})
  Destination:            u_camera_hdmi/u_camera_subsystem/g_camera_frontend[2].u_camera/dvp_pclk_sync_reg/D
                            (rising edge-triggered cell FDRE clocked by mmcm_clkout0  {rise@0.000ns fall@1.666ns period=3.332ns})
  Path Group:             mmcm_clkout0
  Path Type:              Setup (Max at Slow Process Corner)
  Requirement:            1.500ns  (MaxDelay Path 1.500ns)
  Data Path Delay:        1.548ns  (logic 0.431ns (27.842%)  route 1.117ns (72.158%))
  Logic Levels:           0  
  Timing Exception:       MaxDelay Path 1.500ns -datapath_only

    Location             Delay type                Incr(ns)  Path(ns)    PBlock               Netlist Resource(s)
  -------------------------------------------------------------------    ----------------------------------------
    BITSLICE_RX_TX_X0Y652
                                                      0.000     0.000 r                       u_camera_hdmi/u_camera_subsystem/g_camera_frontend[2].u_camera/dvp_pclk_iob_reg/C
    BITSLICE_RX_TX_X0Y652
                         FDRE (Prop_IN_FF_BITSLICE_COMPONENT_RX_TX_C_Q)
                                                      0.431     0.431 r                       u_camera_hdmi/u_camera_subsystem/g_camera_frontend[2].u_camera/dvp_pclk_iob_reg/Q
                         net (fo=1, routed)           1.117     1.548                         u_camera_hdmi/u_camera_subsystem/g_camera_frontend[2].u_camera/dvp_pclk_iob
    SLICE_X110Y722       FDRE                                         r  pblock_dvp_sync_slr3 u_camera_hdmi/u_camera_subsystem/g_camera_frontend[2].u_camera/dvp_pclk_sync_reg/D
  -------------------------------------------------------------------    ----------------------------------------

                         max delay                    1.500     1.500                         
    SLICE_X110Y722       FDRE (Setup_EFF2_SLICEL_C_D)
                                                      0.025     1.525    pblock_dvp_sync_slr3   u_camera_hdmi/u_camera_subsystem/g_camera_frontend[2].u_camera/dvp_pclk_sync_reg
  -------------------------------------------------------------------
                         required time                          1.525                           
                         arrival time                          -1.548                           
  -------------------------------------------------------------------
                         slack                                 -0.023                           

Slack (VIOLATED) :        -0.022ns  (required time - arrival time)
  Source:                 u_camera_hdmi/u_camera_subsystem/g_camera_frontend[4].u_camera/dvp_data_iob_reg[4]/C
                            (rising edge-triggered cell FDRE clocked by mmcm_clkout0  {rise@0.000ns fall@1.666ns period=3.332ns})
  Destination:            u_camera_hdmi/u_camera_subsystem/g_camera_frontend[4].u_camera/dvp_data_sync_reg[4]/D
                            (rising edge-triggered cell FDRE clocked by mmcm_clkout0  {rise@0.000ns fall@1.666ns period=3.332ns})
  Path Group:             mmcm_clkout0
  Path Type:              Setup (Max at Slow Process Corner)
  Requirement:            1.500ns  (MaxDelay Path 1.500ns)
  Data Path Delay:        1.547ns  (logic 0.349ns (22.560%)  route 1.198ns (77.440%))
  Logic Levels:           0  
  Timing Exception:       MaxDelay Path 1.500ns -datapath_only

    Location             Delay type                Incr(ns)  Path(ns)    PBlock               Netlist Resource(s)
  -------------------------------------------------------------------    ----------------------------------------
    BITSLICE_RX_TX_X0Y469
                                                      0.000     0.000 r                       u_camera_hdmi/u_camera_subsystem/g_camera_frontend[4].u_camera/dvp_data_iob_reg[4]/C
    BITSLICE_RX_TX_X0Y469
                         FDRE (Prop_IN_FF_BITSLICE_COMPONENT_RX_TX_C_Q)
                                                      0.349     0.349 r                       u_camera_hdmi/u_camera_subsystem/g_camera_frontend[4].u_camera/dvp_data_iob_reg[4]/Q
                         net (fo=1, routed)           1.198     1.547                         u_camera_hdmi/u_camera_subsystem/g_camera_frontend[4].u_camera/dvp_data_iob[4]
    SLICE_X107Y531       FDRE                                         r  pblock_dvp_bridge_slr2
                                                                                              u_camera_hdmi/u_camera_subsystem/g_camera_frontend[4].u_camera/dvp_data_sync_reg[4]/D
  -------------------------------------------------------------------    ----------------------------------------

                         max delay                    1.500     1.500                         
    SLICE_X107Y531       FDRE (Setup_BFF2_SLICEM_C_D)
                                                      0.025     1.525    pblock_dvp_bridge_slr2
                                                                                                u_camera_hdmi/u_camera_subsystem/g_camera_frontend[4].u_camera/dvp_data_sync_reg[4]
  -------------------------------------------------------------------
                         required time                          1.525                           
                         arrival time                          -1.547                           
  -------------------------------------------------------------------
                         slack                                 -0.022                           

Slack (VIOLATED) :        -0.017ns  (required time - arrival time)
  Source:                 u_camera_hdmi/u_camera_subsystem/g_camera_frontend[4].u_camera/dvp_data_iob_reg[0]/C
                            (rising edge-triggered cell FDRE clocked by mmcm_clkout0  {rise@0.000ns fall@1.666ns period=3.332ns})
  Destination:            u_camera_hdmi/u_camera_subsystem/g_camera_frontend[4].u_camera/dvp_data_sync_reg[0]/D
                            (rising edge-triggered cell FDRE clocked by mmcm_clkout0  {rise@0.000ns fall@1.666ns period=3.332ns})
  Path Group:             mmcm_clkout0
  Path Type:              Setup (Max at Slow Process Corner)
  Requirement:            1.500ns  (MaxDelay Path 1.500ns)
  Data Path Delay:        1.542ns  (logic 0.303ns (19.650%)  route 1.239ns (80.350%))
  Logic Levels:           0  
  Timing Exception:       MaxDelay Path 1.500ns -datapath_only

    Location             Delay type                Incr(ns)  Path(ns)    PBlock               Netlist Resource(s)
  -------------------------------------------------------------------    ----------------------------------------
    BITSLICE_RX_TX_X0Y479
                                                      0.000     0.000 r                       u_camera_hdmi/u_camera_subsystem/g_camera_frontend[4].u_camera/dvp_data_iob_reg[0]/C
    BITSLICE_RX_TX_X0Y479
                         FDRE (Prop_IN_FF_BITSLICE_COMPONENT_RX_TX_C_Q)
                                                      0.303     0.303 r                       u_camera_hdmi/u_camera_subsystem/g_camera_frontend[4].u_camera/dvp_data_iob_reg[0]/Q
                         net (fo=1, routed)           1.239     1.542                         u_camera_hdmi/u_camera_subsystem/g_camera_frontend[4].u_camera/dvp_data_iob[0]
    SLICE_X107Y531       FDRE                                         r  pblock_dvp_bridge_slr2
                                                                                              u_camera_hdmi/u_camera_subsystem/g_camera_frontend[4].u_camera/dvp_data_sync_reg[0]/D
  -------------------------------------------------------------------    ----------------------------------------

                         max delay                    1.500     1.500                         
    SLICE_X107Y531       FDRE (Setup_EFF_SLICEM_C_D)
                                                      0.025     1.525    pblock_dvp_bridge_slr2
                                                                                                u_camera_hdmi/u_camera_subsystem/g_camera_frontend[4].u_camera/dvp_data_sync_reg[0]
  -------------------------------------------------------------------
                         required time                          1.525                           
                         arrival time                          -1.542                           
  -------------------------------------------------------------------
                         slack                                 -0.017                           

Slack (VIOLATED) :        -0.015ns  (required time - arrival time)
  Source:                 u_camera_hdmi/u_camera_subsystem/g_camera_frontend[5].u_camera/dvp_data_iob_reg[2]/C
                            (rising edge-triggered cell FDRE clocked by mmcm_clkout0  {rise@0.000ns fall@1.666ns period=3.332ns})
  Destination:            u_camera_hdmi/u_camera_subsystem/g_camera_frontend[5].u_camera/dvp_data_sync_reg[2]/D
                            (rising edge-triggered cell FDRE clocked by mmcm_clkout0  {rise@0.000ns fall@1.666ns period=3.332ns})
  Path Group:             mmcm_clkout0
  Path Type:              Setup (Max at Slow Process Corner)
  Requirement:            1.500ns  (MaxDelay Path 1.500ns)
  Data Path Delay:        1.540ns  (logic 0.349ns (22.662%)  route 1.191ns (77.338%))
  Logic Levels:           0  
  Timing Exception:       MaxDelay Path 1.500ns -datapath_only

    Location             Delay type                Incr(ns)  Path(ns)    PBlock               Netlist Resource(s)
  -------------------------------------------------------------------    ----------------------------------------
    BITSLICE_RX_TX_X0Y482
                                                      0.000     0.000 r                       u_camera_hdmi/u_camera_subsystem/g_camera_frontend[5].u_camera/dvp_data_iob_reg[2]/C
    BITSLICE_RX_TX_X0Y482
                         FDRE (Prop_IN_FF_BITSLICE_COMPONENT_RX_TX_C_Q)
                                                      0.349     0.349 r                       u_camera_hdmi/u_camera_subsystem/g_camera_frontend[5].u_camera/dvp_data_iob_reg[2]/Q
                         net (fo=1, routed)           1.191     1.540                         u_camera_hdmi/u_camera_subsystem/g_camera_frontend[5].u_camera/dvp_data_iob[2]
    SLICE_X123Y530       FDRE                                         r  pblock_dvp_bridge_slr2
                                                                                              u_camera_hdmi/u_camera_subsystem/g_camera_frontend[5].u_camera/dvp_data_sync_reg[2]/D
  -------------------------------------------------------------------    ----------------------------------------

                         max delay                    1.500     1.500                         
    SLICE_X123Y530       FDRE (Setup_EFF_SLICEL_C_D)
                                                      0.025     1.525    pblock_dvp_bridge_slr2
                                                                                                u_camera_hdmi/u_camera_subsystem/g_camera_frontend[5].u_camera/dvp_data_sync_reg[2]
  -------------------------------------------------------------------
                         required time                          1.525                           
                         arrival time                          -1.540                           
  -------------------------------------------------------------------
                         slack                                 -0.015                           

Slack (VIOLATED) :        -0.010ns  (required time - arrival time)
  Source:                 u_camera_hdmi/u_camera_subsystem/g_camera_frontend[3].u_camera/dvp_data_iob_reg[4]/C
                            (rising edge-triggered cell FDRE clocked by mmcm_clkout0  {rise@0.000ns fall@1.666ns period=3.332ns})
  Destination:            u_camera_hdmi/u_camera_subsystem/g_camera_frontend[3].u_camera/dvp_data_sync_reg[4]/D
                            (rising edge-triggered cell FDRE clocked by mmcm_clkout0  {rise@0.000ns fall@1.666ns period=3.332ns})
  Path Group:             mmcm_clkout0
  Path Type:              Setup (Max at Slow Process Corner)
  Requirement:            1.500ns  (MaxDelay Path 1.500ns)
  Data Path Delay:        1.535ns  (logic 0.369ns (24.039%)  route 1.166ns (75.961%))
  Logic Levels:           0  
  Timing Exception:       MaxDelay Path 1.500ns -datapath_only

    Location             Delay type                Incr(ns)  Path(ns)    PBlock               Netlist Resource(s)
  -------------------------------------------------------------------    ----------------------------------------
    BITSLICE_RX_TX_X0Y658
                                                      0.000     0.000 r                       u_camera_hdmi/u_camera_subsystem/g_camera_frontend[3].u_camera/dvp_data_iob_reg[4]/C
    BITSLICE_RX_TX_X0Y658
                         FDRE (Prop_IN_FF_BITSLICE_COMPONENT_RX_TX_C_Q)
                                                      0.369     0.369 r                       u_camera_hdmi/u_camera_subsystem/g_camera_frontend[3].u_camera/dvp_data_iob_reg[4]/Q
                         net (fo=1, routed)           1.166     1.535                         u_camera_hdmi/u_camera_subsystem/g_camera_frontend[3].u_camera/dvp_data_iob[4]
    SLICE_X112Y721       FDRE                                         r  pblock_dvp_sync_slr3 u_camera_hdmi/u_camera_subsystem/g_camera_frontend[3].u_camera/dvp_data_sync_reg[4]/D
  -------------------------------------------------------------------    ----------------------------------------

                         max delay                    1.500     1.500                         
    SLICE_X112Y721       FDRE (Setup_BFF_SLICEL_C_D)
                                                      0.025     1.525    pblock_dvp_sync_slr3   u_camera_hdmi/u_camera_subsystem/g_camera_frontend[3].u_camera/dvp_data_sync_reg[4]
  -------------------------------------------------------------------
                         required time                          1.525                           
                         arrival time                          -1.535                           
  -------------------------------------------------------------------
                         slack                                 -0.010                           

Slack (MET) :             0.001ns  (required time - arrival time)
  Source:                 u_camera_hdmi/u_camera_subsystem/g_camera_frontend[3].u_camera/dvp_data_iob_reg[2]/C
                            (rising edge-triggered cell FDRE clocked by mmcm_clkout0  {rise@0.000ns fall@1.666ns period=3.332ns})
  Destination:            u_camera_hdmi/u_camera_subsystem/g_camera_frontend[3].u_camera/dvp_data_sync_reg[2]/D
                            (rising edge-triggered cell FDRE clocked by mmcm_clkout0  {rise@0.000ns fall@1.666ns period=3.332ns})
  Path Group:             mmcm_clkout0
  Path Type:              Setup (Max at Slow Process Corner)
  Requirement:            1.500ns  (MaxDelay Path 1.500ns)
  Data Path Delay:        1.524ns  (logic 0.431ns (28.281%)  route 1.093ns (71.719%))
  Logic Levels:           0  
  Timing Exception:       MaxDelay Path 1.500ns -datapath_only

    Location             Delay type                Incr(ns)  Path(ns)    PBlock               Netlist Resource(s)
  -------------------------------------------------------------------    ----------------------------------------
    BITSLICE_RX_TX_X0Y626
                                                      0.000     0.000 r                       u_camera_hdmi/u_camera_subsystem/g_camera_frontend[3].u_camera/dvp_data_iob_reg[2]/C
    BITSLICE_RX_TX_X0Y626
                         FDRE (Prop_IN_FF_BITSLICE_COMPONENT_RX_TX_C_Q)
                                                      0.431     0.431 r                       u_camera_hdmi/u_camera_subsystem/g_camera_frontend[3].u_camera/dvp_data_iob_reg[2]/Q
                         net (fo=1, routed)           1.093     1.524                         u_camera_hdmi/u_camera_subsystem/g_camera_frontend[3].u_camera/dvp_data_iob[2]
    SLICE_X112Y721       FDRE                                         r  pblock_dvp_sync_slr3 u_camera_hdmi/u_camera_subsystem/g_camera_frontend[3].u_camera/dvp_data_sync_reg[2]/D
  -------------------------------------------------------------------    ----------------------------------------

                         max delay                    1.500     1.500                         
    SLICE_X112Y721       FDRE (Setup_EFF_SLICEL_C_D)
                                                      0.025     1.525    pblock_dvp_sync_slr3   u_camera_hdmi/u_camera_subsystem/g_camera_frontend[3].u_camera/dvp_data_sync_reg[2]
  -------------------------------------------------------------------
                         required time                          1.525                           
                         arrival time                          -1.524                           
  -------------------------------------------------------------------
                         slack                                  0.001                           

Slack (MET) :             0.005ns  (required time - arrival time)
  Source:                 u_camera_hdmi/u_camera_subsystem/g_camera_frontend[2].u_camera/dvp_data_iob_reg[4]/C
                            (rising edge-triggered cell FDRE clocked by mmcm_clkout0  {rise@0.000ns fall@1.666ns period=3.332ns})
  Destination:            u_camera_hdmi/u_camera_subsystem/g_camera_frontend[2].u_camera/dvp_data_sync_reg[4]/D
                            (rising edge-triggered cell FDRE clocked by mmcm_clkout0  {rise@0.000ns fall@1.666ns period=3.332ns})
  Path Group:             mmcm_clkout0
  Path Type:              Setup (Max at Slow Process Corner)
  Requirement:            1.500ns  (MaxDelay Path 1.500ns)
  Data Path Delay:        1.520ns  (logic 0.303ns (19.934%)  route 1.217ns (80.066%))
  Logic Levels:           0  
  Timing Exception:       MaxDelay Path 1.500ns -datapath_only

    Location             Delay type                Incr(ns)  Path(ns)    PBlock               Netlist Resource(s)
  -------------------------------------------------------------------    ----------------------------------------
    BITSLICE_RX_TX_X0Y661
                                                      0.000     0.000 r                       u_camera_hdmi/u_camera_subsystem/g_camera_frontend[2].u_camera/dvp_data_iob_reg[4]/C
    BITSLICE_RX_TX_X0Y661
                         FDRE (Prop_IN_FF_BITSLICE_COMPONENT_RX_TX_C_Q)
                                                      0.303     0.303 r                       u_camera_hdmi/u_camera_subsystem/g_camera_frontend[2].u_camera/dvp_data_iob_reg[4]/Q
                         net (fo=1, routed)           1.217     1.520                         u_camera_hdmi/u_camera_subsystem/g_camera_frontend[2].u_camera/dvp_data_iob[4]
    SLICE_X110Y720       FDRE                                         r  pblock_dvp_sync_slr3 u_camera_hdmi/u_camera_subsystem/g_camera_frontend[2].u_camera/dvp_data_sync_reg[4]/D
  -------------------------------------------------------------------    ----------------------------------------

                         max delay                    1.500     1.500                         
    SLICE_X110Y720       FDRE (Setup_AFF_SLICEL_C_D)
                                                      0.025     1.525    pblock_dvp_sync_slr3   u_camera_hdmi/u_camera_subsystem/g_camera_frontend[2].u_camera/dvp_data_sync_reg[4]
  -------------------------------------------------------------------
                         required time                          1.525                           
                         arrival time                          -1.520                           
  -------------------------------------------------------------------
                         slack                                  0.005                           

Slack (MET) :             0.008ns  (required time - arrival time)
  Source:                 u_camera_hdmi/u_camera_subsystem/g_camera_frontend[2].u_camera/dvp_vsync_iob_reg/C
                            (rising edge-triggered cell FDRE clocked by mmcm_clkout0  {rise@0.000ns fall@1.666ns period=3.332ns})
  Destination:            u_camera_hdmi/u_camera_subsystem/g_camera_frontend[2].u_camera/dvp_vsync_sync_reg/D
                            (rising edge-triggered cell FDRE clocked by mmcm_clkout0  {rise@0.000ns fall@1.666ns period=3.332ns})
  Path Group:             mmcm_clkout0
  Path Type:              Setup (Max at Slow Process Corner)
  Requirement:            1.500ns  (MaxDelay Path 1.500ns)
  Data Path Delay:        1.517ns  (logic 0.478ns (31.510%)  route 1.039ns (68.490%))
  Logic Levels:           0  
  Timing Exception:       MaxDelay Path 1.500ns -datapath_only

    Location             Delay type                Incr(ns)  Path(ns)    PBlock               Netlist Resource(s)
  -------------------------------------------------------------------    ----------------------------------------
    BITSLICE_RX_TX_X0Y634
                                                      0.000     0.000 r                       u_camera_hdmi/u_camera_subsystem/g_camera_frontend[2].u_camera/dvp_vsync_iob_reg/C
    BITSLICE_RX_TX_X0Y634
                         FDRE (Prop_IN_FF_BITSLICE_COMPONENT_RX_TX_C_Q)
                                                      0.478     0.478 r                       u_camera_hdmi/u_camera_subsystem/g_camera_frontend[2].u_camera/dvp_vsync_iob_reg/Q
                         net (fo=1, routed)           1.039     1.517                         u_camera_hdmi/u_camera_subsystem/g_camera_frontend[2].u_camera/dvp_vsync_iob
    SLICE_X112Y722       FDRE                                         r  pblock_dvp_sync_slr3 u_camera_hdmi/u_camera_subsystem/g_camera_frontend[2].u_camera/dvp_vsync_sync_reg/D
  -------------------------------------------------------------------    ----------------------------------------

                         max delay                    1.500     1.500                         
    SLICE_X112Y722       FDRE (Setup_CFF_SLICEL_C_D)
                                                      0.025     1.525    pblock_dvp_sync_slr3   u_camera_hdmi/u_camera_subsystem/g_camera_frontend[2].u_camera/dvp_vsync_sync_reg
  -------------------------------------------------------------------
                         required time                          1.525                           
                         arrival time                          -1.517                           
  -------------------------------------------------------------------
                         slack                                  0.008                           

Slack (MET) :             0.013ns  (required time - arrival time)
  Source:                 u_camera_hdmi/u_camera_subsystem/g_camera_frontend[4].u_camera/dvp_data_iob_reg[1]/C
                            (rising edge-triggered cell FDRE clocked by mmcm_clkout0  {rise@0.000ns fall@1.666ns period=3.332ns})
  Destination:            u_camera_hdmi/u_camera_subsystem/g_camera_frontend[4].u_camera/dvp_data_sync_reg[1]/D
                            (rising edge-triggered cell FDRE clocked by mmcm_clkout0  {rise@0.000ns fall@1.666ns period=3.332ns})
  Path Group:             mmcm_clkout0
  Path Type:              Setup (Max at Slow Process Corner)
  Requirement:            1.500ns  (MaxDelay Path 1.500ns)
  Data Path Delay:        1.512ns  (logic 0.478ns (31.614%)  route 1.034ns (68.386%))
  Logic Levels:           0  
  Timing Exception:       MaxDelay Path 1.500ns -datapath_only

    Location             Delay type                Incr(ns)  Path(ns)    PBlock               Netlist Resource(s)
  -------------------------------------------------------------------    ----------------------------------------
    BITSLICE_RX_TX_X0Y478
                                                      0.000     0.000 r                       u_camera_hdmi/u_camera_subsystem/g_camera_frontend[4].u_camera/dvp_data_iob_reg[1]/C
    BITSLICE_RX_TX_X0Y478
                         FDRE (Prop_IN_FF_BITSLICE_COMPONENT_RX_TX_C_Q)
                                                      0.478     0.478 r                       u_camera_hdmi/u_camera_subsystem/g_camera_frontend[4].u_camera/dvp_data_iob_reg[1]/Q
                         net (fo=1, routed)           1.034     1.512                         u_camera_hdmi/u_camera_subsystem/g_camera_frontend[4].u_camera/dvp_data_iob[1]
    SLICE_X107Y531       FDRE                                         r  pblock_dvp_bridge_slr2
                                                                                              u_camera_hdmi/u_camera_subsystem/g_camera_frontend[4].u_camera/dvp_data_sync_reg[1]/D
  -------------------------------------------------------------------    ----------------------------------------

                         max delay                    1.500     1.500                         
    SLICE_X107Y531       FDRE (Setup_AFF_SLICEM_C_D)
                                                      0.025     1.525    pblock_dvp_bridge_slr2
                                                                                                u_camera_hdmi/u_camera_subsystem/g_camera_frontend[4].u_camera/dvp_data_sync_reg[1]
  -------------------------------------------------------------------
                         required time                          1.525                           
                         arrival time                          -1.512                           
  -------------------------------------------------------------------
                         slack                                  0.013                           

Slack (MET) :             0.019ns  (required time - arrival time)
  Source:                 u_camera_hdmi/u_camera_subsystem/g_camera_frontend[3].u_camera/dvp_pclk_iob_reg/C
                            (rising edge-triggered cell FDRE clocked by mmcm_clkout0  {rise@0.000ns fall@1.666ns period=3.332ns})
  Destination:            u_camera_hdmi/u_camera_subsystem/g_camera_frontend[3].u_camera/dvp_pclk_sync_reg/D
                            (rising edge-triggered cell FDRE clocked by mmcm_clkout0  {rise@0.000ns fall@1.666ns period=3.332ns})
  Path Group:             mmcm_clkout0
  Path Type:              Setup (Max at Slow Process Corner)
  Requirement:            1.500ns  (MaxDelay Path 1.500ns)
  Data Path Delay:        1.506ns  (logic 0.251ns (16.667%)  route 1.255ns (83.333%))
  Logic Levels:           0  
  Timing Exception:       MaxDelay Path 1.500ns -datapath_only

    Location             Delay type                Incr(ns)  Path(ns)    PBlock               Netlist Resource(s)
  -------------------------------------------------------------------    ----------------------------------------
    BITSLICE_RX_TX_X0Y650
                                                      0.000     0.000 r                       u_camera_hdmi/u_camera_subsystem/g_camera_frontend[3].u_camera/dvp_pclk_iob_reg/C
    BITSLICE_RX_TX_X0Y650
                         FDRE (Prop_IN_FF_BITSLICE_COMPONENT_RX_TX_C_Q)
                                                      0.251     0.251 r                       u_camera_hdmi/u_camera_subsystem/g_camera_frontend[3].u_camera/dvp_pclk_iob_reg/Q
                         net (fo=1, routed)           1.255     1.506                         u_camera_hdmi/u_camera_subsystem/g_camera_frontend[3].u_camera/dvp_pclk_iob
    SLICE_X112Y720       FDRE                                         r  pblock_dvp_sync_slr3 u_camera_hdmi/u_camera_subsystem/g_camera_frontend[3].u_camera/dvp_pclk_sync_reg/D
  -------------------------------------------------------------------    ----------------------------------------

                         max delay                    1.500     1.500                         
    SLICE_X112Y720       FDRE (Setup_AFF_SLICEL_C_D)
                                                      0.025     1.525    pblock_dvp_sync_slr3   u_camera_hdmi/u_camera_subsystem/g_camera_frontend[3].u_camera/dvp_pclk_sync_reg
  -------------------------------------------------------------------
                         required time                          1.525                           
                         arrival time                          -1.506                           
  -------------------------------------------------------------------
                         slack                                  0.019                           

Slack (MET) :             0.022ns  (required time - arrival time)
  Source:                 u_camera_hdmi/u_camera_subsystem/g_camera_frontend[5].u_camera/dvp_data_iob_reg[6]/C
                            (rising edge-triggered cell FDRE clocked by mmcm_clkout0  {rise@0.000ns fall@1.666ns period=3.332ns})
  Destination:            u_camera_hdmi/u_camera_subsystem/g_camera_frontend[5].u_camera/dvp_data_sync_reg[6]/D
                            (rising edge-triggered cell FDRE clocked by mmcm_clkout0  {rise@0.000ns fall@1.666ns period=3.332ns})
  Path Group:             mmcm_clkout0
  Path Type:              Setup (Max at Slow Process Corner)
  Requirement:            1.500ns  (MaxDelay Path 1.500ns)
  Data Path Delay:        1.503ns  (logic 0.349ns (23.220%)  route 1.154ns (76.780%))
  Logic Levels:           0  
  Timing Exception:       MaxDelay Path 1.500ns -datapath_only

    Location             Delay type                Incr(ns)  Path(ns)    PBlock               Netlist Resource(s)
  -------------------------------------------------------------------    ----------------------------------------
    BITSLICE_RX_TX_X0Y508
                                                      0.000     0.000 r                       u_camera_hdmi/u_camera_subsystem/g_camera_frontend[5].u_camera/dvp_data_iob_reg[6]/C
    BITSLICE_RX_TX_X0Y508
                         FDRE (Prop_IN_FF_BITSLICE_COMPONENT_RX_TX_C_Q)
                                                      0.349     0.349 r                       u_camera_hdmi/u_camera_subsystem/g_camera_frontend[5].u_camera/dvp_data_iob_reg[6]/Q
                         net (fo=1, routed)           1.154     1.503                         u_camera_hdmi/u_camera_subsystem/g_camera_frontend[5].u_camera/dvp_data_iob[6]
    SLICE_X123Y530       FDRE                                         r  pblock_dvp_bridge_slr2
                                                                                              u_camera_hdmi/u_camera_subsystem/g_camera_frontend[5].u_camera/dvp_data_sync_reg[6]/D
  -------------------------------------------------------------------    ----------------------------------------

                         max delay                    1.500     1.500                         
    SLICE_X123Y530       FDRE (Setup_BFF_SLICEL_C_D)
                                                      0.025     1.525    pblock_dvp_bridge_slr2
                                                                                                u_camera_hdmi/u_camera_subsystem/g_camera_frontend[5].u_camera/dvp_data_sync_reg[6]
  -------------------------------------------------------------------
                         required time                          1.525                           
                         arrival time                          -1.503                           
  -------------------------------------------------------------------
                         slack                                  0.022                           

Slack (MET) :             0.032ns  (required time - arrival time)
  Source:                 u_camera_hdmi/u_camera_subsystem/g_camera_frontend[6].u_camera/dvp_data_iob_reg[6]/C
                            (rising edge-triggered cell FDRE clocked by mmcm_clkout0  {rise@0.000ns fall@1.666ns period=3.332ns})
  Destination:            u_camera_hdmi/u_camera_subsystem/g_camera_frontend[6].u_camera/dvp_data_sync_reg[6]/D
                            (rising edge-triggered cell FDRE clocked by mmcm_clkout0  {rise@0.000ns fall@1.666ns period=3.332ns})
  Path Group:             mmcm_clkout0
  Path Type:              Setup (Max at Slow Process Corner)
  Requirement:            1.500ns  (MaxDelay Path 1.500ns)
  Data Path Delay:        1.493ns  (logic 0.349ns (23.376%)  route 1.144ns (76.624%))
  Logic Levels:           0  
  Timing Exception:       MaxDelay Path 1.500ns -datapath_only

    Location             Delay type                Incr(ns)  Path(ns)    PBlock               Netlist Resource(s)
  -------------------------------------------------------------------    ----------------------------------------
    BITSLICE_RX_TX_X0Y456
                                                      0.000     0.000 r                       u_camera_hdmi/u_camera_subsystem/g_camera_frontend[6].u_camera/dvp_data_iob_reg[6]/C
    BITSLICE_RX_TX_X0Y456
                         FDRE (Prop_IN_FF_BITSLICE_COMPONENT_RX_TX_C_Q)
                                                      0.349     0.349 r                       u_camera_hdmi/u_camera_subsystem/g_camera_frontend[6].u_camera/dvp_data_iob_reg[6]/Q
                         net (fo=1, routed)           1.144     1.493                         u_camera_hdmi/u_camera_subsystem/g_camera_frontend[6].u_camera/dvp_data_iob[6]
    SLICE_X123Y515       FDRE                                         r  pblock_dvp_bridge_slr2
                                                                                              u_camera_hdmi/u_camera_subsystem/g_camera_frontend[6].u_camera/dvp_data_sync_reg[6]/D
  -------------------------------------------------------------------    ----------------------------------------

                         max delay                    1.500     1.500                         
    SLICE_X123Y515       FDRE (Setup_EFF_SLICEL_C_D)
                                                      0.025     1.525    pblock_dvp_bridge_slr2
                                                                                                u_camera_hdmi/u_camera_subsystem/g_camera_frontend[6].u_camera/dvp_data_sync_reg[6]
  -------------------------------------------------------------------
                         required time                          1.525                           
                         arrival time                          -1.493                           
  -------------------------------------------------------------------
                         slack                                  0.032                           

Slack (MET) :             0.035ns  (required time - arrival time)
  Source:                 u_camera_hdmi/u_camera_subsystem/g_camera_frontend[2].u_camera/dvp_data_iob_reg[2]/C
                            (rising edge-triggered cell FDRE clocked by mmcm_clkout0  {rise@0.000ns fall@1.666ns period=3.332ns})
  Destination:            u_camera_hdmi/u_camera_subsystem/g_camera_frontend[2].u_camera/dvp_data_sync_reg[2]/D
                            (rising edge-triggered cell FDRE clocked by mmcm_clkout0  {rise@0.000ns fall@1.666ns period=3.332ns})
  Path Group:             mmcm_clkout0
  Path Type:              Setup (Max at Slow Process Corner)
  Requirement:            1.500ns  (MaxDelay Path 1.500ns)
  Data Path Delay:        1.490ns  (logic 0.309ns (20.738%)  route 1.181ns (79.262%))
  Logic Levels:           0  
  Timing Exception:       MaxDelay Path 1.500ns -datapath_only

    Location             Delay type                Incr(ns)  Path(ns)    PBlock               Netlist Resource(s)
  -------------------------------------------------------------------    ----------------------------------------
    BITSLICE_RX_TX_X0Y631
                                                      0.000     0.000 r                       u_camera_hdmi/u_camera_subsystem/g_camera_frontend[2].u_camera/dvp_data_iob_reg[2]/C
    BITSLICE_RX_TX_X0Y631
                         FDRE (Prop_IN_FF_BITSLICE_COMPONENT_RX_TX_C_Q)
                                                      0.309     0.309 r                       u_camera_hdmi/u_camera_subsystem/g_camera_frontend[2].u_camera/dvp_data_iob_reg[2]/Q
                         net (fo=1, routed)           1.181     1.490                         u_camera_hdmi/u_camera_subsystem/g_camera_frontend[2].u_camera/dvp_data_iob[2]
    SLICE_X112Y722       FDRE                                         r  pblock_dvp_sync_slr3 u_camera_hdmi/u_camera_subsystem/g_camera_frontend[2].u_camera/dvp_data_sync_reg[2]/D
  -------------------------------------------------------------------    ----------------------------------------

                         max delay                    1.500     1.500                         
    SLICE_X112Y722       FDRE (Setup_BFF_SLICEL_C_D)
                                                      0.025     1.525    pblock_dvp_sync_slr3   u_camera_hdmi/u_camera_subsystem/g_camera_frontend[2].u_camera/dvp_data_sync_reg[2]
  -------------------------------------------------------------------
                         required time                          1.525                           
                         arrival time                          -1.490                           
  -------------------------------------------------------------------
                         slack                                  0.035                           

Slack (MET) :             0.037ns  (required time - arrival time)
  Source:                 u_camera_hdmi/u_camera_subsystem/g_camera_frontend[3].u_camera/dvp_data_iob_reg[6]/C
                            (rising edge-triggered cell FDRE clocked by mmcm_clkout0  {rise@0.000ns fall@1.666ns period=3.332ns})
  Destination:            u_camera_hdmi/u_camera_subsystem/g_camera_frontend[3].u_camera/dvp_data_sync_reg[6]/D
                            (rising edge-triggered cell FDRE clocked by mmcm_clkout0  {rise@0.000ns fall@1.666ns period=3.332ns})
  Path Group:             mmcm_clkout0
  Path Type:              Setup (Max at Slow Process Corner)
  Requirement:            1.500ns  (MaxDelay Path 1.500ns)
  Data Path Delay:        1.488ns  (logic 0.310ns (20.833%)  route 1.178ns (79.167%))
  Logic Levels:           0  
  Timing Exception:       MaxDelay Path 1.500ns -datapath_only

    Location             Delay type                Incr(ns)  Path(ns)    PBlock               Netlist Resource(s)
  -------------------------------------------------------------------    ----------------------------------------
    BITSLICE_RX_TX_X0Y654
                                                      0.000     0.000 r                       u_camera_hdmi/u_camera_subsystem/g_camera_frontend[3].u_camera/dvp_data_iob_reg[6]/C
    BITSLICE_RX_TX_X0Y654
                         FDRE (Prop_IN_FF_BITSLICE_COMPONENT_RX_TX_C_Q)
                                                      0.310     0.310 r                       u_camera_hdmi/u_camera_subsystem/g_camera_frontend[3].u_camera/dvp_data_iob_reg[6]/Q
                         net (fo=1, routed)           1.178     1.488                         u_camera_hdmi/u_camera_subsystem/g_camera_frontend[3].u_camera/dvp_data_iob[6]
    SLICE_X112Y721       FDRE                                         r  pblock_dvp_sync_slr3 u_camera_hdmi/u_camera_subsystem/g_camera_frontend[3].u_camera/dvp_data_sync_reg[6]/D
  -------------------------------------------------------------------    ----------------------------------------

                         max delay                    1.500     1.500                         
    SLICE_X112Y721       FDRE (Setup_CFF_SLICEL_C_D)
                                                      0.025     1.525    pblock_dvp_sync_slr3   u_camera_hdmi/u_camera_subsystem/g_camera_frontend[3].u_camera/dvp_data_sync_reg[6]
  -------------------------------------------------------------------
                         required time                          1.525                           
                         arrival time                          -1.488                           
  -------------------------------------------------------------------
                         slack                                  0.037                           

Slack (MET) :             0.040ns  (required time - arrival time)
  Source:                 u_camera_hdmi/u_camera_subsystem/g_camera_frontend[4].u_camera/dvp_data_iob_reg[5]/C
                            (rising edge-triggered cell FDRE clocked by mmcm_clkout0  {rise@0.000ns fall@1.666ns period=3.332ns})
  Destination:            u_camera_hdmi/u_camera_subsystem/g_camera_frontend[4].u_camera/dvp_data_sync_reg[5]/D
                            (rising edge-triggered cell FDRE clocked by mmcm_clkout0  {rise@0.000ns fall@1.666ns period=3.332ns})
  Path Group:             mmcm_clkout0
  Path Type:              Setup (Max at Slow Process Corner)
  Requirement:            1.500ns  (MaxDelay Path 1.500ns)
  Data Path Delay:        1.485ns  (logic 0.251ns (16.902%)  route 1.234ns (83.098%))
  Logic Levels:           0  
  Timing Exception:       MaxDelay Path 1.500ns -datapath_only

    Location             Delay type                Incr(ns)  Path(ns)    PBlock               Netlist Resource(s)
  -------------------------------------------------------------------    ----------------------------------------
    BITSLICE_RX_TX_X0Y468
                                                      0.000     0.000 r                       u_camera_hdmi/u_camera_subsystem/g_camera_frontend[4].u_camera/dvp_data_iob_reg[5]/C
    BITSLICE_RX_TX_X0Y468
                         FDRE (Prop_IN_FF_BITSLICE_COMPONENT_RX_TX_C_Q)
                                                      0.251     0.251 r                       u_camera_hdmi/u_camera_subsystem/g_camera_frontend[4].u_camera/dvp_data_iob_reg[5]/Q
                         net (fo=1, routed)           1.234     1.485                         u_camera_hdmi/u_camera_subsystem/g_camera_frontend[4].u_camera/dvp_data_iob[5]
    SLICE_X90Y531        FDRE                                         r  pblock_dvp_bridge_slr2
                                                                                              u_camera_hdmi/u_camera_subsystem/g_camera_frontend[4].u_camera/dvp_data_sync_reg[5]/D
  -------------------------------------------------------------------    ----------------------------------------

                         max delay                    1.500     1.500                         
    SLICE_X90Y531        FDRE (Setup_EFF_SLICEL_C_D)
                                                      0.025     1.525    pblock_dvp_bridge_slr2
                                                                                                u_camera_hdmi/u_camera_subsystem/g_camera_frontend[4].u_camera/dvp_data_sync_reg[5]
  -------------------------------------------------------------------
                         required time                          1.525                           
                         arrival time                          -1.485                           
  -------------------------------------------------------------------
                         slack                                  0.040                           

Slack (MET) :             0.053ns  (required time - arrival time)
  Source:                 u_camera_hdmi/u_camera_subsystem/g_camera_frontend[4].u_camera/dvp_vsync_iob_reg/C
                            (rising edge-triggered cell FDRE clocked by mmcm_clkout0  {rise@0.000ns fall@1.666ns period=3.332ns})
  Destination:            u_camera_hdmi/u_camera_subsystem/g_camera_frontend[4].u_camera/dvp_vsync_sync_reg/D
                            (rising edge-triggered cell FDRE clocked by mmcm_clkout0  {rise@0.000ns fall@1.666ns period=3.332ns})
  Path Group:             mmcm_clkout0
  Path Type:              Setup (Max at Slow Process Corner)
  Requirement:            1.500ns  (MaxDelay Path 1.500ns)
  Data Path Delay:        1.472ns  (logic 0.310ns (21.060%)  route 1.162ns (78.940%))
  Logic Levels:           0  
  Timing Exception:       MaxDelay Path 1.500ns -datapath_only

    Location             Delay type                Incr(ns)  Path(ns)    PBlock               Netlist Resource(s)
  -------------------------------------------------------------------    ----------------------------------------
    BITSLICE_RX_TX_X0Y498
                                                      0.000     0.000 r                       u_camera_hdmi/u_camera_subsystem/g_camera_frontend[4].u_camera/dvp_vsync_iob_reg/C
    BITSLICE_RX_TX_X0Y498
                         FDRE (Prop_IN_FF_BITSLICE_COMPONENT_RX_TX_C_Q)
                                                      0.310     0.310 r                       u_camera_hdmi/u_camera_subsystem/g_camera_frontend[4].u_camera/dvp_vsync_iob_reg/Q
                         net (fo=1, routed)           1.162     1.472                         u_camera_hdmi/u_camera_subsystem/g_camera_frontend[4].u_camera/dvp_vsync_iob
    SLICE_X107Y531       FDRE                                         r  pblock_dvp_bridge_slr2
                                                                                              u_camera_hdmi/u_camera_subsystem/g_camera_frontend[4].u_camera/dvp_vsync_sync_reg/D
  -------------------------------------------------------------------    ----------------------------------------

                         max delay                    1.500     1.500                         
    SLICE_X107Y531       FDRE (Setup_CFF_SLICEM_C_D)
                                                      0.025     1.525    pblock_dvp_bridge_slr2
                                                                                                u_camera_hdmi/u_camera_subsystem/g_camera_frontend[4].u_camera/dvp_vsync_sync_reg
  -------------------------------------------------------------------
                         required time                          1.525                           
                         arrival time                          -1.472                           
  -------------------------------------------------------------------
                         slack                                  0.053                           

Slack (MET) :             0.058ns  (required time - arrival time)
  Source:                 u_camera_hdmi/u_camera_subsystem/g_camera_frontend[7].u_camera/dvp_vsync_iob_reg/C
                            (rising edge-triggered cell FDRE clocked by mmcm_clkout0  {rise@0.000ns fall@1.666ns period=3.332ns})
  Destination:            u_camera_hdmi/u_camera_subsystem/g_camera_frontend[7].u_camera/dvp_vsync_sync_reg/D
                            (rising edge-triggered cell FDRE clocked by mmcm_clkout0  {rise@0.000ns fall@1.666ns period=3.332ns})
  Path Group:             mmcm_clkout0
  Path Type:              Setup (Max at Slow Process Corner)
  Requirement:            1.500ns  (MaxDelay Path 1.500ns)
  Data Path Delay:        1.467ns  (logic 0.251ns (17.110%)  route 1.216ns (82.890%))
  Logic Levels:           0  
  Timing Exception:       MaxDelay Path 1.500ns -datapath_only

    Location             Delay type                Incr(ns)  Path(ns)    PBlock               Netlist Resource(s)
  -------------------------------------------------------------------    ----------------------------------------
    BITSLICE_RX_TX_X0Y416
                                                      0.000     0.000 r                       u_camera_hdmi/u_camera_subsystem/g_camera_frontend[7].u_camera/dvp_vsync_iob_reg/C
    BITSLICE_RX_TX_X0Y416
                         FDRE (Prop_IN_FF_BITSLICE_COMPONENT_RX_TX_C_Q)
                                                      0.251     0.251 r                       u_camera_hdmi/u_camera_subsystem/g_camera_frontend[7].u_camera/dvp_vsync_iob_reg/Q
                         net (fo=1, routed)           1.216     1.467                         u_camera_hdmi/u_camera_subsystem/g_camera_frontend[7].u_camera/dvp_vsync_iob
    SLICE_X75Y480        FDRE                                         r  pblock_dvp_bridge_slr2
                                                                                              u_camera_hdmi/u_camera_subsystem/g_camera_frontend[7].u_camera/dvp_vsync_sync_reg/D
  -------------------------------------------------------------------    ----------------------------------------

                         max delay                    1.500     1.500                         
    SLICE_X75Y480        FDRE (Setup_EFF_SLICEL_C_D)
                                                      0.025     1.525    pblock_dvp_bridge_slr2
                                                                                                u_camera_hdmi/u_camera_subsystem/g_camera_frontend[7].u_camera/dvp_vsync_sync_reg
  -------------------------------------------------------------------
                         required time                          1.525                           
                         arrival time                          -1.467                           
  -------------------------------------------------------------------
                         slack                                  0.058                           

Slack (MET) :             0.062ns  (required time - arrival time)
  Source:                 u_camera_hdmi/u_camera_subsystem/g_camera_frontend[7].u_camera/dvp_data_iob_reg[5]/C
                            (rising edge-triggered cell FDRE clocked by mmcm_clkout0  {rise@0.000ns fall@1.666ns period=3.332ns})
  Destination:            u_camera_hdmi/u_camera_subsystem/g_camera_frontend[7].u_camera/dvp_data_sync_reg[5]/D
                            (rising edge-triggered cell FDRE clocked by mmcm_clkout0  {rise@0.000ns fall@1.666ns period=3.332ns})
  Path Group:             mmcm_clkout0
  Path Type:              Setup (Max at Slow Process Corner)
  Requirement:            1.500ns  (MaxDelay Path 1.500ns)
  Data Path Delay:        1.463ns  (logic 0.309ns (21.121%)  route 1.154ns (78.879%))
  Logic Levels:           0  
  Timing Exception:       MaxDelay Path 1.500ns -datapath_only

    Location             Delay type                Incr(ns)  Path(ns)    PBlock               Netlist Resource(s)
  -------------------------------------------------------------------    ----------------------------------------
    BITSLICE_RX_TX_X0Y423
                                                      0.000     0.000 r                       u_camera_hdmi/u_camera_subsystem/g_camera_frontend[7].u_camera/dvp_data_iob_reg[5]/C
    BITSLICE_RX_TX_X0Y423
                         FDRE (Prop_IN_FF_BITSLICE_COMPONENT_RX_TX_C_Q)
                                                      0.309     0.309 r                       u_camera_hdmi/u_camera_subsystem/g_camera_frontend[7].u_camera/dvp_data_iob_reg[5]/Q
                         net (fo=1, routed)           1.154     1.463                         u_camera_hdmi/u_camera_subsystem/g_camera_frontend[7].u_camera/dvp_data_iob[5]
    SLICE_X102Y480       FDRE                                         r  pblock_dvp_bridge_slr2
                                                                                              u_camera_hdmi/u_camera_subsystem/g_camera_frontend[7].u_camera/dvp_data_sync_reg[5]/D
  -------------------------------------------------------------------    ----------------------------------------

                         max delay                    1.500     1.500                         
    SLICE_X102Y480       FDRE (Setup_FFF2_SLICEM_C_D)
                                                      0.025     1.525    pblock_dvp_bridge_slr2
                                                                                                u_camera_hdmi/u_camera_subsystem/g_camera_frontend[7].u_camera/dvp_data_sync_reg[5]
  -------------------------------------------------------------------
                         required time                          1.525                           
                         arrival time                          -1.463                           
  -------------------------------------------------------------------
                         slack                                  0.062                           

Slack (MET) :             0.081ns  (required time - arrival time)
  Source:                 u_camera_hdmi/u_camera_subsystem/g_camera_frontend[3].u_camera/dvp_data_iob_reg[3]/C
                            (rising edge-triggered cell FDRE clocked by mmcm_clkout0  {rise@0.000ns fall@1.666ns period=3.332ns})
  Destination:            u_camera_hdmi/u_camera_subsystem/g_camera_frontend[3].u_camera/dvp_data_sync_reg[3]/D
                            (rising edge-triggered cell FDRE clocked by mmcm_clkout0  {rise@0.000ns fall@1.666ns period=3.332ns})
  Path Group:             mmcm_clkout0
  Path Type:              Setup (Max at Slow Process Corner)
  Requirement:            1.500ns  (MaxDelay Path 1.500ns)
  Data Path Delay:        1.444ns  (logic 0.428ns (29.640%)  route 1.016ns (70.360%))
  Logic Levels:           0  
  Timing Exception:       MaxDelay Path 1.500ns -datapath_only

    Location             Delay type                Incr(ns)  Path(ns)    PBlock               Netlist Resource(s)
  -------------------------------------------------------------------    ----------------------------------------
    BITSLICE_RX_TX_X0Y627
                                                      0.000     0.000 r                       u_camera_hdmi/u_camera_subsystem/g_camera_frontend[3].u_camera/dvp_data_iob_reg[3]/C
    BITSLICE_RX_TX_X0Y627
                         FDRE (Prop_IN_FF_BITSLICE_COMPONENT_RX_TX_C_Q)
                                                      0.428     0.428 r                       u_camera_hdmi/u_camera_subsystem/g_camera_frontend[3].u_camera/dvp_data_iob_reg[3]/Q
                         net (fo=1, routed)           1.016     1.444                         u_camera_hdmi/u_camera_subsystem/g_camera_frontend[3].u_camera/dvp_data_iob[3]
    SLICE_X112Y721       FDRE                                         r  pblock_dvp_sync_slr3 u_camera_hdmi/u_camera_subsystem/g_camera_frontend[3].u_camera/dvp_data_sync_reg[3]/D
  -------------------------------------------------------------------    ----------------------------------------

                         max delay                    1.500     1.500                         
    SLICE_X112Y721       FDRE (Setup_EFF2_SLICEL_C_D)
                                                      0.025     1.525    pblock_dvp_sync_slr3   u_camera_hdmi/u_camera_subsystem/g_camera_frontend[3].u_camera/dvp_data_sync_reg[3]
  -------------------------------------------------------------------
                         required time                          1.525                           
                         arrival time                          -1.444                           
  -------------------------------------------------------------------
                         slack                                  0.081                           

Slack (MET) :             0.086ns  (required time - arrival time)
  Source:                 u_camera_hdmi/u_camera_subsystem/g_camera_frontend[2].u_camera/dvp_data_iob_reg[3]/C
                            (rising edge-triggered cell FDRE clocked by mmcm_clkout0  {rise@0.000ns fall@1.666ns period=3.332ns})
  Destination:            u_camera_hdmi/u_camera_subsystem/g_camera_frontend[2].u_camera/dvp_data_sync_reg[3]/D
                            (rising edge-triggered cell FDRE clocked by mmcm_clkout0  {rise@0.000ns fall@1.666ns period=3.332ns})
  Path Group:             mmcm_clkout0
  Path Type:              Setup (Max at Slow Process Corner)
  Requirement:            1.500ns  (MaxDelay Path 1.500ns)
  Data Path Delay:        1.439ns  (logic 0.294ns (20.431%)  route 1.145ns (79.569%))
  Logic Levels:           0  
  Timing Exception:       MaxDelay Path 1.500ns -datapath_only

    Location             Delay type                Incr(ns)  Path(ns)    PBlock               Netlist Resource(s)
  -------------------------------------------------------------------    ----------------------------------------
    BITSLICE_RX_TX_X0Y630
                                                      0.000     0.000 r                       u_camera_hdmi/u_camera_subsystem/g_camera_frontend[2].u_camera/dvp_data_iob_reg[3]/C
    BITSLICE_RX_TX_X0Y630
                         FDRE (Prop_IN_FF_BITSLICE_COMPONENT_RX_TX_C_Q)
                                                      0.294     0.294 r                       u_camera_hdmi/u_camera_subsystem/g_camera_frontend[2].u_camera/dvp_data_iob_reg[3]/Q
                         net (fo=1, routed)           1.145     1.439                         u_camera_hdmi/u_camera_subsystem/g_camera_frontend[2].u_camera/dvp_data_iob[3]
    SLICE_X112Y722       FDRE                                         r  pblock_dvp_sync_slr3 u_camera_hdmi/u_camera_subsystem/g_camera_frontend[2].u_camera/dvp_data_sync_reg[3]/D
  -------------------------------------------------------------------    ----------------------------------------

                         max delay                    1.500     1.500                         
    SLICE_X112Y722       FDRE (Setup_BFF2_SLICEL_C_D)
                                                      0.025     1.525    pblock_dvp_sync_slr3   u_camera_hdmi/u_camera_subsystem/g_camera_frontend[2].u_camera/dvp_data_sync_reg[3]
  -------------------------------------------------------------------
                         required time                          1.525                           
                         arrival time                          -1.439                           
  -------------------------------------------------------------------
                         slack                                  0.086                           

Slack (MET) :             0.089ns  (required time - arrival time)
  Source:                 u_camera_hdmi/u_camera_subsystem/g_camera_frontend[7].u_camera/dvp_data_iob_reg[7]/C
                            (rising edge-triggered cell FDRE clocked by mmcm_clkout0  {rise@0.000ns fall@1.666ns period=3.332ns})
  Destination:            u_camera_hdmi/u_camera_subsystem/g_camera_frontend[7].u_camera/dvp_data_sync_reg[7]/D
                            (rising edge-triggered cell FDRE clocked by mmcm_clkout0  {rise@0.000ns fall@1.666ns period=3.332ns})
  Path Group:             mmcm_clkout0
  Path Type:              Setup (Max at Slow Process Corner)
  Requirement:            1.500ns  (MaxDelay Path 1.500ns)
  Data Path Delay:        1.436ns  (logic 0.349ns (24.304%)  route 1.087ns (75.696%))
  Logic Levels:           0  
  Timing Exception:       MaxDelay Path 1.500ns -datapath_only

    Location             Delay type                Incr(ns)  Path(ns)    PBlock               Netlist Resource(s)
  -------------------------------------------------------------------    ----------------------------------------
    BITSLICE_RX_TX_X0Y430
                                                      0.000     0.000 r                       u_camera_hdmi/u_camera_subsystem/g_camera_frontend[7].u_camera/dvp_data_iob_reg[7]/C
    BITSLICE_RX_TX_X0Y430
                         FDRE (Prop_IN_FF_BITSLICE_COMPONENT_RX_TX_C_Q)
                                                      0.349     0.349 r                       u_camera_hdmi/u_camera_subsystem/g_camera_frontend[7].u_camera/dvp_data_iob_reg[7]/Q
                         net (fo=1, routed)           1.087     1.436                         u_camera_hdmi/u_camera_subsystem/g_camera_frontend[7].u_camera/dvp_data_iob[7]
    SLICE_X102Y495       FDRE                                         r  pblock_dvp_bridge_slr2
                                                                                              u_camera_hdmi/u_camera_subsystem/g_camera_frontend[7].u_camera/dvp_data_sync_reg[7]/D
  -------------------------------------------------------------------    ----------------------------------------

                         max delay                    1.500     1.500                         
    SLICE_X102Y495       FDRE (Setup_EFF_SLICEM_C_D)
                                                      0.025     1.525    pblock_dvp_bridge_slr2
                                                                                                u_camera_hdmi/u_camera_subsystem/g_camera_frontend[7].u_camera/dvp_data_sync_reg[7]
  -------------------------------------------------------------------
                         required time                          1.525                           
                         arrival time                          -1.436                           
  -------------------------------------------------------------------
                         slack                                  0.089                           

Slack (MET) :             0.101ns  (required time - arrival time)
  Source:                 u_camera_hdmi/u_camera_subsystem/g_camera_frontend[5].u_camera/dvp_href_iob_reg/C
                            (rising edge-triggered cell FDRE clocked by mmcm_clkout0  {rise@0.000ns fall@1.666ns period=3.332ns})
  Destination:            u_camera_hdmi/u_camera_subsystem/g_camera_frontend[5].u_camera/dvp_href_sync_reg/D
                            (rising edge-triggered cell FDRE clocked by mmcm_clkout0  {rise@0.000ns fall@1.666ns period=3.332ns})
  Path Group:             mmcm_clkout0
  Path Type:              Setup (Max at Slow Process Corner)
  Requirement:            1.500ns  (MaxDelay Path 1.500ns)
  Data Path Delay:        1.424ns  (logic 0.369ns (25.913%)  route 1.055ns (74.087%))
  Logic Levels:           0  
  Timing Exception:       MaxDelay Path 1.500ns -datapath_only

    Location             Delay type                Incr(ns)  Path(ns)    PBlock               Netlist Resource(s)
  -------------------------------------------------------------------    ----------------------------------------
    BITSLICE_RX_TX_X0Y502
                                                      0.000     0.000 r                       u_camera_hdmi/u_camera_subsystem/g_camera_frontend[5].u_camera/dvp_href_iob_reg/C
    BITSLICE_RX_TX_X0Y502
                         FDRE (Prop_IN_FF_BITSLICE_COMPONENT_RX_TX_C_Q)
                                                      0.369     0.369 r                       u_camera_hdmi/u_camera_subsystem/g_camera_frontend[5].u_camera/dvp_href_iob_reg/Q
                         net (fo=1, routed)           1.055     1.424                         u_camera_hdmi/u_camera_subsystem/g_camera_frontend[5].u_camera/dvp_href_iob
    SLICE_X123Y530       FDRE                                         r  pblock_dvp_bridge_slr2
                                                                                              u_camera_hdmi/u_camera_subsystem/g_camera_frontend[5].u_camera/dvp_href_sync_reg/D
  -------------------------------------------------------------------    ----------------------------------------

                         max delay                    1.500     1.500                         
    SLICE_X123Y530       FDRE (Setup_CFF_SLICEL_C_D)
                                                      0.025     1.525    pblock_dvp_bridge_slr2
                                                                                                u_camera_hdmi/u_camera_subsystem/g_camera_frontend[5].u_camera/dvp_href_sync_reg
  -------------------------------------------------------------------
                         required time                          1.525                           
                         arrival time                          -1.424                           
  -------------------------------------------------------------------
                         slack                                  0.101                           

Slack (MET) :             0.116ns  (required time - arrival time)
  Source:                 u_camera_hdmi/u_camera_subsystem/g_camera_frontend[7].u_camera/dvp_data_iob_reg[3]/C
                            (rising edge-triggered cell FDRE clocked by mmcm_clkout0  {rise@0.000ns fall@1.666ns period=3.332ns})
  Destination:            u_camera_hdmi/u_camera_subsystem/g_camera_frontend[7].u_camera/dvp_data_sync_reg[3]/D
                            (rising edge-triggered cell FDRE clocked by mmcm_clkout0  {rise@0.000ns fall@1.666ns period=3.332ns})
  Path Group:             mmcm_clkout0
  Path Type:              Setup (Max at Slow Process Corner)
  Requirement:            1.500ns  (MaxDelay Path 1.500ns)
  Data Path Delay:        1.409ns  (logic 0.271ns (19.233%)  route 1.138ns (80.767%))
  Logic Levels:           0  
  Timing Exception:       MaxDelay Path 1.500ns -datapath_only

    Location             Delay type                Incr(ns)  Path(ns)    PBlock               Netlist Resource(s)
  -------------------------------------------------------------------    ----------------------------------------
    BITSLICE_RX_TX_X0Y447
                                                      0.000     0.000 r                       u_camera_hdmi/u_camera_subsystem/g_camera_frontend[7].u_camera/dvp_data_iob_reg[3]/C
    BITSLICE_RX_TX_X0Y447
                         FDRE (Prop_IN_FF_BITSLICE_COMPONENT_RX_TX_C_Q)
                                                      0.271     0.271 r                       u_camera_hdmi/u_camera_subsystem/g_camera_frontend[7].u_camera/dvp_data_iob_reg[3]/Q
                         net (fo=1, routed)           1.138     1.409                         u_camera_hdmi/u_camera_subsystem/g_camera_frontend[7].u_camera/dvp_data_iob[3]
    SLICE_X100Y502       FDRE                                         r  pblock_dvp_bridge_slr2
                                                                                              u_camera_hdmi/u_camera_subsystem/g_camera_frontend[7].u_camera/dvp_data_sync_reg[3]/D
  -------------------------------------------------------------------    ----------------------------------------

                         max delay                    1.500     1.500                         
    SLICE_X100Y502       FDRE (Setup_EFF2_SLICEM_C_D)
                                                      0.025     1.525    pblock_dvp_bridge_slr2
                                                                                                u_camera_hdmi/u_camera_subsystem/g_camera_frontend[7].u_camera/dvp_data_sync_reg[3]
  -------------------------------------------------------------------
                         required time                          1.525                           
                         arrival time                          -1.409                           
  -------------------------------------------------------------------
                         slack                                  0.116                           

Slack (MET) :             0.129ns  (required time - arrival time)
  Source:                 u_camera_hdmi/u_camera_subsystem/g_camera_frontend[7].u_camera/dvp_data_iob_reg[6]/C
                            (rising edge-triggered cell FDRE clocked by mmcm_clkout0  {rise@0.000ns fall@1.666ns period=3.332ns})
  Destination:            u_camera_hdmi/u_camera_subsystem/g_camera_frontend[7].u_camera/dvp_data_sync_reg[6]/D
                            (rising edge-triggered cell FDRE clocked by mmcm_clkout0  {rise@0.000ns fall@1.666ns period=3.332ns})
  Path Group:             mmcm_clkout0
  Path Type:              Setup (Max at Slow Process Corner)
  Requirement:            1.500ns  (MaxDelay Path 1.500ns)
  Data Path Delay:        1.396ns  (logic 0.251ns (17.980%)  route 1.145ns (82.020%))
  Logic Levels:           0  
  Timing Exception:       MaxDelay Path 1.500ns -datapath_only

    Location             Delay type                Incr(ns)  Path(ns)    PBlock               Netlist Resource(s)
  -------------------------------------------------------------------    ----------------------------------------
    BITSLICE_RX_TX_X0Y429
                                                      0.000     0.000 r                       u_camera_hdmi/u_camera_subsystem/g_camera_frontend[7].u_camera/dvp_data_iob_reg[6]/C
    BITSLICE_RX_TX_X0Y429
                         FDRE (Prop_IN_FF_BITSLICE_COMPONENT_RX_TX_C_Q)
                                                      0.251     0.251 r                       u_camera_hdmi/u_camera_subsystem/g_camera_frontend[7].u_camera/dvp_data_iob_reg[6]/Q
                         net (fo=1, routed)           1.145     1.396                         u_camera_hdmi/u_camera_subsystem/g_camera_frontend[7].u_camera/dvp_data_iob[6]
    SLICE_X88Y495        FDRE                                         r  pblock_dvp_bridge_slr2
                                                                                              u_camera_hdmi/u_camera_subsystem/g_camera_frontend[7].u_camera/dvp_data_sync_reg[6]/D
  -------------------------------------------------------------------    ----------------------------------------

                         max delay                    1.500     1.500                         
    SLICE_X88Y495        FDRE (Setup_EFF_SLICEM_C_D)
                                                      0.025     1.525    pblock_dvp_bridge_slr2
                                                                                                u_camera_hdmi/u_camera_subsystem/g_camera_frontend[7].u_camera/dvp_data_sync_reg[6]
  -------------------------------------------------------------------
                         required time                          1.525                           
                         arrival time                          -1.396                           
  -------------------------------------------------------------------
                         slack                                  0.129                           

Slack (MET) :             0.133ns  (required time - arrival time)
  Source:                 u_camera_hdmi/u_camera_subsystem/g_camera_frontend[3].u_camera/dvp_data_iob_reg[1]/C
                            (rising edge-triggered cell FDRE clocked by mmcm_clkout0  {rise@0.000ns fall@1.666ns period=3.332ns})
  Destination:            u_camera_hdmi/u_camera_subsystem/g_camera_frontend[3].u_camera/dvp_data_sync_reg[1]/D
                            (rising edge-triggered cell FDRE clocked by mmcm_clkout0  {rise@0.000ns fall@1.666ns period=3.332ns})
  Path Group:             mmcm_clkout0
  Path Type:              Setup (Max at Slow Process Corner)
  Requirement:            1.500ns  (MaxDelay Path 1.500ns)
  Data Path Delay:        1.392ns  (logic 0.271ns (19.468%)  route 1.121ns (80.532%))
  Logic Levels:           0  
  Timing Exception:       MaxDelay Path 1.500ns -datapath_only

    Location             Delay type                Incr(ns)  Path(ns)    PBlock               Netlist Resource(s)
  -------------------------------------------------------------------    ----------------------------------------
    BITSLICE_RX_TX_X0Y642
                                                      0.000     0.000 r                       u_camera_hdmi/u_camera_subsystem/g_camera_frontend[3].u_camera/dvp_data_iob_reg[1]/C
    BITSLICE_RX_TX_X0Y642
                         FDRE (Prop_IN_FF_BITSLICE_COMPONENT_RX_TX_C_Q)
                                                      0.271     0.271 r                       u_camera_hdmi/u_camera_subsystem/g_camera_frontend[3].u_camera/dvp_data_iob_reg[1]/Q
                         net (fo=1, routed)           1.121     1.392                         u_camera_hdmi/u_camera_subsystem/g_camera_frontend[3].u_camera/dvp_data_iob[1]
    SLICE_X112Y721       FDRE                                         r  pblock_dvp_sync_slr3 u_camera_hdmi/u_camera_subsystem/g_camera_frontend[3].u_camera/dvp_data_sync_reg[1]/D
  -------------------------------------------------------------------    ----------------------------------------

                         max delay                    1.500     1.500                         
    SLICE_X112Y721       FDRE (Setup_AFF2_SLICEL_C_D)
                                                      0.025     1.525    pblock_dvp_sync_slr3   u_camera_hdmi/u_camera_subsystem/g_camera_frontend[3].u_camera/dvp_data_sync_reg[1]
  -------------------------------------------------------------------
                         required time                          1.525                           
                         arrival time                          -1.392                           
  -------------------------------------------------------------------
                         slack                                  0.133                           

Slack (MET) :             0.134ns  (required time - arrival time)
  Source:                 u_camera_hdmi/u_camera_subsystem/g_camera_frontend[4].u_camera/dvp_data_iob_reg[6]/C
                            (rising edge-triggered cell FDRE clocked by mmcm_clkout0  {rise@0.000ns fall@1.666ns period=3.332ns})
  Destination:            u_camera_hdmi/u_camera_subsystem/g_camera_frontend[4].u_camera/dvp_data_sync_reg[6]/D
                            (rising edge-triggered cell FDRE clocked by mmcm_clkout0  {rise@0.000ns fall@1.666ns period=3.332ns})
  Path Group:             mmcm_clkout0
  Path Type:              Setup (Max at Slow Process Corner)
  Requirement:            1.500ns  (MaxDelay Path 1.500ns)
  Data Path Delay:        1.391ns  (logic 0.271ns (19.482%)  route 1.120ns (80.518%))
  Logic Levels:           0  
  Timing Exception:       MaxDelay Path 1.500ns -datapath_only

    Location             Delay type                Incr(ns)  Path(ns)    PBlock               Netlist Resource(s)
  -------------------------------------------------------------------    ----------------------------------------
    BITSLICE_RX_TX_X0Y473
                                                      0.000     0.000 r                       u_camera_hdmi/u_camera_subsystem/g_camera_frontend[4].u_camera/dvp_data_iob_reg[6]/C
    BITSLICE_RX_TX_X0Y473
                         FDRE (Prop_IN_FF_BITSLICE_COMPONENT_RX_TX_C_Q)
                                                      0.271     0.271 r                       u_camera_hdmi/u_camera_subsystem/g_camera_frontend[4].u_camera/dvp_data_iob_reg[6]/Q
                         net (fo=1, routed)           1.120     1.391                         u_camera_hdmi/u_camera_subsystem/g_camera_frontend[4].u_camera/dvp_data_iob[6]
    SLICE_X107Y531       FDRE                                         r  pblock_dvp_bridge_slr2
                                                                                              u_camera_hdmi/u_camera_subsystem/g_camera_frontend[4].u_camera/dvp_data_sync_reg[6]/D
  -------------------------------------------------------------------    ----------------------------------------

                         max delay                    1.500     1.500                         
    SLICE_X107Y531       FDRE (Setup_EFF2_SLICEM_C_D)
                                                      0.025     1.525    pblock_dvp_bridge_slr2
                                                                                                u_camera_hdmi/u_camera_subsystem/g_camera_frontend[4].u_camera/dvp_data_sync_reg[6]
  -------------------------------------------------------------------
                         required time                          1.525                           
                         arrival time                          -1.391                           
  -------------------------------------------------------------------
                         slack                                  0.134                           

Slack (MET) :             0.140ns  (required time - arrival time)
  Source:                 u_camera_hdmi/u_camera_subsystem/g_camera_frontend[5].u_camera/dvp_data_iob_reg[3]/C
                            (rising edge-triggered cell FDRE clocked by mmcm_clkout0  {rise@0.000ns fall@1.666ns period=3.332ns})
  Destination:            u_camera_hdmi/u_camera_subsystem/g_camera_frontend[5].u_camera/dvp_data_sync_reg[3]/D
                            (rising edge-triggered cell FDRE clocked by mmcm_clkout0  {rise@0.000ns fall@1.666ns period=3.332ns})
  Path Group:             mmcm_clkout0
  Path Type:              Setup (Max at Slow Process Corner)
  Requirement:            1.500ns  (MaxDelay Path 1.500ns)
  Data Path Delay:        1.385ns  (logic 0.251ns (18.123%)  route 1.134ns (81.877%))
  Logic Levels:           0  
  Timing Exception:       MaxDelay Path 1.500ns -datapath_only

    Location             Delay type                Incr(ns)  Path(ns)    PBlock               Netlist Resource(s)
  -------------------------------------------------------------------    ----------------------------------------
    BITSLICE_RX_TX_X0Y481
                                                      0.000     0.000 r                       u_camera_hdmi/u_camera_subsystem/g_camera_frontend[5].u_camera/dvp_data_iob_reg[3]/C
    BITSLICE_RX_TX_X0Y481
                         FDRE (Prop_IN_FF_BITSLICE_COMPONENT_RX_TX_C_Q)
                                                      0.251     0.251 r                       u_camera_hdmi/u_camera_subsystem/g_camera_frontend[5].u_camera/dvp_data_iob_reg[3]/Q
                         net (fo=1, routed)           1.134     1.385                         u_camera_hdmi/u_camera_subsystem/g_camera_frontend[5].u_camera/dvp_data_iob[3]
    SLICE_X123Y530       FDRE                                         r  pblock_dvp_bridge_slr2
                                                                                              u_camera_hdmi/u_camera_subsystem/g_camera_frontend[5].u_camera/dvp_data_sync_reg[3]/D
  -------------------------------------------------------------------    ----------------------------------------

                         max delay                    1.500     1.500                         
    SLICE_X123Y530       FDRE (Setup_EFF2_SLICEL_C_D)
                                                      0.025     1.525    pblock_dvp_bridge_slr2
                                                                                                u_camera_hdmi/u_camera_subsystem/g_camera_frontend[5].u_camera/dvp_data_sync_reg[3]
  -------------------------------------------------------------------
                         required time                          1.525                           
                         arrival time                          -1.385                           
  -------------------------------------------------------------------
                         slack                                  0.140                           

Slack (MET) :             0.152ns  (required time - arrival time)
  Source:                 u_camera_hdmi/u_camera_subsystem/g_camera_frontend[2].u_camera/dvp_data_iob_reg[1]/C
                            (rising edge-triggered cell FDRE clocked by mmcm_clkout0  {rise@0.000ns fall@1.666ns period=3.332ns})
  Destination:            u_camera_hdmi/u_camera_subsystem/g_camera_frontend[2].u_camera/dvp_data_sync_reg[1]/D
                            (rising edge-triggered cell FDRE clocked by mmcm_clkout0  {rise@0.000ns fall@1.666ns period=3.332ns})
  Path Group:             mmcm_clkout0
  Path Type:              Setup (Max at Slow Process Corner)
  Requirement:            1.500ns  (MaxDelay Path 1.500ns)
  Data Path Delay:        1.373ns  (logic 0.310ns (22.578%)  route 1.063ns (77.422%))
  Logic Levels:           0  
  Timing Exception:       MaxDelay Path 1.500ns -datapath_only

    Location             Delay type                Incr(ns)  Path(ns)    PBlock               Netlist Resource(s)
  -------------------------------------------------------------------    ----------------------------------------
    BITSLICE_RX_TX_X0Y628
                                                      0.000     0.000 r                       u_camera_hdmi/u_camera_subsystem/g_camera_frontend[2].u_camera/dvp_data_iob_reg[1]/C
    BITSLICE_RX_TX_X0Y628
                         FDRE (Prop_IN_FF_BITSLICE_COMPONENT_RX_TX_C_Q)
                                                      0.310     0.310 r                       u_camera_hdmi/u_camera_subsystem/g_camera_frontend[2].u_camera/dvp_data_iob_reg[1]/Q
                         net (fo=1, routed)           1.063     1.373                         u_camera_hdmi/u_camera_subsystem/g_camera_frontend[2].u_camera/dvp_data_iob[1]
    SLICE_X112Y722       FDRE                                         r  pblock_dvp_sync_slr3 u_camera_hdmi/u_camera_subsystem/g_camera_frontend[2].u_camera/dvp_data_sync_reg[1]/D
  -------------------------------------------------------------------    ----------------------------------------

                         max delay                    1.500     1.500                         
    SLICE_X112Y722       FDRE (Setup_AFF2_SLICEL_C_D)
                                                      0.025     1.525    pblock_dvp_sync_slr3   u_camera_hdmi/u_camera_subsystem/g_camera_frontend[2].u_camera/dvp_data_sync_reg[1]
  -------------------------------------------------------------------
                         required time                          1.525                           
                         arrival time                          -1.373                           
  -------------------------------------------------------------------
                         slack                                  0.152                           

Slack (MET) :             0.159ns  (required time - arrival time)
  Source:                 u_camera_hdmi/u_camera_subsystem/g_camera_frontend[3].u_camera/dvp_data_iob_reg[0]/C
                            (rising edge-triggered cell FDRE clocked by mmcm_clkout0  {rise@0.000ns fall@1.666ns period=3.332ns})
  Destination:            u_camera_hdmi/u_camera_subsystem/g_camera_frontend[3].u_camera/dvp_data_sync_reg[0]/D
                            (rising edge-triggered cell FDRE clocked by mmcm_clkout0  {rise@0.000ns fall@1.666ns period=3.332ns})
  Path Group:             mmcm_clkout0
  Path Type:              Setup (Max at Slow Process Corner)
  Requirement:            1.500ns  (MaxDelay Path 1.500ns)
  Data Path Delay:        1.366ns  (logic 0.310ns (22.694%)  route 1.056ns (77.306%))
  Logic Levels:           0  
  Timing Exception:       MaxDelay Path 1.500ns -datapath_only

    Location             Delay type                Incr(ns)  Path(ns)    PBlock               Netlist Resource(s)
  -------------------------------------------------------------------    ----------------------------------------
    BITSLICE_RX_TX_X0Y641
                                                      0.000     0.000 r                       u_camera_hdmi/u_camera_subsystem/g_camera_frontend[3].u_camera/dvp_data_iob_reg[0]/C
    BITSLICE_RX_TX_X0Y641
                         FDRE (Prop_IN_FF_BITSLICE_COMPONENT_RX_TX_C_Q)
                                                      0.310     0.310 r                       u_camera_hdmi/u_camera_subsystem/g_camera_frontend[3].u_camera/dvp_data_iob_reg[0]/Q
                         net (fo=1, routed)           1.056     1.366                         u_camera_hdmi/u_camera_subsystem/g_camera_frontend[3].u_camera/dvp_data_iob[0]
    SLICE_X112Y721       FDRE                                         r  pblock_dvp_sync_slr3 u_camera_hdmi/u_camera_subsystem/g_camera_frontend[3].u_camera/dvp_data_sync_reg[0]/D
  -------------------------------------------------------------------    ----------------------------------------

                         max delay                    1.500     1.500                         
    SLICE_X112Y721       FDRE (Setup_AFF_SLICEL_C_D)
                                                      0.025     1.525    pblock_dvp_sync_slr3   u_camera_hdmi/u_camera_subsystem/g_camera_frontend[3].u_camera/dvp_data_sync_reg[0]
  -------------------------------------------------------------------
                         required time                          1.525                           
                         arrival time                          -1.366                           
  -------------------------------------------------------------------
                         slack                                  0.159                           

Slack (MET) :             0.163ns  (required time - arrival time)
  Source:                 u_camera_hdmi/u_camera_subsystem/g_camera_frontend[5].u_camera/dvp_data_iob_reg[0]/C
                            (rising edge-triggered cell FDRE clocked by mmcm_clkout0  {rise@0.000ns fall@1.666ns period=3.332ns})
  Destination:            u_camera_hdmi/u_camera_subsystem/g_camera_frontend[5].u_camera/dvp_data_sync_reg[0]/D
                            (rising edge-triggered cell FDRE clocked by mmcm_clkout0  {rise@0.000ns fall@1.666ns period=3.332ns})
  Path Group:             mmcm_clkout0
  Path Type:              Setup (Max at Slow Process Corner)
  Requirement:            1.500ns  (MaxDelay Path 1.500ns)
  Data Path Delay:        1.362ns  (logic 0.428ns (31.424%)  route 0.934ns (68.576%))
  Logic Levels:           0  
  Timing Exception:       MaxDelay Path 1.500ns -datapath_only

    Location             Delay type                Incr(ns)  Path(ns)    PBlock               Netlist Resource(s)
  -------------------------------------------------------------------    ----------------------------------------
    BITSLICE_RX_TX_X0Y484
                                                      0.000     0.000 r                       u_camera_hdmi/u_camera_subsystem/g_camera_frontend[5].u_camera/dvp_data_iob_reg[0]/C
    BITSLICE_RX_TX_X0Y484
                         FDRE (Prop_IN_FF_BITSLICE_COMPONENT_RX_TX_C_Q)
                                                      0.428     0.428 r                       u_camera_hdmi/u_camera_subsystem/g_camera_frontend[5].u_camera/dvp_data_iob_reg[0]/Q
                         net (fo=1, routed)           0.934     1.362                         u_camera_hdmi/u_camera_subsystem/g_camera_frontend[5].u_camera/dvp_data_iob[0]
    SLICE_X123Y530       FDRE                                         r  pblock_dvp_bridge_slr2
                                                                                              u_camera_hdmi/u_camera_subsystem/g_camera_frontend[5].u_camera/dvp_data_sync_reg[0]/D
  -------------------------------------------------------------------    ----------------------------------------

                         max delay                    1.500     1.500                         
    SLICE_X123Y530       FDRE (Setup_AFF_SLICEL_C_D)
                                                      0.025     1.525    pblock_dvp_bridge_slr2
                                                                                                u_camera_hdmi/u_camera_subsystem/g_camera_frontend[5].u_camera/dvp_data_sync_reg[0]
  -------------------------------------------------------------------
                         required time                          1.525                           
                         arrival time                          -1.362                           
  -------------------------------------------------------------------
                         slack                                  0.163                           

Slack (MET) :             0.168ns  (required time - arrival time)
  Source:                 u_camera_hdmi/u_camera_subsystem/g_camera_frontend[6].u_camera/dvp_data_iob_reg[7]/C
                            (rising edge-triggered cell FDRE clocked by mmcm_clkout0  {rise@0.000ns fall@1.666ns period=3.332ns})
  Destination:            u_camera_hdmi/u_camera_subsystem/g_camera_frontend[6].u_camera/dvp_data_sync_reg[7]/D
                            (rising edge-triggered cell FDRE clocked by mmcm_clkout0  {rise@0.000ns fall@1.666ns period=3.332ns})
  Path Group:             mmcm_clkout0
  Path Type:              Setup (Max at Slow Process Corner)
  Requirement:            1.500ns  (MaxDelay Path 1.500ns)
  Data Path Delay:        1.357ns  (logic 0.251ns (18.497%)  route 1.106ns (81.503%))
  Logic Levels:           0  
  Timing Exception:       MaxDelay Path 1.500ns -datapath_only

    Location             Delay type                Incr(ns)  Path(ns)    PBlock               Netlist Resource(s)
  -------------------------------------------------------------------    ----------------------------------------
    BITSLICE_RX_TX_X0Y455
                                                      0.000     0.000 r                       u_camera_hdmi/u_camera_subsystem/g_camera_frontend[6].u_camera/dvp_data_iob_reg[7]/C
    BITSLICE_RX_TX_X0Y455
                         FDRE (Prop_IN_FF_BITSLICE_COMPONENT_RX_TX_C_Q)
                                                      0.251     0.251 r                       u_camera_hdmi/u_camera_subsystem/g_camera_frontend[6].u_camera/dvp_data_iob_reg[7]/Q
                         net (fo=1, routed)           1.106     1.357                         u_camera_hdmi/u_camera_subsystem/g_camera_frontend[6].u_camera/dvp_data_iob[7]
    SLICE_X123Y515       FDRE                                         r  pblock_dvp_bridge_slr2
                                                                                              u_camera_hdmi/u_camera_subsystem/g_camera_frontend[6].u_camera/dvp_data_sync_reg[7]/D
  -------------------------------------------------------------------    ----------------------------------------

                         max delay                    1.500     1.500                         
    SLICE_X123Y515       FDRE (Setup_EFF2_SLICEL_C_D)
                                                      0.025     1.525    pblock_dvp_bridge_slr2
                                                                                                u_camera_hdmi/u_camera_subsystem/g_camera_frontend[6].u_camera/dvp_data_sync_reg[7]
  -------------------------------------------------------------------
                         required time                          1.525                           
                         arrival time                          -1.357                           
  -------------------------------------------------------------------
                         slack                                  0.168                           

Slack (MET) :             0.172ns  (required time - arrival time)
  Source:                 u_camera_hdmi/u_camera_subsystem/g_camera_frontend[5].u_camera/dvp_data_iob_reg[1]/C
                            (rising edge-triggered cell FDRE clocked by mmcm_clkout0  {rise@0.000ns fall@1.666ns period=3.332ns})
  Destination:            u_camera_hdmi/u_camera_subsystem/g_camera_frontend[5].u_camera/dvp_data_sync_reg[1]/D
                            (rising edge-triggered cell FDRE clocked by mmcm_clkout0  {rise@0.000ns fall@1.666ns period=3.332ns})
  Path Group:             mmcm_clkout0
  Path Type:              Setup (Max at Slow Process Corner)
  Requirement:            1.500ns  (MaxDelay Path 1.500ns)
  Data Path Delay:        1.353ns  (logic 0.431ns (31.855%)  route 0.922ns (68.145%))
  Logic Levels:           0  
  Timing Exception:       MaxDelay Path 1.500ns -datapath_only

    Location             Delay type                Incr(ns)  Path(ns)    PBlock               Netlist Resource(s)
  -------------------------------------------------------------------    ----------------------------------------
    BITSLICE_RX_TX_X0Y483
                                                      0.000     0.000 r                       u_camera_hdmi/u_camera_subsystem/g_camera_frontend[5].u_camera/dvp_data_iob_reg[1]/C
    BITSLICE_RX_TX_X0Y483
                         FDRE (Prop_IN_FF_BITSLICE_COMPONENT_RX_TX_C_Q)
                                                      0.431     0.431 r                       u_camera_hdmi/u_camera_subsystem/g_camera_frontend[5].u_camera/dvp_data_iob_reg[1]/Q
                         net (fo=1, routed)           0.922     1.353                         u_camera_hdmi/u_camera_subsystem/g_camera_frontend[5].u_camera/dvp_data_iob[1]
    SLICE_X123Y530       FDRE                                         r  pblock_dvp_bridge_slr2
                                                                                              u_camera_hdmi/u_camera_subsystem/g_camera_frontend[5].u_camera/dvp_data_sync_reg[1]/D
  -------------------------------------------------------------------    ----------------------------------------

                         max delay                    1.500     1.500                         
    SLICE_X123Y530       FDRE (Setup_AFF2_SLICEL_C_D)
                                                      0.025     1.525    pblock_dvp_bridge_slr2
                                                                                                u_camera_hdmi/u_camera_subsystem/g_camera_frontend[5].u_camera/dvp_data_sync_reg[1]
  -------------------------------------------------------------------
                         required time                          1.525                           
                         arrival time                          -1.353                           
  -------------------------------------------------------------------
                         slack                                  0.172                           

Slack (MET) :             0.186ns  (required time - arrival time)
  Source:                 u_camera_hdmi/u_camera_subsystem/g_camera_frontend[4].u_camera/dvp_data_iob_reg[7]/C
                            (rising edge-triggered cell FDRE clocked by mmcm_clkout0  {rise@0.000ns fall@1.666ns period=3.332ns})
  Destination:            u_camera_hdmi/u_camera_subsystem/g_camera_frontend[4].u_camera/dvp_data_sync_reg[7]/D
                            (rising edge-triggered cell FDRE clocked by mmcm_clkout0  {rise@0.000ns fall@1.666ns period=3.332ns})
  Path Group:             mmcm_clkout0
  Path Type:              Setup (Max at Slow Process Corner)
  Requirement:            1.500ns  (MaxDelay Path 1.500ns)
  Data Path Delay:        1.339ns  (logic 0.310ns (23.152%)  route 1.029ns (76.848%))
  Logic Levels:           0  
  Timing Exception:       MaxDelay Path 1.500ns -datapath_only

    Location             Delay type                Incr(ns)  Path(ns)    PBlock               Netlist Resource(s)
  -------------------------------------------------------------------    ----------------------------------------
    BITSLICE_RX_TX_X0Y472
                                                      0.000     0.000 r                       u_camera_hdmi/u_camera_subsystem/g_camera_frontend[4].u_camera/dvp_data_iob_reg[7]/C
    BITSLICE_RX_TX_X0Y472
                         FDRE (Prop_IN_FF_BITSLICE_COMPONENT_RX_TX_C_Q)
                                                      0.310     0.310 r                       u_camera_hdmi/u_camera_subsystem/g_camera_frontend[4].u_camera/dvp_data_iob_reg[7]/Q
                         net (fo=1, routed)           1.029     1.339                         u_camera_hdmi/u_camera_subsystem/g_camera_frontend[4].u_camera/dvp_data_iob[7]
    SLICE_X107Y531       FDRE                                         r  pblock_dvp_bridge_slr2
                                                                                              u_camera_hdmi/u_camera_subsystem/g_camera_frontend[4].u_camera/dvp_data_sync_reg[7]/D
  -------------------------------------------------------------------    ----------------------------------------

                         max delay                    1.500     1.500                         
    SLICE_X107Y531       FDRE (Setup_FFF_SLICEM_C_D)
                                                      0.025     1.525    pblock_dvp_bridge_slr2
                                                                                                u_camera_hdmi/u_camera_subsystem/g_camera_frontend[4].u_camera/dvp_data_sync_reg[7]
  -------------------------------------------------------------------
                         required time                          1.525                           
                         arrival time                          -1.339                           
  -------------------------------------------------------------------
                         slack                                  0.186                           

Slack (MET) :             0.223ns  (required time - arrival time)
  Source:                 u_camera_hdmi/u_camera_subsystem/g_camera_frontend[5].u_camera/dvp_data_iob_reg[7]/C
                            (rising edge-triggered cell FDRE clocked by mmcm_clkout0  {rise@0.000ns fall@1.666ns period=3.332ns})
  Destination:            u_camera_hdmi/u_camera_subsystem/g_camera_frontend[5].u_camera/dvp_data_sync_reg[7]/D
                            (rising edge-triggered cell FDRE clocked by mmcm_clkout0  {rise@0.000ns fall@1.666ns period=3.332ns})
  Path Group:             mmcm_clkout0
  Path Type:              Setup (Max at Slow Process Corner)
  Requirement:            1.500ns  (MaxDelay Path 1.500ns)
  Data Path Delay:        1.302ns  (logic 0.251ns (19.278%)  route 1.051ns (80.722%))
  Logic Levels:           0  
  Timing Exception:       MaxDelay Path 1.500ns -datapath_only

    Location             Delay type                Incr(ns)  Path(ns)    PBlock               Netlist Resource(s)
  -------------------------------------------------------------------    ----------------------------------------
    BITSLICE_RX_TX_X0Y507
                                                      0.000     0.000 r                       u_camera_hdmi/u_camera_subsystem/g_camera_frontend[5].u_camera/dvp_data_iob_reg[7]/C
    BITSLICE_RX_TX_X0Y507
                         FDRE (Prop_IN_FF_BITSLICE_COMPONENT_RX_TX_C_Q)
                                                      0.251     0.251 r                       u_camera_hdmi/u_camera_subsystem/g_camera_frontend[5].u_camera/dvp_data_iob_reg[7]/Q
                         net (fo=1, routed)           1.051     1.302                         u_camera_hdmi/u_camera_subsystem/g_camera_frontend[5].u_camera/dvp_data_iob[7]
    SLICE_X123Y530       FDRE                                         r  pblock_dvp_bridge_slr2
                                                                                              u_camera_hdmi/u_camera_subsystem/g_camera_frontend[5].u_camera/dvp_data_sync_reg[7]/D
  -------------------------------------------------------------------    ----------------------------------------

                         max delay                    1.500     1.500                         
    SLICE_X123Y530       FDRE (Setup_BFF2_SLICEL_C_D)
                                                      0.025     1.525    pblock_dvp_bridge_slr2
                                                                                                u_camera_hdmi/u_camera_subsystem/g_camera_frontend[5].u_camera/dvp_data_sync_reg[7]
  -------------------------------------------------------------------
                         required time                          1.525                           
                         arrival time                          -1.302                           
  -------------------------------------------------------------------
                         slack                                  0.223                           

Slack (MET) :             0.238ns  (required time - arrival time)
  Source:                 u_camera_hdmi/u_camera_subsystem/g_camera_frontend[6].u_camera/dvp_vsync_iob_reg/C
                            (rising edge-triggered cell FDRE clocked by mmcm_clkout0  {rise@0.000ns fall@1.666ns period=3.332ns})
  Destination:            u_camera_hdmi/u_camera_subsystem/g_camera_frontend[6].u_camera/dvp_vsync_sync_reg/D
                            (rising edge-triggered cell FDRE clocked by mmcm_clkout0  {rise@0.000ns fall@1.666ns period=3.332ns})
  Path Group:             mmcm_clkout0
  Path Type:              Setup (Max at Slow Process Corner)
  Requirement:            1.500ns  (MaxDelay Path 1.500ns)
  Data Path Delay:        1.287ns  (logic 0.431ns (33.489%)  route 0.856ns (66.511%))
  Logic Levels:           0  
  Timing Exception:       MaxDelay Path 1.500ns -datapath_only

    Location             Delay type                Incr(ns)  Path(ns)    PBlock               Netlist Resource(s)
  -------------------------------------------------------------------    ----------------------------------------
    BITSLICE_RX_TX_X0Y431
                                                      0.000     0.000 r                       u_camera_hdmi/u_camera_subsystem/g_camera_frontend[6].u_camera/dvp_vsync_iob_reg/C
    BITSLICE_RX_TX_X0Y431
                         FDRE (Prop_IN_FF_BITSLICE_COMPONENT_RX_TX_C_Q)
                                                      0.431     0.431 r                       u_camera_hdmi/u_camera_subsystem/g_camera_frontend[6].u_camera/dvp_vsync_iob_reg/Q
                         net (fo=1, routed)           0.856     1.287                         u_camera_hdmi/u_camera_subsystem/g_camera_frontend[6].u_camera/dvp_vsync_iob
    SLICE_X123Y506       FDRE                                         r  pblock_dvp_bridge_slr2
                                                                                              u_camera_hdmi/u_camera_subsystem/g_camera_frontend[6].u_camera/dvp_vsync_sync_reg/D
  -------------------------------------------------------------------    ----------------------------------------

                         max delay                    1.500     1.500                         
    SLICE_X123Y506       FDRE (Setup_EFF_SLICEL_C_D)
                                                      0.025     1.525    pblock_dvp_bridge_slr2
                                                                                                u_camera_hdmi/u_camera_subsystem/g_camera_frontend[6].u_camera/dvp_vsync_sync_reg
  -------------------------------------------------------------------
                         required time                          1.525                           
                         arrival time                          -1.287                           
  -------------------------------------------------------------------
                         slack                                  0.238                           

Slack (MET) :             0.267ns  (required time - arrival time)
  Source:                 u_camera_hdmi/u_camera_subsystem/g_camera_frontend[3].u_camera/dvp_vsync_iob_reg/C
                            (rising edge-triggered cell FDRE clocked by mmcm_clkout0  {rise@0.000ns fall@1.666ns period=3.332ns})
  Destination:            u_camera_hdmi/u_camera_subsystem/g_camera_frontend[3].u_camera/dvp_vsync_sync_reg/D
                            (rising edge-triggered cell FDRE clocked by mmcm_clkout0  {rise@0.000ns fall@1.666ns period=3.332ns})
  Path Group:             mmcm_clkout0
  Path Type:              Setup (Max at Slow Process Corner)
  Requirement:            1.500ns  (MaxDelay Path 1.500ns)
  Data Path Delay:        1.258ns  (logic 0.251ns (19.952%)  route 1.007ns (80.048%))
  Logic Levels:           0  
  Timing Exception:       MaxDelay Path 1.500ns -datapath_only

    Location             Delay type                Incr(ns)  Path(ns)    PBlock               Netlist Resource(s)
  -------------------------------------------------------------------    ----------------------------------------
    BITSLICE_RX_TX_X0Y637
                                                      0.000     0.000 r                       u_camera_hdmi/u_camera_subsystem/g_camera_frontend[3].u_camera/dvp_vsync_iob_reg/C
    BITSLICE_RX_TX_X0Y637
                         FDRE (Prop_IN_FF_BITSLICE_COMPONENT_RX_TX_C_Q)
                                                      0.251     0.251 r                       u_camera_hdmi/u_camera_subsystem/g_camera_frontend[3].u_camera/dvp_vsync_iob_reg/Q
                         net (fo=1, routed)           1.007     1.258                         u_camera_hdmi/u_camera_subsystem/g_camera_frontend[3].u_camera/dvp_vsync_iob
    SLICE_X112Y721       FDRE                                         r  pblock_dvp_sync_slr3 u_camera_hdmi/u_camera_subsystem/g_camera_frontend[3].u_camera/dvp_vsync_sync_reg/D
  -------------------------------------------------------------------    ----------------------------------------

                         max delay                    1.500     1.500                         
    SLICE_X112Y721       FDRE (Setup_DFF_SLICEL_C_D)
                                                      0.025     1.525    pblock_dvp_sync_slr3   u_camera_hdmi/u_camera_subsystem/g_camera_frontend[3].u_camera/dvp_vsync_sync_reg
  -------------------------------------------------------------------
                         required time                          1.525                           
                         arrival time                          -1.258                           
  -------------------------------------------------------------------
                         slack                                  0.267                           

Slack (MET) :             0.284ns  (required time - arrival time)
  Source:                 u_camera_hdmi/u_camera_subsystem/g_camera_frontend[5].u_camera/dvp_data_iob_reg[4]/C
                            (rising edge-triggered cell FDRE clocked by mmcm_clkout0  {rise@0.000ns fall@1.666ns period=3.332ns})
  Destination:            u_camera_hdmi/u_camera_subsystem/g_camera_frontend[5].u_camera/dvp_data_sync_reg[4]/D
                            (rising edge-triggered cell FDRE clocked by mmcm_clkout0  {rise@0.000ns fall@1.666ns period=3.332ns})
  Path Group:             mmcm_clkout0
  Path Type:              Setup (Max at Slow Process Corner)
  Requirement:            1.500ns  (MaxDelay Path 1.500ns)
  Data Path Delay:        1.241ns  (logic 0.428ns (34.488%)  route 0.813ns (65.512%))
  Logic Levels:           0  
  Timing Exception:       MaxDelay Path 1.500ns -datapath_only

    Location             Delay type                Incr(ns)  Path(ns)    PBlock               Netlist Resource(s)
  -------------------------------------------------------------------    ----------------------------------------
    BITSLICE_RX_TX_X0Y471
                                                      0.000     0.000 r                       u_camera_hdmi/u_camera_subsystem/g_camera_frontend[5].u_camera/dvp_data_iob_reg[4]/C
    BITSLICE_RX_TX_X0Y471
                         FDRE (Prop_IN_FF_BITSLICE_COMPONENT_RX_TX_C_Q)
                                                      0.428     0.428 r                       u_camera_hdmi/u_camera_subsystem/g_camera_frontend[5].u_camera/dvp_data_iob_reg[4]/Q
                         net (fo=1, routed)           0.813     1.241                         u_camera_hdmi/u_camera_subsystem/g_camera_frontend[5].u_camera/dvp_data_iob[4]
    SLICE_X123Y530       FDRE                                         r  pblock_dvp_bridge_slr2
                                                                                              u_camera_hdmi/u_camera_subsystem/g_camera_frontend[5].u_camera/dvp_data_sync_reg[4]/D
  -------------------------------------------------------------------    ----------------------------------------

                         max delay                    1.500     1.500                         
    SLICE_X123Y530       FDRE (Setup_FFF_SLICEL_C_D)
                                                      0.025     1.525    pblock_dvp_bridge_slr2
                                                                                                u_camera_hdmi/u_camera_subsystem/g_camera_frontend[5].u_camera/dvp_data_sync_reg[4]
  -------------------------------------------------------------------
                         required time                          1.525                           
                         arrival time                          -1.241                           
  -------------------------------------------------------------------
                         slack                                  0.284                           

Slack (MET) :             0.306ns  (required time - arrival time)
  Source:                 u_camera_hdmi/u_camera_subsystem/g_camera_frontend[2].u_camera/dvp_data_iob_reg[0]/C
                            (rising edge-triggered cell FDRE clocked by mmcm_clkout0  {rise@0.000ns fall@1.666ns period=3.332ns})
  Destination:            u_camera_hdmi/u_camera_subsystem/g_camera_frontend[2].u_camera/dvp_data_sync_reg[0]/D
                            (rising edge-triggered cell FDRE clocked by mmcm_clkout0  {rise@0.000ns fall@1.666ns period=3.332ns})
  Path Group:             mmcm_clkout0
  Path Type:              Setup (Max at Slow Process Corner)
  Requirement:            1.500ns  (MaxDelay Path 1.500ns)
  Data Path Delay:        1.219ns  (logic 0.271ns (22.231%)  route 0.948ns (77.769%))
  Logic Levels:           0  
  Timing Exception:       MaxDelay Path 1.500ns -datapath_only

    Location             Delay type                Incr(ns)  Path(ns)    PBlock               Netlist Resource(s)
  -------------------------------------------------------------------    ----------------------------------------
    BITSLICE_RX_TX_X0Y629
                                                      0.000     0.000 r                       u_camera_hdmi/u_camera_subsystem/g_camera_frontend[2].u_camera/dvp_data_iob_reg[0]/C
    BITSLICE_RX_TX_X0Y629
                         FDRE (Prop_IN_FF_BITSLICE_COMPONENT_RX_TX_C_Q)
                                                      0.271     0.271 r                       u_camera_hdmi/u_camera_subsystem/g_camera_frontend[2].u_camera/dvp_data_iob_reg[0]/Q
                         net (fo=1, routed)           0.948     1.219                         u_camera_hdmi/u_camera_subsystem/g_camera_frontend[2].u_camera/dvp_data_iob[0]
    SLICE_X112Y722       FDRE                                         r  pblock_dvp_sync_slr3 u_camera_hdmi/u_camera_subsystem/g_camera_frontend[2].u_camera/dvp_data_sync_reg[0]/D
  -------------------------------------------------------------------    ----------------------------------------

                         max delay                    1.500     1.500                         
    SLICE_X112Y722       FDRE (Setup_AFF_SLICEL_C_D)
                                                      0.025     1.525    pblock_dvp_sync_slr3   u_camera_hdmi/u_camera_subsystem/g_camera_frontend[2].u_camera/dvp_data_sync_reg[0]
  -------------------------------------------------------------------
                         required time                          1.525                           
                         arrival time                          -1.219                           
  -------------------------------------------------------------------
                         slack                                  0.306                           

Slack (MET) :             0.325ns  (required time - arrival time)
  Source:                 u_camera_hdmi/u_camera_subsystem/g_camera_frontend[4].u_camera/dvp_href_iob_reg/C
                            (rising edge-triggered cell FDRE clocked by mmcm_clkout0  {rise@0.000ns fall@1.666ns period=3.332ns})
  Destination:            u_camera_hdmi/u_camera_subsystem/g_camera_frontend[4].u_camera/dvp_href_sync_reg/D
                            (rising edge-triggered cell FDRE clocked by mmcm_clkout0  {rise@0.000ns fall@1.666ns period=3.332ns})
  Path Group:             mmcm_clkout0
  Path Type:              Setup (Max at Slow Process Corner)
  Requirement:            1.500ns  (MaxDelay Path 1.500ns)
  Data Path Delay:        1.200ns  (logic 0.294ns (24.500%)  route 0.906ns (75.500%))
  Logic Levels:           0  
  Timing Exception:       MaxDelay Path 1.500ns -datapath_only

    Location             Delay type                Incr(ns)  Path(ns)    PBlock               Netlist Resource(s)
  -------------------------------------------------------------------    ----------------------------------------
    BITSLICE_RX_TX_X0Y474
                                                      0.000     0.000 r                       u_camera_hdmi/u_camera_subsystem/g_camera_frontend[4].u_camera/dvp_href_iob_reg/C
    BITSLICE_RX_TX_X0Y474
                         FDRE (Prop_IN_FF_BITSLICE_COMPONENT_RX_TX_C_Q)
                                                      0.294     0.294 r                       u_camera_hdmi/u_camera_subsystem/g_camera_frontend[4].u_camera/dvp_href_iob_reg/Q
                         net (fo=1, routed)           0.906     1.200                         u_camera_hdmi/u_camera_subsystem/g_camera_frontend[4].u_camera/dvp_href_iob
    SLICE_X107Y531       FDRE                                         r  pblock_dvp_bridge_slr2
                                                                                              u_camera_hdmi/u_camera_subsystem/g_camera_frontend[4].u_camera/dvp_href_sync_reg/D
  -------------------------------------------------------------------    ----------------------------------------

                         max delay                    1.500     1.500                         
    SLICE_X107Y531       FDRE (Setup_FFF2_SLICEM_C_D)
                                                      0.025     1.525    pblock_dvp_bridge_slr2
                                                                                                u_camera_hdmi/u_camera_subsystem/g_camera_frontend[4].u_camera/dvp_href_sync_reg
  -------------------------------------------------------------------
                         required time                          1.525                           
                         arrival time                          -1.200                           
  -------------------------------------------------------------------
                         slack                                  0.325                           

Slack (MET) :             0.337ns  (required time - arrival time)
  Source:                 u_camera_hdmi/u_camera_subsystem/g_camera_frontend[5].u_camera/dvp_vsync_iob_reg/C
                            (rising edge-triggered cell FDRE clocked by mmcm_clkout0  {rise@0.000ns fall@1.666ns period=3.332ns})
  Destination:            u_camera_hdmi/u_camera_subsystem/g_camera_frontend[5].u_camera/dvp_vsync_sync_reg/D
                            (rising edge-triggered cell FDRE clocked by mmcm_clkout0  {rise@0.000ns fall@1.666ns period=3.332ns})
  Path Group:             mmcm_clkout0
  Path Type:              Setup (Max at Slow Process Corner)
  Requirement:            1.500ns  (MaxDelay Path 1.500ns)
  Data Path Delay:        1.188ns  (logic 0.369ns (31.061%)  route 0.819ns (68.939%))
  Logic Levels:           0  
  Timing Exception:       MaxDelay Path 1.500ns -datapath_only

    Location             Delay type                Incr(ns)  Path(ns)    PBlock               Netlist Resource(s)
  -------------------------------------------------------------------    ----------------------------------------
    BITSLICE_RX_TX_X0Y476
                                                      0.000     0.000 r                       u_camera_hdmi/u_camera_subsystem/g_camera_frontend[5].u_camera/dvp_vsync_iob_reg/C
    BITSLICE_RX_TX_X0Y476
                         FDRE (Prop_IN_FF_BITSLICE_COMPONENT_RX_TX_C_Q)
                                                      0.369     0.369 r                       u_camera_hdmi/u_camera_subsystem/g_camera_frontend[5].u_camera/dvp_vsync_iob_reg/Q
                         net (fo=1, routed)           0.819     1.188                         u_camera_hdmi/u_camera_subsystem/g_camera_frontend[5].u_camera/dvp_vsync_iob
    SLICE_X123Y530       FDRE                                         r  pblock_dvp_bridge_slr2
                                                                                              u_camera_hdmi/u_camera_subsystem/g_camera_frontend[5].u_camera/dvp_vsync_sync_reg/D
  -------------------------------------------------------------------    ----------------------------------------

                         max delay                    1.500     1.500                         
    SLICE_X123Y530       FDRE (Setup_GFF2_SLICEL_C_D)
                                                      0.025     1.525    pblock_dvp_bridge_slr2
                                                                                                u_camera_hdmi/u_camera_subsystem/g_camera_frontend[5].u_camera/dvp_vsync_sync_reg
  -------------------------------------------------------------------
                         required time                          1.525                           
                         arrival time                          -1.188                           
  -------------------------------------------------------------------
                         slack                                  0.337                           

Slack (MET) :             0.348ns  (required time - arrival time)
  Source:                 u_camera_hdmi/u_camera_subsystem/g_camera_frontend[6].u_camera/dvp_href_iob_reg/C
                            (rising edge-triggered cell FDRE clocked by mmcm_clkout0  {rise@0.000ns fall@1.666ns period=3.332ns})
  Destination:            u_camera_hdmi/u_camera_subsystem/g_camera_frontend[6].u_camera/dvp_href_sync_reg/D
                            (rising edge-triggered cell FDRE clocked by mmcm_clkout0  {rise@0.000ns fall@1.666ns period=3.332ns})
  Path Group:             mmcm_clkout0
  Path Type:              Setup (Max at Slow Process Corner)
  Requirement:            1.500ns  (MaxDelay Path 1.500ns)
  Data Path Delay:        1.177ns  (logic 0.369ns (31.351%)  route 0.808ns (68.649%))
  Logic Levels:           0  
  Timing Exception:       MaxDelay Path 1.500ns -datapath_only

    Location             Delay type                Incr(ns)  Path(ns)    PBlock               Netlist Resource(s)
  -------------------------------------------------------------------    ----------------------------------------
    BITSLICE_RX_TX_X0Y450
                                                      0.000     0.000 r                       u_camera_hdmi/u_camera_subsystem/g_camera_frontend[6].u_camera/dvp_href_iob_reg/C
    BITSLICE_RX_TX_X0Y450
                         FDRE (Prop_IN_FF_BITSLICE_COMPONENT_RX_TX_C_Q)
                                                      0.369     0.369 r                       u_camera_hdmi/u_camera_subsystem/g_camera_frontend[6].u_camera/dvp_href_iob_reg/Q
                         net (fo=1, routed)           0.808     1.177                         u_camera_hdmi/u_camera_subsystem/g_camera_frontend[6].u_camera/dvp_href_iob
    SLICE_X123Y510       FDRE                                         r  pblock_dvp_bridge_slr2
                                                                                              u_camera_hdmi/u_camera_subsystem/g_camera_frontend[6].u_camera/dvp_href_sync_reg/D
  -------------------------------------------------------------------    ----------------------------------------

                         max delay                    1.500     1.500                         
    SLICE_X123Y510       FDRE (Setup_FFF_SLICEL_C_D)
                                                      0.025     1.525    pblock_dvp_bridge_slr2
                                                                                                u_camera_hdmi/u_camera_subsystem/g_camera_frontend[6].u_camera/dvp_href_sync_reg
  -------------------------------------------------------------------
                         required time                          1.525                           
                         arrival time                          -1.177                           
  -------------------------------------------------------------------
                         slack                                  0.348                           

Slack (MET) :             0.374ns  (required time - arrival time)
  Source:                 u_camera_hdmi/u_camera_subsystem/g_camera_frontend[5].u_camera/dvp_pclk_iob_reg/C
                            (rising edge-triggered cell FDRE clocked by mmcm_clkout0  {rise@0.000ns fall@1.666ns period=3.332ns})
  Destination:            u_camera_hdmi/u_camera_subsystem/g_camera_frontend[5].u_camera/dvp_pclk_sync_reg/D
                            (rising edge-triggered cell FDRE clocked by mmcm_clkout0  {rise@0.000ns fall@1.666ns period=3.332ns})
  Path Group:             mmcm_clkout0
  Path Type:              Setup (Max at Slow Process Corner)
  Requirement:            1.500ns  (MaxDelay Path 1.500ns)
  Data Path Delay:        1.151ns  (logic 0.251ns (21.807%)  route 0.900ns (78.193%))
  Logic Levels:           0  
  Timing Exception:       MaxDelay Path 1.500ns -datapath_only

    Location             Delay type                Incr(ns)  Path(ns)    PBlock               Netlist Resource(s)
  -------------------------------------------------------------------    ----------------------------------------
    BITSLICE_RX_TX_X0Y494
                                                      0.000     0.000 r                       u_camera_hdmi/u_camera_subsystem/g_camera_frontend[5].u_camera/dvp_pclk_iob_reg/C
    BITSLICE_RX_TX_X0Y494
                         FDRE (Prop_IN_FF_BITSLICE_COMPONENT_RX_TX_C_Q)
                                                      0.251     0.251 r                       u_camera_hdmi/u_camera_subsystem/g_camera_frontend[5].u_camera/dvp_pclk_iob_reg/Q
                         net (fo=1, routed)           0.900     1.151                         u_camera_hdmi/u_camera_subsystem/g_camera_frontend[5].u_camera/dvp_pclk_iob
    SLICE_X123Y530       FDRE                                         r  pblock_dvp_bridge_slr2
                                                                                              u_camera_hdmi/u_camera_subsystem/g_camera_frontend[5].u_camera/dvp_pclk_sync_reg/D
  -------------------------------------------------------------------    ----------------------------------------

                         max delay                    1.500     1.500                         
    SLICE_X123Y530       FDRE (Setup_GFF_SLICEL_C_D)
                                                      0.025     1.525    pblock_dvp_bridge_slr2
                                                                                                u_camera_hdmi/u_camera_subsystem/g_camera_frontend[5].u_camera/dvp_pclk_sync_reg
  -------------------------------------------------------------------
                         required time                          1.525                           
                         arrival time                          -1.151                           
  -------------------------------------------------------------------
                         slack                                  0.374                           

Slack (MET) :             0.414ns  (required time - arrival time)
  Source:                 u_camera_hdmi/u_camera_subsystem/g_camera_frontend[6].u_camera/dvp_data_iob_reg[0]/C
                            (rising edge-triggered cell FDRE clocked by mmcm_clkout0  {rise@0.000ns fall@1.666ns period=3.332ns})
  Destination:            u_camera_hdmi/u_camera_subsystem/g_camera_frontend[6].u_camera/dvp_data_sync_reg[0]/D
                            (rising edge-triggered cell FDRE clocked by mmcm_clkout0  {rise@0.000ns fall@1.666ns period=3.332ns})
  Path Group:             mmcm_clkout0
  Path Type:              Setup (Max at Slow Process Corner)
  Requirement:            1.500ns  (MaxDelay Path 1.500ns)
  Data Path Delay:        1.111ns  (logic 0.309ns (27.813%)  route 0.802ns (72.187%))
  Logic Levels:           0  
  Timing Exception:       MaxDelay Path 1.500ns -datapath_only

    Location             Delay type                Incr(ns)  Path(ns)    PBlock               Netlist Resource(s)
  -------------------------------------------------------------------    ----------------------------------------
    BITSLICE_RX_TX_X0Y436
                                                      0.000     0.000 r                       u_camera_hdmi/u_camera_subsystem/g_camera_frontend[6].u_camera/dvp_data_iob_reg[0]/C
    BITSLICE_RX_TX_X0Y436
                         FDRE (Prop_IN_FF_BITSLICE_COMPONENT_RX_TX_C_Q)
                                                      0.309     0.309 r                       u_camera_hdmi/u_camera_subsystem/g_camera_frontend[6].u_camera/dvp_data_iob_reg[0]/Q
                         net (fo=1, routed)           0.802     1.111                         u_camera_hdmi/u_camera_subsystem/g_camera_frontend[6].u_camera/dvp_data_iob[0]
    SLICE_X123Y495       FDRE                                         r  pblock_dvp_bridge_slr2
                                                                                              u_camera_hdmi/u_camera_subsystem/g_camera_frontend[6].u_camera/dvp_data_sync_reg[0]/D
  -------------------------------------------------------------------    ----------------------------------------

                         max delay                    1.500     1.500                         
    SLICE_X123Y495       FDRE (Setup_EFF_SLICEL_C_D)
                                                      0.025     1.525    pblock_dvp_bridge_slr2
                                                                                                u_camera_hdmi/u_camera_subsystem/g_camera_frontend[6].u_camera/dvp_data_sync_reg[0]
  -------------------------------------------------------------------
                         required time                          1.525                           
                         arrival time                          -1.111                           
  -------------------------------------------------------------------
                         slack                                  0.414                           

Slack (MET) :             0.414ns  (required time - arrival time)
  Source:                 u_camera_hdmi/u_camera_subsystem/g_camera_frontend[6].u_camera/dvp_data_iob_reg[4]/C
                            (rising edge-triggered cell FDRE clocked by mmcm_clkout0  {rise@0.000ns fall@1.666ns period=3.332ns})
  Destination:            u_camera_hdmi/u_camera_subsystem/g_camera_frontend[6].u_camera/dvp_data_sync_reg[4]/D
                            (rising edge-triggered cell FDRE clocked by mmcm_clkout0  {rise@0.000ns fall@1.666ns period=3.332ns})
  Path Group:             mmcm_clkout0
  Path Type:              Setup (Max at Slow Process Corner)
  Requirement:            1.500ns  (MaxDelay Path 1.500ns)
  Data Path Delay:        1.111ns  (logic 0.309ns (27.813%)  route 0.802ns (72.187%))
  Logic Levels:           0  
  Timing Exception:       MaxDelay Path 1.500ns -datapath_only

    Location             Delay type                Incr(ns)  Path(ns)    PBlock               Netlist Resource(s)
  -------------------------------------------------------------------    ----------------------------------------
    BITSLICE_RX_TX_X0Y449
                                                      0.000     0.000 r                       u_camera_hdmi/u_camera_subsystem/g_camera_frontend[6].u_camera/dvp_data_iob_reg[4]/C
    BITSLICE_RX_TX_X0Y449
                         FDRE (Prop_IN_FF_BITSLICE_COMPONENT_RX_TX_C_Q)
                                                      0.309     0.309 r                       u_camera_hdmi/u_camera_subsystem/g_camera_frontend[6].u_camera/dvp_data_iob_reg[4]/Q
                         net (fo=1, routed)           0.802     1.111                         u_camera_hdmi/u_camera_subsystem/g_camera_frontend[6].u_camera/dvp_data_iob[4]
    SLICE_X123Y510       FDRE                                         r  pblock_dvp_bridge_slr2
                                                                                              u_camera_hdmi/u_camera_subsystem/g_camera_frontend[6].u_camera/dvp_data_sync_reg[4]/D
  -------------------------------------------------------------------    ----------------------------------------

                         max delay                    1.500     1.500                         
    SLICE_X123Y510       FDRE (Setup_EFF_SLICEL_C_D)
                                                      0.025     1.525    pblock_dvp_bridge_slr2
                                                                                                u_camera_hdmi/u_camera_subsystem/g_camera_frontend[6].u_camera/dvp_data_sync_reg[4]
  -------------------------------------------------------------------
                         required time                          1.525                           
                         arrival time                          -1.111                           
  -------------------------------------------------------------------
                         slack                                  0.414                           

Slack (MET) :             0.424ns  (required time - arrival time)
  Source:                 u_camera_hdmi/u_camera_subsystem/g_camera_frontend[5].u_camera/dvp_data_iob_reg[5]/C
                            (rising edge-triggered cell FDRE clocked by mmcm_clkout0  {rise@0.000ns fall@1.666ns period=3.332ns})
  Destination:            u_camera_hdmi/u_camera_subsystem/g_camera_frontend[5].u_camera/dvp_data_sync_reg[5]/D
                            (rising edge-triggered cell FDRE clocked by mmcm_clkout0  {rise@0.000ns fall@1.666ns period=3.332ns})
  Path Group:             mmcm_clkout0
  Path Type:              Setup (Max at Slow Process Corner)
  Requirement:            1.500ns  (MaxDelay Path 1.500ns)
  Data Path Delay:        1.101ns  (logic 0.431ns (39.146%)  route 0.670ns (60.854%))
  Logic Levels:           0  
  Timing Exception:       MaxDelay Path 1.500ns -datapath_only

    Location             Delay type                Incr(ns)  Path(ns)    PBlock               Netlist Resource(s)
  -------------------------------------------------------------------    ----------------------------------------
    BITSLICE_RX_TX_X0Y470
                                                      0.000     0.000 r                       u_camera_hdmi/u_camera_subsystem/g_camera_frontend[5].u_camera/dvp_data_iob_reg[5]/C
    BITSLICE_RX_TX_X0Y470
                         FDRE (Prop_IN_FF_BITSLICE_COMPONENT_RX_TX_C_Q)
                                                      0.431     0.431 r                       u_camera_hdmi/u_camera_subsystem/g_camera_frontend[5].u_camera/dvp_data_iob_reg[5]/Q
                         net (fo=1, routed)           0.670     1.101                         u_camera_hdmi/u_camera_subsystem/g_camera_frontend[5].u_camera/dvp_data_iob[5]
    SLICE_X123Y530       FDRE                                         r  pblock_dvp_bridge_slr2
                                                                                              u_camera_hdmi/u_camera_subsystem/g_camera_frontend[5].u_camera/dvp_data_sync_reg[5]/D
  -------------------------------------------------------------------    ----------------------------------------

                         max delay                    1.500     1.500                         
    SLICE_X123Y530       FDRE (Setup_FFF2_SLICEL_C_D)
                                                      0.025     1.525    pblock_dvp_bridge_slr2
                                                                                                u_camera_hdmi/u_camera_subsystem/g_camera_frontend[5].u_camera/dvp_data_sync_reg[5]
  -------------------------------------------------------------------
                         required time                          1.525                           
                         arrival time                          -1.101                           
  -------------------------------------------------------------------
                         slack                                  0.424                           

Slack (MET) :             0.468ns  (required time - arrival time)
  Source:                 u_camera_hdmi/u_camera_subsystem/g_camera_frontend[6].u_camera/dvp_data_iob_reg[1]/C
                            (rising edge-triggered cell FDRE clocked by mmcm_clkout0  {rise@0.000ns fall@1.666ns period=3.332ns})
  Destination:            u_camera_hdmi/u_camera_subsystem/g_camera_frontend[6].u_camera/dvp_data_sync_reg[1]/D
                            (rising edge-triggered cell FDRE clocked by mmcm_clkout0  {rise@0.000ns fall@1.666ns period=3.332ns})
  Path Group:             mmcm_clkout0
  Path Type:              Setup (Max at Slow Process Corner)
  Requirement:            1.500ns  (MaxDelay Path 1.500ns)
  Data Path Delay:        1.057ns  (logic 0.294ns (27.815%)  route 0.763ns (72.185%))
  Logic Levels:           0  
  Timing Exception:       MaxDelay Path 1.500ns -datapath_only

    Location             Delay type                Incr(ns)  Path(ns)    PBlock               Netlist Resource(s)
  -------------------------------------------------------------------    ----------------------------------------
    BITSLICE_RX_TX_X0Y435
                                                      0.000     0.000 r                       u_camera_hdmi/u_camera_subsystem/g_camera_frontend[6].u_camera/dvp_data_iob_reg[1]/C
    BITSLICE_RX_TX_X0Y435
                         FDRE (Prop_IN_FF_BITSLICE_COMPONENT_RX_TX_C_Q)
                                                      0.294     0.294 r                       u_camera_hdmi/u_camera_subsystem/g_camera_frontend[6].u_camera/dvp_data_iob_reg[1]/Q
                         net (fo=1, routed)           0.763     1.057                         u_camera_hdmi/u_camera_subsystem/g_camera_frontend[6].u_camera/dvp_data_iob[1]
    SLICE_X123Y495       FDRE                                         r  pblock_dvp_bridge_slr2
                                                                                              u_camera_hdmi/u_camera_subsystem/g_camera_frontend[6].u_camera/dvp_data_sync_reg[1]/D
  -------------------------------------------------------------------    ----------------------------------------

                         max delay                    1.500     1.500                         
    SLICE_X123Y495       FDRE (Setup_EFF2_SLICEL_C_D)
                                                      0.025     1.525    pblock_dvp_bridge_slr2
                                                                                                u_camera_hdmi/u_camera_subsystem/g_camera_frontend[6].u_camera/dvp_data_sync_reg[1]
  -------------------------------------------------------------------
                         required time                          1.525                           
                         arrival time                          -1.057                           
  -------------------------------------------------------------------
                         slack                                  0.468                           

Slack (MET) :             0.468ns  (required time - arrival time)
  Source:                 u_camera_hdmi/u_camera_subsystem/g_camera_frontend[6].u_camera/dvp_data_iob_reg[5]/C
                            (rising edge-triggered cell FDRE clocked by mmcm_clkout0  {rise@0.000ns fall@1.666ns period=3.332ns})
  Destination:            u_camera_hdmi/u_camera_subsystem/g_camera_frontend[6].u_camera/dvp_data_sync_reg[5]/D
                            (rising edge-triggered cell FDRE clocked by mmcm_clkout0  {rise@0.000ns fall@1.666ns period=3.332ns})
  Path Group:             mmcm_clkout0
  Path Type:              Setup (Max at Slow Process Corner)
  Requirement:            1.500ns  (MaxDelay Path 1.500ns)
  Data Path Delay:        1.057ns  (logic 0.294ns (27.815%)  route 0.763ns (72.185%))
  Logic Levels:           0  
  Timing Exception:       MaxDelay Path 1.500ns -datapath_only

    Location             Delay type                Incr(ns)  Path(ns)    PBlock               Netlist Resource(s)
  -------------------------------------------------------------------    ----------------------------------------
    BITSLICE_RX_TX_X0Y448
                                                      0.000     0.000 r                       u_camera_hdmi/u_camera_subsystem/g_camera_frontend[6].u_camera/dvp_data_iob_reg[5]/C
    BITSLICE_RX_TX_X0Y448
                         FDRE (Prop_IN_FF_BITSLICE_COMPONENT_RX_TX_C_Q)
                                                      0.294     0.294 r                       u_camera_hdmi/u_camera_subsystem/g_camera_frontend[6].u_camera/dvp_data_iob_reg[5]/Q
                         net (fo=1, routed)           0.763     1.057                         u_camera_hdmi/u_camera_subsystem/g_camera_frontend[6].u_camera/dvp_data_iob[5]
    SLICE_X123Y510       FDRE                                         r  pblock_dvp_bridge_slr2
                                                                                              u_camera_hdmi/u_camera_subsystem/g_camera_frontend[6].u_camera/dvp_data_sync_reg[5]/D
  -------------------------------------------------------------------    ----------------------------------------

                         max delay                    1.500     1.500                         
    SLICE_X123Y510       FDRE (Setup_EFF2_SLICEL_C_D)
                                                      0.025     1.525    pblock_dvp_bridge_slr2
                                                                                                u_camera_hdmi/u_camera_subsystem/g_camera_frontend[6].u_camera/dvp_data_sync_reg[5]
  -------------------------------------------------------------------
                         required time                          1.525                           
                         arrival time                          -1.057                           
  -------------------------------------------------------------------
                         slack                                  0.468                           

Slack (MET) :             0.515ns  (required time - arrival time)
  Source:                 u_camera_hdmi/u_camera_subsystem/g_camera_frontend[6].u_camera/dvp_data_iob_reg[3]/C
                            (rising edge-triggered cell FDRE clocked by mmcm_clkout0  {rise@0.000ns fall@1.666ns period=3.332ns})
  Destination:            u_camera_hdmi/u_camera_subsystem/g_camera_frontend[6].u_camera/dvp_data_sync_reg[3]/D
                            (rising edge-triggered cell FDRE clocked by mmcm_clkout0  {rise@0.000ns fall@1.666ns period=3.332ns})
  Path Group:             mmcm_clkout0
  Path Type:              Setup (Max at Slow Process Corner)
  Requirement:            1.500ns  (MaxDelay Path 1.500ns)
  Data Path Delay:        1.010ns  (logic 0.310ns (30.693%)  route 0.700ns (69.307%))
  Logic Levels:           0  
  Timing Exception:       MaxDelay Path 1.500ns -datapath_only

    Location             Delay type                Incr(ns)  Path(ns)    PBlock               Netlist Resource(s)
  -------------------------------------------------------------------    ----------------------------------------
    BITSLICE_RX_TX_X0Y433
                                                      0.000     0.000 r                       u_camera_hdmi/u_camera_subsystem/g_camera_frontend[6].u_camera/dvp_data_iob_reg[3]/C
    BITSLICE_RX_TX_X0Y433
                         FDRE (Prop_IN_FF_BITSLICE_COMPONENT_RX_TX_C_Q)
                                                      0.310     0.310 r                       u_camera_hdmi/u_camera_subsystem/g_camera_frontend[6].u_camera/dvp_data_iob_reg[3]/Q
                         net (fo=1, routed)           0.700     1.010                         u_camera_hdmi/u_camera_subsystem/g_camera_frontend[6].u_camera/dvp_data_iob[3]
    SLICE_X123Y495       FDRE                                         r  pblock_dvp_bridge_slr2
                                                                                              u_camera_hdmi/u_camera_subsystem/g_camera_frontend[6].u_camera/dvp_data_sync_reg[3]/D
  -------------------------------------------------------------------    ----------------------------------------

                         max delay                    1.500     1.500                         
    SLICE_X123Y495       FDRE (Setup_FFF2_SLICEL_C_D)
                                                      0.025     1.525    pblock_dvp_bridge_slr2
                                                                                                u_camera_hdmi/u_camera_subsystem/g_camera_frontend[6].u_camera/dvp_data_sync_reg[3]
  -------------------------------------------------------------------
                         required time                          1.525                           
                         arrival time                          -1.010                           
  -------------------------------------------------------------------
                         slack                                  0.515                           

Slack (MET) :             0.546ns  (required time - arrival time)
  Source:                 u_camera_hdmi/u_camera_subsystem/g_camera_frontend[6].u_camera/dvp_data_iob_reg[2]/C
                            (rising edge-triggered cell FDRE clocked by mmcm_clkout0  {rise@0.000ns fall@1.666ns period=3.332ns})
  Destination:            u_camera_hdmi/u_camera_subsystem/g_camera_frontend[6].u_camera/dvp_data_sync_reg[2]/D
                            (rising edge-triggered cell FDRE clocked by mmcm_clkout0  {rise@0.000ns fall@1.666ns period=3.332ns})
  Path Group:             mmcm_clkout0
  Path Type:              Setup (Max at Slow Process Corner)
  Requirement:            1.500ns  (MaxDelay Path 1.500ns)
  Data Path Delay:        0.979ns  (logic 0.271ns (27.681%)  route 0.708ns (72.319%))
  Logic Levels:           0  
  Timing Exception:       MaxDelay Path 1.500ns -datapath_only

    Location             Delay type                Incr(ns)  Path(ns)    PBlock               Netlist Resource(s)
  -------------------------------------------------------------------    ----------------------------------------
    BITSLICE_RX_TX_X0Y434
                                                      0.000     0.000 r                       u_camera_hdmi/u_camera_subsystem/g_camera_frontend[6].u_camera/dvp_data_iob_reg[2]/C
    BITSLICE_RX_TX_X0Y434
                         FDRE (Prop_IN_FF_BITSLICE_COMPONENT_RX_TX_C_Q)
                                                      0.271     0.271 r                       u_camera_hdmi/u_camera_subsystem/g_camera_frontend[6].u_camera/dvp_data_iob_reg[2]/Q
                         net (fo=1, routed)           0.708     0.979                         u_camera_hdmi/u_camera_subsystem/g_camera_frontend[6].u_camera/dvp_data_iob[2]
    SLICE_X123Y495       FDRE                                         r  pblock_dvp_bridge_slr2
                                                                                              u_camera_hdmi/u_camera_subsystem/g_camera_frontend[6].u_camera/dvp_data_sync_reg[2]/D
  -------------------------------------------------------------------    ----------------------------------------

                         max delay                    1.500     1.500                         
    SLICE_X123Y495       FDRE (Setup_FFF_SLICEL_C_D)
                                                      0.025     1.525    pblock_dvp_bridge_slr2
                                                                                                u_camera_hdmi/u_camera_subsystem/g_camera_frontend[6].u_camera/dvp_data_sync_reg[2]
  -------------------------------------------------------------------
                         required time                          1.525                           
                         arrival time                          -0.979                           
  -------------------------------------------------------------------
                         slack                                  0.546                           

Slack (MET) :             0.612ns  (required time - arrival time)
  Source:                 u_camera_hdmi/u_camera_subsystem/g_camera_frontend[6].u_camera/dvp_pclk_iob_reg/C
                            (rising edge-triggered cell FDRE clocked by mmcm_clkout0  {rise@0.000ns fall@1.666ns period=3.332ns})
  Destination:            u_camera_hdmi/u_camera_subsystem/g_camera_frontend[6].u_camera/dvp_pclk_sync_reg/D
                            (rising edge-triggered cell FDRE clocked by mmcm_clkout0  {rise@0.000ns fall@1.666ns period=3.332ns})
  Path Group:             mmcm_clkout0
  Path Type:              Setup (Max at Slow Process Corner)
  Requirement:            1.500ns  (MaxDelay Path 1.500ns)
  Data Path Delay:        0.913ns  (logic 0.251ns (27.492%)  route 0.662ns (72.508%))
  Logic Levels:           0  
  Timing Exception:       MaxDelay Path 1.500ns -datapath_only

    Location             Delay type                Incr(ns)  Path(ns)    PBlock               Netlist Resource(s)
  -------------------------------------------------------------------    ----------------------------------------
    BITSLICE_RX_TX_X0Y442
                                                      0.000     0.000 r                       u_camera_hdmi/u_camera_subsystem/g_camera_frontend[6].u_camera/dvp_pclk_iob_reg/C
    BITSLICE_RX_TX_X0Y442
                         FDRE (Prop_IN_FF_BITSLICE_COMPONENT_RX_TX_C_Q)
                                                      0.251     0.251 r                       u_camera_hdmi/u_camera_subsystem/g_camera_frontend[6].u_camera/dvp_pclk_iob_reg/Q
                         net (fo=1, routed)           0.662     0.913                         u_camera_hdmi/u_camera_subsystem/g_camera_frontend[6].u_camera/dvp_pclk_iob
    SLICE_X123Y510       FDRE                                         r  pblock_dvp_bridge_slr2
                                                                                              u_camera_hdmi/u_camera_subsystem/g_camera_frontend[6].u_camera/dvp_pclk_sync_reg/D
  -------------------------------------------------------------------    ----------------------------------------

                         max delay                    1.500     1.500                         
    SLICE_X123Y510       FDRE (Setup_FFF2_SLICEL_C_D)
                                                      0.025     1.525    pblock_dvp_bridge_slr2
                                                                                                u_camera_hdmi/u_camera_subsystem/g_camera_frontend[6].u_camera/dvp_pclk_sync_reg
  -------------------------------------------------------------------
                         required time                          1.525                           
                         arrival time                          -0.913                           
  -------------------------------------------------------------------
                         slack                                  0.612                           




