Copyright 1986-2022 Xilinx, Inc. All Rights Reserved. Copyright 2022-2023 Advanced Micro Devices, Inc. All Rights Reserved.
--------------------------------------------------------------------------------------------------------------------------------------------------------------------------------------------------------------------------------------------------------------------------------------------------------------------------------------------------------------------------------------------------------------------------------------------------------------------------------------------------------------------------------------------------
| Tool Version      : Vivado v.2023.2 (lin64) Build 4029153 Fri Oct 13 20:13:54 MDT 2023
| Date              : Sat Sep  5 20:57:04 2026
| Host              : tsmc184 running 64-bit Ubuntu 22.04.5 LTS
| Command           : report_timing -delay_type min -max_paths 200 -unique_pins -from [get_cells -hierarchical -filter {NAME =~ *dvp_data_iob_reg* ||  NAME =~ *dvp_href_iob_reg ||  NAME =~ *dvp_vsync_iob_reg ||  NAME =~ *dvp_pclk_iob_reg}] -to [get_cells -hierarchical -filter {NAME =~ *dvp_data_sync_reg* ||  NAME =~ *dvp_href_sync_reg ||  NAME =~ *dvp_vsync_sync_reg ||  NAME =~ *dvp_pclk_sync_reg}] -file /mnt/data/wzr/13p/ov7670/sixteen_camera/reports/video_timing_refactor/P1/reset_enable_constraints/dvp_iob_to_sync_min.rpt
| Design            : top_wrapper
| Device            : xcvu13p-fhga2104
| Speed File        : -2  PRODUCTION 1.28 03-30-2022
| Design State      : Routed
| Temperature Grade : I
--------------------------------------------------------------------------------------------------------------------------------------------------------------------------------------------------------------------------------------------------------------------------------------------------------------------------------------------------------------------------------------------------------------------------------------------------------------------------------------------------------------------------------------------------

Timing Report

Slack:                    inf
  Source:                 u_camera_hdmi/u_camera_subsystem/g_camera_frontend[6].u_camera/dvp_pclk_iob_reg/C
                            (rising edge-triggered cell FDRE clocked by mmcm_clkout0  {rise@0.000ns fall@1.666ns period=3.332ns})
  Destination:            u_camera_hdmi/u_camera_subsystem/g_camera_frontend[6].u_camera/dvp_pclk_sync_reg/D
                            (rising edge-triggered cell FDRE clocked by mmcm_clkout0  {rise@0.000ns fall@1.666ns period=3.332ns})
  Path Group:             (none)
  Path Type:              Hold (Min at Fast Process Corner)
  Data Path Delay:        0.404ns  (logic 0.117ns (28.960%)  route 0.287ns (71.040%))
  Logic Levels:           0  
  Clock Path Skew:        -0.127ns (DCD - SCD - CPR)
    Destination Clock Delay (DCD):    2.466ns
    Source Clock Delay      (SCD):    2.593ns
    Clock Pessimism Removal (CPR):    -0.000ns
  Clock Uncertainty:      0.052ns  ((TSJ^2 + DJ^2)^1/2) / 2 + PE
    Total System Jitter     (TSJ):    0.071ns
    Discrete Jitter          (DJ):    0.077ns
    Phase Error              (PE):    0.000ns
  Clock Net Delay (Source):      1.635ns (routing 0.490ns, distribution 1.145ns)
  Clock Net Delay (Destination): 1.855ns (routing 0.548ns, distribution 1.307ns)
  Timing Exception:       False Path

    Location             Delay type                Incr(ns)  Path(ns)    PBlock               Netlist Resource(s)
  -------------------------------------------------------------------    ----------------------------------------
                         (clock mmcm_clkout0 rise edge)
                                                      0.000     0.000 r                       
    BA27                                              0.000     0.000 r                       c0_sys_clk_p (IN)
                         net (fo=0)                   0.079     0.079                         u_ddr_memory/u_ddr_bd/design_1_i/ddr4_0/inst/u_ddr4_mem_intfc/u_mig_ddr4_phy/inst/u_ddr4_phy_pll/diff_input_clk.u_ibufg_sys_clk/I
    HPIOBDIFFINBUF_X0Y35 DIFFINBUF (Prop_DIFFINBUF_HPIOBDIFFINBUF_DIFF_IN_P_O)
                                                      0.243     0.322 r                       u_ddr_memory/u_ddr_bd/design_1_i/ddr4_0/inst/u_ddr4_mem_intfc/u_mig_ddr4_phy/inst/u_ddr4_phy_pll/diff_input_clk.u_ibufg_sys_clk/DIFFINBUF_INST/O
                         net (fo=1, routed)           0.040     0.362                         u_ddr_memory/u_ddr_bd/design_1_i/ddr4_0/inst/u_ddr4_mem_intfc/u_mig_ddr4_phy/inst/u_ddr4_phy_pll/diff_input_clk.u_ibufg_sys_clk/OUT
    BA27                 IBUFCTRL (Prop_IBUFCTRL_HPIOB_M_I_O)
                                                      0.000     0.362 r                       u_ddr_memory/u_ddr_bd/design_1_i/ddr4_0/inst/u_ddr4_mem_intfc/u_mig_ddr4_phy/inst/u_ddr4_phy_pll/diff_input_clk.u_ibufg_sys_clk/IBUFCTRL_INST/O
                         net (fo=2, routed)           0.203     0.565                         u_ddr_memory/u_ddr_bd/design_1_i/ddr4_0/inst/u_ddr4_infrastructure/mmcm_clk_in
    MMCM_X0Y1            MMCME4_ADV (Prop_MMCM_CLKIN1_CLKOUT0)
                                                      0.230     0.795 r                       u_ddr_memory/u_ddr_bd/design_1_i/ddr4_0/inst/u_ddr4_infrastructure/gen_mmcme4.u_mmcme_adv_inst/CLKOUT0
                         net (fo=1, routed)           0.146     0.941                         u_ddr_memory/u_ddr_bd/design_1_i/ddr4_0/inst/u_ddr4_infrastructure/mmcm_clkout0
    BUFGCE_X0Y42         BUFGCE (Prop_BUFCE_BUFGCE_I_O)
                                                      0.017     0.958 r                       u_ddr_memory/u_ddr_bd/design_1_i/ddr4_0/inst/u_ddr4_infrastructure/u_bufg_divClk/O
    X4Y3 (CLOCK_ROOT)    net (fo=124013, routed)      1.635     2.593                         u_camera_hdmi/u_camera_subsystem/g_camera_frontend[6].u_camera/ddr4_ui_clk
    SLR Crossing[0->2]   
    BITSLICE_RX_TX_X0Y442
                         FDRE                                         r                       u_camera_hdmi/u_camera_subsystem/g_camera_frontend[6].u_camera/dvp_pclk_iob_reg/C
  -------------------------------------------------------------------    ----------------------------------------
    BITSLICE_RX_TX_X0Y442
                         FDRE (Prop_IN_FF_BITSLICE_COMPONENT_RX_TX_C_Q)
                                                      0.117     2.710 r                       u_camera_hdmi/u_camera_subsystem/g_camera_frontend[6].u_camera/dvp_pclk_iob_reg/Q
                         net (fo=1, routed)           0.287     2.997                         u_camera_hdmi/u_camera_subsystem/g_camera_frontend[6].u_camera/dvp_pclk_iob
    SLICE_X123Y510       FDRE                                         r  pblock_dvp_bridge_slr2
                                                                                              u_camera_hdmi/u_camera_subsystem/g_camera_frontend[6].u_camera/dvp_pclk_sync_reg/D
  -------------------------------------------------------------------    ----------------------------------------

                         (clock mmcm_clkout0 rise edge)
                                                      0.000     0.000 r                       
    BA27                                              0.000     0.000 r                       c0_sys_clk_p (IN)
                         net (fo=0)                   0.100     0.100                         u_ddr_memory/u_ddr_bd/design_1_i/ddr4_0/inst/u_ddr4_mem_intfc/u_mig_ddr4_phy/inst/u_ddr4_phy_pll/diff_input_clk.u_ibufg_sys_clk/I
    HPIOBDIFFINBUF_X0Y35 DIFFINBUF (Prop_DIFFINBUF_HPIOBDIFFINBUF_DIFF_IN_P_O)
                                                      0.341     0.441 r                       u_ddr_memory/u_ddr_bd/design_1_i/ddr4_0/inst/u_ddr4_mem_intfc/u_mig_ddr4_phy/inst/u_ddr4_phy_pll/diff_input_clk.u_ibufg_sys_clk/DIFFINBUF_INST/O
                         net (fo=1, routed)           0.050     0.491                         u_ddr_memory/u_ddr_bd/design_1_i/ddr4_0/inst/u_ddr4_mem_intfc/u_mig_ddr4_phy/inst/u_ddr4_phy_pll/diff_input_clk.u_ibufg_sys_clk/OUT
    BA27                 IBUFCTRL (Prop_IBUFCTRL_HPIOB_M_I_O)
                                                      0.000     0.491 r                       u_ddr_memory/u_ddr_bd/design_1_i/ddr4_0/inst/u_ddr4_mem_intfc/u_mig_ddr4_phy/inst/u_ddr4_phy_pll/diff_input_clk.u_ibufg_sys_clk/IBUFCTRL_INST/O
                         net (fo=2, routed)           0.230     0.721                         u_ddr_memory/u_ddr_bd/design_1_i/ddr4_0/inst/u_ddr4_infrastructure/mmcm_clk_in
    MMCM_X0Y1            MMCME4_ADV (Prop_MMCM_CLKIN1_CLKOUT0)
                                                     -0.295     0.426 r                       u_ddr_memory/u_ddr_bd/design_1_i/ddr4_0/inst/u_ddr4_infrastructure/gen_mmcme4.u_mmcme_adv_inst/CLKOUT0
                         net (fo=1, routed)           0.166     0.592                         u_ddr_memory/u_ddr_bd/design_1_i/ddr4_0/inst/u_ddr4_infrastructure/mmcm_clkout0
    BUFGCE_X0Y42         BUFGCE (Prop_BUFCE_BUFGCE_I_O)
                                                      0.019     0.611 r                       u_ddr_memory/u_ddr_bd/design_1_i/ddr4_0/inst/u_ddr4_infrastructure/u_bufg_divClk/O
    X4Y3 (CLOCK_ROOT)    net (fo=124013, routed)      1.855     2.466                         u_camera_hdmi/u_camera_subsystem/g_camera_frontend[6].u_camera/ddr4_ui_clk
    SLR Crossing[0->2]   
    SLICE_X123Y510       FDRE                                         r  pblock_dvp_bridge_slr2
                                                                                              u_camera_hdmi/u_camera_subsystem/g_camera_frontend[6].u_camera/dvp_pclk_sync_reg/C

Slack:                    inf
  Source:                 u_camera_hdmi/u_camera_subsystem/g_camera_frontend[6].u_camera/dvp_data_iob_reg[2]/C
                            (rising edge-triggered cell FDRE clocked by mmcm_clkout0  {rise@0.000ns fall@1.666ns period=3.332ns})
  Destination:            u_camera_hdmi/u_camera_subsystem/g_camera_frontend[6].u_camera/dvp_data_sync_reg[2]/D
                            (rising edge-triggered cell FDRE clocked by mmcm_clkout0  {rise@0.000ns fall@1.666ns period=3.332ns})
  Path Group:             (none)
  Path Type:              Hold (Min at Fast Process Corner)
  Data Path Delay:        0.452ns  (logic 0.124ns (27.434%)  route 0.328ns (72.566%))
  Logic Levels:           0  
  Clock Path Skew:        -0.116ns (DCD - SCD - CPR)
    Destination Clock Delay (DCD):    2.479ns
    Source Clock Delay      (SCD):    2.595ns
    Clock Pessimism Removal (CPR):    -0.000ns
  Clock Uncertainty:      0.052ns  ((TSJ^2 + DJ^2)^1/2) / 2 + PE
    Total System Jitter     (TSJ):    0.071ns
    Discrete Jitter          (DJ):    0.077ns
    Phase Error              (PE):    0.000ns
  Clock Net Delay (Source):      1.637ns (routing 0.490ns, distribution 1.147ns)
  Clock Net Delay (Destination): 1.868ns (routing 0.548ns, distribution 1.320ns)
  Timing Exception:       False Path

    Location             Delay type                Incr(ns)  Path(ns)    PBlock               Netlist Resource(s)
  -------------------------------------------------------------------    ----------------------------------------
                         (clock mmcm_clkout0 rise edge)
                                                      0.000     0.000 r                       
    BA27                                              0.000     0.000 r                       c0_sys_clk_p (IN)
                         net (fo=0)                   0.079     0.079                         u_ddr_memory/u_ddr_bd/design_1_i/ddr4_0/inst/u_ddr4_mem_intfc/u_mig_ddr4_phy/inst/u_ddr4_phy_pll/diff_input_clk.u_ibufg_sys_clk/I
    HPIOBDIFFINBUF_X0Y35 DIFFINBUF (Prop_DIFFINBUF_HPIOBDIFFINBUF_DIFF_IN_P_O)
                                                      0.243     0.322 r                       u_ddr_memory/u_ddr_bd/design_1_i/ddr4_0/inst/u_ddr4_mem_intfc/u_mig_ddr4_phy/inst/u_ddr4_phy_pll/diff_input_clk.u_ibufg_sys_clk/DIFFINBUF_INST/O
                         net (fo=1, routed)           0.040     0.362                         u_ddr_memory/u_ddr_bd/design_1_i/ddr4_0/inst/u_ddr4_mem_intfc/u_mig_ddr4_phy/inst/u_ddr4_phy_pll/diff_input_clk.u_ibufg_sys_clk/OUT
    BA27                 IBUFCTRL (Prop_IBUFCTRL_HPIOB_M_I_O)
                                                      0.000     0.362 r                       u_ddr_memory/u_ddr_bd/design_1_i/ddr4_0/inst/u_ddr4_mem_intfc/u_mig_ddr4_phy/inst/u_ddr4_phy_pll/diff_input_clk.u_ibufg_sys_clk/IBUFCTRL_INST/O
                         net (fo=2, routed)           0.203     0.565                         u_ddr_memory/u_ddr_bd/design_1_i/ddr4_0/inst/u_ddr4_infrastructure/mmcm_clk_in
    MMCM_X0Y1            MMCME4_ADV (Prop_MMCM_CLKIN1_CLKOUT0)
                                                      0.230     0.795 r                       u_ddr_memory/u_ddr_bd/design_1_i/ddr4_0/inst/u_ddr4_infrastructure/gen_mmcme4.u_mmcme_adv_inst/CLKOUT0
                         net (fo=1, routed)           0.146     0.941                         u_ddr_memory/u_ddr_bd/design_1_i/ddr4_0/inst/u_ddr4_infrastructure/mmcm_clkout0
    BUFGCE_X0Y42         BUFGCE (Prop_BUFCE_BUFGCE_I_O)
                                                      0.017     0.958 r                       u_ddr_memory/u_ddr_bd/design_1_i/ddr4_0/inst/u_ddr4_infrastructure/u_bufg_divClk/O
    X4Y3 (CLOCK_ROOT)    net (fo=124013, routed)      1.637     2.595                         u_camera_hdmi/u_camera_subsystem/g_camera_frontend[6].u_camera/ddr4_ui_clk
    SLR Crossing[0->2]   
    BITSLICE_RX_TX_X0Y434
                         FDRE                                         r                       u_camera_hdmi/u_camera_subsystem/g_camera_frontend[6].u_camera/dvp_data_iob_reg[2]/C
  -------------------------------------------------------------------    ----------------------------------------
    BITSLICE_RX_TX_X0Y434
                         FDRE (Prop_IN_FF_BITSLICE_COMPONENT_RX_TX_C_Q)
                                                      0.124     2.719 r                       u_camera_hdmi/u_camera_subsystem/g_camera_frontend[6].u_camera/dvp_data_iob_reg[2]/Q
                         net (fo=1, routed)           0.328     3.047                         u_camera_hdmi/u_camera_subsystem/g_camera_frontend[6].u_camera/dvp_data_iob[2]
    SLICE_X123Y495       FDRE                                         r  pblock_dvp_bridge_slr2
                                                                                              u_camera_hdmi/u_camera_subsystem/g_camera_frontend[6].u_camera/dvp_data_sync_reg[2]/D
  -------------------------------------------------------------------    ----------------------------------------

                         (clock mmcm_clkout0 rise edge)
                                                      0.000     0.000 r                       
    BA27                                              0.000     0.000 r                       c0_sys_clk_p (IN)
                         net (fo=0)                   0.100     0.100                         u_ddr_memory/u_ddr_bd/design_1_i/ddr4_0/inst/u_ddr4_mem_intfc/u_mig_ddr4_phy/inst/u_ddr4_phy_pll/diff_input_clk.u_ibufg_sys_clk/I
    HPIOBDIFFINBUF_X0Y35 DIFFINBUF (Prop_DIFFINBUF_HPIOBDIFFINBUF_DIFF_IN_P_O)
                                                      0.341     0.441 r                       u_ddr_memory/u_ddr_bd/design_1_i/ddr4_0/inst/u_ddr4_mem_intfc/u_mig_ddr4_phy/inst/u_ddr4_phy_pll/diff_input_clk.u_ibufg_sys_clk/DIFFINBUF_INST/O
                         net (fo=1, routed)           0.050     0.491                         u_ddr_memory/u_ddr_bd/design_1_i/ddr4_0/inst/u_ddr4_mem_intfc/u_mig_ddr4_phy/inst/u_ddr4_phy_pll/diff_input_clk.u_ibufg_sys_clk/OUT
    BA27                 IBUFCTRL (Prop_IBUFCTRL_HPIOB_M_I_O)
                                                      0.000     0.491 r                       u_ddr_memory/u_ddr_bd/design_1_i/ddr4_0/inst/u_ddr4_mem_intfc/u_mig_ddr4_phy/inst/u_ddr4_phy_pll/diff_input_clk.u_ibufg_sys_clk/IBUFCTRL_INST/O
                         net (fo=2, routed)           0.230     0.721                         u_ddr_memory/u_ddr_bd/design_1_i/ddr4_0/inst/u_ddr4_infrastructure/mmcm_clk_in
    MMCM_X0Y1            MMCME4_ADV (Prop_MMCM_CLKIN1_CLKOUT0)
                                                     -0.295     0.426 r                       u_ddr_memory/u_ddr_bd/design_1_i/ddr4_0/inst/u_ddr4_infrastructure/gen_mmcme4.u_mmcme_adv_inst/CLKOUT0
                         net (fo=1, routed)           0.166     0.592                         u_ddr_memory/u_ddr_bd/design_1_i/ddr4_0/inst/u_ddr4_infrastructure/mmcm_clkout0
    BUFGCE_X0Y42         BUFGCE (Prop_BUFCE_BUFGCE_I_O)
                                                      0.019     0.611 r                       u_ddr_memory/u_ddr_bd/design_1_i/ddr4_0/inst/u_ddr4_infrastructure/u_bufg_divClk/O
    X4Y3 (CLOCK_ROOT)    net (fo=124013, routed)      1.868     2.479                         u_camera_hdmi/u_camera_subsystem/g_camera_frontend[6].u_camera/ddr4_ui_clk
    SLR Crossing[0->2]   
    SLICE_X123Y495       FDRE                                         r  pblock_dvp_bridge_slr2
                                                                                              u_camera_hdmi/u_camera_subsystem/g_camera_frontend[6].u_camera/dvp_data_sync_reg[2]/C

Slack:                    inf
  Source:                 u_camera_hdmi/u_camera_subsystem/g_camera_frontend[6].u_camera/dvp_data_iob_reg[3]/C
                            (rising edge-triggered cell FDRE clocked by mmcm_clkout0  {rise@0.000ns fall@1.666ns period=3.332ns})
  Destination:            u_camera_hdmi/u_camera_subsystem/g_camera_frontend[6].u_camera/dvp_data_sync_reg[3]/D
                            (rising edge-triggered cell FDRE clocked by mmcm_clkout0  {rise@0.000ns fall@1.666ns period=3.332ns})
  Path Group:             (none)
  Path Type:              Hold (Min at Fast Process Corner)
  Data Path Delay:        0.452ns  (logic 0.137ns (30.310%)  route 0.315ns (69.690%))
  Logic Levels:           0  
  Clock Path Skew:        -0.118ns (DCD - SCD - CPR)
    Destination Clock Delay (DCD):    2.479ns
    Source Clock Delay      (SCD):    2.597ns
    Clock Pessimism Removal (CPR):    -0.000ns
  Clock Uncertainty:      0.052ns  ((TSJ^2 + DJ^2)^1/2) / 2 + PE
    Total System Jitter     (TSJ):    0.071ns
    Discrete Jitter          (DJ):    0.077ns
    Phase Error              (PE):    0.000ns
  Clock Net Delay (Source):      1.639ns (routing 0.490ns, distribution 1.149ns)
  Clock Net Delay (Destination): 1.868ns (routing 0.548ns, distribution 1.320ns)
  Timing Exception:       False Path

    Location             Delay type                Incr(ns)  Path(ns)    PBlock               Netlist Resource(s)
  -------------------------------------------------------------------    ----------------------------------------
                         (clock mmcm_clkout0 rise edge)
                                                      0.000     0.000 r                       
    BA27                                              0.000     0.000 r                       c0_sys_clk_p (IN)
                         net (fo=0)                   0.079     0.079                         u_ddr_memory/u_ddr_bd/design_1_i/ddr4_0/inst/u_ddr4_mem_intfc/u_mig_ddr4_phy/inst/u_ddr4_phy_pll/diff_input_clk.u_ibufg_sys_clk/I
    HPIOBDIFFINBUF_X0Y35 DIFFINBUF (Prop_DIFFINBUF_HPIOBDIFFINBUF_DIFF_IN_P_O)
                                                      0.243     0.322 r                       u_ddr_memory/u_ddr_bd/design_1_i/ddr4_0/inst/u_ddr4_mem_intfc/u_mig_ddr4_phy/inst/u_ddr4_phy_pll/diff_input_clk.u_ibufg_sys_clk/DIFFINBUF_INST/O
                         net (fo=1, routed)           0.040     0.362                         u_ddr_memory/u_ddr_bd/design_1_i/ddr4_0/inst/u_ddr4_mem_intfc/u_mig_ddr4_phy/inst/u_ddr4_phy_pll/diff_input_clk.u_ibufg_sys_clk/OUT
    BA27                 IBUFCTRL (Prop_IBUFCTRL_HPIOB_M_I_O)
                                                      0.000     0.362 r                       u_ddr_memory/u_ddr_bd/design_1_i/ddr4_0/inst/u_ddr4_mem_intfc/u_mig_ddr4_phy/inst/u_ddr4_phy_pll/diff_input_clk.u_ibufg_sys_clk/IBUFCTRL_INST/O
                         net (fo=2, routed)           0.203     0.565                         u_ddr_memory/u_ddr_bd/design_1_i/ddr4_0/inst/u_ddr4_infrastructure/mmcm_clk_in
    MMCM_X0Y1            MMCME4_ADV (Prop_MMCM_CLKIN1_CLKOUT0)
                                                      0.230     0.795 r                       u_ddr_memory/u_ddr_bd/design_1_i/ddr4_0/inst/u_ddr4_infrastructure/gen_mmcme4.u_mmcme_adv_inst/CLKOUT0
                         net (fo=1, routed)           0.146     0.941                         u_ddr_memory/u_ddr_bd/design_1_i/ddr4_0/inst/u_ddr4_infrastructure/mmcm_clkout0
    BUFGCE_X0Y42         BUFGCE (Prop_BUFCE_BUFGCE_I_O)
                                                      0.017     0.958 r                       u_ddr_memory/u_ddr_bd/design_1_i/ddr4_0/inst/u_ddr4_infrastructure/u_bufg_divClk/O
    X4Y3 (CLOCK_ROOT)    net (fo=124013, routed)      1.639     2.597                         u_camera_hdmi/u_camera_subsystem/g_camera_frontend[6].u_camera/ddr4_ui_clk
    SLR Crossing[0->2]   
    BITSLICE_RX_TX_X0Y433
                         FDRE                                         r                       u_camera_hdmi/u_camera_subsystem/g_camera_frontend[6].u_camera/dvp_data_iob_reg[3]/C
  -------------------------------------------------------------------    ----------------------------------------
    BITSLICE_RX_TX_X0Y433
                         FDRE (Prop_IN_FF_BITSLICE_COMPONENT_RX_TX_C_Q)
                                                      0.137     2.734 r                       u_camera_hdmi/u_camera_subsystem/g_camera_frontend[6].u_camera/dvp_data_iob_reg[3]/Q
                         net (fo=1, routed)           0.315     3.049                         u_camera_hdmi/u_camera_subsystem/g_camera_frontend[6].u_camera/dvp_data_iob[3]
    SLICE_X123Y495       FDRE                                         r  pblock_dvp_bridge_slr2
                                                                                              u_camera_hdmi/u_camera_subsystem/g_camera_frontend[6].u_camera/dvp_data_sync_reg[3]/D
  -------------------------------------------------------------------    ----------------------------------------

                         (clock mmcm_clkout0 rise edge)
                                                      0.000     0.000 r                       
    BA27                                              0.000     0.000 r                       c0_sys_clk_p (IN)
                         net (fo=0)                   0.100     0.100                         u_ddr_memory/u_ddr_bd/design_1_i/ddr4_0/inst/u_ddr4_mem_intfc/u_mig_ddr4_phy/inst/u_ddr4_phy_pll/diff_input_clk.u_ibufg_sys_clk/I
    HPIOBDIFFINBUF_X0Y35 DIFFINBUF (Prop_DIFFINBUF_HPIOBDIFFINBUF_DIFF_IN_P_O)
                                                      0.341     0.441 r                       u_ddr_memory/u_ddr_bd/design_1_i/ddr4_0/inst/u_ddr4_mem_intfc/u_mig_ddr4_phy/inst/u_ddr4_phy_pll/diff_input_clk.u_ibufg_sys_clk/DIFFINBUF_INST/O
                         net (fo=1, routed)           0.050     0.491                         u_ddr_memory/u_ddr_bd/design_1_i/ddr4_0/inst/u_ddr4_mem_intfc/u_mig_ddr4_phy/inst/u_ddr4_phy_pll/diff_input_clk.u_ibufg_sys_clk/OUT
    BA27                 IBUFCTRL (Prop_IBUFCTRL_HPIOB_M_I_O)
                                                      0.000     0.491 r                       u_ddr_memory/u_ddr_bd/design_1_i/ddr4_0/inst/u_ddr4_mem_intfc/u_mig_ddr4_phy/inst/u_ddr4_phy_pll/diff_input_clk.u_ibufg_sys_clk/IBUFCTRL_INST/O
                         net (fo=2, routed)           0.230     0.721                         u_ddr_memory/u_ddr_bd/design_1_i/ddr4_0/inst/u_ddr4_infrastructure/mmcm_clk_in
    MMCM_X0Y1            MMCME4_ADV (Prop_MMCM_CLKIN1_CLKOUT0)
                                                     -0.295     0.426 r                       u_ddr_memory/u_ddr_bd/design_1_i/ddr4_0/inst/u_ddr4_infrastructure/gen_mmcme4.u_mmcme_adv_inst/CLKOUT0
                         net (fo=1, routed)           0.166     0.592                         u_ddr_memory/u_ddr_bd/design_1_i/ddr4_0/inst/u_ddr4_infrastructure/mmcm_clkout0
    BUFGCE_X0Y42         BUFGCE (Prop_BUFCE_BUFGCE_I_O)
                                                      0.019     0.611 r                       u_ddr_memory/u_ddr_bd/design_1_i/ddr4_0/inst/u_ddr4_infrastructure/u_bufg_divClk/O
    X4Y3 (CLOCK_ROOT)    net (fo=124013, routed)      1.868     2.479                         u_camera_hdmi/u_camera_subsystem/g_camera_frontend[6].u_camera/ddr4_ui_clk
    SLR Crossing[0->2]   
    SLICE_X123Y495       FDRE                                         r  pblock_dvp_bridge_slr2
                                                                                              u_camera_hdmi/u_camera_subsystem/g_camera_frontend[6].u_camera/dvp_data_sync_reg[3]/C

Slack:                    inf
  Source:                 u_camera_hdmi/u_camera_subsystem/g_camera_frontend[6].u_camera/dvp_data_iob_reg[5]/C
                            (rising edge-triggered cell FDRE clocked by mmcm_clkout0  {rise@0.000ns fall@1.666ns period=3.332ns})
  Destination:            u_camera_hdmi/u_camera_subsystem/g_camera_frontend[6].u_camera/dvp_data_sync_reg[5]/D
                            (rising edge-triggered cell FDRE clocked by mmcm_clkout0  {rise@0.000ns fall@1.666ns period=3.332ns})
  Path Group:             (none)
  Path Type:              Hold (Min at Fast Process Corner)
  Data Path Delay:        0.475ns  (logic 0.124ns (26.105%)  route 0.351ns (73.895%))
  Logic Levels:           0  
  Clock Path Skew:        -0.126ns (DCD - SCD - CPR)
    Destination Clock Delay (DCD):    2.466ns
    Source Clock Delay      (SCD):    2.592ns
    Clock Pessimism Removal (CPR):    -0.000ns
  Clock Uncertainty:      0.052ns  ((TSJ^2 + DJ^2)^1/2) / 2 + PE
    Total System Jitter     (TSJ):    0.071ns
    Discrete Jitter          (DJ):    0.077ns
    Phase Error              (PE):    0.000ns
  Clock Net Delay (Source):      1.634ns (routing 0.490ns, distribution 1.144ns)
  Clock Net Delay (Destination): 1.855ns (routing 0.548ns, distribution 1.307ns)
  Timing Exception:       False Path

    Location             Delay type                Incr(ns)  Path(ns)    PBlock               Netlist Resource(s)
  -------------------------------------------------------------------    ----------------------------------------
                         (clock mmcm_clkout0 rise edge)
                                                      0.000     0.000 r                       
    BA27                                              0.000     0.000 r                       c0_sys_clk_p (IN)
                         net (fo=0)                   0.079     0.079                         u_ddr_memory/u_ddr_bd/design_1_i/ddr4_0/inst/u_ddr4_mem_intfc/u_mig_ddr4_phy/inst/u_ddr4_phy_pll/diff_input_clk.u_ibufg_sys_clk/I
    HPIOBDIFFINBUF_X0Y35 DIFFINBUF (Prop_DIFFINBUF_HPIOBDIFFINBUF_DIFF_IN_P_O)
                                                      0.243     0.322 r                       u_ddr_memory/u_ddr_bd/design_1_i/ddr4_0/inst/u_ddr4_mem_intfc/u_mig_ddr4_phy/inst/u_ddr4_phy_pll/diff_input_clk.u_ibufg_sys_clk/DIFFINBUF_INST/O
                         net (fo=1, routed)           0.040     0.362                         u_ddr_memory/u_ddr_bd/design_1_i/ddr4_0/inst/u_ddr4_mem_intfc/u_mig_ddr4_phy/inst/u_ddr4_phy_pll/diff_input_clk.u_ibufg_sys_clk/OUT
    BA27                 IBUFCTRL (Prop_IBUFCTRL_HPIOB_M_I_O)
                                                      0.000     0.362 r                       u_ddr_memory/u_ddr_bd/design_1_i/ddr4_0/inst/u_ddr4_mem_intfc/u_mig_ddr4_phy/inst/u_ddr4_phy_pll/diff_input_clk.u_ibufg_sys_clk/IBUFCTRL_INST/O
                         net (fo=2, routed)           0.203     0.565                         u_ddr_memory/u_ddr_bd/design_1_i/ddr4_0/inst/u_ddr4_infrastructure/mmcm_clk_in
    MMCM_X0Y1            MMCME4_ADV (Prop_MMCM_CLKIN1_CLKOUT0)
                                                      0.230     0.795 r                       u_ddr_memory/u_ddr_bd/design_1_i/ddr4_0/inst/u_ddr4_infrastructure/gen_mmcme4.u_mmcme_adv_inst/CLKOUT0
                         net (fo=1, routed)           0.146     0.941                         u_ddr_memory/u_ddr_bd/design_1_i/ddr4_0/inst/u_ddr4_infrastructure/mmcm_clkout0
    BUFGCE_X0Y42         BUFGCE (Prop_BUFCE_BUFGCE_I_O)
                                                      0.017     0.958 r                       u_ddr_memory/u_ddr_bd/design_1_i/ddr4_0/inst/u_ddr4_infrastructure/u_bufg_divClk/O
    X4Y3 (CLOCK_ROOT)    net (fo=124013, routed)      1.634     2.592                         u_camera_hdmi/u_camera_subsystem/g_camera_frontend[6].u_camera/ddr4_ui_clk
    SLR Crossing[0->2]   
    BITSLICE_RX_TX_X0Y448
                         FDRE                                         r                       u_camera_hdmi/u_camera_subsystem/g_camera_frontend[6].u_camera/dvp_data_iob_reg[5]/C
  -------------------------------------------------------------------    ----------------------------------------
    BITSLICE_RX_TX_X0Y448
                         FDRE (Prop_IN_FF_BITSLICE_COMPONENT_RX_TX_C_Q)
                                                      0.124     2.716 r                       u_camera_hdmi/u_camera_subsystem/g_camera_frontend[6].u_camera/dvp_data_iob_reg[5]/Q
                         net (fo=1, routed)           0.351     3.067                         u_camera_hdmi/u_camera_subsystem/g_camera_frontend[6].u_camera/dvp_data_iob[5]
    SLICE_X123Y510       FDRE                                         r  pblock_dvp_bridge_slr2
                                                                                              u_camera_hdmi/u_camera_subsystem/g_camera_frontend[6].u_camera/dvp_data_sync_reg[5]/D
  -------------------------------------------------------------------    ----------------------------------------

                         (clock mmcm_clkout0 rise edge)
                                                      0.000     0.000 r                       
    BA27                                              0.000     0.000 r                       c0_sys_clk_p (IN)
                         net (fo=0)                   0.100     0.100                         u_ddr_memory/u_ddr_bd/design_1_i/ddr4_0/inst/u_ddr4_mem_intfc/u_mig_ddr4_phy/inst/u_ddr4_phy_pll/diff_input_clk.u_ibufg_sys_clk/I
    HPIOBDIFFINBUF_X0Y35 DIFFINBUF (Prop_DIFFINBUF_HPIOBDIFFINBUF_DIFF_IN_P_O)
                                                      0.341     0.441 r                       u_ddr_memory/u_ddr_bd/design_1_i/ddr4_0/inst/u_ddr4_mem_intfc/u_mig_ddr4_phy/inst/u_ddr4_phy_pll/diff_input_clk.u_ibufg_sys_clk/DIFFINBUF_INST/O
                         net (fo=1, routed)           0.050     0.491                         u_ddr_memory/u_ddr_bd/design_1_i/ddr4_0/inst/u_ddr4_mem_intfc/u_mig_ddr4_phy/inst/u_ddr4_phy_pll/diff_input_clk.u_ibufg_sys_clk/OUT
    BA27                 IBUFCTRL (Prop_IBUFCTRL_HPIOB_M_I_O)
                                                      0.000     0.491 r                       u_ddr_memory/u_ddr_bd/design_1_i/ddr4_0/inst/u_ddr4_mem_intfc/u_mig_ddr4_phy/inst/u_ddr4_phy_pll/diff_input_clk.u_ibufg_sys_clk/IBUFCTRL_INST/O
                         net (fo=2, routed)           0.230     0.721                         u_ddr_memory/u_ddr_bd/design_1_i/ddr4_0/inst/u_ddr4_infrastructure/mmcm_clk_in
    MMCM_X0Y1            MMCME4_ADV (Prop_MMCM_CLKIN1_CLKOUT0)
                                                     -0.295     0.426 r                       u_ddr_memory/u_ddr_bd/design_1_i/ddr4_0/inst/u_ddr4_infrastructure/gen_mmcme4.u_mmcme_adv_inst/CLKOUT0
                         net (fo=1, routed)           0.166     0.592                         u_ddr_memory/u_ddr_bd/design_1_i/ddr4_0/inst/u_ddr4_infrastructure/mmcm_clkout0
    BUFGCE_X0Y42         BUFGCE (Prop_BUFCE_BUFGCE_I_O)
                                                      0.019     0.611 r                       u_ddr_memory/u_ddr_bd/design_1_i/ddr4_0/inst/u_ddr4_infrastructure/u_bufg_divClk/O
    X4Y3 (CLOCK_ROOT)    net (fo=124013, routed)      1.855     2.466                         u_camera_hdmi/u_camera_subsystem/g_camera_frontend[6].u_camera/ddr4_ui_clk
    SLR Crossing[0->2]   
    SLICE_X123Y510       FDRE                                         r  pblock_dvp_bridge_slr2
                                                                                              u_camera_hdmi/u_camera_subsystem/g_camera_frontend[6].u_camera/dvp_data_sync_reg[5]/C

Slack:                    inf
  Source:                 u_camera_hdmi/u_camera_subsystem/g_camera_frontend[6].u_camera/dvp_data_iob_reg[1]/C
                            (rising edge-triggered cell FDRE clocked by mmcm_clkout0  {rise@0.000ns fall@1.666ns period=3.332ns})
  Destination:            u_camera_hdmi/u_camera_subsystem/g_camera_frontend[6].u_camera/dvp_data_sync_reg[1]/D
                            (rising edge-triggered cell FDRE clocked by mmcm_clkout0  {rise@0.000ns fall@1.666ns period=3.332ns})
  Path Group:             (none)
  Path Type:              Hold (Min at Fast Process Corner)
  Data Path Delay:        0.475ns  (logic 0.124ns (26.105%)  route 0.351ns (73.895%))
  Logic Levels:           0  
  Clock Path Skew:        -0.115ns (DCD - SCD - CPR)
    Destination Clock Delay (DCD):    2.479ns
    Source Clock Delay      (SCD):    2.594ns
    Clock Pessimism Removal (CPR):    -0.000ns
  Clock Uncertainty:      0.052ns  ((TSJ^2 + DJ^2)^1/2) / 2 + PE
    Total System Jitter     (TSJ):    0.071ns
    Discrete Jitter          (DJ):    0.077ns
    Phase Error              (PE):    0.000ns
  Clock Net Delay (Source):      1.636ns (routing 0.490ns, distribution 1.146ns)
  Clock Net Delay (Destination): 1.868ns (routing 0.548ns, distribution 1.320ns)
  Timing Exception:       False Path

    Location             Delay type                Incr(ns)  Path(ns)    PBlock               Netlist Resource(s)
  -------------------------------------------------------------------    ----------------------------------------
                         (clock mmcm_clkout0 rise edge)
                                                      0.000     0.000 r                       
    BA27                                              0.000     0.000 r                       c0_sys_clk_p (IN)
                         net (fo=0)                   0.079     0.079                         u_ddr_memory/u_ddr_bd/design_1_i/ddr4_0/inst/u_ddr4_mem_intfc/u_mig_ddr4_phy/inst/u_ddr4_phy_pll/diff_input_clk.u_ibufg_sys_clk/I
    HPIOBDIFFINBUF_X0Y35 DIFFINBUF (Prop_DIFFINBUF_HPIOBDIFFINBUF_DIFF_IN_P_O)
                                                      0.243     0.322 r                       u_ddr_memory/u_ddr_bd/design_1_i/ddr4_0/inst/u_ddr4_mem_intfc/u_mig_ddr4_phy/inst/u_ddr4_phy_pll/diff_input_clk.u_ibufg_sys_clk/DIFFINBUF_INST/O
                         net (fo=1, routed)           0.040     0.362                         u_ddr_memory/u_ddr_bd/design_1_i/ddr4_0/inst/u_ddr4_mem_intfc/u_mig_ddr4_phy/inst/u_ddr4_phy_pll/diff_input_clk.u_ibufg_sys_clk/OUT
    BA27                 IBUFCTRL (Prop_IBUFCTRL_HPIOB_M_I_O)
                                                      0.000     0.362 r                       u_ddr_memory/u_ddr_bd/design_1_i/ddr4_0/inst/u_ddr4_mem_intfc/u_mig_ddr4_phy/inst/u_ddr4_phy_pll/diff_input_clk.u_ibufg_sys_clk/IBUFCTRL_INST/O
                         net (fo=2, routed)           0.203     0.565                         u_ddr_memory/u_ddr_bd/design_1_i/ddr4_0/inst/u_ddr4_infrastructure/mmcm_clk_in
    MMCM_X0Y1            MMCME4_ADV (Prop_MMCM_CLKIN1_CLKOUT0)
                                                      0.230     0.795 r                       u_ddr_memory/u_ddr_bd/design_1_i/ddr4_0/inst/u_ddr4_infrastructure/gen_mmcme4.u_mmcme_adv_inst/CLKOUT0
                         net (fo=1, routed)           0.146     0.941                         u_ddr_memory/u_ddr_bd/design_1_i/ddr4_0/inst/u_ddr4_infrastructure/mmcm_clkout0
    BUFGCE_X0Y42         BUFGCE (Prop_BUFCE_BUFGCE_I_O)
                                                      0.017     0.958 r                       u_ddr_memory/u_ddr_bd/design_1_i/ddr4_0/inst/u_ddr4_infrastructure/u_bufg_divClk/O
    X4Y3 (CLOCK_ROOT)    net (fo=124013, routed)      1.636     2.594                         u_camera_hdmi/u_camera_subsystem/g_camera_frontend[6].u_camera/ddr4_ui_clk
    SLR Crossing[0->2]   
    BITSLICE_RX_TX_X0Y435
                         FDRE                                         r                       u_camera_hdmi/u_camera_subsystem/g_camera_frontend[6].u_camera/dvp_data_iob_reg[1]/C
  -------------------------------------------------------------------    ----------------------------------------
    BITSLICE_RX_TX_X0Y435
                         FDRE (Prop_IN_FF_BITSLICE_COMPONENT_RX_TX_C_Q)
                                                      0.124     2.718 r                       u_camera_hdmi/u_camera_subsystem/g_camera_frontend[6].u_camera/dvp_data_iob_reg[1]/Q
                         net (fo=1, routed)           0.351     3.069                         u_camera_hdmi/u_camera_subsystem/g_camera_frontend[6].u_camera/dvp_data_iob[1]
    SLICE_X123Y495       FDRE                                         r  pblock_dvp_bridge_slr2
                                                                                              u_camera_hdmi/u_camera_subsystem/g_camera_frontend[6].u_camera/dvp_data_sync_reg[1]/D
  -------------------------------------------------------------------    ----------------------------------------

                         (clock mmcm_clkout0 rise edge)
                                                      0.000     0.000 r                       
    BA27                                              0.000     0.000 r                       c0_sys_clk_p (IN)
                         net (fo=0)                   0.100     0.100                         u_ddr_memory/u_ddr_bd/design_1_i/ddr4_0/inst/u_ddr4_mem_intfc/u_mig_ddr4_phy/inst/u_ddr4_phy_pll/diff_input_clk.u_ibufg_sys_clk/I
    HPIOBDIFFINBUF_X0Y35 DIFFINBUF (Prop_DIFFINBUF_HPIOBDIFFINBUF_DIFF_IN_P_O)
                                                      0.341     0.441 r                       u_ddr_memory/u_ddr_bd/design_1_i/ddr4_0/inst/u_ddr4_mem_intfc/u_mig_ddr4_phy/inst/u_ddr4_phy_pll/diff_input_clk.u_ibufg_sys_clk/DIFFINBUF_INST/O
                         net (fo=1, routed)           0.050     0.491                         u_ddr_memory/u_ddr_bd/design_1_i/ddr4_0/inst/u_ddr4_mem_intfc/u_mig_ddr4_phy/inst/u_ddr4_phy_pll/diff_input_clk.u_ibufg_sys_clk/OUT
    BA27                 IBUFCTRL (Prop_IBUFCTRL_HPIOB_M_I_O)
                                                      0.000     0.491 r                       u_ddr_memory/u_ddr_bd/design_1_i/ddr4_0/inst/u_ddr4_mem_intfc/u_mig_ddr4_phy/inst/u_ddr4_phy_pll/diff_input_clk.u_ibufg_sys_clk/IBUFCTRL_INST/O
                         net (fo=2, routed)           0.230     0.721                         u_ddr_memory/u_ddr_bd/design_1_i/ddr4_0/inst/u_ddr4_infrastructure/mmcm_clk_in
    MMCM_X0Y1            MMCME4_ADV (Prop_MMCM_CLKIN1_CLKOUT0)
                                                     -0.295     0.426 r                       u_ddr_memory/u_ddr_bd/design_1_i/ddr4_0/inst/u_ddr4_infrastructure/gen_mmcme4.u_mmcme_adv_inst/CLKOUT0
                         net (fo=1, routed)           0.166     0.592                         u_ddr_memory/u_ddr_bd/design_1_i/ddr4_0/inst/u_ddr4_infrastructure/mmcm_clkout0
    BUFGCE_X0Y42         BUFGCE (Prop_BUFCE_BUFGCE_I_O)
                                                      0.019     0.611 r                       u_ddr_memory/u_ddr_bd/design_1_i/ddr4_0/inst/u_ddr4_infrastructure/u_bufg_divClk/O
    X4Y3 (CLOCK_ROOT)    net (fo=124013, routed)      1.868     2.479                         u_camera_hdmi/u_camera_subsystem/g_camera_frontend[6].u_camera/ddr4_ui_clk
    SLR Crossing[0->2]   
    SLICE_X123Y495       FDRE                                         r  pblock_dvp_bridge_slr2
                                                                                              u_camera_hdmi/u_camera_subsystem/g_camera_frontend[6].u_camera/dvp_data_sync_reg[1]/C

Slack:                    inf
  Source:                 u_camera_hdmi/u_camera_subsystem/g_camera_frontend[5].u_camera/dvp_data_iob_reg[5]/C
                            (rising edge-triggered cell FDRE clocked by mmcm_clkout0  {rise@0.000ns fall@1.666ns period=3.332ns})
  Destination:            u_camera_hdmi/u_camera_subsystem/g_camera_frontend[5].u_camera/dvp_data_sync_reg[5]/D
                            (rising edge-triggered cell FDRE clocked by mmcm_clkout0  {rise@0.000ns fall@1.666ns period=3.332ns})
  Path Group:             (none)
  Path Type:              Hold (Min at Fast Process Corner)
  Data Path Delay:        0.495ns  (logic 0.179ns (36.162%)  route 0.316ns (63.838%))
  Logic Levels:           0  
  Clock Path Skew:        -0.131ns (DCD - SCD - CPR)
    Destination Clock Delay (DCD):    2.482ns
    Source Clock Delay      (SCD):    2.613ns
    Clock Pessimism Removal (CPR):    -0.000ns
  Clock Uncertainty:      0.052ns  ((TSJ^2 + DJ^2)^1/2) / 2 + PE
    Total System Jitter     (TSJ):    0.071ns
    Discrete Jitter          (DJ):    0.077ns
    Phase Error              (PE):    0.000ns
  Clock Net Delay (Source):      1.655ns (routing 0.490ns, distribution 1.165ns)
  Clock Net Delay (Destination): 1.871ns (routing 0.548ns, distribution 1.323ns)
  Timing Exception:       False Path

    Location             Delay type                Incr(ns)  Path(ns)    PBlock               Netlist Resource(s)
  -------------------------------------------------------------------    ----------------------------------------
                         (clock mmcm_clkout0 rise edge)
                                                      0.000     0.000 r                       
    BA27                                              0.000     0.000 r                       c0_sys_clk_p (IN)
                         net (fo=0)                   0.079     0.079                         u_ddr_memory/u_ddr_bd/design_1_i/ddr4_0/inst/u_ddr4_mem_intfc/u_mig_ddr4_phy/inst/u_ddr4_phy_pll/diff_input_clk.u_ibufg_sys_clk/I
    HPIOBDIFFINBUF_X0Y35 DIFFINBUF (Prop_DIFFINBUF_HPIOBDIFFINBUF_DIFF_IN_P_O)
                                                      0.243     0.322 r                       u_ddr_memory/u_ddr_bd/design_1_i/ddr4_0/inst/u_ddr4_mem_intfc/u_mig_ddr4_phy/inst/u_ddr4_phy_pll/diff_input_clk.u_ibufg_sys_clk/DIFFINBUF_INST/O
                         net (fo=1, routed)           0.040     0.362                         u_ddr_memory/u_ddr_bd/design_1_i/ddr4_0/inst/u_ddr4_mem_intfc/u_mig_ddr4_phy/inst/u_ddr4_phy_pll/diff_input_clk.u_ibufg_sys_clk/OUT
    BA27                 IBUFCTRL (Prop_IBUFCTRL_HPIOB_M_I_O)
                                                      0.000     0.362 r                       u_ddr_memory/u_ddr_bd/design_1_i/ddr4_0/inst/u_ddr4_mem_intfc/u_mig_ddr4_phy/inst/u_ddr4_phy_pll/diff_input_clk.u_ibufg_sys_clk/IBUFCTRL_INST/O
                         net (fo=2, routed)           0.203     0.565                         u_ddr_memory/u_ddr_bd/design_1_i/ddr4_0/inst/u_ddr4_infrastructure/mmcm_clk_in
    MMCM_X0Y1            MMCME4_ADV (Prop_MMCM_CLKIN1_CLKOUT0)
                                                      0.230     0.795 r                       u_ddr_memory/u_ddr_bd/design_1_i/ddr4_0/inst/u_ddr4_infrastructure/gen_mmcme4.u_mmcme_adv_inst/CLKOUT0
                         net (fo=1, routed)           0.146     0.941                         u_ddr_memory/u_ddr_bd/design_1_i/ddr4_0/inst/u_ddr4_infrastructure/mmcm_clkout0
    BUFGCE_X0Y42         BUFGCE (Prop_BUFCE_BUFGCE_I_O)
                                                      0.017     0.958 r                       u_ddr_memory/u_ddr_bd/design_1_i/ddr4_0/inst/u_ddr4_infrastructure/u_bufg_divClk/O
    X4Y3 (CLOCK_ROOT)    net (fo=124013, routed)      1.655     2.613                         u_camera_hdmi/u_camera_subsystem/g_camera_frontend[5].u_camera/ddr4_ui_clk
    SLR Crossing[0->2]   
    BITSLICE_RX_TX_X0Y470
                         FDRE                                         r                       u_camera_hdmi/u_camera_subsystem/g_camera_frontend[5].u_camera/dvp_data_iob_reg[5]/C
  -------------------------------------------------------------------    ----------------------------------------
    BITSLICE_RX_TX_X0Y470
                         FDRE (Prop_IN_FF_BITSLICE_COMPONENT_RX_TX_C_Q)
                                                      0.179     2.792 r                       u_camera_hdmi/u_camera_subsystem/g_camera_frontend[5].u_camera/dvp_data_iob_reg[5]/Q
                         net (fo=1, routed)           0.316     3.108                         u_camera_hdmi/u_camera_subsystem/g_camera_frontend[5].u_camera/dvp_data_iob[5]
    SLICE_X123Y530       FDRE                                         r  pblock_dvp_bridge_slr2
                                                                                              u_camera_hdmi/u_camera_subsystem/g_camera_frontend[5].u_camera/dvp_data_sync_reg[5]/D
  -------------------------------------------------------------------    ----------------------------------------

                         (clock mmcm_clkout0 rise edge)
                                                      0.000     0.000 r                       
    BA27                                              0.000     0.000 r                       c0_sys_clk_p (IN)
                         net (fo=0)                   0.100     0.100                         u_ddr_memory/u_ddr_bd/design_1_i/ddr4_0/inst/u_ddr4_mem_intfc/u_mig_ddr4_phy/inst/u_ddr4_phy_pll/diff_input_clk.u_ibufg_sys_clk/I
    HPIOBDIFFINBUF_X0Y35 DIFFINBUF (Prop_DIFFINBUF_HPIOBDIFFINBUF_DIFF_IN_P_O)
                                                      0.341     0.441 r                       u_ddr_memory/u_ddr_bd/design_1_i/ddr4_0/inst/u_ddr4_mem_intfc/u_mig_ddr4_phy/inst/u_ddr4_phy_pll/diff_input_clk.u_ibufg_sys_clk/DIFFINBUF_INST/O
                         net (fo=1, routed)           0.050     0.491                         u_ddr_memory/u_ddr_bd/design_1_i/ddr4_0/inst/u_ddr4_mem_intfc/u_mig_ddr4_phy/inst/u_ddr4_phy_pll/diff_input_clk.u_ibufg_sys_clk/OUT
    BA27                 IBUFCTRL (Prop_IBUFCTRL_HPIOB_M_I_O)
                                                      0.000     0.491 r                       u_ddr_memory/u_ddr_bd/design_1_i/ddr4_0/inst/u_ddr4_mem_intfc/u_mig_ddr4_phy/inst/u_ddr4_phy_pll/diff_input_clk.u_ibufg_sys_clk/IBUFCTRL_INST/O
                         net (fo=2, routed)           0.230     0.721                         u_ddr_memory/u_ddr_bd/design_1_i/ddr4_0/inst/u_ddr4_infrastructure/mmcm_clk_in
    MMCM_X0Y1            MMCME4_ADV (Prop_MMCM_CLKIN1_CLKOUT0)
                                                     -0.295     0.426 r                       u_ddr_memory/u_ddr_bd/design_1_i/ddr4_0/inst/u_ddr4_infrastructure/gen_mmcme4.u_mmcme_adv_inst/CLKOUT0
                         net (fo=1, routed)           0.166     0.592                         u_ddr_memory/u_ddr_bd/design_1_i/ddr4_0/inst/u_ddr4_infrastructure/mmcm_clkout0
    BUFGCE_X0Y42         BUFGCE (Prop_BUFCE_BUFGCE_I_O)
                                                      0.019     0.611 r                       u_ddr_memory/u_ddr_bd/design_1_i/ddr4_0/inst/u_ddr4_infrastructure/u_bufg_divClk/O
    X4Y3 (CLOCK_ROOT)    net (fo=124013, routed)      1.871     2.482                         u_camera_hdmi/u_camera_subsystem/g_camera_frontend[5].u_camera/ddr4_ui_clk
    SLR Crossing[0->2]   
    SLICE_X123Y530       FDRE                                         r  pblock_dvp_bridge_slr2
                                                                                              u_camera_hdmi/u_camera_subsystem/g_camera_frontend[5].u_camera/dvp_data_sync_reg[5]/C

Slack:                    inf
  Source:                 u_camera_hdmi/u_camera_subsystem/g_camera_frontend[6].u_camera/dvp_data_iob_reg[4]/C
                            (rising edge-triggered cell FDRE clocked by mmcm_clkout0  {rise@0.000ns fall@1.666ns period=3.332ns})
  Destination:            u_camera_hdmi/u_camera_subsystem/g_camera_frontend[6].u_camera/dvp_data_sync_reg[4]/D
                            (rising edge-triggered cell FDRE clocked by mmcm_clkout0  {rise@0.000ns fall@1.666ns period=3.332ns})
  Path Group:             (none)
  Path Type:              Hold (Min at Fast Process Corner)
  Data Path Delay:        0.502ns  (logic 0.127ns (25.299%)  route 0.375ns (74.701%))
  Logic Levels:           0  
  Clock Path Skew:        -0.146ns (DCD - SCD - CPR)
    Destination Clock Delay (DCD):    2.466ns
    Source Clock Delay      (SCD):    2.612ns
    Clock Pessimism Removal (CPR):    -0.000ns
  Clock Uncertainty:      0.052ns  ((TSJ^2 + DJ^2)^1/2) / 2 + PE
    Total System Jitter     (TSJ):    0.071ns
    Discrete Jitter          (DJ):    0.077ns
    Phase Error              (PE):    0.000ns
  Clock Net Delay (Source):      1.654ns (routing 0.490ns, distribution 1.164ns)
  Clock Net Delay (Destination): 1.855ns (routing 0.548ns, distribution 1.307ns)
  Timing Exception:       False Path

    Location             Delay type                Incr(ns)  Path(ns)    PBlock               Netlist Resource(s)
  -------------------------------------------------------------------    ----------------------------------------
                         (clock mmcm_clkout0 rise edge)
                                                      0.000     0.000 r                       
    BA27                                              0.000     0.000 r                       c0_sys_clk_p (IN)
                         net (fo=0)                   0.079     0.079                         u_ddr_memory/u_ddr_bd/design_1_i/ddr4_0/inst/u_ddr4_mem_intfc/u_mig_ddr4_phy/inst/u_ddr4_phy_pll/diff_input_clk.u_ibufg_sys_clk/I
    HPIOBDIFFINBUF_X0Y35 DIFFINBUF (Prop_DIFFINBUF_HPIOBDIFFINBUF_DIFF_IN_P_O)
                                                      0.243     0.322 r                       u_ddr_memory/u_ddr_bd/design_1_i/ddr4_0/inst/u_ddr4_mem_intfc/u_mig_ddr4_phy/inst/u_ddr4_phy_pll/diff_input_clk.u_ibufg_sys_clk/DIFFINBUF_INST/O
                         net (fo=1, routed)           0.040     0.362                         u_ddr_memory/u_ddr_bd/design_1_i/ddr4_0/inst/u_ddr4_mem_intfc/u_mig_ddr4_phy/inst/u_ddr4_phy_pll/diff_input_clk.u_ibufg_sys_clk/OUT
    BA27                 IBUFCTRL (Prop_IBUFCTRL_HPIOB_M_I_O)
                                                      0.000     0.362 r                       u_ddr_memory/u_ddr_bd/design_1_i/ddr4_0/inst/u_ddr4_mem_intfc/u_mig_ddr4_phy/inst/u_ddr4_phy_pll/diff_input_clk.u_ibufg_sys_clk/IBUFCTRL_INST/O
                         net (fo=2, routed)           0.203     0.565                         u_ddr_memory/u_ddr_bd/design_1_i/ddr4_0/inst/u_ddr4_infrastructure/mmcm_clk_in
    MMCM_X0Y1            MMCME4_ADV (Prop_MMCM_CLKIN1_CLKOUT0)
                                                      0.230     0.795 r                       u_ddr_memory/u_ddr_bd/design_1_i/ddr4_0/inst/u_ddr4_infrastructure/gen_mmcme4.u_mmcme_adv_inst/CLKOUT0
                         net (fo=1, routed)           0.146     0.941                         u_ddr_memory/u_ddr_bd/design_1_i/ddr4_0/inst/u_ddr4_infrastructure/mmcm_clkout0
    BUFGCE_X0Y42         BUFGCE (Prop_BUFCE_BUFGCE_I_O)
                                                      0.017     0.958 r                       u_ddr_memory/u_ddr_bd/design_1_i/ddr4_0/inst/u_ddr4_infrastructure/u_bufg_divClk/O
    X4Y3 (CLOCK_ROOT)    net (fo=124013, routed)      1.654     2.612                         u_camera_hdmi/u_camera_subsystem/g_camera_frontend[6].u_camera/ddr4_ui_clk
    SLR Crossing[0->2]   
    BITSLICE_RX_TX_X0Y449
                         FDRE                                         r                       u_camera_hdmi/u_camera_subsystem/g_camera_frontend[6].u_camera/dvp_data_iob_reg[4]/C
  -------------------------------------------------------------------    ----------------------------------------
    BITSLICE_RX_TX_X0Y449
                         FDRE (Prop_IN_FF_BITSLICE_COMPONENT_RX_TX_C_Q)
                                                      0.127     2.739 r                       u_camera_hdmi/u_camera_subsystem/g_camera_frontend[6].u_camera/dvp_data_iob_reg[4]/Q
                         net (fo=1, routed)           0.375     3.114                         u_camera_hdmi/u_camera_subsystem/g_camera_frontend[6].u_camera/dvp_data_iob[4]
    SLICE_X123Y510       FDRE                                         r  pblock_dvp_bridge_slr2
                                                                                              u_camera_hdmi/u_camera_subsystem/g_camera_frontend[6].u_camera/dvp_data_sync_reg[4]/D
  -------------------------------------------------------------------    ----------------------------------------

                         (clock mmcm_clkout0 rise edge)
                                                      0.000     0.000 r                       
    BA27                                              0.000     0.000 r                       c0_sys_clk_p (IN)
                         net (fo=0)                   0.100     0.100                         u_ddr_memory/u_ddr_bd/design_1_i/ddr4_0/inst/u_ddr4_mem_intfc/u_mig_ddr4_phy/inst/u_ddr4_phy_pll/diff_input_clk.u_ibufg_sys_clk/I
    HPIOBDIFFINBUF_X0Y35 DIFFINBUF (Prop_DIFFINBUF_HPIOBDIFFINBUF_DIFF_IN_P_O)
                                                      0.341     0.441 r                       u_ddr_memory/u_ddr_bd/design_1_i/ddr4_0/inst/u_ddr4_mem_intfc/u_mig_ddr4_phy/inst/u_ddr4_phy_pll/diff_input_clk.u_ibufg_sys_clk/DIFFINBUF_INST/O
                         net (fo=1, routed)           0.050     0.491                         u_ddr_memory/u_ddr_bd/design_1_i/ddr4_0/inst/u_ddr4_mem_intfc/u_mig_ddr4_phy/inst/u_ddr4_phy_pll/diff_input_clk.u_ibufg_sys_clk/OUT
    BA27                 IBUFCTRL (Prop_IBUFCTRL_HPIOB_M_I_O)
                                                      0.000     0.491 r                       u_ddr_memory/u_ddr_bd/design_1_i/ddr4_0/inst/u_ddr4_mem_intfc/u_mig_ddr4_phy/inst/u_ddr4_phy_pll/diff_input_clk.u_ibufg_sys_clk/IBUFCTRL_INST/O
                         net (fo=2, routed)           0.230     0.721                         u_ddr_memory/u_ddr_bd/design_1_i/ddr4_0/inst/u_ddr4_infrastructure/mmcm_clk_in
    MMCM_X0Y1            MMCME4_ADV (Prop_MMCM_CLKIN1_CLKOUT0)
                                                     -0.295     0.426 r                       u_ddr_memory/u_ddr_bd/design_1_i/ddr4_0/inst/u_ddr4_infrastructure/gen_mmcme4.u_mmcme_adv_inst/CLKOUT0
                         net (fo=1, routed)           0.166     0.592                         u_ddr_memory/u_ddr_bd/design_1_i/ddr4_0/inst/u_ddr4_infrastructure/mmcm_clkout0
    BUFGCE_X0Y42         BUFGCE (Prop_BUFCE_BUFGCE_I_O)
                                                      0.019     0.611 r                       u_ddr_memory/u_ddr_bd/design_1_i/ddr4_0/inst/u_ddr4_infrastructure/u_bufg_divClk/O
    X4Y3 (CLOCK_ROOT)    net (fo=124013, routed)      1.855     2.466                         u_camera_hdmi/u_camera_subsystem/g_camera_frontend[6].u_camera/ddr4_ui_clk
    SLR Crossing[0->2]   
    SLICE_X123Y510       FDRE                                         r  pblock_dvp_bridge_slr2
                                                                                              u_camera_hdmi/u_camera_subsystem/g_camera_frontend[6].u_camera/dvp_data_sync_reg[4]/C

Slack:                    inf
  Source:                 u_camera_hdmi/u_camera_subsystem/g_camera_frontend[6].u_camera/dvp_data_iob_reg[0]/C
                            (rising edge-triggered cell FDRE clocked by mmcm_clkout0  {rise@0.000ns fall@1.666ns period=3.332ns})
  Destination:            u_camera_hdmi/u_camera_subsystem/g_camera_frontend[6].u_camera/dvp_data_sync_reg[0]/D
                            (rising edge-triggered cell FDRE clocked by mmcm_clkout0  {rise@0.000ns fall@1.666ns period=3.332ns})
  Path Group:             (none)
  Path Type:              Hold (Min at Fast Process Corner)
  Data Path Delay:        0.502ns  (logic 0.127ns (25.299%)  route 0.375ns (74.701%))
  Logic Levels:           0  
  Clock Path Skew:        -0.135ns (DCD - SCD - CPR)
    Destination Clock Delay (DCD):    2.479ns
    Source Clock Delay      (SCD):    2.614ns
    Clock Pessimism Removal (CPR):    -0.000ns
  Clock Uncertainty:      0.052ns  ((TSJ^2 + DJ^2)^1/2) / 2 + PE
    Total System Jitter     (TSJ):    0.071ns
    Discrete Jitter          (DJ):    0.077ns
    Phase Error              (PE):    0.000ns
  Clock Net Delay (Source):      1.656ns (routing 0.490ns, distribution 1.166ns)
  Clock Net Delay (Destination): 1.868ns (routing 0.548ns, distribution 1.320ns)
  Timing Exception:       False Path

    Location             Delay type                Incr(ns)  Path(ns)    PBlock               Netlist Resource(s)
  -------------------------------------------------------------------    ----------------------------------------
                         (clock mmcm_clkout0 rise edge)
                                                      0.000     0.000 r                       
    BA27                                              0.000     0.000 r                       c0_sys_clk_p (IN)
                         net (fo=0)                   0.079     0.079                         u_ddr_memory/u_ddr_bd/design_1_i/ddr4_0/inst/u_ddr4_mem_intfc/u_mig_ddr4_phy/inst/u_ddr4_phy_pll/diff_input_clk.u_ibufg_sys_clk/I
    HPIOBDIFFINBUF_X0Y35 DIFFINBUF (Prop_DIFFINBUF_HPIOBDIFFINBUF_DIFF_IN_P_O)
                                                      0.243     0.322 r                       u_ddr_memory/u_ddr_bd/design_1_i/ddr4_0/inst/u_ddr4_mem_intfc/u_mig_ddr4_phy/inst/u_ddr4_phy_pll/diff_input_clk.u_ibufg_sys_clk/DIFFINBUF_INST/O
                         net (fo=1, routed)           0.040     0.362                         u_ddr_memory/u_ddr_bd/design_1_i/ddr4_0/inst/u_ddr4_mem_intfc/u_mig_ddr4_phy/inst/u_ddr4_phy_pll/diff_input_clk.u_ibufg_sys_clk/OUT
    BA27                 IBUFCTRL (Prop_IBUFCTRL_HPIOB_M_I_O)
                                                      0.000     0.362 r                       u_ddr_memory/u_ddr_bd/design_1_i/ddr4_0/inst/u_ddr4_mem_intfc/u_mig_ddr4_phy/inst/u_ddr4_phy_pll/diff_input_clk.u_ibufg_sys_clk/IBUFCTRL_INST/O
                         net (fo=2, routed)           0.203     0.565                         u_ddr_memory/u_ddr_bd/design_1_i/ddr4_0/inst/u_ddr4_infrastructure/mmcm_clk_in
    MMCM_X0Y1            MMCME4_ADV (Prop_MMCM_CLKIN1_CLKOUT0)
                                                      0.230     0.795 r                       u_ddr_memory/u_ddr_bd/design_1_i/ddr4_0/inst/u_ddr4_infrastructure/gen_mmcme4.u_mmcme_adv_inst/CLKOUT0
                         net (fo=1, routed)           0.146     0.941                         u_ddr_memory/u_ddr_bd/design_1_i/ddr4_0/inst/u_ddr4_infrastructure/mmcm_clkout0
    BUFGCE_X0Y42         BUFGCE (Prop_BUFCE_BUFGCE_I_O)
                                                      0.017     0.958 r                       u_ddr_memory/u_ddr_bd/design_1_i/ddr4_0/inst/u_ddr4_infrastructure/u_bufg_divClk/O
    X4Y3 (CLOCK_ROOT)    net (fo=124013, routed)      1.656     2.614                         u_camera_hdmi/u_camera_subsystem/g_camera_frontend[6].u_camera/ddr4_ui_clk
    SLR Crossing[0->2]   
    BITSLICE_RX_TX_X0Y436
                         FDRE                                         r                       u_camera_hdmi/u_camera_subsystem/g_camera_frontend[6].u_camera/dvp_data_iob_reg[0]/C
  -------------------------------------------------------------------    ----------------------------------------
    BITSLICE_RX_TX_X0Y436
                         FDRE (Prop_IN_FF_BITSLICE_COMPONENT_RX_TX_C_Q)
                                                      0.127     2.741 r                       u_camera_hdmi/u_camera_subsystem/g_camera_frontend[6].u_camera/dvp_data_iob_reg[0]/Q
                         net (fo=1, routed)           0.375     3.116                         u_camera_hdmi/u_camera_subsystem/g_camera_frontend[6].u_camera/dvp_data_iob[0]
    SLICE_X123Y495       FDRE                                         r  pblock_dvp_bridge_slr2
                                                                                              u_camera_hdmi/u_camera_subsystem/g_camera_frontend[6].u_camera/dvp_data_sync_reg[0]/D
  -------------------------------------------------------------------    ----------------------------------------

                         (clock mmcm_clkout0 rise edge)
                                                      0.000     0.000 r                       
    BA27                                              0.000     0.000 r                       c0_sys_clk_p (IN)
                         net (fo=0)                   0.100     0.100                         u_ddr_memory/u_ddr_bd/design_1_i/ddr4_0/inst/u_ddr4_mem_intfc/u_mig_ddr4_phy/inst/u_ddr4_phy_pll/diff_input_clk.u_ibufg_sys_clk/I
    HPIOBDIFFINBUF_X0Y35 DIFFINBUF (Prop_DIFFINBUF_HPIOBDIFFINBUF_DIFF_IN_P_O)
                                                      0.341     0.441 r                       u_ddr_memory/u_ddr_bd/design_1_i/ddr4_0/inst/u_ddr4_mem_intfc/u_mig_ddr4_phy/inst/u_ddr4_phy_pll/diff_input_clk.u_ibufg_sys_clk/DIFFINBUF_INST/O
                         net (fo=1, routed)           0.050     0.491                         u_ddr_memory/u_ddr_bd/design_1_i/ddr4_0/inst/u_ddr4_mem_intfc/u_mig_ddr4_phy/inst/u_ddr4_phy_pll/diff_input_clk.u_ibufg_sys_clk/OUT
    BA27                 IBUFCTRL (Prop_IBUFCTRL_HPIOB_M_I_O)
                                                      0.000     0.491 r                       u_ddr_memory/u_ddr_bd/design_1_i/ddr4_0/inst/u_ddr4_mem_intfc/u_mig_ddr4_phy/inst/u_ddr4_phy_pll/diff_input_clk.u_ibufg_sys_clk/IBUFCTRL_INST/O
                         net (fo=2, routed)           0.230     0.721                         u_ddr_memory/u_ddr_bd/design_1_i/ddr4_0/inst/u_ddr4_infrastructure/mmcm_clk_in
    MMCM_X0Y1            MMCME4_ADV (Prop_MMCM_CLKIN1_CLKOUT0)
                                                     -0.295     0.426 r                       u_ddr_memory/u_ddr_bd/design_1_i/ddr4_0/inst/u_ddr4_infrastructure/gen_mmcme4.u_mmcme_adv_inst/CLKOUT0
                         net (fo=1, routed)           0.166     0.592                         u_ddr_memory/u_ddr_bd/design_1_i/ddr4_0/inst/u_ddr4_infrastructure/mmcm_clkout0
    BUFGCE_X0Y42         BUFGCE (Prop_BUFCE_BUFGCE_I_O)
                                                      0.019     0.611 r                       u_ddr_memory/u_ddr_bd/design_1_i/ddr4_0/inst/u_ddr4_infrastructure/u_bufg_divClk/O
    X4Y3 (CLOCK_ROOT)    net (fo=124013, routed)      1.868     2.479                         u_camera_hdmi/u_camera_subsystem/g_camera_frontend[6].u_camera/ddr4_ui_clk
    SLR Crossing[0->2]   
    SLICE_X123Y495       FDRE                                         r  pblock_dvp_bridge_slr2
                                                                                              u_camera_hdmi/u_camera_subsystem/g_camera_frontend[6].u_camera/dvp_data_sync_reg[0]/C

Slack:                    inf
  Source:                 u_camera_hdmi/u_camera_subsystem/g_camera_frontend[6].u_camera/dvp_href_iob_reg/C
                            (rising edge-triggered cell FDRE clocked by mmcm_clkout0  {rise@0.000ns fall@1.666ns period=3.332ns})
  Destination:            u_camera_hdmi/u_camera_subsystem/g_camera_frontend[6].u_camera/dvp_href_sync_reg/D
                            (rising edge-triggered cell FDRE clocked by mmcm_clkout0  {rise@0.000ns fall@1.666ns period=3.332ns})
  Path Group:             (none)
  Path Type:              Hold (Min at Fast Process Corner)
  Data Path Delay:        0.534ns  (logic 0.154ns (28.839%)  route 0.380ns (71.161%))
  Logic Levels:           0  
  Clock Path Skew:        -0.155ns (DCD - SCD - CPR)
    Destination Clock Delay (DCD):    2.466ns
    Source Clock Delay      (SCD):    2.621ns
    Clock Pessimism Removal (CPR):    -0.000ns
  Clock Uncertainty:      0.052ns  ((TSJ^2 + DJ^2)^1/2) / 2 + PE
    Total System Jitter     (TSJ):    0.071ns
    Discrete Jitter          (DJ):    0.077ns
    Phase Error              (PE):    0.000ns
  Clock Net Delay (Source):      1.663ns (routing 0.490ns, distribution 1.173ns)
  Clock Net Delay (Destination): 1.855ns (routing 0.548ns, distribution 1.307ns)
  Timing Exception:       False Path

    Location             Delay type                Incr(ns)  Path(ns)    PBlock               Netlist Resource(s)
  -------------------------------------------------------------------    ----------------------------------------
                         (clock mmcm_clkout0 rise edge)
                                                      0.000     0.000 r                       
    BA27                                              0.000     0.000 r                       c0_sys_clk_p (IN)
                         net (fo=0)                   0.079     0.079                         u_ddr_memory/u_ddr_bd/design_1_i/ddr4_0/inst/u_ddr4_mem_intfc/u_mig_ddr4_phy/inst/u_ddr4_phy_pll/diff_input_clk.u_ibufg_sys_clk/I
    HPIOBDIFFINBUF_X0Y35 DIFFINBUF (Prop_DIFFINBUF_HPIOBDIFFINBUF_DIFF_IN_P_O)
                                                      0.243     0.322 r                       u_ddr_memory/u_ddr_bd/design_1_i/ddr4_0/inst/u_ddr4_mem_intfc/u_mig_ddr4_phy/inst/u_ddr4_phy_pll/diff_input_clk.u_ibufg_sys_clk/DIFFINBUF_INST/O
                         net (fo=1, routed)           0.040     0.362                         u_ddr_memory/u_ddr_bd/design_1_i/ddr4_0/inst/u_ddr4_mem_intfc/u_mig_ddr4_phy/inst/u_ddr4_phy_pll/diff_input_clk.u_ibufg_sys_clk/OUT
    BA27                 IBUFCTRL (Prop_IBUFCTRL_HPIOB_M_I_O)
                                                      0.000     0.362 r                       u_ddr_memory/u_ddr_bd/design_1_i/ddr4_0/inst/u_ddr4_mem_intfc/u_mig_ddr4_phy/inst/u_ddr4_phy_pll/diff_input_clk.u_ibufg_sys_clk/IBUFCTRL_INST/O
                         net (fo=2, routed)           0.203     0.565                         u_ddr_memory/u_ddr_bd/design_1_i/ddr4_0/inst/u_ddr4_infrastructure/mmcm_clk_in
    MMCM_X0Y1            MMCME4_ADV (Prop_MMCM_CLKIN1_CLKOUT0)
                                                      0.230     0.795 r                       u_ddr_memory/u_ddr_bd/design_1_i/ddr4_0/inst/u_ddr4_infrastructure/gen_mmcme4.u_mmcme_adv_inst/CLKOUT0
                         net (fo=1, routed)           0.146     0.941                         u_ddr_memory/u_ddr_bd/design_1_i/ddr4_0/inst/u_ddr4_infrastructure/mmcm_clkout0
    BUFGCE_X0Y42         BUFGCE (Prop_BUFCE_BUFGCE_I_O)
                                                      0.017     0.958 r                       u_ddr_memory/u_ddr_bd/design_1_i/ddr4_0/inst/u_ddr4_infrastructure/u_bufg_divClk/O
    X4Y3 (CLOCK_ROOT)    net (fo=124013, routed)      1.663     2.621                         u_camera_hdmi/u_camera_subsystem/g_camera_frontend[6].u_camera/ddr4_ui_clk
    SLR Crossing[0->2]   
    BITSLICE_RX_TX_X0Y450
                         FDRE                                         r                       u_camera_hdmi/u_camera_subsystem/g_camera_frontend[6].u_camera/dvp_href_iob_reg/C
  -------------------------------------------------------------------    ----------------------------------------
    BITSLICE_RX_TX_X0Y450
                         FDRE (Prop_IN_FF_BITSLICE_COMPONENT_RX_TX_C_Q)
                                                      0.154     2.775 r                       u_camera_hdmi/u_camera_subsystem/g_camera_frontend[6].u_camera/dvp_href_iob_reg/Q
                         net (fo=1, routed)           0.380     3.155                         u_camera_hdmi/u_camera_subsystem/g_camera_frontend[6].u_camera/dvp_href_iob
    SLICE_X123Y510       FDRE                                         r  pblock_dvp_bridge_slr2
                                                                                              u_camera_hdmi/u_camera_subsystem/g_camera_frontend[6].u_camera/dvp_href_sync_reg/D
  -------------------------------------------------------------------    ----------------------------------------

                         (clock mmcm_clkout0 rise edge)
                                                      0.000     0.000 r                       
    BA27                                              0.000     0.000 r                       c0_sys_clk_p (IN)
                         net (fo=0)                   0.100     0.100                         u_ddr_memory/u_ddr_bd/design_1_i/ddr4_0/inst/u_ddr4_mem_intfc/u_mig_ddr4_phy/inst/u_ddr4_phy_pll/diff_input_clk.u_ibufg_sys_clk/I
    HPIOBDIFFINBUF_X0Y35 DIFFINBUF (Prop_DIFFINBUF_HPIOBDIFFINBUF_DIFF_IN_P_O)
                                                      0.341     0.441 r                       u_ddr_memory/u_ddr_bd/design_1_i/ddr4_0/inst/u_ddr4_mem_intfc/u_mig_ddr4_phy/inst/u_ddr4_phy_pll/diff_input_clk.u_ibufg_sys_clk/DIFFINBUF_INST/O
                         net (fo=1, routed)           0.050     0.491                         u_ddr_memory/u_ddr_bd/design_1_i/ddr4_0/inst/u_ddr4_mem_intfc/u_mig_ddr4_phy/inst/u_ddr4_phy_pll/diff_input_clk.u_ibufg_sys_clk/OUT
    BA27                 IBUFCTRL (Prop_IBUFCTRL_HPIOB_M_I_O)
                                                      0.000     0.491 r                       u_ddr_memory/u_ddr_bd/design_1_i/ddr4_0/inst/u_ddr4_mem_intfc/u_mig_ddr4_phy/inst/u_ddr4_phy_pll/diff_input_clk.u_ibufg_sys_clk/IBUFCTRL_INST/O
                         net (fo=2, routed)           0.230     0.721                         u_ddr_memory/u_ddr_bd/design_1_i/ddr4_0/inst/u_ddr4_infrastructure/mmcm_clk_in
    MMCM_X0Y1            MMCME4_ADV (Prop_MMCM_CLKIN1_CLKOUT0)
                                                     -0.295     0.426 r                       u_ddr_memory/u_ddr_bd/design_1_i/ddr4_0/inst/u_ddr4_infrastructure/gen_mmcme4.u_mmcme_adv_inst/CLKOUT0
                         net (fo=1, routed)           0.166     0.592                         u_ddr_memory/u_ddr_bd/design_1_i/ddr4_0/inst/u_ddr4_infrastructure/mmcm_clkout0
    BUFGCE_X0Y42         BUFGCE (Prop_BUFCE_BUFGCE_I_O)
                                                      0.019     0.611 r                       u_ddr_memory/u_ddr_bd/design_1_i/ddr4_0/inst/u_ddr4_infrastructure/u_bufg_divClk/O
    X4Y3 (CLOCK_ROOT)    net (fo=124013, routed)      1.855     2.466                         u_camera_hdmi/u_camera_subsystem/g_camera_frontend[6].u_camera/ddr4_ui_clk
    SLR Crossing[0->2]   
    SLICE_X123Y510       FDRE                                         r  pblock_dvp_bridge_slr2
                                                                                              u_camera_hdmi/u_camera_subsystem/g_camera_frontend[6].u_camera/dvp_href_sync_reg/C

Slack:                    inf
  Source:                 u_camera_hdmi/u_camera_subsystem/g_camera_frontend[6].u_camera/dvp_vsync_iob_reg/C
                            (rising edge-triggered cell FDRE clocked by mmcm_clkout0  {rise@0.000ns fall@1.666ns period=3.332ns})
  Destination:            u_camera_hdmi/u_camera_subsystem/g_camera_frontend[6].u_camera/dvp_vsync_sync_reg/D
                            (rising edge-triggered cell FDRE clocked by mmcm_clkout0  {rise@0.000ns fall@1.666ns period=3.332ns})
  Path Group:             (none)
  Path Type:              Hold (Min at Fast Process Corner)
  Data Path Delay:        0.558ns  (logic 0.179ns (32.079%)  route 0.379ns (67.921%))
  Logic Levels:           0  
  Clock Path Skew:        -0.128ns (DCD - SCD - CPR)
    Destination Clock Delay (DCD):    2.472ns
    Source Clock Delay      (SCD):    2.600ns
    Clock Pessimism Removal (CPR):    -0.000ns
  Clock Uncertainty:      0.052ns  ((TSJ^2 + DJ^2)^1/2) / 2 + PE
    Total System Jitter     (TSJ):    0.071ns
    Discrete Jitter          (DJ):    0.077ns
    Phase Error              (PE):    0.000ns
  Clock Net Delay (Source):      1.642ns (routing 0.490ns, distribution 1.152ns)
  Clock Net Delay (Destination): 1.861ns (routing 0.548ns, distribution 1.313ns)
  Timing Exception:       False Path

    Location             Delay type                Incr(ns)  Path(ns)    PBlock               Netlist Resource(s)
  -------------------------------------------------------------------    ----------------------------------------
                         (clock mmcm_clkout0 rise edge)
                                                      0.000     0.000 r                       
    BA27                                              0.000     0.000 r                       c0_sys_clk_p (IN)
                         net (fo=0)                   0.079     0.079                         u_ddr_memory/u_ddr_bd/design_1_i/ddr4_0/inst/u_ddr4_mem_intfc/u_mig_ddr4_phy/inst/u_ddr4_phy_pll/diff_input_clk.u_ibufg_sys_clk/I
    HPIOBDIFFINBUF_X0Y35 DIFFINBUF (Prop_DIFFINBUF_HPIOBDIFFINBUF_DIFF_IN_P_O)
                                                      0.243     0.322 r                       u_ddr_memory/u_ddr_bd/design_1_i/ddr4_0/inst/u_ddr4_mem_intfc/u_mig_ddr4_phy/inst/u_ddr4_phy_pll/diff_input_clk.u_ibufg_sys_clk/DIFFINBUF_INST/O
                         net (fo=1, routed)           0.040     0.362                         u_ddr_memory/u_ddr_bd/design_1_i/ddr4_0/inst/u_ddr4_mem_intfc/u_mig_ddr4_phy/inst/u_ddr4_phy_pll/diff_input_clk.u_ibufg_sys_clk/OUT
    BA27                 IBUFCTRL (Prop_IBUFCTRL_HPIOB_M_I_O)
                                                      0.000     0.362 r                       u_ddr_memory/u_ddr_bd/design_1_i/ddr4_0/inst/u_ddr4_mem_intfc/u_mig_ddr4_phy/inst/u_ddr4_phy_pll/diff_input_clk.u_ibufg_sys_clk/IBUFCTRL_INST/O
                         net (fo=2, routed)           0.203     0.565                         u_ddr_memory/u_ddr_bd/design_1_i/ddr4_0/inst/u_ddr4_infrastructure/mmcm_clk_in
    MMCM_X0Y1            MMCME4_ADV (Prop_MMCM_CLKIN1_CLKOUT0)
                                                      0.230     0.795 r                       u_ddr_memory/u_ddr_bd/design_1_i/ddr4_0/inst/u_ddr4_infrastructure/gen_mmcme4.u_mmcme_adv_inst/CLKOUT0
                         net (fo=1, routed)           0.146     0.941                         u_ddr_memory/u_ddr_bd/design_1_i/ddr4_0/inst/u_ddr4_infrastructure/mmcm_clkout0
    BUFGCE_X0Y42         BUFGCE (Prop_BUFCE_BUFGCE_I_O)
                                                      0.017     0.958 r                       u_ddr_memory/u_ddr_bd/design_1_i/ddr4_0/inst/u_ddr4_infrastructure/u_bufg_divClk/O
    X4Y3 (CLOCK_ROOT)    net (fo=124013, routed)      1.642     2.600                         u_camera_hdmi/u_camera_subsystem/g_camera_frontend[6].u_camera/ddr4_ui_clk
    SLR Crossing[0->2]   
    BITSLICE_RX_TX_X0Y431
                         FDRE                                         r                       u_camera_hdmi/u_camera_subsystem/g_camera_frontend[6].u_camera/dvp_vsync_iob_reg/C
  -------------------------------------------------------------------    ----------------------------------------
    BITSLICE_RX_TX_X0Y431
                         FDRE (Prop_IN_FF_BITSLICE_COMPONENT_RX_TX_C_Q)
                                                      0.179     2.779 r                       u_camera_hdmi/u_camera_subsystem/g_camera_frontend[6].u_camera/dvp_vsync_iob_reg/Q
                         net (fo=1, routed)           0.379     3.158                         u_camera_hdmi/u_camera_subsystem/g_camera_frontend[6].u_camera/dvp_vsync_iob
    SLICE_X123Y506       FDRE                                         r  pblock_dvp_bridge_slr2
                                                                                              u_camera_hdmi/u_camera_subsystem/g_camera_frontend[6].u_camera/dvp_vsync_sync_reg/D
  -------------------------------------------------------------------    ----------------------------------------

                         (clock mmcm_clkout0 rise edge)
                                                      0.000     0.000 r                       
    BA27                                              0.000     0.000 r                       c0_sys_clk_p (IN)
                         net (fo=0)                   0.100     0.100                         u_ddr_memory/u_ddr_bd/design_1_i/ddr4_0/inst/u_ddr4_mem_intfc/u_mig_ddr4_phy/inst/u_ddr4_phy_pll/diff_input_clk.u_ibufg_sys_clk/I
    HPIOBDIFFINBUF_X0Y35 DIFFINBUF (Prop_DIFFINBUF_HPIOBDIFFINBUF_DIFF_IN_P_O)
                                                      0.341     0.441 r                       u_ddr_memory/u_ddr_bd/design_1_i/ddr4_0/inst/u_ddr4_mem_intfc/u_mig_ddr4_phy/inst/u_ddr4_phy_pll/diff_input_clk.u_ibufg_sys_clk/DIFFINBUF_INST/O
                         net (fo=1, routed)           0.050     0.491                         u_ddr_memory/u_ddr_bd/design_1_i/ddr4_0/inst/u_ddr4_mem_intfc/u_mig_ddr4_phy/inst/u_ddr4_phy_pll/diff_input_clk.u_ibufg_sys_clk/OUT
    BA27                 IBUFCTRL (Prop_IBUFCTRL_HPIOB_M_I_O)
                                                      0.000     0.491 r                       u_ddr_memory/u_ddr_bd/design_1_i/ddr4_0/inst/u_ddr4_mem_intfc/u_mig_ddr4_phy/inst/u_ddr4_phy_pll/diff_input_clk.u_ibufg_sys_clk/IBUFCTRL_INST/O
                         net (fo=2, routed)           0.230     0.721                         u_ddr_memory/u_ddr_bd/design_1_i/ddr4_0/inst/u_ddr4_infrastructure/mmcm_clk_in
    MMCM_X0Y1            MMCME4_ADV (Prop_MMCM_CLKIN1_CLKOUT0)
                                                     -0.295     0.426 r                       u_ddr_memory/u_ddr_bd/design_1_i/ddr4_0/inst/u_ddr4_infrastructure/gen_mmcme4.u_mmcme_adv_inst/CLKOUT0
                         net (fo=1, routed)           0.166     0.592                         u_ddr_memory/u_ddr_bd/design_1_i/ddr4_0/inst/u_ddr4_infrastructure/mmcm_clkout0
    BUFGCE_X0Y42         BUFGCE (Prop_BUFCE_BUFGCE_I_O)
                                                      0.019     0.611 r                       u_ddr_memory/u_ddr_bd/design_1_i/ddr4_0/inst/u_ddr4_infrastructure/u_bufg_divClk/O
    X4Y3 (CLOCK_ROOT)    net (fo=124013, routed)      1.861     2.472                         u_camera_hdmi/u_camera_subsystem/g_camera_frontend[6].u_camera/ddr4_ui_clk
    SLR Crossing[0->2]   
    SLICE_X123Y506       FDRE                                         r  pblock_dvp_bridge_slr2
                                                                                              u_camera_hdmi/u_camera_subsystem/g_camera_frontend[6].u_camera/dvp_vsync_sync_reg/C

Slack:                    inf
  Source:                 u_camera_hdmi/u_camera_subsystem/g_camera_frontend[4].u_camera/dvp_href_iob_reg/C
                            (rising edge-triggered cell FDRE clocked by mmcm_clkout0  {rise@0.000ns fall@1.666ns period=3.332ns})
  Destination:            u_camera_hdmi/u_camera_subsystem/g_camera_frontend[4].u_camera/dvp_href_sync_reg/D
                            (rising edge-triggered cell FDRE clocked by mmcm_clkout0  {rise@0.000ns fall@1.666ns period=3.332ns})
  Path Group:             (none)
  Path Type:              Hold (Min at Fast Process Corner)
  Data Path Delay:        0.553ns  (logic 0.124ns (22.423%)  route 0.429ns (77.577%))
  Logic Levels:           0  
  Clock Path Skew:        -0.029ns (DCD - SCD - CPR)
    Destination Clock Delay (DCD):    2.578ns
    Source Clock Delay      (SCD):    2.607ns
    Clock Pessimism Removal (CPR):    -0.000ns
  Clock Uncertainty:      0.052ns  ((TSJ^2 + DJ^2)^1/2) / 2 + PE
    Total System Jitter     (TSJ):    0.071ns
    Discrete Jitter          (DJ):    0.077ns
    Phase Error              (PE):    0.000ns
  Clock Net Delay (Source):      1.649ns (routing 0.490ns, distribution 1.159ns)
  Clock Net Delay (Destination): 1.967ns (routing 0.548ns, distribution 1.419ns)
  Timing Exception:       False Path

    Location             Delay type                Incr(ns)  Path(ns)    PBlock               Netlist Resource(s)
  -------------------------------------------------------------------    ----------------------------------------
                         (clock mmcm_clkout0 rise edge)
                                                      0.000     0.000 r                       
    BA27                                              0.000     0.000 r                       c0_sys_clk_p (IN)
                         net (fo=0)                   0.079     0.079                         u_ddr_memory/u_ddr_bd/design_1_i/ddr4_0/inst/u_ddr4_mem_intfc/u_mig_ddr4_phy/inst/u_ddr4_phy_pll/diff_input_clk.u_ibufg_sys_clk/I
    HPIOBDIFFINBUF_X0Y35 DIFFINBUF (Prop_DIFFINBUF_HPIOBDIFFINBUF_DIFF_IN_P_O)
                                                      0.243     0.322 r                       u_ddr_memory/u_ddr_bd/design_1_i/ddr4_0/inst/u_ddr4_mem_intfc/u_mig_ddr4_phy/inst/u_ddr4_phy_pll/diff_input_clk.u_ibufg_sys_clk/DIFFINBUF_INST/O
                         net (fo=1, routed)           0.040     0.362                         u_ddr_memory/u_ddr_bd/design_1_i/ddr4_0/inst/u_ddr4_mem_intfc/u_mig_ddr4_phy/inst/u_ddr4_phy_pll/diff_input_clk.u_ibufg_sys_clk/OUT
    BA27                 IBUFCTRL (Prop_IBUFCTRL_HPIOB_M_I_O)
                                                      0.000     0.362 r                       u_ddr_memory/u_ddr_bd/design_1_i/ddr4_0/inst/u_ddr4_mem_intfc/u_mig_ddr4_phy/inst/u_ddr4_phy_pll/diff_input_clk.u_ibufg_sys_clk/IBUFCTRL_INST/O
                         net (fo=2, routed)           0.203     0.565                         u_ddr_memory/u_ddr_bd/design_1_i/ddr4_0/inst/u_ddr4_infrastructure/mmcm_clk_in
    MMCM_X0Y1            MMCME4_ADV (Prop_MMCM_CLKIN1_CLKOUT0)
                                                      0.230     0.795 r                       u_ddr_memory/u_ddr_bd/design_1_i/ddr4_0/inst/u_ddr4_infrastructure/gen_mmcme4.u_mmcme_adv_inst/CLKOUT0
                         net (fo=1, routed)           0.146     0.941                         u_ddr_memory/u_ddr_bd/design_1_i/ddr4_0/inst/u_ddr4_infrastructure/mmcm_clkout0
    BUFGCE_X0Y42         BUFGCE (Prop_BUFCE_BUFGCE_I_O)
                                                      0.017     0.958 r                       u_ddr_memory/u_ddr_bd/design_1_i/ddr4_0/inst/u_ddr4_infrastructure/u_bufg_divClk/O
    X4Y3 (CLOCK_ROOT)    net (fo=124013, routed)      1.649     2.607                         u_camera_hdmi/u_camera_subsystem/g_camera_frontend[4].u_camera/ddr4_ui_clk
    SLR Crossing[0->2]   
    BITSLICE_RX_TX_X0Y474
                         FDRE                                         r                       u_camera_hdmi/u_camera_subsystem/g_camera_frontend[4].u_camera/dvp_href_iob_reg/C
  -------------------------------------------------------------------    ----------------------------------------
    BITSLICE_RX_TX_X0Y474
                         FDRE (Prop_IN_FF_BITSLICE_COMPONENT_RX_TX_C_Q)
                                                      0.124     2.731 r                       u_camera_hdmi/u_camera_subsystem/g_camera_frontend[4].u_camera/dvp_href_iob_reg/Q
                         net (fo=1, routed)           0.429     3.160                         u_camera_hdmi/u_camera_subsystem/g_camera_frontend[4].u_camera/dvp_href_iob
    SLICE_X107Y531       FDRE                                         r  pblock_dvp_bridge_slr2
                                                                                              u_camera_hdmi/u_camera_subsystem/g_camera_frontend[4].u_camera/dvp_href_sync_reg/D
  -------------------------------------------------------------------    ----------------------------------------

                         (clock mmcm_clkout0 rise edge)
                                                      0.000     0.000 r                       
    BA27                                              0.000     0.000 r                       c0_sys_clk_p (IN)
                         net (fo=0)                   0.100     0.100                         u_ddr_memory/u_ddr_bd/design_1_i/ddr4_0/inst/u_ddr4_mem_intfc/u_mig_ddr4_phy/inst/u_ddr4_phy_pll/diff_input_clk.u_ibufg_sys_clk/I
    HPIOBDIFFINBUF_X0Y35 DIFFINBUF (Prop_DIFFINBUF_HPIOBDIFFINBUF_DIFF_IN_P_O)
                                                      0.341     0.441 r                       u_ddr_memory/u_ddr_bd/design_1_i/ddr4_0/inst/u_ddr4_mem_intfc/u_mig_ddr4_phy/inst/u_ddr4_phy_pll/diff_input_clk.u_ibufg_sys_clk/DIFFINBUF_INST/O
                         net (fo=1, routed)           0.050     0.491                         u_ddr_memory/u_ddr_bd/design_1_i/ddr4_0/inst/u_ddr4_mem_intfc/u_mig_ddr4_phy/inst/u_ddr4_phy_pll/diff_input_clk.u_ibufg_sys_clk/OUT
    BA27                 IBUFCTRL (Prop_IBUFCTRL_HPIOB_M_I_O)
                                                      0.000     0.491 r                       u_ddr_memory/u_ddr_bd/design_1_i/ddr4_0/inst/u_ddr4_mem_intfc/u_mig_ddr4_phy/inst/u_ddr4_phy_pll/diff_input_clk.u_ibufg_sys_clk/IBUFCTRL_INST/O
                         net (fo=2, routed)           0.230     0.721                         u_ddr_memory/u_ddr_bd/design_1_i/ddr4_0/inst/u_ddr4_infrastructure/mmcm_clk_in
    MMCM_X0Y1            MMCME4_ADV (Prop_MMCM_CLKIN1_CLKOUT0)
                                                     -0.295     0.426 r                       u_ddr_memory/u_ddr_bd/design_1_i/ddr4_0/inst/u_ddr4_infrastructure/gen_mmcme4.u_mmcme_adv_inst/CLKOUT0
                         net (fo=1, routed)           0.166     0.592                         u_ddr_memory/u_ddr_bd/design_1_i/ddr4_0/inst/u_ddr4_infrastructure/mmcm_clkout0
    BUFGCE_X0Y42         BUFGCE (Prop_BUFCE_BUFGCE_I_O)
                                                      0.019     0.611 r                       u_ddr_memory/u_ddr_bd/design_1_i/ddr4_0/inst/u_ddr4_infrastructure/u_bufg_divClk/O
    X4Y3 (CLOCK_ROOT)    net (fo=124013, routed)      1.967     2.578                         u_camera_hdmi/u_camera_subsystem/g_camera_frontend[4].u_camera/ddr4_ui_clk
    SLR Crossing[0->2]   
    SLICE_X107Y531       FDRE                                         r  pblock_dvp_bridge_slr2
                                                                                              u_camera_hdmi/u_camera_subsystem/g_camera_frontend[4].u_camera/dvp_href_sync_reg/C

Slack:                    inf
  Source:                 u_camera_hdmi/u_camera_subsystem/g_camera_frontend[5].u_camera/dvp_pclk_iob_reg/C
                            (rising edge-triggered cell FDRE clocked by mmcm_clkout0  {rise@0.000ns fall@1.666ns period=3.332ns})
  Destination:            u_camera_hdmi/u_camera_subsystem/g_camera_frontend[5].u_camera/dvp_pclk_sync_reg/D
                            (rising edge-triggered cell FDRE clocked by mmcm_clkout0  {rise@0.000ns fall@1.666ns period=3.332ns})
  Path Group:             (none)
  Path Type:              Hold (Min at Fast Process Corner)
  Data Path Delay:        0.557ns  (logic 0.117ns (21.005%)  route 0.440ns (78.995%))
  Logic Levels:           0  
  Clock Path Skew:        -0.124ns (DCD - SCD - CPR)
    Destination Clock Delay (DCD):    2.482ns
    Source Clock Delay      (SCD):    2.606ns
    Clock Pessimism Removal (CPR):    -0.000ns
  Clock Uncertainty:      0.052ns  ((TSJ^2 + DJ^2)^1/2) / 2 + PE
    Total System Jitter     (TSJ):    0.071ns
    Discrete Jitter          (DJ):    0.077ns
    Phase Error              (PE):    0.000ns
  Clock Net Delay (Source):      1.648ns (routing 0.490ns, distribution 1.158ns)
  Clock Net Delay (Destination): 1.871ns (routing 0.548ns, distribution 1.323ns)
  Timing Exception:       False Path

    Location             Delay type                Incr(ns)  Path(ns)    PBlock               Netlist Resource(s)
  -------------------------------------------------------------------    ----------------------------------------
                         (clock mmcm_clkout0 rise edge)
                                                      0.000     0.000 r                       
    BA27                                              0.000     0.000 r                       c0_sys_clk_p (IN)
                         net (fo=0)                   0.079     0.079                         u_ddr_memory/u_ddr_bd/design_1_i/ddr4_0/inst/u_ddr4_mem_intfc/u_mig_ddr4_phy/inst/u_ddr4_phy_pll/diff_input_clk.u_ibufg_sys_clk/I
    HPIOBDIFFINBUF_X0Y35 DIFFINBUF (Prop_DIFFINBUF_HPIOBDIFFINBUF_DIFF_IN_P_O)
                                                      0.243     0.322 r                       u_ddr_memory/u_ddr_bd/design_1_i/ddr4_0/inst/u_ddr4_mem_intfc/u_mig_ddr4_phy/inst/u_ddr4_phy_pll/diff_input_clk.u_ibufg_sys_clk/DIFFINBUF_INST/O
                         net (fo=1, routed)           0.040     0.362                         u_ddr_memory/u_ddr_bd/design_1_i/ddr4_0/inst/u_ddr4_mem_intfc/u_mig_ddr4_phy/inst/u_ddr4_phy_pll/diff_input_clk.u_ibufg_sys_clk/OUT
    BA27                 IBUFCTRL (Prop_IBUFCTRL_HPIOB_M_I_O)
                                                      0.000     0.362 r                       u_ddr_memory/u_ddr_bd/design_1_i/ddr4_0/inst/u_ddr4_mem_intfc/u_mig_ddr4_phy/inst/u_ddr4_phy_pll/diff_input_clk.u_ibufg_sys_clk/IBUFCTRL_INST/O
                         net (fo=2, routed)           0.203     0.565                         u_ddr_memory/u_ddr_bd/design_1_i/ddr4_0/inst/u_ddr4_infrastructure/mmcm_clk_in
    MMCM_X0Y1            MMCME4_ADV (Prop_MMCM_CLKIN1_CLKOUT0)
                                                      0.230     0.795 r                       u_ddr_memory/u_ddr_bd/design_1_i/ddr4_0/inst/u_ddr4_infrastructure/gen_mmcme4.u_mmcme_adv_inst/CLKOUT0
                         net (fo=1, routed)           0.146     0.941                         u_ddr_memory/u_ddr_bd/design_1_i/ddr4_0/inst/u_ddr4_infrastructure/mmcm_clkout0
    BUFGCE_X0Y42         BUFGCE (Prop_BUFCE_BUFGCE_I_O)
                                                      0.017     0.958 r                       u_ddr_memory/u_ddr_bd/design_1_i/ddr4_0/inst/u_ddr4_infrastructure/u_bufg_divClk/O
    X4Y3 (CLOCK_ROOT)    net (fo=124013, routed)      1.648     2.606                         u_camera_hdmi/u_camera_subsystem/g_camera_frontend[5].u_camera/ddr4_ui_clk
    SLR Crossing[0->2]   
    BITSLICE_RX_TX_X0Y494
                         FDRE                                         r                       u_camera_hdmi/u_camera_subsystem/g_camera_frontend[5].u_camera/dvp_pclk_iob_reg/C
  -------------------------------------------------------------------    ----------------------------------------
    BITSLICE_RX_TX_X0Y494
                         FDRE (Prop_IN_FF_BITSLICE_COMPONENT_RX_TX_C_Q)
                                                      0.117     2.723 r                       u_camera_hdmi/u_camera_subsystem/g_camera_frontend[5].u_camera/dvp_pclk_iob_reg/Q
                         net (fo=1, routed)           0.440     3.163                         u_camera_hdmi/u_camera_subsystem/g_camera_frontend[5].u_camera/dvp_pclk_iob
    SLICE_X123Y530       FDRE                                         r  pblock_dvp_bridge_slr2
                                                                                              u_camera_hdmi/u_camera_subsystem/g_camera_frontend[5].u_camera/dvp_pclk_sync_reg/D
  -------------------------------------------------------------------    ----------------------------------------

                         (clock mmcm_clkout0 rise edge)
                                                      0.000     0.000 r                       
    BA27                                              0.000     0.000 r                       c0_sys_clk_p (IN)
                         net (fo=0)                   0.100     0.100                         u_ddr_memory/u_ddr_bd/design_1_i/ddr4_0/inst/u_ddr4_mem_intfc/u_mig_ddr4_phy/inst/u_ddr4_phy_pll/diff_input_clk.u_ibufg_sys_clk/I
    HPIOBDIFFINBUF_X0Y35 DIFFINBUF (Prop_DIFFINBUF_HPIOBDIFFINBUF_DIFF_IN_P_O)
                                                      0.341     0.441 r                       u_ddr_memory/u_ddr_bd/design_1_i/ddr4_0/inst/u_ddr4_mem_intfc/u_mig_ddr4_phy/inst/u_ddr4_phy_pll/diff_input_clk.u_ibufg_sys_clk/DIFFINBUF_INST/O
                         net (fo=1, routed)           0.050     0.491                         u_ddr_memory/u_ddr_bd/design_1_i/ddr4_0/inst/u_ddr4_mem_intfc/u_mig_ddr4_phy/inst/u_ddr4_phy_pll/diff_input_clk.u_ibufg_sys_clk/OUT
    BA27                 IBUFCTRL (Prop_IBUFCTRL_HPIOB_M_I_O)
                                                      0.000     0.491 r                       u_ddr_memory/u_ddr_bd/design_1_i/ddr4_0/inst/u_ddr4_mem_intfc/u_mig_ddr4_phy/inst/u_ddr4_phy_pll/diff_input_clk.u_ibufg_sys_clk/IBUFCTRL_INST/O
                         net (fo=2, routed)           0.230     0.721                         u_ddr_memory/u_ddr_bd/design_1_i/ddr4_0/inst/u_ddr4_infrastructure/mmcm_clk_in
    MMCM_X0Y1            MMCME4_ADV (Prop_MMCM_CLKIN1_CLKOUT0)
                                                     -0.295     0.426 r                       u_ddr_memory/u_ddr_bd/design_1_i/ddr4_0/inst/u_ddr4_infrastructure/gen_mmcme4.u_mmcme_adv_inst/CLKOUT0
                         net (fo=1, routed)           0.166     0.592                         u_ddr_memory/u_ddr_bd/design_1_i/ddr4_0/inst/u_ddr4_infrastructure/mmcm_clkout0
    BUFGCE_X0Y42         BUFGCE (Prop_BUFCE_BUFGCE_I_O)
                                                      0.019     0.611 r                       u_ddr_memory/u_ddr_bd/design_1_i/ddr4_0/inst/u_ddr4_infrastructure/u_bufg_divClk/O
    X4Y3 (CLOCK_ROOT)    net (fo=124013, routed)      1.871     2.482                         u_camera_hdmi/u_camera_subsystem/g_camera_frontend[5].u_camera/ddr4_ui_clk
    SLR Crossing[0->2]   
    SLICE_X123Y530       FDRE                                         r  pblock_dvp_bridge_slr2
                                                                                              u_camera_hdmi/u_camera_subsystem/g_camera_frontend[5].u_camera/dvp_pclk_sync_reg/C

Slack:                    inf
  Source:                 u_camera_hdmi/u_camera_subsystem/g_camera_frontend[5].u_camera/dvp_data_iob_reg[4]/C
                            (rising edge-triggered cell FDRE clocked by mmcm_clkout0  {rise@0.000ns fall@1.666ns period=3.332ns})
  Destination:            u_camera_hdmi/u_camera_subsystem/g_camera_frontend[5].u_camera/dvp_data_sync_reg[4]/D
                            (rising edge-triggered cell FDRE clocked by mmcm_clkout0  {rise@0.000ns fall@1.666ns period=3.332ns})
  Path Group:             (none)
  Path Type:              Hold (Min at Fast Process Corner)
  Data Path Delay:        0.555ns  (logic 0.174ns (31.351%)  route 0.381ns (68.649%))
  Logic Levels:           0  
  Clock Path Skew:        -0.129ns (DCD - SCD - CPR)
    Destination Clock Delay (DCD):    2.482ns
    Source Clock Delay      (SCD):    2.611ns
    Clock Pessimism Removal (CPR):    -0.000ns
  Clock Uncertainty:      0.052ns  ((TSJ^2 + DJ^2)^1/2) / 2 + PE
    Total System Jitter     (TSJ):    0.071ns
    Discrete Jitter          (DJ):    0.077ns
    Phase Error              (PE):    0.000ns
  Clock Net Delay (Source):      1.653ns (routing 0.490ns, distribution 1.163ns)
  Clock Net Delay (Destination): 1.871ns (routing 0.548ns, distribution 1.323ns)
  Timing Exception:       False Path

    Location             Delay type                Incr(ns)  Path(ns)    PBlock               Netlist Resource(s)
  -------------------------------------------------------------------    ----------------------------------------
                         (clock mmcm_clkout0 rise edge)
                                                      0.000     0.000 r                       
    BA27                                              0.000     0.000 r                       c0_sys_clk_p (IN)
                         net (fo=0)                   0.079     0.079                         u_ddr_memory/u_ddr_bd/design_1_i/ddr4_0/inst/u_ddr4_mem_intfc/u_mig_ddr4_phy/inst/u_ddr4_phy_pll/diff_input_clk.u_ibufg_sys_clk/I
    HPIOBDIFFINBUF_X0Y35 DIFFINBUF (Prop_DIFFINBUF_HPIOBDIFFINBUF_DIFF_IN_P_O)
                                                      0.243     0.322 r                       u_ddr_memory/u_ddr_bd/design_1_i/ddr4_0/inst/u_ddr4_mem_intfc/u_mig_ddr4_phy/inst/u_ddr4_phy_pll/diff_input_clk.u_ibufg_sys_clk/DIFFINBUF_INST/O
                         net (fo=1, routed)           0.040     0.362                         u_ddr_memory/u_ddr_bd/design_1_i/ddr4_0/inst/u_ddr4_mem_intfc/u_mig_ddr4_phy/inst/u_ddr4_phy_pll/diff_input_clk.u_ibufg_sys_clk/OUT
    BA27                 IBUFCTRL (Prop_IBUFCTRL_HPIOB_M_I_O)
                                                      0.000     0.362 r                       u_ddr_memory/u_ddr_bd/design_1_i/ddr4_0/inst/u_ddr4_mem_intfc/u_mig_ddr4_phy/inst/u_ddr4_phy_pll/diff_input_clk.u_ibufg_sys_clk/IBUFCTRL_INST/O
                         net (fo=2, routed)           0.203     0.565                         u_ddr_memory/u_ddr_bd/design_1_i/ddr4_0/inst/u_ddr4_infrastructure/mmcm_clk_in
    MMCM_X0Y1            MMCME4_ADV (Prop_MMCM_CLKIN1_CLKOUT0)
                                                      0.230     0.795 r                       u_ddr_memory/u_ddr_bd/design_1_i/ddr4_0/inst/u_ddr4_infrastructure/gen_mmcme4.u_mmcme_adv_inst/CLKOUT0
                         net (fo=1, routed)           0.146     0.941                         u_ddr_memory/u_ddr_bd/design_1_i/ddr4_0/inst/u_ddr4_infrastructure/mmcm_clkout0
    BUFGCE_X0Y42         BUFGCE (Prop_BUFCE_BUFGCE_I_O)
                                                      0.017     0.958 r                       u_ddr_memory/u_ddr_bd/design_1_i/ddr4_0/inst/u_ddr4_infrastructure/u_bufg_divClk/O
    X4Y3 (CLOCK_ROOT)    net (fo=124013, routed)      1.653     2.611                         u_camera_hdmi/u_camera_subsystem/g_camera_frontend[5].u_camera/ddr4_ui_clk
    SLR Crossing[0->2]   
    BITSLICE_RX_TX_X0Y471
                         FDRE                                         r                       u_camera_hdmi/u_camera_subsystem/g_camera_frontend[5].u_camera/dvp_data_iob_reg[4]/C
  -------------------------------------------------------------------    ----------------------------------------
    BITSLICE_RX_TX_X0Y471
                         FDRE (Prop_IN_FF_BITSLICE_COMPONENT_RX_TX_C_Q)
                                                      0.174     2.785 r                       u_camera_hdmi/u_camera_subsystem/g_camera_frontend[5].u_camera/dvp_data_iob_reg[4]/Q
                         net (fo=1, routed)           0.381     3.166                         u_camera_hdmi/u_camera_subsystem/g_camera_frontend[5].u_camera/dvp_data_iob[4]
    SLICE_X123Y530       FDRE                                         r  pblock_dvp_bridge_slr2
                                                                                              u_camera_hdmi/u_camera_subsystem/g_camera_frontend[5].u_camera/dvp_data_sync_reg[4]/D
  -------------------------------------------------------------------    ----------------------------------------

                         (clock mmcm_clkout0 rise edge)
                                                      0.000     0.000 r                       
    BA27                                              0.000     0.000 r                       c0_sys_clk_p (IN)
                         net (fo=0)                   0.100     0.100                         u_ddr_memory/u_ddr_bd/design_1_i/ddr4_0/inst/u_ddr4_mem_intfc/u_mig_ddr4_phy/inst/u_ddr4_phy_pll/diff_input_clk.u_ibufg_sys_clk/I
    HPIOBDIFFINBUF_X0Y35 DIFFINBUF (Prop_DIFFINBUF_HPIOBDIFFINBUF_DIFF_IN_P_O)
                                                      0.341     0.441 r                       u_ddr_memory/u_ddr_bd/design_1_i/ddr4_0/inst/u_ddr4_mem_intfc/u_mig_ddr4_phy/inst/u_ddr4_phy_pll/diff_input_clk.u_ibufg_sys_clk/DIFFINBUF_INST/O
                         net (fo=1, routed)           0.050     0.491                         u_ddr_memory/u_ddr_bd/design_1_i/ddr4_0/inst/u_ddr4_mem_intfc/u_mig_ddr4_phy/inst/u_ddr4_phy_pll/diff_input_clk.u_ibufg_sys_clk/OUT
    BA27                 IBUFCTRL (Prop_IBUFCTRL_HPIOB_M_I_O)
                                                      0.000     0.491 r                       u_ddr_memory/u_ddr_bd/design_1_i/ddr4_0/inst/u_ddr4_mem_intfc/u_mig_ddr4_phy/inst/u_ddr4_phy_pll/diff_input_clk.u_ibufg_sys_clk/IBUFCTRL_INST/O
                         net (fo=2, routed)           0.230     0.721                         u_ddr_memory/u_ddr_bd/design_1_i/ddr4_0/inst/u_ddr4_infrastructure/mmcm_clk_in
    MMCM_X0Y1            MMCME4_ADV (Prop_MMCM_CLKIN1_CLKOUT0)
                                                     -0.295     0.426 r                       u_ddr_memory/u_ddr_bd/design_1_i/ddr4_0/inst/u_ddr4_infrastructure/gen_mmcme4.u_mmcme_adv_inst/CLKOUT0
                         net (fo=1, routed)           0.166     0.592                         u_ddr_memory/u_ddr_bd/design_1_i/ddr4_0/inst/u_ddr4_infrastructure/mmcm_clkout0
    BUFGCE_X0Y42         BUFGCE (Prop_BUFCE_BUFGCE_I_O)
                                                      0.019     0.611 r                       u_ddr_memory/u_ddr_bd/design_1_i/ddr4_0/inst/u_ddr4_infrastructure/u_bufg_divClk/O
    X4Y3 (CLOCK_ROOT)    net (fo=124013, routed)      1.871     2.482                         u_camera_hdmi/u_camera_subsystem/g_camera_frontend[5].u_camera/ddr4_ui_clk
    SLR Crossing[0->2]   
    SLICE_X123Y530       FDRE                                         r  pblock_dvp_bridge_slr2
                                                                                              u_camera_hdmi/u_camera_subsystem/g_camera_frontend[5].u_camera/dvp_data_sync_reg[4]/C

Slack:                    inf
  Source:                 u_camera_hdmi/u_camera_subsystem/g_camera_frontend[5].u_camera/dvp_vsync_iob_reg/C
                            (rising edge-triggered cell FDRE clocked by mmcm_clkout0  {rise@0.000ns fall@1.666ns period=3.332ns})
  Destination:            u_camera_hdmi/u_camera_subsystem/g_camera_frontend[5].u_camera/dvp_vsync_sync_reg/D
                            (rising edge-triggered cell FDRE clocked by mmcm_clkout0  {rise@0.000ns fall@1.666ns period=3.332ns})
  Path Group:             (none)
  Path Type:              Hold (Min at Fast Process Corner)
  Data Path Delay:        0.539ns  (logic 0.154ns (28.571%)  route 0.385ns (71.429%))
  Logic Levels:           0  
  Clock Path Skew:        -0.154ns (DCD - SCD - CPR)
    Destination Clock Delay (DCD):    2.482ns
    Source Clock Delay      (SCD):    2.636ns
    Clock Pessimism Removal (CPR):    -0.000ns
  Clock Uncertainty:      0.052ns  ((TSJ^2 + DJ^2)^1/2) / 2 + PE
    Total System Jitter     (TSJ):    0.071ns
    Discrete Jitter          (DJ):    0.077ns
    Phase Error              (PE):    0.000ns
  Clock Net Delay (Source):      1.678ns (routing 0.490ns, distribution 1.188ns)
  Clock Net Delay (Destination): 1.871ns (routing 0.548ns, distribution 1.323ns)
  Timing Exception:       False Path

    Location             Delay type                Incr(ns)  Path(ns)    PBlock               Netlist Resource(s)
  -------------------------------------------------------------------    ----------------------------------------
                         (clock mmcm_clkout0 rise edge)
                                                      0.000     0.000 r                       
    BA27                                              0.000     0.000 r                       c0_sys_clk_p (IN)
                         net (fo=0)                   0.079     0.079                         u_ddr_memory/u_ddr_bd/design_1_i/ddr4_0/inst/u_ddr4_mem_intfc/u_mig_ddr4_phy/inst/u_ddr4_phy_pll/diff_input_clk.u_ibufg_sys_clk/I
    HPIOBDIFFINBUF_X0Y35 DIFFINBUF (Prop_DIFFINBUF_HPIOBDIFFINBUF_DIFF_IN_P_O)
                                                      0.243     0.322 r                       u_ddr_memory/u_ddr_bd/design_1_i/ddr4_0/inst/u_ddr4_mem_intfc/u_mig_ddr4_phy/inst/u_ddr4_phy_pll/diff_input_clk.u_ibufg_sys_clk/DIFFINBUF_INST/O
                         net (fo=1, routed)           0.040     0.362                         u_ddr_memory/u_ddr_bd/design_1_i/ddr4_0/inst/u_ddr4_mem_intfc/u_mig_ddr4_phy/inst/u_ddr4_phy_pll/diff_input_clk.u_ibufg_sys_clk/OUT
    BA27                 IBUFCTRL (Prop_IBUFCTRL_HPIOB_M_I_O)
                                                      0.000     0.362 r                       u_ddr_memory/u_ddr_bd/design_1_i/ddr4_0/inst/u_ddr4_mem_intfc/u_mig_ddr4_phy/inst/u_ddr4_phy_pll/diff_input_clk.u_ibufg_sys_clk/IBUFCTRL_INST/O
                         net (fo=2, routed)           0.203     0.565                         u_ddr_memory/u_ddr_bd/design_1_i/ddr4_0/inst/u_ddr4_infrastructure/mmcm_clk_in
    MMCM_X0Y1            MMCME4_ADV (Prop_MMCM_CLKIN1_CLKOUT0)
                                                      0.230     0.795 r                       u_ddr_memory/u_ddr_bd/design_1_i/ddr4_0/inst/u_ddr4_infrastructure/gen_mmcme4.u_mmcme_adv_inst/CLKOUT0
                         net (fo=1, routed)           0.146     0.941                         u_ddr_memory/u_ddr_bd/design_1_i/ddr4_0/inst/u_ddr4_infrastructure/mmcm_clkout0
    BUFGCE_X0Y42         BUFGCE (Prop_BUFCE_BUFGCE_I_O)
                                                      0.017     0.958 r                       u_ddr_memory/u_ddr_bd/design_1_i/ddr4_0/inst/u_ddr4_infrastructure/u_bufg_divClk/O
    X4Y3 (CLOCK_ROOT)    net (fo=124013, routed)      1.678     2.636                         u_camera_hdmi/u_camera_subsystem/g_camera_frontend[5].u_camera/ddr4_ui_clk
    SLR Crossing[0->2]   
    BITSLICE_RX_TX_X0Y476
                         FDRE                                         r                       u_camera_hdmi/u_camera_subsystem/g_camera_frontend[5].u_camera/dvp_vsync_iob_reg/C
  -------------------------------------------------------------------    ----------------------------------------
    BITSLICE_RX_TX_X0Y476
                         FDRE (Prop_IN_FF_BITSLICE_COMPONENT_RX_TX_C_Q)
                                                      0.154     2.790 r                       u_camera_hdmi/u_camera_subsystem/g_camera_frontend[5].u_camera/dvp_vsync_iob_reg/Q
                         net (fo=1, routed)           0.385     3.175                         u_camera_hdmi/u_camera_subsystem/g_camera_frontend[5].u_camera/dvp_vsync_iob
    SLICE_X123Y530       FDRE                                         r  pblock_dvp_bridge_slr2
                                                                                              u_camera_hdmi/u_camera_subsystem/g_camera_frontend[5].u_camera/dvp_vsync_sync_reg/D
  -------------------------------------------------------------------    ----------------------------------------

                         (clock mmcm_clkout0 rise edge)
                                                      0.000     0.000 r                       
    BA27                                              0.000     0.000 r                       c0_sys_clk_p (IN)
                         net (fo=0)                   0.100     0.100                         u_ddr_memory/u_ddr_bd/design_1_i/ddr4_0/inst/u_ddr4_mem_intfc/u_mig_ddr4_phy/inst/u_ddr4_phy_pll/diff_input_clk.u_ibufg_sys_clk/I
    HPIOBDIFFINBUF_X0Y35 DIFFINBUF (Prop_DIFFINBUF_HPIOBDIFFINBUF_DIFF_IN_P_O)
                                                      0.341     0.441 r                       u_ddr_memory/u_ddr_bd/design_1_i/ddr4_0/inst/u_ddr4_mem_intfc/u_mig_ddr4_phy/inst/u_ddr4_phy_pll/diff_input_clk.u_ibufg_sys_clk/DIFFINBUF_INST/O
                         net (fo=1, routed)           0.050     0.491                         u_ddr_memory/u_ddr_bd/design_1_i/ddr4_0/inst/u_ddr4_mem_intfc/u_mig_ddr4_phy/inst/u_ddr4_phy_pll/diff_input_clk.u_ibufg_sys_clk/OUT
    BA27                 IBUFCTRL (Prop_IBUFCTRL_HPIOB_M_I_O)
                                                      0.000     0.491 r                       u_ddr_memory/u_ddr_bd/design_1_i/ddr4_0/inst/u_ddr4_mem_intfc/u_mig_ddr4_phy/inst/u_ddr4_phy_pll/diff_input_clk.u_ibufg_sys_clk/IBUFCTRL_INST/O
                         net (fo=2, routed)           0.230     0.721                         u_ddr_memory/u_ddr_bd/design_1_i/ddr4_0/inst/u_ddr4_infrastructure/mmcm_clk_in
    MMCM_X0Y1            MMCME4_ADV (Prop_MMCM_CLKIN1_CLKOUT0)
                                                     -0.295     0.426 r                       u_ddr_memory/u_ddr_bd/design_1_i/ddr4_0/inst/u_ddr4_infrastructure/gen_mmcme4.u_mmcme_adv_inst/CLKOUT0
                         net (fo=1, routed)           0.166     0.592                         u_ddr_memory/u_ddr_bd/design_1_i/ddr4_0/inst/u_ddr4_infrastructure/mmcm_clkout0
    BUFGCE_X0Y42         BUFGCE (Prop_BUFCE_BUFGCE_I_O)
                                                      0.019     0.611 r                       u_ddr_memory/u_ddr_bd/design_1_i/ddr4_0/inst/u_ddr4_infrastructure/u_bufg_divClk/O
    X4Y3 (CLOCK_ROOT)    net (fo=124013, routed)      1.871     2.482                         u_camera_hdmi/u_camera_subsystem/g_camera_frontend[5].u_camera/ddr4_ui_clk
    SLR Crossing[0->2]   
    SLICE_X123Y530       FDRE                                         r  pblock_dvp_bridge_slr2
                                                                                              u_camera_hdmi/u_camera_subsystem/g_camera_frontend[5].u_camera/dvp_vsync_sync_reg/C

Slack:                    inf
  Source:                 u_camera_hdmi/u_camera_subsystem/g_camera_frontend[5].u_camera/dvp_data_iob_reg[1]/C
                            (rising edge-triggered cell FDRE clocked by mmcm_clkout0  {rise@0.000ns fall@1.666ns period=3.332ns})
  Destination:            u_camera_hdmi/u_camera_subsystem/g_camera_frontend[5].u_camera/dvp_data_sync_reg[1]/D
                            (rising edge-triggered cell FDRE clocked by mmcm_clkout0  {rise@0.000ns fall@1.666ns period=3.332ns})
  Path Group:             (none)
  Path Type:              Hold (Min at Fast Process Corner)
  Data Path Delay:        0.596ns  (logic 0.179ns (30.034%)  route 0.417ns (69.966%))
  Logic Levels:           0  
  Clock Path Skew:        -0.135ns (DCD - SCD - CPR)
    Destination Clock Delay (DCD):    2.478ns
    Source Clock Delay      (SCD):    2.613ns
    Clock Pessimism Removal (CPR):    -0.000ns
  Clock Uncertainty:      0.052ns  ((TSJ^2 + DJ^2)^1/2) / 2 + PE
    Total System Jitter     (TSJ):    0.071ns
    Discrete Jitter          (DJ):    0.077ns
    Phase Error              (PE):    0.000ns
  Clock Net Delay (Source):      1.655ns (routing 0.490ns, distribution 1.165ns)
  Clock Net Delay (Destination): 1.867ns (routing 0.548ns, distribution 1.319ns)
  Timing Exception:       False Path

    Location             Delay type                Incr(ns)  Path(ns)    PBlock               Netlist Resource(s)
  -------------------------------------------------------------------    ----------------------------------------
                         (clock mmcm_clkout0 rise edge)
                                                      0.000     0.000 r                       
    BA27                                              0.000     0.000 r                       c0_sys_clk_p (IN)
                         net (fo=0)                   0.079     0.079                         u_ddr_memory/u_ddr_bd/design_1_i/ddr4_0/inst/u_ddr4_mem_intfc/u_mig_ddr4_phy/inst/u_ddr4_phy_pll/diff_input_clk.u_ibufg_sys_clk/I
    HPIOBDIFFINBUF_X0Y35 DIFFINBUF (Prop_DIFFINBUF_HPIOBDIFFINBUF_DIFF_IN_P_O)
                                                      0.243     0.322 r                       u_ddr_memory/u_ddr_bd/design_1_i/ddr4_0/inst/u_ddr4_mem_intfc/u_mig_ddr4_phy/inst/u_ddr4_phy_pll/diff_input_clk.u_ibufg_sys_clk/DIFFINBUF_INST/O
                         net (fo=1, routed)           0.040     0.362                         u_ddr_memory/u_ddr_bd/design_1_i/ddr4_0/inst/u_ddr4_mem_intfc/u_mig_ddr4_phy/inst/u_ddr4_phy_pll/diff_input_clk.u_ibufg_sys_clk/OUT
    BA27                 IBUFCTRL (Prop_IBUFCTRL_HPIOB_M_I_O)
                                                      0.000     0.362 r                       u_ddr_memory/u_ddr_bd/design_1_i/ddr4_0/inst/u_ddr4_mem_intfc/u_mig_ddr4_phy/inst/u_ddr4_phy_pll/diff_input_clk.u_ibufg_sys_clk/IBUFCTRL_INST/O
                         net (fo=2, routed)           0.203     0.565                         u_ddr_memory/u_ddr_bd/design_1_i/ddr4_0/inst/u_ddr4_infrastructure/mmcm_clk_in
    MMCM_X0Y1            MMCME4_ADV (Prop_MMCM_CLKIN1_CLKOUT0)
                                                      0.230     0.795 r                       u_ddr_memory/u_ddr_bd/design_1_i/ddr4_0/inst/u_ddr4_infrastructure/gen_mmcme4.u_mmcme_adv_inst/CLKOUT0
                         net (fo=1, routed)           0.146     0.941                         u_ddr_memory/u_ddr_bd/design_1_i/ddr4_0/inst/u_ddr4_infrastructure/mmcm_clkout0
    BUFGCE_X0Y42         BUFGCE (Prop_BUFCE_BUFGCE_I_O)
                                                      0.017     0.958 r                       u_ddr_memory/u_ddr_bd/design_1_i/ddr4_0/inst/u_ddr4_infrastructure/u_bufg_divClk/O
    X4Y3 (CLOCK_ROOT)    net (fo=124013, routed)      1.655     2.613                         u_camera_hdmi/u_camera_subsystem/g_camera_frontend[5].u_camera/ddr4_ui_clk
    SLR Crossing[0->2]   
    BITSLICE_RX_TX_X0Y483
                         FDRE                                         r                       u_camera_hdmi/u_camera_subsystem/g_camera_frontend[5].u_camera/dvp_data_iob_reg[1]/C
  -------------------------------------------------------------------    ----------------------------------------
    BITSLICE_RX_TX_X0Y483
                         FDRE (Prop_IN_FF_BITSLICE_COMPONENT_RX_TX_C_Q)
                                                      0.179     2.792 r                       u_camera_hdmi/u_camera_subsystem/g_camera_frontend[5].u_camera/dvp_data_iob_reg[1]/Q
                         net (fo=1, routed)           0.417     3.209                         u_camera_hdmi/u_camera_subsystem/g_camera_frontend[5].u_camera/dvp_data_iob[1]
    SLICE_X123Y530       FDRE                                         r  pblock_dvp_bridge_slr2
                                                                                              u_camera_hdmi/u_camera_subsystem/g_camera_frontend[5].u_camera/dvp_data_sync_reg[1]/D
  -------------------------------------------------------------------    ----------------------------------------

                         (clock mmcm_clkout0 rise edge)
                                                      0.000     0.000 r                       
    BA27                                              0.000     0.000 r                       c0_sys_clk_p (IN)
                         net (fo=0)                   0.100     0.100                         u_ddr_memory/u_ddr_bd/design_1_i/ddr4_0/inst/u_ddr4_mem_intfc/u_mig_ddr4_phy/inst/u_ddr4_phy_pll/diff_input_clk.u_ibufg_sys_clk/I
    HPIOBDIFFINBUF_X0Y35 DIFFINBUF (Prop_DIFFINBUF_HPIOBDIFFINBUF_DIFF_IN_P_O)
                                                      0.341     0.441 r                       u_ddr_memory/u_ddr_bd/design_1_i/ddr4_0/inst/u_ddr4_mem_intfc/u_mig_ddr4_phy/inst/u_ddr4_phy_pll/diff_input_clk.u_ibufg_sys_clk/DIFFINBUF_INST/O
                         net (fo=1, routed)           0.050     0.491                         u_ddr_memory/u_ddr_bd/design_1_i/ddr4_0/inst/u_ddr4_mem_intfc/u_mig_ddr4_phy/inst/u_ddr4_phy_pll/diff_input_clk.u_ibufg_sys_clk/OUT
    BA27                 IBUFCTRL (Prop_IBUFCTRL_HPIOB_M_I_O)
                                                      0.000     0.491 r                       u_ddr_memory/u_ddr_bd/design_1_i/ddr4_0/inst/u_ddr4_mem_intfc/u_mig_ddr4_phy/inst/u_ddr4_phy_pll/diff_input_clk.u_ibufg_sys_clk/IBUFCTRL_INST/O
                         net (fo=2, routed)           0.230     0.721                         u_ddr_memory/u_ddr_bd/design_1_i/ddr4_0/inst/u_ddr4_infrastructure/mmcm_clk_in
    MMCM_X0Y1            MMCME4_ADV (Prop_MMCM_CLKIN1_CLKOUT0)
                                                     -0.295     0.426 r                       u_ddr_memory/u_ddr_bd/design_1_i/ddr4_0/inst/u_ddr4_infrastructure/gen_mmcme4.u_mmcme_adv_inst/CLKOUT0
                         net (fo=1, routed)           0.166     0.592                         u_ddr_memory/u_ddr_bd/design_1_i/ddr4_0/inst/u_ddr4_infrastructure/mmcm_clkout0
    BUFGCE_X0Y42         BUFGCE (Prop_BUFCE_BUFGCE_I_O)
                                                      0.019     0.611 r                       u_ddr_memory/u_ddr_bd/design_1_i/ddr4_0/inst/u_ddr4_infrastructure/u_bufg_divClk/O
    X4Y3 (CLOCK_ROOT)    net (fo=124013, routed)      1.867     2.478                         u_camera_hdmi/u_camera_subsystem/g_camera_frontend[5].u_camera/ddr4_ui_clk
    SLR Crossing[0->2]   
    SLICE_X123Y530       FDRE                                         r  pblock_dvp_bridge_slr2
                                                                                              u_camera_hdmi/u_camera_subsystem/g_camera_frontend[5].u_camera/dvp_data_sync_reg[1]/C

Slack:                    inf
  Source:                 u_camera_hdmi/u_camera_subsystem/g_camera_frontend[4].u_camera/dvp_data_iob_reg[7]/C
                            (rising edge-triggered cell FDRE clocked by mmcm_clkout0  {rise@0.000ns fall@1.666ns period=3.332ns})
  Destination:            u_camera_hdmi/u_camera_subsystem/g_camera_frontend[4].u_camera/dvp_data_sync_reg[7]/D
                            (rising edge-triggered cell FDRE clocked by mmcm_clkout0  {rise@0.000ns fall@1.666ns period=3.332ns})
  Path Group:             (none)
  Path Type:              Hold (Min at Fast Process Corner)
  Data Path Delay:        0.627ns  (logic 0.137ns (21.850%)  route 0.490ns (78.150%))
  Logic Levels:           0  
  Clock Path Skew:        -0.032ns (DCD - SCD - CPR)
    Destination Clock Delay (DCD):    2.578ns
    Source Clock Delay      (SCD):    2.610ns
    Clock Pessimism Removal (CPR):    -0.000ns
  Clock Uncertainty:      0.052ns  ((TSJ^2 + DJ^2)^1/2) / 2 + PE
    Total System Jitter     (TSJ):    0.071ns
    Discrete Jitter          (DJ):    0.077ns
    Phase Error              (PE):    0.000ns
  Clock Net Delay (Source):      1.652ns (routing 0.490ns, distribution 1.162ns)
  Clock Net Delay (Destination): 1.967ns (routing 0.548ns, distribution 1.419ns)
  Timing Exception:       False Path

    Location             Delay type                Incr(ns)  Path(ns)    PBlock               Netlist Resource(s)
  -------------------------------------------------------------------    ----------------------------------------
                         (clock mmcm_clkout0 rise edge)
                                                      0.000     0.000 r                       
    BA27                                              0.000     0.000 r                       c0_sys_clk_p (IN)
                         net (fo=0)                   0.079     0.079                         u_ddr_memory/u_ddr_bd/design_1_i/ddr4_0/inst/u_ddr4_mem_intfc/u_mig_ddr4_phy/inst/u_ddr4_phy_pll/diff_input_clk.u_ibufg_sys_clk/I
    HPIOBDIFFINBUF_X0Y35 DIFFINBUF (Prop_DIFFINBUF_HPIOBDIFFINBUF_DIFF_IN_P_O)
                                                      0.243     0.322 r                       u_ddr_memory/u_ddr_bd/design_1_i/ddr4_0/inst/u_ddr4_mem_intfc/u_mig_ddr4_phy/inst/u_ddr4_phy_pll/diff_input_clk.u_ibufg_sys_clk/DIFFINBUF_INST/O
                         net (fo=1, routed)           0.040     0.362                         u_ddr_memory/u_ddr_bd/design_1_i/ddr4_0/inst/u_ddr4_mem_intfc/u_mig_ddr4_phy/inst/u_ddr4_phy_pll/diff_input_clk.u_ibufg_sys_clk/OUT
    BA27                 IBUFCTRL (Prop_IBUFCTRL_HPIOB_M_I_O)
                                                      0.000     0.362 r                       u_ddr_memory/u_ddr_bd/design_1_i/ddr4_0/inst/u_ddr4_mem_intfc/u_mig_ddr4_phy/inst/u_ddr4_phy_pll/diff_input_clk.u_ibufg_sys_clk/IBUFCTRL_INST/O
                         net (fo=2, routed)           0.203     0.565                         u_ddr_memory/u_ddr_bd/design_1_i/ddr4_0/inst/u_ddr4_infrastructure/mmcm_clk_in
    MMCM_X0Y1            MMCME4_ADV (Prop_MMCM_CLKIN1_CLKOUT0)
                                                      0.230     0.795 r                       u_ddr_memory/u_ddr_bd/design_1_i/ddr4_0/inst/u_ddr4_infrastructure/gen_mmcme4.u_mmcme_adv_inst/CLKOUT0
                         net (fo=1, routed)           0.146     0.941                         u_ddr_memory/u_ddr_bd/design_1_i/ddr4_0/inst/u_ddr4_infrastructure/mmcm_clkout0
    BUFGCE_X0Y42         BUFGCE (Prop_BUFCE_BUFGCE_I_O)
                                                      0.017     0.958 r                       u_ddr_memory/u_ddr_bd/design_1_i/ddr4_0/inst/u_ddr4_infrastructure/u_bufg_divClk/O
    X4Y3 (CLOCK_ROOT)    net (fo=124013, routed)      1.652     2.610                         u_camera_hdmi/u_camera_subsystem/g_camera_frontend[4].u_camera/ddr4_ui_clk
    SLR Crossing[0->2]   
    BITSLICE_RX_TX_X0Y472
                         FDRE                                         r                       u_camera_hdmi/u_camera_subsystem/g_camera_frontend[4].u_camera/dvp_data_iob_reg[7]/C
  -------------------------------------------------------------------    ----------------------------------------
    BITSLICE_RX_TX_X0Y472
                         FDRE (Prop_IN_FF_BITSLICE_COMPONENT_RX_TX_C_Q)
                                                      0.137     2.747 r                       u_camera_hdmi/u_camera_subsystem/g_camera_frontend[4].u_camera/dvp_data_iob_reg[7]/Q
                         net (fo=1, routed)           0.490     3.237                         u_camera_hdmi/u_camera_subsystem/g_camera_frontend[4].u_camera/dvp_data_iob[7]
    SLICE_X107Y531       FDRE                                         r  pblock_dvp_bridge_slr2
                                                                                              u_camera_hdmi/u_camera_subsystem/g_camera_frontend[4].u_camera/dvp_data_sync_reg[7]/D
  -------------------------------------------------------------------    ----------------------------------------

                         (clock mmcm_clkout0 rise edge)
                                                      0.000     0.000 r                       
    BA27                                              0.000     0.000 r                       c0_sys_clk_p (IN)
                         net (fo=0)                   0.100     0.100                         u_ddr_memory/u_ddr_bd/design_1_i/ddr4_0/inst/u_ddr4_mem_intfc/u_mig_ddr4_phy/inst/u_ddr4_phy_pll/diff_input_clk.u_ibufg_sys_clk/I
    HPIOBDIFFINBUF_X0Y35 DIFFINBUF (Prop_DIFFINBUF_HPIOBDIFFINBUF_DIFF_IN_P_O)
                                                      0.341     0.441 r                       u_ddr_memory/u_ddr_bd/design_1_i/ddr4_0/inst/u_ddr4_mem_intfc/u_mig_ddr4_phy/inst/u_ddr4_phy_pll/diff_input_clk.u_ibufg_sys_clk/DIFFINBUF_INST/O
                         net (fo=1, routed)           0.050     0.491                         u_ddr_memory/u_ddr_bd/design_1_i/ddr4_0/inst/u_ddr4_mem_intfc/u_mig_ddr4_phy/inst/u_ddr4_phy_pll/diff_input_clk.u_ibufg_sys_clk/OUT
    BA27                 IBUFCTRL (Prop_IBUFCTRL_HPIOB_M_I_O)
                                                      0.000     0.491 r                       u_ddr_memory/u_ddr_bd/design_1_i/ddr4_0/inst/u_ddr4_mem_intfc/u_mig_ddr4_phy/inst/u_ddr4_phy_pll/diff_input_clk.u_ibufg_sys_clk/IBUFCTRL_INST/O
                         net (fo=2, routed)           0.230     0.721                         u_ddr_memory/u_ddr_bd/design_1_i/ddr4_0/inst/u_ddr4_infrastructure/mmcm_clk_in
    MMCM_X0Y1            MMCME4_ADV (Prop_MMCM_CLKIN1_CLKOUT0)
                                                     -0.295     0.426 r                       u_ddr_memory/u_ddr_bd/design_1_i/ddr4_0/inst/u_ddr4_infrastructure/gen_mmcme4.u_mmcme_adv_inst/CLKOUT0
                         net (fo=1, routed)           0.166     0.592                         u_ddr_memory/u_ddr_bd/design_1_i/ddr4_0/inst/u_ddr4_infrastructure/mmcm_clkout0
    BUFGCE_X0Y42         BUFGCE (Prop_BUFCE_BUFGCE_I_O)
                                                      0.019     0.611 r                       u_ddr_memory/u_ddr_bd/design_1_i/ddr4_0/inst/u_ddr4_infrastructure/u_bufg_divClk/O
    X4Y3 (CLOCK_ROOT)    net (fo=124013, routed)      1.967     2.578                         u_camera_hdmi/u_camera_subsystem/g_camera_frontend[4].u_camera/ddr4_ui_clk
    SLR Crossing[0->2]   
    SLICE_X107Y531       FDRE                                         r  pblock_dvp_bridge_slr2
                                                                                              u_camera_hdmi/u_camera_subsystem/g_camera_frontend[4].u_camera/dvp_data_sync_reg[7]/C

Slack:                    inf
  Source:                 u_camera_hdmi/u_camera_subsystem/g_camera_frontend[5].u_camera/dvp_data_iob_reg[0]/C
                            (rising edge-triggered cell FDRE clocked by mmcm_clkout0  {rise@0.000ns fall@1.666ns period=3.332ns})
  Destination:            u_camera_hdmi/u_camera_subsystem/g_camera_frontend[5].u_camera/dvp_data_sync_reg[0]/D
                            (rising edge-triggered cell FDRE clocked by mmcm_clkout0  {rise@0.000ns fall@1.666ns period=3.332ns})
  Path Group:             (none)
  Path Type:              Hold (Min at Fast Process Corner)
  Data Path Delay:        0.627ns  (logic 0.174ns (27.751%)  route 0.453ns (72.249%))
  Logic Levels:           0  
  Clock Path Skew:        -0.133ns (DCD - SCD - CPR)
    Destination Clock Delay (DCD):    2.478ns
    Source Clock Delay      (SCD):    2.611ns
    Clock Pessimism Removal (CPR):    -0.000ns
  Clock Uncertainty:      0.052ns  ((TSJ^2 + DJ^2)^1/2) / 2 + PE
    Total System Jitter     (TSJ):    0.071ns
    Discrete Jitter          (DJ):    0.077ns
    Phase Error              (PE):    0.000ns
  Clock Net Delay (Source):      1.653ns (routing 0.490ns, distribution 1.163ns)
  Clock Net Delay (Destination): 1.867ns (routing 0.548ns, distribution 1.319ns)
  Timing Exception:       False Path

    Location             Delay type                Incr(ns)  Path(ns)    PBlock               Netlist Resource(s)
  -------------------------------------------------------------------    ----------------------------------------
                         (clock mmcm_clkout0 rise edge)
                                                      0.000     0.000 r                       
    BA27                                              0.000     0.000 r                       c0_sys_clk_p (IN)
                         net (fo=0)                   0.079     0.079                         u_ddr_memory/u_ddr_bd/design_1_i/ddr4_0/inst/u_ddr4_mem_intfc/u_mig_ddr4_phy/inst/u_ddr4_phy_pll/diff_input_clk.u_ibufg_sys_clk/I
    HPIOBDIFFINBUF_X0Y35 DIFFINBUF (Prop_DIFFINBUF_HPIOBDIFFINBUF_DIFF_IN_P_O)
                                                      0.243     0.322 r                       u_ddr_memory/u_ddr_bd/design_1_i/ddr4_0/inst/u_ddr4_mem_intfc/u_mig_ddr4_phy/inst/u_ddr4_phy_pll/diff_input_clk.u_ibufg_sys_clk/DIFFINBUF_INST/O
                         net (fo=1, routed)           0.040     0.362                         u_ddr_memory/u_ddr_bd/design_1_i/ddr4_0/inst/u_ddr4_mem_intfc/u_mig_ddr4_phy/inst/u_ddr4_phy_pll/diff_input_clk.u_ibufg_sys_clk/OUT
    BA27                 IBUFCTRL (Prop_IBUFCTRL_HPIOB_M_I_O)
                                                      0.000     0.362 r                       u_ddr_memory/u_ddr_bd/design_1_i/ddr4_0/inst/u_ddr4_mem_intfc/u_mig_ddr4_phy/inst/u_ddr4_phy_pll/diff_input_clk.u_ibufg_sys_clk/IBUFCTRL_INST/O
                         net (fo=2, routed)           0.203     0.565                         u_ddr_memory/u_ddr_bd/design_1_i/ddr4_0/inst/u_ddr4_infrastructure/mmcm_clk_in
    MMCM_X0Y1            MMCME4_ADV (Prop_MMCM_CLKIN1_CLKOUT0)
                                                      0.230     0.795 r                       u_ddr_memory/u_ddr_bd/design_1_i/ddr4_0/inst/u_ddr4_infrastructure/gen_mmcme4.u_mmcme_adv_inst/CLKOUT0
                         net (fo=1, routed)           0.146     0.941                         u_ddr_memory/u_ddr_bd/design_1_i/ddr4_0/inst/u_ddr4_infrastructure/mmcm_clkout0
    BUFGCE_X0Y42         BUFGCE (Prop_BUFCE_BUFGCE_I_O)
                                                      0.017     0.958 r                       u_ddr_memory/u_ddr_bd/design_1_i/ddr4_0/inst/u_ddr4_infrastructure/u_bufg_divClk/O
    X4Y3 (CLOCK_ROOT)    net (fo=124013, routed)      1.653     2.611                         u_camera_hdmi/u_camera_subsystem/g_camera_frontend[5].u_camera/ddr4_ui_clk
    SLR Crossing[0->2]   
    BITSLICE_RX_TX_X0Y484
                         FDRE                                         r                       u_camera_hdmi/u_camera_subsystem/g_camera_frontend[5].u_camera/dvp_data_iob_reg[0]/C
  -------------------------------------------------------------------    ----------------------------------------
    BITSLICE_RX_TX_X0Y484
                         FDRE (Prop_IN_FF_BITSLICE_COMPONENT_RX_TX_C_Q)
                                                      0.174     2.785 r                       u_camera_hdmi/u_camera_subsystem/g_camera_frontend[5].u_camera/dvp_data_iob_reg[0]/Q
                         net (fo=1, routed)           0.453     3.238                         u_camera_hdmi/u_camera_subsystem/g_camera_frontend[5].u_camera/dvp_data_iob[0]
    SLICE_X123Y530       FDRE                                         r  pblock_dvp_bridge_slr2
                                                                                              u_camera_hdmi/u_camera_subsystem/g_camera_frontend[5].u_camera/dvp_data_sync_reg[0]/D
  -------------------------------------------------------------------    ----------------------------------------

                         (clock mmcm_clkout0 rise edge)
                                                      0.000     0.000 r                       
    BA27                                              0.000     0.000 r                       c0_sys_clk_p (IN)
                         net (fo=0)                   0.100     0.100                         u_ddr_memory/u_ddr_bd/design_1_i/ddr4_0/inst/u_ddr4_mem_intfc/u_mig_ddr4_phy/inst/u_ddr4_phy_pll/diff_input_clk.u_ibufg_sys_clk/I
    HPIOBDIFFINBUF_X0Y35 DIFFINBUF (Prop_DIFFINBUF_HPIOBDIFFINBUF_DIFF_IN_P_O)
                                                      0.341     0.441 r                       u_ddr_memory/u_ddr_bd/design_1_i/ddr4_0/inst/u_ddr4_mem_intfc/u_mig_ddr4_phy/inst/u_ddr4_phy_pll/diff_input_clk.u_ibufg_sys_clk/DIFFINBUF_INST/O
                         net (fo=1, routed)           0.050     0.491                         u_ddr_memory/u_ddr_bd/design_1_i/ddr4_0/inst/u_ddr4_mem_intfc/u_mig_ddr4_phy/inst/u_ddr4_phy_pll/diff_input_clk.u_ibufg_sys_clk/OUT
    BA27                 IBUFCTRL (Prop_IBUFCTRL_HPIOB_M_I_O)
                                                      0.000     0.491 r                       u_ddr_memory/u_ddr_bd/design_1_i/ddr4_0/inst/u_ddr4_mem_intfc/u_mig_ddr4_phy/inst/u_ddr4_phy_pll/diff_input_clk.u_ibufg_sys_clk/IBUFCTRL_INST/O
                         net (fo=2, routed)           0.230     0.721                         u_ddr_memory/u_ddr_bd/design_1_i/ddr4_0/inst/u_ddr4_infrastructure/mmcm_clk_in
    MMCM_X0Y1            MMCME4_ADV (Prop_MMCM_CLKIN1_CLKOUT0)
                                                     -0.295     0.426 r                       u_ddr_memory/u_ddr_bd/design_1_i/ddr4_0/inst/u_ddr4_infrastructure/gen_mmcme4.u_mmcme_adv_inst/CLKOUT0
                         net (fo=1, routed)           0.166     0.592                         u_ddr_memory/u_ddr_bd/design_1_i/ddr4_0/inst/u_ddr4_infrastructure/mmcm_clkout0
    BUFGCE_X0Y42         BUFGCE (Prop_BUFCE_BUFGCE_I_O)
                                                      0.019     0.611 r                       u_ddr_memory/u_ddr_bd/design_1_i/ddr4_0/inst/u_ddr4_infrastructure/u_bufg_divClk/O
    X4Y3 (CLOCK_ROOT)    net (fo=124013, routed)      1.867     2.478                         u_camera_hdmi/u_camera_subsystem/g_camera_frontend[5].u_camera/ddr4_ui_clk
    SLR Crossing[0->2]   
    SLICE_X123Y530       FDRE                                         r  pblock_dvp_bridge_slr2
                                                                                              u_camera_hdmi/u_camera_subsystem/g_camera_frontend[5].u_camera/dvp_data_sync_reg[0]/C

Slack:                    inf
  Source:                 u_camera_hdmi/u_camera_subsystem/g_camera_frontend[5].u_camera/dvp_data_iob_reg[7]/C
                            (rising edge-triggered cell FDRE clocked by mmcm_clkout0  {rise@0.000ns fall@1.666ns period=3.332ns})
  Destination:            u_camera_hdmi/u_camera_subsystem/g_camera_frontend[5].u_camera/dvp_data_sync_reg[7]/D
                            (rising edge-triggered cell FDRE clocked by mmcm_clkout0  {rise@0.000ns fall@1.666ns period=3.332ns})
  Path Group:             (none)
  Path Type:              Hold (Min at Fast Process Corner)
  Data Path Delay:        0.632ns  (logic 0.117ns (18.513%)  route 0.515ns (81.487%))
  Logic Levels:           0  
  Clock Path Skew:        -0.129ns (DCD - SCD - CPR)
    Destination Clock Delay (DCD):    2.478ns
    Source Clock Delay      (SCD):    2.607ns
    Clock Pessimism Removal (CPR):    -0.000ns
  Clock Uncertainty:      0.052ns  ((TSJ^2 + DJ^2)^1/2) / 2 + PE
    Total System Jitter     (TSJ):    0.071ns
    Discrete Jitter          (DJ):    0.077ns
    Phase Error              (PE):    0.000ns
  Clock Net Delay (Source):      1.649ns (routing 0.490ns, distribution 1.159ns)
  Clock Net Delay (Destination): 1.867ns (routing 0.548ns, distribution 1.319ns)
  Timing Exception:       False Path

    Location             Delay type                Incr(ns)  Path(ns)    PBlock               Netlist Resource(s)
  -------------------------------------------------------------------    ----------------------------------------
                         (clock mmcm_clkout0 rise edge)
                                                      0.000     0.000 r                       
    BA27                                              0.000     0.000 r                       c0_sys_clk_p (IN)
                         net (fo=0)                   0.079     0.079                         u_ddr_memory/u_ddr_bd/design_1_i/ddr4_0/inst/u_ddr4_mem_intfc/u_mig_ddr4_phy/inst/u_ddr4_phy_pll/diff_input_clk.u_ibufg_sys_clk/I
    HPIOBDIFFINBUF_X0Y35 DIFFINBUF (Prop_DIFFINBUF_HPIOBDIFFINBUF_DIFF_IN_P_O)
                                                      0.243     0.322 r                       u_ddr_memory/u_ddr_bd/design_1_i/ddr4_0/inst/u_ddr4_mem_intfc/u_mig_ddr4_phy/inst/u_ddr4_phy_pll/diff_input_clk.u_ibufg_sys_clk/DIFFINBUF_INST/O
                         net (fo=1, routed)           0.040     0.362                         u_ddr_memory/u_ddr_bd/design_1_i/ddr4_0/inst/u_ddr4_mem_intfc/u_mig_ddr4_phy/inst/u_ddr4_phy_pll/diff_input_clk.u_ibufg_sys_clk/OUT
    BA27                 IBUFCTRL (Prop_IBUFCTRL_HPIOB_M_I_O)
                                                      0.000     0.362 r                       u_ddr_memory/u_ddr_bd/design_1_i/ddr4_0/inst/u_ddr4_mem_intfc/u_mig_ddr4_phy/inst/u_ddr4_phy_pll/diff_input_clk.u_ibufg_sys_clk/IBUFCTRL_INST/O
                         net (fo=2, routed)           0.203     0.565                         u_ddr_memory/u_ddr_bd/design_1_i/ddr4_0/inst/u_ddr4_infrastructure/mmcm_clk_in
    MMCM_X0Y1            MMCME4_ADV (Prop_MMCM_CLKIN1_CLKOUT0)
                                                      0.230     0.795 r                       u_ddr_memory/u_ddr_bd/design_1_i/ddr4_0/inst/u_ddr4_infrastructure/gen_mmcme4.u_mmcme_adv_inst/CLKOUT0
                         net (fo=1, routed)           0.146     0.941                         u_ddr_memory/u_ddr_bd/design_1_i/ddr4_0/inst/u_ddr4_infrastructure/mmcm_clkout0
    BUFGCE_X0Y42         BUFGCE (Prop_BUFCE_BUFGCE_I_O)
                                                      0.017     0.958 r                       u_ddr_memory/u_ddr_bd/design_1_i/ddr4_0/inst/u_ddr4_infrastructure/u_bufg_divClk/O
    X4Y3 (CLOCK_ROOT)    net (fo=124013, routed)      1.649     2.607                         u_camera_hdmi/u_camera_subsystem/g_camera_frontend[5].u_camera/ddr4_ui_clk
    SLR Crossing[0->2]   
    BITSLICE_RX_TX_X0Y507
                         FDRE                                         r                       u_camera_hdmi/u_camera_subsystem/g_camera_frontend[5].u_camera/dvp_data_iob_reg[7]/C
  -------------------------------------------------------------------    ----------------------------------------
    BITSLICE_RX_TX_X0Y507
                         FDRE (Prop_IN_FF_BITSLICE_COMPONENT_RX_TX_C_Q)
                                                      0.117     2.724 r                       u_camera_hdmi/u_camera_subsystem/g_camera_frontend[5].u_camera/dvp_data_iob_reg[7]/Q
                         net (fo=1, routed)           0.515     3.239                         u_camera_hdmi/u_camera_subsystem/g_camera_frontend[5].u_camera/dvp_data_iob[7]
    SLICE_X123Y530       FDRE                                         r  pblock_dvp_bridge_slr2
                                                                                              u_camera_hdmi/u_camera_subsystem/g_camera_frontend[5].u_camera/dvp_data_sync_reg[7]/D
  -------------------------------------------------------------------    ----------------------------------------

                         (clock mmcm_clkout0 rise edge)
                                                      0.000     0.000 r                       
    BA27                                              0.000     0.000 r                       c0_sys_clk_p (IN)
                         net (fo=0)                   0.100     0.100                         u_ddr_memory/u_ddr_bd/design_1_i/ddr4_0/inst/u_ddr4_mem_intfc/u_mig_ddr4_phy/inst/u_ddr4_phy_pll/diff_input_clk.u_ibufg_sys_clk/I
    HPIOBDIFFINBUF_X0Y35 DIFFINBUF (Prop_DIFFINBUF_HPIOBDIFFINBUF_DIFF_IN_P_O)
                                                      0.341     0.441 r                       u_ddr_memory/u_ddr_bd/design_1_i/ddr4_0/inst/u_ddr4_mem_intfc/u_mig_ddr4_phy/inst/u_ddr4_phy_pll/diff_input_clk.u_ibufg_sys_clk/DIFFINBUF_INST/O
                         net (fo=1, routed)           0.050     0.491                         u_ddr_memory/u_ddr_bd/design_1_i/ddr4_0/inst/u_ddr4_mem_intfc/u_mig_ddr4_phy/inst/u_ddr4_phy_pll/diff_input_clk.u_ibufg_sys_clk/OUT
    BA27                 IBUFCTRL (Prop_IBUFCTRL_HPIOB_M_I_O)
                                                      0.000     0.491 r                       u_ddr_memory/u_ddr_bd/design_1_i/ddr4_0/inst/u_ddr4_mem_intfc/u_mig_ddr4_phy/inst/u_ddr4_phy_pll/diff_input_clk.u_ibufg_sys_clk/IBUFCTRL_INST/O
                         net (fo=2, routed)           0.230     0.721                         u_ddr_memory/u_ddr_bd/design_1_i/ddr4_0/inst/u_ddr4_infrastructure/mmcm_clk_in
    MMCM_X0Y1            MMCME4_ADV (Prop_MMCM_CLKIN1_CLKOUT0)
                                                     -0.295     0.426 r                       u_ddr_memory/u_ddr_bd/design_1_i/ddr4_0/inst/u_ddr4_infrastructure/gen_mmcme4.u_mmcme_adv_inst/CLKOUT0
                         net (fo=1, routed)           0.166     0.592                         u_ddr_memory/u_ddr_bd/design_1_i/ddr4_0/inst/u_ddr4_infrastructure/mmcm_clkout0
    BUFGCE_X0Y42         BUFGCE (Prop_BUFCE_BUFGCE_I_O)
                                                      0.019     0.611 r                       u_ddr_memory/u_ddr_bd/design_1_i/ddr4_0/inst/u_ddr4_infrastructure/u_bufg_divClk/O
    X4Y3 (CLOCK_ROOT)    net (fo=124013, routed)      1.867     2.478                         u_camera_hdmi/u_camera_subsystem/g_camera_frontend[5].u_camera/ddr4_ui_clk
    SLR Crossing[0->2]   
    SLICE_X123Y530       FDRE                                         r  pblock_dvp_bridge_slr2
                                                                                              u_camera_hdmi/u_camera_subsystem/g_camera_frontend[5].u_camera/dvp_data_sync_reg[7]/C

Slack:                    inf
  Source:                 u_camera_hdmi/u_camera_subsystem/g_camera_frontend[6].u_camera/dvp_data_iob_reg[7]/C
                            (rising edge-triggered cell FDRE clocked by mmcm_clkout0  {rise@0.000ns fall@1.666ns period=3.332ns})
  Destination:            u_camera_hdmi/u_camera_subsystem/g_camera_frontend[6].u_camera/dvp_data_sync_reg[7]/D
                            (rising edge-triggered cell FDRE clocked by mmcm_clkout0  {rise@0.000ns fall@1.666ns period=3.332ns})
  Path Group:             (none)
  Path Type:              Hold (Min at Fast Process Corner)
  Data Path Delay:        0.657ns  (logic 0.117ns (17.808%)  route 0.540ns (82.192%))
  Logic Levels:           0  
  Clock Path Skew:        -0.124ns (DCD - SCD - CPR)
    Destination Clock Delay (DCD):    2.470ns
    Source Clock Delay      (SCD):    2.594ns
    Clock Pessimism Removal (CPR):    -0.000ns
  Clock Uncertainty:      0.052ns  ((TSJ^2 + DJ^2)^1/2) / 2 + PE
    Total System Jitter     (TSJ):    0.071ns
    Discrete Jitter          (DJ):    0.077ns
    Phase Error              (PE):    0.000ns
  Clock Net Delay (Source):      1.636ns (routing 0.490ns, distribution 1.146ns)
  Clock Net Delay (Destination): 1.859ns (routing 0.548ns, distribution 1.311ns)
  Timing Exception:       False Path

    Location             Delay type                Incr(ns)  Path(ns)    PBlock               Netlist Resource(s)
  -------------------------------------------------------------------    ----------------------------------------
                         (clock mmcm_clkout0 rise edge)
                                                      0.000     0.000 r                       
    BA27                                              0.000     0.000 r                       c0_sys_clk_p (IN)
                         net (fo=0)                   0.079     0.079                         u_ddr_memory/u_ddr_bd/design_1_i/ddr4_0/inst/u_ddr4_mem_intfc/u_mig_ddr4_phy/inst/u_ddr4_phy_pll/diff_input_clk.u_ibufg_sys_clk/I
    HPIOBDIFFINBUF_X0Y35 DIFFINBUF (Prop_DIFFINBUF_HPIOBDIFFINBUF_DIFF_IN_P_O)
                                                      0.243     0.322 r                       u_ddr_memory/u_ddr_bd/design_1_i/ddr4_0/inst/u_ddr4_mem_intfc/u_mig_ddr4_phy/inst/u_ddr4_phy_pll/diff_input_clk.u_ibufg_sys_clk/DIFFINBUF_INST/O
                         net (fo=1, routed)           0.040     0.362                         u_ddr_memory/u_ddr_bd/design_1_i/ddr4_0/inst/u_ddr4_mem_intfc/u_mig_ddr4_phy/inst/u_ddr4_phy_pll/diff_input_clk.u_ibufg_sys_clk/OUT
    BA27                 IBUFCTRL (Prop_IBUFCTRL_HPIOB_M_I_O)
                                                      0.000     0.362 r                       u_ddr_memory/u_ddr_bd/design_1_i/ddr4_0/inst/u_ddr4_mem_intfc/u_mig_ddr4_phy/inst/u_ddr4_phy_pll/diff_input_clk.u_ibufg_sys_clk/IBUFCTRL_INST/O
                         net (fo=2, routed)           0.203     0.565                         u_ddr_memory/u_ddr_bd/design_1_i/ddr4_0/inst/u_ddr4_infrastructure/mmcm_clk_in
    MMCM_X0Y1            MMCME4_ADV (Prop_MMCM_CLKIN1_CLKOUT0)
                                                      0.230     0.795 r                       u_ddr_memory/u_ddr_bd/design_1_i/ddr4_0/inst/u_ddr4_infrastructure/gen_mmcme4.u_mmcme_adv_inst/CLKOUT0
                         net (fo=1, routed)           0.146     0.941                         u_ddr_memory/u_ddr_bd/design_1_i/ddr4_0/inst/u_ddr4_infrastructure/mmcm_clkout0
    BUFGCE_X0Y42         BUFGCE (Prop_BUFCE_BUFGCE_I_O)
                                                      0.017     0.958 r                       u_ddr_memory/u_ddr_bd/design_1_i/ddr4_0/inst/u_ddr4_infrastructure/u_bufg_divClk/O
    X4Y3 (CLOCK_ROOT)    net (fo=124013, routed)      1.636     2.594                         u_camera_hdmi/u_camera_subsystem/g_camera_frontend[6].u_camera/ddr4_ui_clk
    SLR Crossing[0->2]   
    BITSLICE_RX_TX_X0Y455
                         FDRE                                         r                       u_camera_hdmi/u_camera_subsystem/g_camera_frontend[6].u_camera/dvp_data_iob_reg[7]/C
  -------------------------------------------------------------------    ----------------------------------------
    BITSLICE_RX_TX_X0Y455
                         FDRE (Prop_IN_FF_BITSLICE_COMPONENT_RX_TX_C_Q)
                                                      0.117     2.711 r                       u_camera_hdmi/u_camera_subsystem/g_camera_frontend[6].u_camera/dvp_data_iob_reg[7]/Q
                         net (fo=1, routed)           0.540     3.251                         u_camera_hdmi/u_camera_subsystem/g_camera_frontend[6].u_camera/dvp_data_iob[7]
    SLICE_X123Y515       FDRE                                         r  pblock_dvp_bridge_slr2
                                                                                              u_camera_hdmi/u_camera_subsystem/g_camera_frontend[6].u_camera/dvp_data_sync_reg[7]/D
  -------------------------------------------------------------------    ----------------------------------------

                         (clock mmcm_clkout0 rise edge)
                                                      0.000     0.000 r                       
    BA27                                              0.000     0.000 r                       c0_sys_clk_p (IN)
                         net (fo=0)                   0.100     0.100                         u_ddr_memory/u_ddr_bd/design_1_i/ddr4_0/inst/u_ddr4_mem_intfc/u_mig_ddr4_phy/inst/u_ddr4_phy_pll/diff_input_clk.u_ibufg_sys_clk/I
    HPIOBDIFFINBUF_X0Y35 DIFFINBUF (Prop_DIFFINBUF_HPIOBDIFFINBUF_DIFF_IN_P_O)
                                                      0.341     0.441 r                       u_ddr_memory/u_ddr_bd/design_1_i/ddr4_0/inst/u_ddr4_mem_intfc/u_mig_ddr4_phy/inst/u_ddr4_phy_pll/diff_input_clk.u_ibufg_sys_clk/DIFFINBUF_INST/O
                         net (fo=1, routed)           0.050     0.491                         u_ddr_memory/u_ddr_bd/design_1_i/ddr4_0/inst/u_ddr4_mem_intfc/u_mig_ddr4_phy/inst/u_ddr4_phy_pll/diff_input_clk.u_ibufg_sys_clk/OUT
    BA27                 IBUFCTRL (Prop_IBUFCTRL_HPIOB_M_I_O)
                                                      0.000     0.491 r                       u_ddr_memory/u_ddr_bd/design_1_i/ddr4_0/inst/u_ddr4_mem_intfc/u_mig_ddr4_phy/inst/u_ddr4_phy_pll/diff_input_clk.u_ibufg_sys_clk/IBUFCTRL_INST/O
                         net (fo=2, routed)           0.230     0.721                         u_ddr_memory/u_ddr_bd/design_1_i/ddr4_0/inst/u_ddr4_infrastructure/mmcm_clk_in
    MMCM_X0Y1            MMCME4_ADV (Prop_MMCM_CLKIN1_CLKOUT0)
                                                     -0.295     0.426 r                       u_ddr_memory/u_ddr_bd/design_1_i/ddr4_0/inst/u_ddr4_infrastructure/gen_mmcme4.u_mmcme_adv_inst/CLKOUT0
                         net (fo=1, routed)           0.166     0.592                         u_ddr_memory/u_ddr_bd/design_1_i/ddr4_0/inst/u_ddr4_infrastructure/mmcm_clkout0
    BUFGCE_X0Y42         BUFGCE (Prop_BUFCE_BUFGCE_I_O)
                                                      0.019     0.611 r                       u_ddr_memory/u_ddr_bd/design_1_i/ddr4_0/inst/u_ddr4_infrastructure/u_bufg_divClk/O
    X4Y3 (CLOCK_ROOT)    net (fo=124013, routed)      1.859     2.470                         u_camera_hdmi/u_camera_subsystem/g_camera_frontend[6].u_camera/ddr4_ui_clk
    SLR Crossing[0->2]   
    SLICE_X123Y515       FDRE                                         r  pblock_dvp_bridge_slr2
                                                                                              u_camera_hdmi/u_camera_subsystem/g_camera_frontend[6].u_camera/dvp_data_sync_reg[7]/C

Slack:                    inf
  Source:                 u_camera_hdmi/u_camera_subsystem/g_camera_frontend[7].u_camera/dvp_data_iob_reg[7]/C
                            (rising edge-triggered cell FDRE clocked by mmcm_clkout0  {rise@0.000ns fall@1.666ns period=3.332ns})
  Destination:            u_camera_hdmi/u_camera_subsystem/g_camera_frontend[7].u_camera/dvp_data_sync_reg[7]/D
                            (rising edge-triggered cell FDRE clocked by mmcm_clkout0  {rise@0.000ns fall@1.666ns period=3.332ns})
  Path Group:             (none)
  Path Type:              Hold (Min at Fast Process Corner)
  Data Path Delay:        0.660ns  (logic 0.148ns (22.424%)  route 0.512ns (77.576%))
  Logic Levels:           0  
  Clock Path Skew:        -0.007ns (DCD - SCD - CPR)
    Destination Clock Delay (DCD):    2.587ns
    Source Clock Delay      (SCD):    2.594ns
    Clock Pessimism Removal (CPR):    -0.000ns
  Clock Uncertainty:      0.052ns  ((TSJ^2 + DJ^2)^1/2) / 2 + PE
    Total System Jitter     (TSJ):    0.071ns
    Discrete Jitter          (DJ):    0.077ns
    Phase Error              (PE):    0.000ns
  Clock Net Delay (Source):      1.636ns (routing 0.490ns, distribution 1.146ns)
  Clock Net Delay (Destination): 1.976ns (routing 0.548ns, distribution 1.428ns)
  Timing Exception:       False Path

    Location             Delay type                Incr(ns)  Path(ns)    PBlock               Netlist Resource(s)
  -------------------------------------------------------------------    ----------------------------------------
                         (clock mmcm_clkout0 rise edge)
                                                      0.000     0.000 r                       
    BA27                                              0.000     0.000 r                       c0_sys_clk_p (IN)
                         net (fo=0)                   0.079     0.079                         u_ddr_memory/u_ddr_bd/design_1_i/ddr4_0/inst/u_ddr4_mem_intfc/u_mig_ddr4_phy/inst/u_ddr4_phy_pll/diff_input_clk.u_ibufg_sys_clk/I
    HPIOBDIFFINBUF_X0Y35 DIFFINBUF (Prop_DIFFINBUF_HPIOBDIFFINBUF_DIFF_IN_P_O)
                                                      0.243     0.322 r                       u_ddr_memory/u_ddr_bd/design_1_i/ddr4_0/inst/u_ddr4_mem_intfc/u_mig_ddr4_phy/inst/u_ddr4_phy_pll/diff_input_clk.u_ibufg_sys_clk/DIFFINBUF_INST/O
                         net (fo=1, routed)           0.040     0.362                         u_ddr_memory/u_ddr_bd/design_1_i/ddr4_0/inst/u_ddr4_mem_intfc/u_mig_ddr4_phy/inst/u_ddr4_phy_pll/diff_input_clk.u_ibufg_sys_clk/OUT
    BA27                 IBUFCTRL (Prop_IBUFCTRL_HPIOB_M_I_O)
                                                      0.000     0.362 r                       u_ddr_memory/u_ddr_bd/design_1_i/ddr4_0/inst/u_ddr4_mem_intfc/u_mig_ddr4_phy/inst/u_ddr4_phy_pll/diff_input_clk.u_ibufg_sys_clk/IBUFCTRL_INST/O
                         net (fo=2, routed)           0.203     0.565                         u_ddr_memory/u_ddr_bd/design_1_i/ddr4_0/inst/u_ddr4_infrastructure/mmcm_clk_in
    MMCM_X0Y1            MMCME4_ADV (Prop_MMCM_CLKIN1_CLKOUT0)
                                                      0.230     0.795 r                       u_ddr_memory/u_ddr_bd/design_1_i/ddr4_0/inst/u_ddr4_infrastructure/gen_mmcme4.u_mmcme_adv_inst/CLKOUT0
                         net (fo=1, routed)           0.146     0.941                         u_ddr_memory/u_ddr_bd/design_1_i/ddr4_0/inst/u_ddr4_infrastructure/mmcm_clkout0
    BUFGCE_X0Y42         BUFGCE (Prop_BUFCE_BUFGCE_I_O)
                                                      0.017     0.958 r                       u_ddr_memory/u_ddr_bd/design_1_i/ddr4_0/inst/u_ddr4_infrastructure/u_bufg_divClk/O
    X4Y3 (CLOCK_ROOT)    net (fo=124013, routed)      1.636     2.594                         u_camera_hdmi/u_camera_subsystem/g_camera_frontend[7].u_camera/ddr4_ui_clk
    SLR Crossing[0->2]   
    BITSLICE_RX_TX_X0Y430
                         FDRE                                         r                       u_camera_hdmi/u_camera_subsystem/g_camera_frontend[7].u_camera/dvp_data_iob_reg[7]/C
  -------------------------------------------------------------------    ----------------------------------------
    BITSLICE_RX_TX_X0Y430
                         FDRE (Prop_IN_FF_BITSLICE_COMPONENT_RX_TX_C_Q)
                                                      0.148     2.742 r                       u_camera_hdmi/u_camera_subsystem/g_camera_frontend[7].u_camera/dvp_data_iob_reg[7]/Q
                         net (fo=1, routed)           0.512     3.254                         u_camera_hdmi/u_camera_subsystem/g_camera_frontend[7].u_camera/dvp_data_iob[7]
    SLICE_X102Y495       FDRE                                         r  pblock_dvp_bridge_slr2
                                                                                              u_camera_hdmi/u_camera_subsystem/g_camera_frontend[7].u_camera/dvp_data_sync_reg[7]/D
  -------------------------------------------------------------------    ----------------------------------------

                         (clock mmcm_clkout0 rise edge)
                                                      0.000     0.000 r                       
    BA27                                              0.000     0.000 r                       c0_sys_clk_p (IN)
                         net (fo=0)                   0.100     0.100                         u_ddr_memory/u_ddr_bd/design_1_i/ddr4_0/inst/u_ddr4_mem_intfc/u_mig_ddr4_phy/inst/u_ddr4_phy_pll/diff_input_clk.u_ibufg_sys_clk/I
    HPIOBDIFFINBUF_X0Y35 DIFFINBUF (Prop_DIFFINBUF_HPIOBDIFFINBUF_DIFF_IN_P_O)
                                                      0.341     0.441 r                       u_ddr_memory/u_ddr_bd/design_1_i/ddr4_0/inst/u_ddr4_mem_intfc/u_mig_ddr4_phy/inst/u_ddr4_phy_pll/diff_input_clk.u_ibufg_sys_clk/DIFFINBUF_INST/O
                         net (fo=1, routed)           0.050     0.491                         u_ddr_memory/u_ddr_bd/design_1_i/ddr4_0/inst/u_ddr4_mem_intfc/u_mig_ddr4_phy/inst/u_ddr4_phy_pll/diff_input_clk.u_ibufg_sys_clk/OUT
    BA27                 IBUFCTRL (Prop_IBUFCTRL_HPIOB_M_I_O)
                                                      0.000     0.491 r                       u_ddr_memory/u_ddr_bd/design_1_i/ddr4_0/inst/u_ddr4_mem_intfc/u_mig_ddr4_phy/inst/u_ddr4_phy_pll/diff_input_clk.u_ibufg_sys_clk/IBUFCTRL_INST/O
                         net (fo=2, routed)           0.230     0.721                         u_ddr_memory/u_ddr_bd/design_1_i/ddr4_0/inst/u_ddr4_infrastructure/mmcm_clk_in
    MMCM_X0Y1            MMCME4_ADV (Prop_MMCM_CLKIN1_CLKOUT0)
                                                     -0.295     0.426 r                       u_ddr_memory/u_ddr_bd/design_1_i/ddr4_0/inst/u_ddr4_infrastructure/gen_mmcme4.u_mmcme_adv_inst/CLKOUT0
                         net (fo=1, routed)           0.166     0.592                         u_ddr_memory/u_ddr_bd/design_1_i/ddr4_0/inst/u_ddr4_infrastructure/mmcm_clkout0
    BUFGCE_X0Y42         BUFGCE (Prop_BUFCE_BUFGCE_I_O)
                                                      0.019     0.611 r                       u_ddr_memory/u_ddr_bd/design_1_i/ddr4_0/inst/u_ddr4_infrastructure/u_bufg_divClk/O
    X4Y3 (CLOCK_ROOT)    net (fo=124013, routed)      1.976     2.587                         u_camera_hdmi/u_camera_subsystem/g_camera_frontend[7].u_camera/ddr4_ui_clk
    SLR Crossing[0->2]   
    SLICE_X102Y495       FDRE                                         r  pblock_dvp_bridge_slr2
                                                                                              u_camera_hdmi/u_camera_subsystem/g_camera_frontend[7].u_camera/dvp_data_sync_reg[7]/C

Slack:                    inf
  Source:                 u_camera_hdmi/u_camera_subsystem/g_camera_frontend[7].u_camera/dvp_data_iob_reg[6]/C
                            (rising edge-triggered cell FDRE clocked by mmcm_clkout0  {rise@0.000ns fall@1.666ns period=3.332ns})
  Destination:            u_camera_hdmi/u_camera_subsystem/g_camera_frontend[7].u_camera/dvp_data_sync_reg[6]/D
                            (rising edge-triggered cell FDRE clocked by mmcm_clkout0  {rise@0.000ns fall@1.666ns period=3.332ns})
  Path Group:             (none)
  Path Type:              Hold (Min at Fast Process Corner)
  Data Path Delay:        0.664ns  (logic 0.117ns (17.620%)  route 0.547ns (82.380%))
  Logic Levels:           0  
  Clock Path Skew:        0.051ns (DCD - SCD - CPR)
    Destination Clock Delay (DCD):    2.646ns
    Source Clock Delay      (SCD):    2.595ns
    Clock Pessimism Removal (CPR):    -0.000ns
  Clock Uncertainty:      0.052ns  ((TSJ^2 + DJ^2)^1/2) / 2 + PE
    Total System Jitter     (TSJ):    0.071ns
    Discrete Jitter          (DJ):    0.077ns
    Phase Error              (PE):    0.000ns
  Clock Net Delay (Source):      1.637ns (routing 0.490ns, distribution 1.147ns)
  Clock Net Delay (Destination): 2.035ns (routing 0.548ns, distribution 1.487ns)
  Timing Exception:       False Path

    Location             Delay type                Incr(ns)  Path(ns)    PBlock               Netlist Resource(s)
  -------------------------------------------------------------------    ----------------------------------------
                         (clock mmcm_clkout0 rise edge)
                                                      0.000     0.000 r                       
    BA27                                              0.000     0.000 r                       c0_sys_clk_p (IN)
                         net (fo=0)                   0.079     0.079                         u_ddr_memory/u_ddr_bd/design_1_i/ddr4_0/inst/u_ddr4_mem_intfc/u_mig_ddr4_phy/inst/u_ddr4_phy_pll/diff_input_clk.u_ibufg_sys_clk/I
    HPIOBDIFFINBUF_X0Y35 DIFFINBUF (Prop_DIFFINBUF_HPIOBDIFFINBUF_DIFF_IN_P_O)
                                                      0.243     0.322 r                       u_ddr_memory/u_ddr_bd/design_1_i/ddr4_0/inst/u_ddr4_mem_intfc/u_mig_ddr4_phy/inst/u_ddr4_phy_pll/diff_input_clk.u_ibufg_sys_clk/DIFFINBUF_INST/O
                         net (fo=1, routed)           0.040     0.362                         u_ddr_memory/u_ddr_bd/design_1_i/ddr4_0/inst/u_ddr4_mem_intfc/u_mig_ddr4_phy/inst/u_ddr4_phy_pll/diff_input_clk.u_ibufg_sys_clk/OUT
    BA27                 IBUFCTRL (Prop_IBUFCTRL_HPIOB_M_I_O)
                                                      0.000     0.362 r                       u_ddr_memory/u_ddr_bd/design_1_i/ddr4_0/inst/u_ddr4_mem_intfc/u_mig_ddr4_phy/inst/u_ddr4_phy_pll/diff_input_clk.u_ibufg_sys_clk/IBUFCTRL_INST/O
                         net (fo=2, routed)           0.203     0.565                         u_ddr_memory/u_ddr_bd/design_1_i/ddr4_0/inst/u_ddr4_infrastructure/mmcm_clk_in
    MMCM_X0Y1            MMCME4_ADV (Prop_MMCM_CLKIN1_CLKOUT0)
                                                      0.230     0.795 r                       u_ddr_memory/u_ddr_bd/design_1_i/ddr4_0/inst/u_ddr4_infrastructure/gen_mmcme4.u_mmcme_adv_inst/CLKOUT0
                         net (fo=1, routed)           0.146     0.941                         u_ddr_memory/u_ddr_bd/design_1_i/ddr4_0/inst/u_ddr4_infrastructure/mmcm_clkout0
    BUFGCE_X0Y42         BUFGCE (Prop_BUFCE_BUFGCE_I_O)
                                                      0.017     0.958 r                       u_ddr_memory/u_ddr_bd/design_1_i/ddr4_0/inst/u_ddr4_infrastructure/u_bufg_divClk/O
    X4Y3 (CLOCK_ROOT)    net (fo=124013, routed)      1.637     2.595                         u_camera_hdmi/u_camera_subsystem/g_camera_frontend[7].u_camera/ddr4_ui_clk
    SLR Crossing[0->2]   
    BITSLICE_RX_TX_X0Y429
                         FDRE                                         r                       u_camera_hdmi/u_camera_subsystem/g_camera_frontend[7].u_camera/dvp_data_iob_reg[6]/C
  -------------------------------------------------------------------    ----------------------------------------
    BITSLICE_RX_TX_X0Y429
                         FDRE (Prop_IN_FF_BITSLICE_COMPONENT_RX_TX_C_Q)
                                                      0.117     2.712 r                       u_camera_hdmi/u_camera_subsystem/g_camera_frontend[7].u_camera/dvp_data_iob_reg[6]/Q
                         net (fo=1, routed)           0.547     3.259                         u_camera_hdmi/u_camera_subsystem/g_camera_frontend[7].u_camera/dvp_data_iob[6]
    SLICE_X88Y495        FDRE                                         r  pblock_dvp_bridge_slr2
                                                                                              u_camera_hdmi/u_camera_subsystem/g_camera_frontend[7].u_camera/dvp_data_sync_reg[6]/D
  -------------------------------------------------------------------    ----------------------------------------

                         (clock mmcm_clkout0 rise edge)
                                                      0.000     0.000 r                       
    BA27                                              0.000     0.000 r                       c0_sys_clk_p (IN)
                         net (fo=0)                   0.100     0.100                         u_ddr_memory/u_ddr_bd/design_1_i/ddr4_0/inst/u_ddr4_mem_intfc/u_mig_ddr4_phy/inst/u_ddr4_phy_pll/diff_input_clk.u_ibufg_sys_clk/I
    HPIOBDIFFINBUF_X0Y35 DIFFINBUF (Prop_DIFFINBUF_HPIOBDIFFINBUF_DIFF_IN_P_O)
                                                      0.341     0.441 r                       u_ddr_memory/u_ddr_bd/design_1_i/ddr4_0/inst/u_ddr4_mem_intfc/u_mig_ddr4_phy/inst/u_ddr4_phy_pll/diff_input_clk.u_ibufg_sys_clk/DIFFINBUF_INST/O
                         net (fo=1, routed)           0.050     0.491                         u_ddr_memory/u_ddr_bd/design_1_i/ddr4_0/inst/u_ddr4_mem_intfc/u_mig_ddr4_phy/inst/u_ddr4_phy_pll/diff_input_clk.u_ibufg_sys_clk/OUT
    BA27                 IBUFCTRL (Prop_IBUFCTRL_HPIOB_M_I_O)
                                                      0.000     0.491 r                       u_ddr_memory/u_ddr_bd/design_1_i/ddr4_0/inst/u_ddr4_mem_intfc/u_mig_ddr4_phy/inst/u_ddr4_phy_pll/diff_input_clk.u_ibufg_sys_clk/IBUFCTRL_INST/O
                         net (fo=2, routed)           0.230     0.721                         u_ddr_memory/u_ddr_bd/design_1_i/ddr4_0/inst/u_ddr4_infrastructure/mmcm_clk_in
    MMCM_X0Y1            MMCME4_ADV (Prop_MMCM_CLKIN1_CLKOUT0)
                                                     -0.295     0.426 r                       u_ddr_memory/u_ddr_bd/design_1_i/ddr4_0/inst/u_ddr4_infrastructure/gen_mmcme4.u_mmcme_adv_inst/CLKOUT0
                         net (fo=1, routed)           0.166     0.592                         u_ddr_memory/u_ddr_bd/design_1_i/ddr4_0/inst/u_ddr4_infrastructure/mmcm_clkout0
    BUFGCE_X0Y42         BUFGCE (Prop_BUFCE_BUFGCE_I_O)
                                                      0.019     0.611 r                       u_ddr_memory/u_ddr_bd/design_1_i/ddr4_0/inst/u_ddr4_infrastructure/u_bufg_divClk/O
    X4Y3 (CLOCK_ROOT)    net (fo=124013, routed)      2.035     2.646                         u_camera_hdmi/u_camera_subsystem/g_camera_frontend[7].u_camera/ddr4_ui_clk
    SLR Crossing[0->2]   
    SLICE_X88Y495        FDRE                                         r  pblock_dvp_bridge_slr2
                                                                                              u_camera_hdmi/u_camera_subsystem/g_camera_frontend[7].u_camera/dvp_data_sync_reg[6]/C

Slack:                    inf
  Source:                 u_camera_hdmi/u_camera_subsystem/g_camera_frontend[7].u_camera/dvp_data_iob_reg[3]/C
                            (rising edge-triggered cell FDRE clocked by mmcm_clkout0  {rise@0.000ns fall@1.666ns period=3.332ns})
  Destination:            u_camera_hdmi/u_camera_subsystem/g_camera_frontend[7].u_camera/dvp_data_sync_reg[3]/D
                            (rising edge-triggered cell FDRE clocked by mmcm_clkout0  {rise@0.000ns fall@1.666ns period=3.332ns})
  Path Group:             (none)
  Path Type:              Hold (Min at Fast Process Corner)
  Data Path Delay:        0.672ns  (logic 0.124ns (18.452%)  route 0.548ns (81.548%))
  Logic Levels:           0  
  Clock Path Skew:        -0.009ns (DCD - SCD - CPR)
    Destination Clock Delay (DCD):    2.584ns
    Source Clock Delay      (SCD):    2.593ns
    Clock Pessimism Removal (CPR):    -0.000ns
  Clock Uncertainty:      0.052ns  ((TSJ^2 + DJ^2)^1/2) / 2 + PE
    Total System Jitter     (TSJ):    0.071ns
    Discrete Jitter          (DJ):    0.077ns
    Phase Error              (PE):    0.000ns
  Clock Net Delay (Source):      1.635ns (routing 0.490ns, distribution 1.145ns)
  Clock Net Delay (Destination): 1.973ns (routing 0.548ns, distribution 1.425ns)
  Timing Exception:       False Path

    Location             Delay type                Incr(ns)  Path(ns)    PBlock               Netlist Resource(s)
  -------------------------------------------------------------------    ----------------------------------------
                         (clock mmcm_clkout0 rise edge)
                                                      0.000     0.000 r                       
    BA27                                              0.000     0.000 r                       c0_sys_clk_p (IN)
                         net (fo=0)                   0.079     0.079                         u_ddr_memory/u_ddr_bd/design_1_i/ddr4_0/inst/u_ddr4_mem_intfc/u_mig_ddr4_phy/inst/u_ddr4_phy_pll/diff_input_clk.u_ibufg_sys_clk/I
    HPIOBDIFFINBUF_X0Y35 DIFFINBUF (Prop_DIFFINBUF_HPIOBDIFFINBUF_DIFF_IN_P_O)
                                                      0.243     0.322 r                       u_ddr_memory/u_ddr_bd/design_1_i/ddr4_0/inst/u_ddr4_mem_intfc/u_mig_ddr4_phy/inst/u_ddr4_phy_pll/diff_input_clk.u_ibufg_sys_clk/DIFFINBUF_INST/O
                         net (fo=1, routed)           0.040     0.362                         u_ddr_memory/u_ddr_bd/design_1_i/ddr4_0/inst/u_ddr4_mem_intfc/u_mig_ddr4_phy/inst/u_ddr4_phy_pll/diff_input_clk.u_ibufg_sys_clk/OUT
    BA27                 IBUFCTRL (Prop_IBUFCTRL_HPIOB_M_I_O)
                                                      0.000     0.362 r                       u_ddr_memory/u_ddr_bd/design_1_i/ddr4_0/inst/u_ddr4_mem_intfc/u_mig_ddr4_phy/inst/u_ddr4_phy_pll/diff_input_clk.u_ibufg_sys_clk/IBUFCTRL_INST/O
                         net (fo=2, routed)           0.203     0.565                         u_ddr_memory/u_ddr_bd/design_1_i/ddr4_0/inst/u_ddr4_infrastructure/mmcm_clk_in
    MMCM_X0Y1            MMCME4_ADV (Prop_MMCM_CLKIN1_CLKOUT0)
                                                      0.230     0.795 r                       u_ddr_memory/u_ddr_bd/design_1_i/ddr4_0/inst/u_ddr4_infrastructure/gen_mmcme4.u_mmcme_adv_inst/CLKOUT0
                         net (fo=1, routed)           0.146     0.941                         u_ddr_memory/u_ddr_bd/design_1_i/ddr4_0/inst/u_ddr4_infrastructure/mmcm_clkout0
    BUFGCE_X0Y42         BUFGCE (Prop_BUFCE_BUFGCE_I_O)
                                                      0.017     0.958 r                       u_ddr_memory/u_ddr_bd/design_1_i/ddr4_0/inst/u_ddr4_infrastructure/u_bufg_divClk/O
    X4Y3 (CLOCK_ROOT)    net (fo=124013, routed)      1.635     2.593                         u_camera_hdmi/u_camera_subsystem/g_camera_frontend[7].u_camera/ddr4_ui_clk
    SLR Crossing[0->2]   
    BITSLICE_RX_TX_X0Y447
                         FDRE                                         r                       u_camera_hdmi/u_camera_subsystem/g_camera_frontend[7].u_camera/dvp_data_iob_reg[3]/C
  -------------------------------------------------------------------    ----------------------------------------
    BITSLICE_RX_TX_X0Y447
                         FDRE (Prop_IN_FF_BITSLICE_COMPONENT_RX_TX_C_Q)
                                                      0.124     2.717 r                       u_camera_hdmi/u_camera_subsystem/g_camera_frontend[7].u_camera/dvp_data_iob_reg[3]/Q
                         net (fo=1, routed)           0.548     3.265                         u_camera_hdmi/u_camera_subsystem/g_camera_frontend[7].u_camera/dvp_data_iob[3]
    SLICE_X100Y502       FDRE                                         r  pblock_dvp_bridge_slr2
                                                                                              u_camera_hdmi/u_camera_subsystem/g_camera_frontend[7].u_camera/dvp_data_sync_reg[3]/D
  -------------------------------------------------------------------    ----------------------------------------

                         (clock mmcm_clkout0 rise edge)
                                                      0.000     0.000 r                       
    BA27                                              0.000     0.000 r                       c0_sys_clk_p (IN)
                         net (fo=0)                   0.100     0.100                         u_ddr_memory/u_ddr_bd/design_1_i/ddr4_0/inst/u_ddr4_mem_intfc/u_mig_ddr4_phy/inst/u_ddr4_phy_pll/diff_input_clk.u_ibufg_sys_clk/I
    HPIOBDIFFINBUF_X0Y35 DIFFINBUF (Prop_DIFFINBUF_HPIOBDIFFINBUF_DIFF_IN_P_O)
                                                      0.341     0.441 r                       u_ddr_memory/u_ddr_bd/design_1_i/ddr4_0/inst/u_ddr4_mem_intfc/u_mig_ddr4_phy/inst/u_ddr4_phy_pll/diff_input_clk.u_ibufg_sys_clk/DIFFINBUF_INST/O
                         net (fo=1, routed)           0.050     0.491                         u_ddr_memory/u_ddr_bd/design_1_i/ddr4_0/inst/u_ddr4_mem_intfc/u_mig_ddr4_phy/inst/u_ddr4_phy_pll/diff_input_clk.u_ibufg_sys_clk/OUT
    BA27                 IBUFCTRL (Prop_IBUFCTRL_HPIOB_M_I_O)
                                                      0.000     0.491 r                       u_ddr_memory/u_ddr_bd/design_1_i/ddr4_0/inst/u_ddr4_mem_intfc/u_mig_ddr4_phy/inst/u_ddr4_phy_pll/diff_input_clk.u_ibufg_sys_clk/IBUFCTRL_INST/O
                         net (fo=2, routed)           0.230     0.721                         u_ddr_memory/u_ddr_bd/design_1_i/ddr4_0/inst/u_ddr4_infrastructure/mmcm_clk_in
    MMCM_X0Y1            MMCME4_ADV (Prop_MMCM_CLKIN1_CLKOUT0)
                                                     -0.295     0.426 r                       u_ddr_memory/u_ddr_bd/design_1_i/ddr4_0/inst/u_ddr4_infrastructure/gen_mmcme4.u_mmcme_adv_inst/CLKOUT0
                         net (fo=1, routed)           0.166     0.592                         u_ddr_memory/u_ddr_bd/design_1_i/ddr4_0/inst/u_ddr4_infrastructure/mmcm_clkout0
    BUFGCE_X0Y42         BUFGCE (Prop_BUFCE_BUFGCE_I_O)
                                                      0.019     0.611 r                       u_ddr_memory/u_ddr_bd/design_1_i/ddr4_0/inst/u_ddr4_infrastructure/u_bufg_divClk/O
    X4Y3 (CLOCK_ROOT)    net (fo=124013, routed)      1.973     2.584                         u_camera_hdmi/u_camera_subsystem/g_camera_frontend[7].u_camera/ddr4_ui_clk
    SLR Crossing[0->2]   
    SLICE_X100Y502       FDRE                                         r  pblock_dvp_bridge_slr2
                                                                                              u_camera_hdmi/u_camera_subsystem/g_camera_frontend[7].u_camera/dvp_data_sync_reg[3]/C

Slack:                    inf
  Source:                 u_camera_hdmi/u_camera_subsystem/g_camera_frontend[4].u_camera/dvp_data_iob_reg[6]/C
                            (rising edge-triggered cell FDRE clocked by mmcm_clkout0  {rise@0.000ns fall@1.666ns period=3.332ns})
  Destination:            u_camera_hdmi/u_camera_subsystem/g_camera_frontend[4].u_camera/dvp_data_sync_reg[6]/D
                            (rising edge-triggered cell FDRE clocked by mmcm_clkout0  {rise@0.000ns fall@1.666ns period=3.332ns})
  Path Group:             (none)
  Path Type:              Hold (Min at Fast Process Corner)
  Data Path Delay:        0.671ns  (logic 0.124ns (18.480%)  route 0.547ns (81.520%))
  Logic Levels:           0  
  Clock Path Skew:        -0.030ns (DCD - SCD - CPR)
    Destination Clock Delay (DCD):    2.578ns
    Source Clock Delay      (SCD):    2.608ns
    Clock Pessimism Removal (CPR):    -0.000ns
  Clock Uncertainty:      0.052ns  ((TSJ^2 + DJ^2)^1/2) / 2 + PE
    Total System Jitter     (TSJ):    0.071ns
    Discrete Jitter          (DJ):    0.077ns
    Phase Error              (PE):    0.000ns
  Clock Net Delay (Source):      1.650ns (routing 0.490ns, distribution 1.160ns)
  Clock Net Delay (Destination): 1.967ns (routing 0.548ns, distribution 1.419ns)
  Timing Exception:       False Path

    Location             Delay type                Incr(ns)  Path(ns)    PBlock               Netlist Resource(s)
  -------------------------------------------------------------------    ----------------------------------------
                         (clock mmcm_clkout0 rise edge)
                                                      0.000     0.000 r                       
    BA27                                              0.000     0.000 r                       c0_sys_clk_p (IN)
                         net (fo=0)                   0.079     0.079                         u_ddr_memory/u_ddr_bd/design_1_i/ddr4_0/inst/u_ddr4_mem_intfc/u_mig_ddr4_phy/inst/u_ddr4_phy_pll/diff_input_clk.u_ibufg_sys_clk/I
    HPIOBDIFFINBUF_X0Y35 DIFFINBUF (Prop_DIFFINBUF_HPIOBDIFFINBUF_DIFF_IN_P_O)
                                                      0.243     0.322 r                       u_ddr_memory/u_ddr_bd/design_1_i/ddr4_0/inst/u_ddr4_mem_intfc/u_mig_ddr4_phy/inst/u_ddr4_phy_pll/diff_input_clk.u_ibufg_sys_clk/DIFFINBUF_INST/O
                         net (fo=1, routed)           0.040     0.362                         u_ddr_memory/u_ddr_bd/design_1_i/ddr4_0/inst/u_ddr4_mem_intfc/u_mig_ddr4_phy/inst/u_ddr4_phy_pll/diff_input_clk.u_ibufg_sys_clk/OUT
    BA27                 IBUFCTRL (Prop_IBUFCTRL_HPIOB_M_I_O)
                                                      0.000     0.362 r                       u_ddr_memory/u_ddr_bd/design_1_i/ddr4_0/inst/u_ddr4_mem_intfc/u_mig_ddr4_phy/inst/u_ddr4_phy_pll/diff_input_clk.u_ibufg_sys_clk/IBUFCTRL_INST/O
                         net (fo=2, routed)           0.203     0.565                         u_ddr_memory/u_ddr_bd/design_1_i/ddr4_0/inst/u_ddr4_infrastructure/mmcm_clk_in
    MMCM_X0Y1            MMCME4_ADV (Prop_MMCM_CLKIN1_CLKOUT0)
                                                      0.230     0.795 r                       u_ddr_memory/u_ddr_bd/design_1_i/ddr4_0/inst/u_ddr4_infrastructure/gen_mmcme4.u_mmcme_adv_inst/CLKOUT0
                         net (fo=1, routed)           0.146     0.941                         u_ddr_memory/u_ddr_bd/design_1_i/ddr4_0/inst/u_ddr4_infrastructure/mmcm_clkout0
    BUFGCE_X0Y42         BUFGCE (Prop_BUFCE_BUFGCE_I_O)
                                                      0.017     0.958 r                       u_ddr_memory/u_ddr_bd/design_1_i/ddr4_0/inst/u_ddr4_infrastructure/u_bufg_divClk/O
    X4Y3 (CLOCK_ROOT)    net (fo=124013, routed)      1.650     2.608                         u_camera_hdmi/u_camera_subsystem/g_camera_frontend[4].u_camera/ddr4_ui_clk
    SLR Crossing[0->2]   
    BITSLICE_RX_TX_X0Y473
                         FDRE                                         r                       u_camera_hdmi/u_camera_subsystem/g_camera_frontend[4].u_camera/dvp_data_iob_reg[6]/C
  -------------------------------------------------------------------    ----------------------------------------
    BITSLICE_RX_TX_X0Y473
                         FDRE (Prop_IN_FF_BITSLICE_COMPONENT_RX_TX_C_Q)
                                                      0.124     2.732 r                       u_camera_hdmi/u_camera_subsystem/g_camera_frontend[4].u_camera/dvp_data_iob_reg[6]/Q
                         net (fo=1, routed)           0.547     3.279                         u_camera_hdmi/u_camera_subsystem/g_camera_frontend[4].u_camera/dvp_data_iob[6]
    SLICE_X107Y531       FDRE                                         r  pblock_dvp_bridge_slr2
                                                                                              u_camera_hdmi/u_camera_subsystem/g_camera_frontend[4].u_camera/dvp_data_sync_reg[6]/D
  -------------------------------------------------------------------    ----------------------------------------

                         (clock mmcm_clkout0 rise edge)
                                                      0.000     0.000 r                       
    BA27                                              0.000     0.000 r                       c0_sys_clk_p (IN)
                         net (fo=0)                   0.100     0.100                         u_ddr_memory/u_ddr_bd/design_1_i/ddr4_0/inst/u_ddr4_mem_intfc/u_mig_ddr4_phy/inst/u_ddr4_phy_pll/diff_input_clk.u_ibufg_sys_clk/I
    HPIOBDIFFINBUF_X0Y35 DIFFINBUF (Prop_DIFFINBUF_HPIOBDIFFINBUF_DIFF_IN_P_O)
                                                      0.341     0.441 r                       u_ddr_memory/u_ddr_bd/design_1_i/ddr4_0/inst/u_ddr4_mem_intfc/u_mig_ddr4_phy/inst/u_ddr4_phy_pll/diff_input_clk.u_ibufg_sys_clk/DIFFINBUF_INST/O
                         net (fo=1, routed)           0.050     0.491                         u_ddr_memory/u_ddr_bd/design_1_i/ddr4_0/inst/u_ddr4_mem_intfc/u_mig_ddr4_phy/inst/u_ddr4_phy_pll/diff_input_clk.u_ibufg_sys_clk/OUT
    BA27                 IBUFCTRL (Prop_IBUFCTRL_HPIOB_M_I_O)
                                                      0.000     0.491 r                       u_ddr_memory/u_ddr_bd/design_1_i/ddr4_0/inst/u_ddr4_mem_intfc/u_mig_ddr4_phy/inst/u_ddr4_phy_pll/diff_input_clk.u_ibufg_sys_clk/IBUFCTRL_INST/O
                         net (fo=2, routed)           0.230     0.721                         u_ddr_memory/u_ddr_bd/design_1_i/ddr4_0/inst/u_ddr4_infrastructure/mmcm_clk_in
    MMCM_X0Y1            MMCME4_ADV (Prop_MMCM_CLKIN1_CLKOUT0)
                                                     -0.295     0.426 r                       u_ddr_memory/u_ddr_bd/design_1_i/ddr4_0/inst/u_ddr4_infrastructure/gen_mmcme4.u_mmcme_adv_inst/CLKOUT0
                         net (fo=1, routed)           0.166     0.592                         u_ddr_memory/u_ddr_bd/design_1_i/ddr4_0/inst/u_ddr4_infrastructure/mmcm_clkout0
    BUFGCE_X0Y42         BUFGCE (Prop_BUFCE_BUFGCE_I_O)
                                                      0.019     0.611 r                       u_ddr_memory/u_ddr_bd/design_1_i/ddr4_0/inst/u_ddr4_infrastructure/u_bufg_divClk/O
    X4Y3 (CLOCK_ROOT)    net (fo=124013, routed)      1.967     2.578                         u_camera_hdmi/u_camera_subsystem/g_camera_frontend[4].u_camera/ddr4_ui_clk
    SLR Crossing[0->2]   
    SLICE_X107Y531       FDRE                                         r  pblock_dvp_bridge_slr2
                                                                                              u_camera_hdmi/u_camera_subsystem/g_camera_frontend[4].u_camera/dvp_data_sync_reg[6]/C

Slack:                    inf
  Source:                 u_camera_hdmi/u_camera_subsystem/g_camera_frontend[5].u_camera/dvp_data_iob_reg[3]/C
                            (rising edge-triggered cell FDRE clocked by mmcm_clkout0  {rise@0.000ns fall@1.666ns period=3.332ns})
  Destination:            u_camera_hdmi/u_camera_subsystem/g_camera_frontend[5].u_camera/dvp_data_sync_reg[3]/D
                            (rising edge-triggered cell FDRE clocked by mmcm_clkout0  {rise@0.000ns fall@1.666ns period=3.332ns})
  Path Group:             (none)
  Path Type:              Hold (Min at Fast Process Corner)
  Data Path Delay:        0.674ns  (logic 0.117ns (17.359%)  route 0.557ns (82.641%))
  Logic Levels:           0  
  Clock Path Skew:        -0.126ns (DCD - SCD - CPR)
    Destination Clock Delay (DCD):    2.482ns
    Source Clock Delay      (SCD):    2.608ns
    Clock Pessimism Removal (CPR):    -0.000ns
  Clock Uncertainty:      0.052ns  ((TSJ^2 + DJ^2)^1/2) / 2 + PE
    Total System Jitter     (TSJ):    0.071ns
    Discrete Jitter          (DJ):    0.077ns
    Phase Error              (PE):    0.000ns
  Clock Net Delay (Source):      1.650ns (routing 0.490ns, distribution 1.160ns)
  Clock Net Delay (Destination): 1.871ns (routing 0.548ns, distribution 1.323ns)
  Timing Exception:       False Path

    Location             Delay type                Incr(ns)  Path(ns)    PBlock               Netlist Resource(s)
  -------------------------------------------------------------------    ----------------------------------------
                         (clock mmcm_clkout0 rise edge)
                                                      0.000     0.000 r                       
    BA27                                              0.000     0.000 r                       c0_sys_clk_p (IN)
                         net (fo=0)                   0.079     0.079                         u_ddr_memory/u_ddr_bd/design_1_i/ddr4_0/inst/u_ddr4_mem_intfc/u_mig_ddr4_phy/inst/u_ddr4_phy_pll/diff_input_clk.u_ibufg_sys_clk/I
    HPIOBDIFFINBUF_X0Y35 DIFFINBUF (Prop_DIFFINBUF_HPIOBDIFFINBUF_DIFF_IN_P_O)
                                                      0.243     0.322 r                       u_ddr_memory/u_ddr_bd/design_1_i/ddr4_0/inst/u_ddr4_mem_intfc/u_mig_ddr4_phy/inst/u_ddr4_phy_pll/diff_input_clk.u_ibufg_sys_clk/DIFFINBUF_INST/O
                         net (fo=1, routed)           0.040     0.362                         u_ddr_memory/u_ddr_bd/design_1_i/ddr4_0/inst/u_ddr4_mem_intfc/u_mig_ddr4_phy/inst/u_ddr4_phy_pll/diff_input_clk.u_ibufg_sys_clk/OUT
    BA27                 IBUFCTRL (Prop_IBUFCTRL_HPIOB_M_I_O)
                                                      0.000     0.362 r                       u_ddr_memory/u_ddr_bd/design_1_i/ddr4_0/inst/u_ddr4_mem_intfc/u_mig_ddr4_phy/inst/u_ddr4_phy_pll/diff_input_clk.u_ibufg_sys_clk/IBUFCTRL_INST/O
                         net (fo=2, routed)           0.203     0.565                         u_ddr_memory/u_ddr_bd/design_1_i/ddr4_0/inst/u_ddr4_infrastructure/mmcm_clk_in
    MMCM_X0Y1            MMCME4_ADV (Prop_MMCM_CLKIN1_CLKOUT0)
                                                      0.230     0.795 r                       u_ddr_memory/u_ddr_bd/design_1_i/ddr4_0/inst/u_ddr4_infrastructure/gen_mmcme4.u_mmcme_adv_inst/CLKOUT0
                         net (fo=1, routed)           0.146     0.941                         u_ddr_memory/u_ddr_bd/design_1_i/ddr4_0/inst/u_ddr4_infrastructure/mmcm_clkout0
    BUFGCE_X0Y42         BUFGCE (Prop_BUFCE_BUFGCE_I_O)
                                                      0.017     0.958 r                       u_ddr_memory/u_ddr_bd/design_1_i/ddr4_0/inst/u_ddr4_infrastructure/u_bufg_divClk/O
    X4Y3 (CLOCK_ROOT)    net (fo=124013, routed)      1.650     2.608                         u_camera_hdmi/u_camera_subsystem/g_camera_frontend[5].u_camera/ddr4_ui_clk
    SLR Crossing[0->2]   
    BITSLICE_RX_TX_X0Y481
                         FDRE                                         r                       u_camera_hdmi/u_camera_subsystem/g_camera_frontend[5].u_camera/dvp_data_iob_reg[3]/C
  -------------------------------------------------------------------    ----------------------------------------
    BITSLICE_RX_TX_X0Y481
                         FDRE (Prop_IN_FF_BITSLICE_COMPONENT_RX_TX_C_Q)
                                                      0.117     2.725 r                       u_camera_hdmi/u_camera_subsystem/g_camera_frontend[5].u_camera/dvp_data_iob_reg[3]/Q
                         net (fo=1, routed)           0.557     3.282                         u_camera_hdmi/u_camera_subsystem/g_camera_frontend[5].u_camera/dvp_data_iob[3]
    SLICE_X123Y530       FDRE                                         r  pblock_dvp_bridge_slr2
                                                                                              u_camera_hdmi/u_camera_subsystem/g_camera_frontend[5].u_camera/dvp_data_sync_reg[3]/D
  -------------------------------------------------------------------    ----------------------------------------

                         (clock mmcm_clkout0 rise edge)
                                                      0.000     0.000 r                       
    BA27                                              0.000     0.000 r                       c0_sys_clk_p (IN)
                         net (fo=0)                   0.100     0.100                         u_ddr_memory/u_ddr_bd/design_1_i/ddr4_0/inst/u_ddr4_mem_intfc/u_mig_ddr4_phy/inst/u_ddr4_phy_pll/diff_input_clk.u_ibufg_sys_clk/I
    HPIOBDIFFINBUF_X0Y35 DIFFINBUF (Prop_DIFFINBUF_HPIOBDIFFINBUF_DIFF_IN_P_O)
                                                      0.341     0.441 r                       u_ddr_memory/u_ddr_bd/design_1_i/ddr4_0/inst/u_ddr4_mem_intfc/u_mig_ddr4_phy/inst/u_ddr4_phy_pll/diff_input_clk.u_ibufg_sys_clk/DIFFINBUF_INST/O
                         net (fo=1, routed)           0.050     0.491                         u_ddr_memory/u_ddr_bd/design_1_i/ddr4_0/inst/u_ddr4_mem_intfc/u_mig_ddr4_phy/inst/u_ddr4_phy_pll/diff_input_clk.u_ibufg_sys_clk/OUT
    BA27                 IBUFCTRL (Prop_IBUFCTRL_HPIOB_M_I_O)
                                                      0.000     0.491 r                       u_ddr_memory/u_ddr_bd/design_1_i/ddr4_0/inst/u_ddr4_mem_intfc/u_mig_ddr4_phy/inst/u_ddr4_phy_pll/diff_input_clk.u_ibufg_sys_clk/IBUFCTRL_INST/O
                         net (fo=2, routed)           0.230     0.721                         u_ddr_memory/u_ddr_bd/design_1_i/ddr4_0/inst/u_ddr4_infrastructure/mmcm_clk_in
    MMCM_X0Y1            MMCME4_ADV (Prop_MMCM_CLKIN1_CLKOUT0)
                                                     -0.295     0.426 r                       u_ddr_memory/u_ddr_bd/design_1_i/ddr4_0/inst/u_ddr4_infrastructure/gen_mmcme4.u_mmcme_adv_inst/CLKOUT0
                         net (fo=1, routed)           0.166     0.592                         u_ddr_memory/u_ddr_bd/design_1_i/ddr4_0/inst/u_ddr4_infrastructure/mmcm_clkout0
    BUFGCE_X0Y42         BUFGCE (Prop_BUFCE_BUFGCE_I_O)
                                                      0.019     0.611 r                       u_ddr_memory/u_ddr_bd/design_1_i/ddr4_0/inst/u_ddr4_infrastructure/u_bufg_divClk/O
    X4Y3 (CLOCK_ROOT)    net (fo=124013, routed)      1.871     2.482                         u_camera_hdmi/u_camera_subsystem/g_camera_frontend[5].u_camera/ddr4_ui_clk
    SLR Crossing[0->2]   
    SLICE_X123Y530       FDRE                                         r  pblock_dvp_bridge_slr2
                                                                                              u_camera_hdmi/u_camera_subsystem/g_camera_frontend[5].u_camera/dvp_data_sync_reg[3]/C

Slack:                    inf
  Source:                 u_camera_hdmi/u_camera_subsystem/g_camera_frontend[6].u_camera/dvp_data_iob_reg[6]/C
                            (rising edge-triggered cell FDRE clocked by mmcm_clkout0  {rise@0.000ns fall@1.666ns period=3.332ns})
  Destination:            u_camera_hdmi/u_camera_subsystem/g_camera_frontend[6].u_camera/dvp_data_sync_reg[6]/D
                            (rising edge-triggered cell FDRE clocked by mmcm_clkout0  {rise@0.000ns fall@1.666ns period=3.332ns})
  Path Group:             (none)
  Path Type:              Hold (Min at Fast Process Corner)
  Data Path Delay:        0.699ns  (logic 0.148ns (21.173%)  route 0.551ns (78.827%))
  Logic Levels:           0  
  Clock Path Skew:        -0.123ns (DCD - SCD - CPR)
    Destination Clock Delay (DCD):    2.470ns
    Source Clock Delay      (SCD):    2.593ns
    Clock Pessimism Removal (CPR):    -0.000ns
  Clock Uncertainty:      0.052ns  ((TSJ^2 + DJ^2)^1/2) / 2 + PE
    Total System Jitter     (TSJ):    0.071ns
    Discrete Jitter          (DJ):    0.077ns
    Phase Error              (PE):    0.000ns
  Clock Net Delay (Source):      1.635ns (routing 0.490ns, distribution 1.145ns)
  Clock Net Delay (Destination): 1.859ns (routing 0.548ns, distribution 1.311ns)
  Timing Exception:       False Path

    Location             Delay type                Incr(ns)  Path(ns)    PBlock               Netlist Resource(s)
  -------------------------------------------------------------------    ----------------------------------------
                         (clock mmcm_clkout0 rise edge)
                                                      0.000     0.000 r                       
    BA27                                              0.000     0.000 r                       c0_sys_clk_p (IN)
                         net (fo=0)                   0.079     0.079                         u_ddr_memory/u_ddr_bd/design_1_i/ddr4_0/inst/u_ddr4_mem_intfc/u_mig_ddr4_phy/inst/u_ddr4_phy_pll/diff_input_clk.u_ibufg_sys_clk/I
    HPIOBDIFFINBUF_X0Y35 DIFFINBUF (Prop_DIFFINBUF_HPIOBDIFFINBUF_DIFF_IN_P_O)
                                                      0.243     0.322 r                       u_ddr_memory/u_ddr_bd/design_1_i/ddr4_0/inst/u_ddr4_mem_intfc/u_mig_ddr4_phy/inst/u_ddr4_phy_pll/diff_input_clk.u_ibufg_sys_clk/DIFFINBUF_INST/O
                         net (fo=1, routed)           0.040     0.362                         u_ddr_memory/u_ddr_bd/design_1_i/ddr4_0/inst/u_ddr4_mem_intfc/u_mig_ddr4_phy/inst/u_ddr4_phy_pll/diff_input_clk.u_ibufg_sys_clk/OUT
    BA27                 IBUFCTRL (Prop_IBUFCTRL_HPIOB_M_I_O)
                                                      0.000     0.362 r                       u_ddr_memory/u_ddr_bd/design_1_i/ddr4_0/inst/u_ddr4_mem_intfc/u_mig_ddr4_phy/inst/u_ddr4_phy_pll/diff_input_clk.u_ibufg_sys_clk/IBUFCTRL_INST/O
                         net (fo=2, routed)           0.203     0.565                         u_ddr_memory/u_ddr_bd/design_1_i/ddr4_0/inst/u_ddr4_infrastructure/mmcm_clk_in
    MMCM_X0Y1            MMCME4_ADV (Prop_MMCM_CLKIN1_CLKOUT0)
                                                      0.230     0.795 r                       u_ddr_memory/u_ddr_bd/design_1_i/ddr4_0/inst/u_ddr4_infrastructure/gen_mmcme4.u_mmcme_adv_inst/CLKOUT0
                         net (fo=1, routed)           0.146     0.941                         u_ddr_memory/u_ddr_bd/design_1_i/ddr4_0/inst/u_ddr4_infrastructure/mmcm_clkout0
    BUFGCE_X0Y42         BUFGCE (Prop_BUFCE_BUFGCE_I_O)
                                                      0.017     0.958 r                       u_ddr_memory/u_ddr_bd/design_1_i/ddr4_0/inst/u_ddr4_infrastructure/u_bufg_divClk/O
    X4Y3 (CLOCK_ROOT)    net (fo=124013, routed)      1.635     2.593                         u_camera_hdmi/u_camera_subsystem/g_camera_frontend[6].u_camera/ddr4_ui_clk
    SLR Crossing[0->2]   
    BITSLICE_RX_TX_X0Y456
                         FDRE                                         r                       u_camera_hdmi/u_camera_subsystem/g_camera_frontend[6].u_camera/dvp_data_iob_reg[6]/C
  -------------------------------------------------------------------    ----------------------------------------
    BITSLICE_RX_TX_X0Y456
                         FDRE (Prop_IN_FF_BITSLICE_COMPONENT_RX_TX_C_Q)
                                                      0.148     2.741 r                       u_camera_hdmi/u_camera_subsystem/g_camera_frontend[6].u_camera/dvp_data_iob_reg[6]/Q
                         net (fo=1, routed)           0.551     3.292                         u_camera_hdmi/u_camera_subsystem/g_camera_frontend[6].u_camera/dvp_data_iob[6]
    SLICE_X123Y515       FDRE                                         r  pblock_dvp_bridge_slr2
                                                                                              u_camera_hdmi/u_camera_subsystem/g_camera_frontend[6].u_camera/dvp_data_sync_reg[6]/D
  -------------------------------------------------------------------    ----------------------------------------

                         (clock mmcm_clkout0 rise edge)
                                                      0.000     0.000 r                       
    BA27                                              0.000     0.000 r                       c0_sys_clk_p (IN)
                         net (fo=0)                   0.100     0.100                         u_ddr_memory/u_ddr_bd/design_1_i/ddr4_0/inst/u_ddr4_mem_intfc/u_mig_ddr4_phy/inst/u_ddr4_phy_pll/diff_input_clk.u_ibufg_sys_clk/I
    HPIOBDIFFINBUF_X0Y35 DIFFINBUF (Prop_DIFFINBUF_HPIOBDIFFINBUF_DIFF_IN_P_O)
                                                      0.341     0.441 r                       u_ddr_memory/u_ddr_bd/design_1_i/ddr4_0/inst/u_ddr4_mem_intfc/u_mig_ddr4_phy/inst/u_ddr4_phy_pll/diff_input_clk.u_ibufg_sys_clk/DIFFINBUF_INST/O
                         net (fo=1, routed)           0.050     0.491                         u_ddr_memory/u_ddr_bd/design_1_i/ddr4_0/inst/u_ddr4_mem_intfc/u_mig_ddr4_phy/inst/u_ddr4_phy_pll/diff_input_clk.u_ibufg_sys_clk/OUT
    BA27                 IBUFCTRL (Prop_IBUFCTRL_HPIOB_M_I_O)
                                                      0.000     0.491 r                       u_ddr_memory/u_ddr_bd/design_1_i/ddr4_0/inst/u_ddr4_mem_intfc/u_mig_ddr4_phy/inst/u_ddr4_phy_pll/diff_input_clk.u_ibufg_sys_clk/IBUFCTRL_INST/O
                         net (fo=2, routed)           0.230     0.721                         u_ddr_memory/u_ddr_bd/design_1_i/ddr4_0/inst/u_ddr4_infrastructure/mmcm_clk_in
    MMCM_X0Y1            MMCME4_ADV (Prop_MMCM_CLKIN1_CLKOUT0)
                                                     -0.295     0.426 r                       u_ddr_memory/u_ddr_bd/design_1_i/ddr4_0/inst/u_ddr4_infrastructure/gen_mmcme4.u_mmcme_adv_inst/CLKOUT0
                         net (fo=1, routed)           0.166     0.592                         u_ddr_memory/u_ddr_bd/design_1_i/ddr4_0/inst/u_ddr4_infrastructure/mmcm_clkout0
    BUFGCE_X0Y42         BUFGCE (Prop_BUFCE_BUFGCE_I_O)
                                                      0.019     0.611 r                       u_ddr_memory/u_ddr_bd/design_1_i/ddr4_0/inst/u_ddr4_infrastructure/u_bufg_divClk/O
    X4Y3 (CLOCK_ROOT)    net (fo=124013, routed)      1.859     2.470                         u_camera_hdmi/u_camera_subsystem/g_camera_frontend[6].u_camera/ddr4_ui_clk
    SLR Crossing[0->2]   
    SLICE_X123Y515       FDRE                                         r  pblock_dvp_bridge_slr2
                                                                                              u_camera_hdmi/u_camera_subsystem/g_camera_frontend[6].u_camera/dvp_data_sync_reg[6]/C

Slack:                    inf
  Source:                 u_camera_hdmi/u_camera_subsystem/g_camera_frontend[7].u_camera/dvp_data_iob_reg[5]/C
                            (rising edge-triggered cell FDRE clocked by mmcm_clkout0  {rise@0.000ns fall@1.666ns period=3.332ns})
  Destination:            u_camera_hdmi/u_camera_subsystem/g_camera_frontend[7].u_camera/dvp_data_sync_reg[5]/D
                            (rising edge-triggered cell FDRE clocked by mmcm_clkout0  {rise@0.000ns fall@1.666ns period=3.332ns})
  Path Group:             (none)
  Path Type:              Hold (Min at Fast Process Corner)
  Data Path Delay:        0.678ns  (logic 0.127ns (18.732%)  route 0.551ns (81.268%))
  Logic Levels:           0  
  Clock Path Skew:        -0.024ns (DCD - SCD - CPR)
    Destination Clock Delay (DCD):    2.590ns
    Source Clock Delay      (SCD):    2.614ns
    Clock Pessimism Removal (CPR):    -0.000ns
  Clock Uncertainty:      0.052ns  ((TSJ^2 + DJ^2)^1/2) / 2 + PE
    Total System Jitter     (TSJ):    0.071ns
    Discrete Jitter          (DJ):    0.077ns
    Phase Error              (PE):    0.000ns
  Clock Net Delay (Source):      1.656ns (routing 0.490ns, distribution 1.166ns)
  Clock Net Delay (Destination): 1.979ns (routing 0.548ns, distribution 1.431ns)
  Timing Exception:       False Path

    Location             Delay type                Incr(ns)  Path(ns)    PBlock               Netlist Resource(s)
  -------------------------------------------------------------------    ----------------------------------------
                         (clock mmcm_clkout0 rise edge)
                                                      0.000     0.000 r                       
    BA27                                              0.000     0.000 r                       c0_sys_clk_p (IN)
                         net (fo=0)                   0.079     0.079                         u_ddr_memory/u_ddr_bd/design_1_i/ddr4_0/inst/u_ddr4_mem_intfc/u_mig_ddr4_phy/inst/u_ddr4_phy_pll/diff_input_clk.u_ibufg_sys_clk/I
    HPIOBDIFFINBUF_X0Y35 DIFFINBUF (Prop_DIFFINBUF_HPIOBDIFFINBUF_DIFF_IN_P_O)
                                                      0.243     0.322 r                       u_ddr_memory/u_ddr_bd/design_1_i/ddr4_0/inst/u_ddr4_mem_intfc/u_mig_ddr4_phy/inst/u_ddr4_phy_pll/diff_input_clk.u_ibufg_sys_clk/DIFFINBUF_INST/O
                         net (fo=1, routed)           0.040     0.362                         u_ddr_memory/u_ddr_bd/design_1_i/ddr4_0/inst/u_ddr4_mem_intfc/u_mig_ddr4_phy/inst/u_ddr4_phy_pll/diff_input_clk.u_ibufg_sys_clk/OUT
    BA27                 IBUFCTRL (Prop_IBUFCTRL_HPIOB_M_I_O)
                                                      0.000     0.362 r                       u_ddr_memory/u_ddr_bd/design_1_i/ddr4_0/inst/u_ddr4_mem_intfc/u_mig_ddr4_phy/inst/u_ddr4_phy_pll/diff_input_clk.u_ibufg_sys_clk/IBUFCTRL_INST/O
                         net (fo=2, routed)           0.203     0.565                         u_ddr_memory/u_ddr_bd/design_1_i/ddr4_0/inst/u_ddr4_infrastructure/mmcm_clk_in
    MMCM_X0Y1            MMCME4_ADV (Prop_MMCM_CLKIN1_CLKOUT0)
                                                      0.230     0.795 r                       u_ddr_memory/u_ddr_bd/design_1_i/ddr4_0/inst/u_ddr4_infrastructure/gen_mmcme4.u_mmcme_adv_inst/CLKOUT0
                         net (fo=1, routed)           0.146     0.941                         u_ddr_memory/u_ddr_bd/design_1_i/ddr4_0/inst/u_ddr4_infrastructure/mmcm_clkout0
    BUFGCE_X0Y42         BUFGCE (Prop_BUFCE_BUFGCE_I_O)
                                                      0.017     0.958 r                       u_ddr_memory/u_ddr_bd/design_1_i/ddr4_0/inst/u_ddr4_infrastructure/u_bufg_divClk/O
    X4Y3 (CLOCK_ROOT)    net (fo=124013, routed)      1.656     2.614                         u_camera_hdmi/u_camera_subsystem/g_camera_frontend[7].u_camera/ddr4_ui_clk
    SLR Crossing[0->2]   
    BITSLICE_RX_TX_X0Y423
                         FDRE                                         r                       u_camera_hdmi/u_camera_subsystem/g_camera_frontend[7].u_camera/dvp_data_iob_reg[5]/C
  -------------------------------------------------------------------    ----------------------------------------
    BITSLICE_RX_TX_X0Y423
                         FDRE (Prop_IN_FF_BITSLICE_COMPONENT_RX_TX_C_Q)
                                                      0.127     2.741 r                       u_camera_hdmi/u_camera_subsystem/g_camera_frontend[7].u_camera/dvp_data_iob_reg[5]/Q
                         net (fo=1, routed)           0.551     3.292                         u_camera_hdmi/u_camera_subsystem/g_camera_frontend[7].u_camera/dvp_data_iob[5]
    SLICE_X102Y480       FDRE                                         r  pblock_dvp_bridge_slr2
                                                                                              u_camera_hdmi/u_camera_subsystem/g_camera_frontend[7].u_camera/dvp_data_sync_reg[5]/D
  -------------------------------------------------------------------    ----------------------------------------

                         (clock mmcm_clkout0 rise edge)
                                                      0.000     0.000 r                       
    BA27                                              0.000     0.000 r                       c0_sys_clk_p (IN)
                         net (fo=0)                   0.100     0.100                         u_ddr_memory/u_ddr_bd/design_1_i/ddr4_0/inst/u_ddr4_mem_intfc/u_mig_ddr4_phy/inst/u_ddr4_phy_pll/diff_input_clk.u_ibufg_sys_clk/I
    HPIOBDIFFINBUF_X0Y35 DIFFINBUF (Prop_DIFFINBUF_HPIOBDIFFINBUF_DIFF_IN_P_O)
                                                      0.341     0.441 r                       u_ddr_memory/u_ddr_bd/design_1_i/ddr4_0/inst/u_ddr4_mem_intfc/u_mig_ddr4_phy/inst/u_ddr4_phy_pll/diff_input_clk.u_ibufg_sys_clk/DIFFINBUF_INST/O
                         net (fo=1, routed)           0.050     0.491                         u_ddr_memory/u_ddr_bd/design_1_i/ddr4_0/inst/u_ddr4_mem_intfc/u_mig_ddr4_phy/inst/u_ddr4_phy_pll/diff_input_clk.u_ibufg_sys_clk/OUT
    BA27                 IBUFCTRL (Prop_IBUFCTRL_HPIOB_M_I_O)
                                                      0.000     0.491 r                       u_ddr_memory/u_ddr_bd/design_1_i/ddr4_0/inst/u_ddr4_mem_intfc/u_mig_ddr4_phy/inst/u_ddr4_phy_pll/diff_input_clk.u_ibufg_sys_clk/IBUFCTRL_INST/O
                         net (fo=2, routed)           0.230     0.721                         u_ddr_memory/u_ddr_bd/design_1_i/ddr4_0/inst/u_ddr4_infrastructure/mmcm_clk_in
    MMCM_X0Y1            MMCME4_ADV (Prop_MMCM_CLKIN1_CLKOUT0)
                                                     -0.295     0.426 r                       u_ddr_memory/u_ddr_bd/design_1_i/ddr4_0/inst/u_ddr4_infrastructure/gen_mmcme4.u_mmcme_adv_inst/CLKOUT0
                         net (fo=1, routed)           0.166     0.592                         u_ddr_memory/u_ddr_bd/design_1_i/ddr4_0/inst/u_ddr4_infrastructure/mmcm_clkout0
    BUFGCE_X0Y42         BUFGCE (Prop_BUFCE_BUFGCE_I_O)
                                                      0.019     0.611 r                       u_ddr_memory/u_ddr_bd/design_1_i/ddr4_0/inst/u_ddr4_infrastructure/u_bufg_divClk/O
    X4Y3 (CLOCK_ROOT)    net (fo=124013, routed)      1.979     2.590                         u_camera_hdmi/u_camera_subsystem/g_camera_frontend[7].u_camera/ddr4_ui_clk
    SLR Crossing[0->2]   
    SLICE_X102Y480       FDRE                                         r  pblock_dvp_bridge_slr2
                                                                                              u_camera_hdmi/u_camera_subsystem/g_camera_frontend[7].u_camera/dvp_data_sync_reg[5]/C

Slack:                    inf
  Source:                 u_camera_hdmi/u_camera_subsystem/g_camera_frontend[7].u_camera/dvp_vsync_iob_reg/C
                            (rising edge-triggered cell FDRE clocked by mmcm_clkout0  {rise@0.000ns fall@1.666ns period=3.332ns})
  Destination:            u_camera_hdmi/u_camera_subsystem/g_camera_frontend[7].u_camera/dvp_vsync_sync_reg/D
                            (rising edge-triggered cell FDRE clocked by mmcm_clkout0  {rise@0.000ns fall@1.666ns period=3.332ns})
  Path Group:             (none)
  Path Type:              Hold (Min at Fast Process Corner)
  Data Path Delay:        0.707ns  (logic 0.117ns (16.549%)  route 0.590ns (83.451%))
  Logic Levels:           0  
  Clock Path Skew:        0.073ns (DCD - SCD - CPR)
    Destination Clock Delay (DCD):    2.668ns
    Source Clock Delay      (SCD):    2.595ns
    Clock Pessimism Removal (CPR):    -0.000ns
  Clock Uncertainty:      0.052ns  ((TSJ^2 + DJ^2)^1/2) / 2 + PE
    Total System Jitter     (TSJ):    0.071ns
    Discrete Jitter          (DJ):    0.077ns
    Phase Error              (PE):    0.000ns
  Clock Net Delay (Source):      1.637ns (routing 0.490ns, distribution 1.147ns)
  Clock Net Delay (Destination): 2.057ns (routing 0.548ns, distribution 1.509ns)
  Timing Exception:       False Path

    Location             Delay type                Incr(ns)  Path(ns)    PBlock               Netlist Resource(s)
  -------------------------------------------------------------------    ----------------------------------------
                         (clock mmcm_clkout0 rise edge)
                                                      0.000     0.000 r                       
    BA27                                              0.000     0.000 r                       c0_sys_clk_p (IN)
                         net (fo=0)                   0.079     0.079                         u_ddr_memory/u_ddr_bd/design_1_i/ddr4_0/inst/u_ddr4_mem_intfc/u_mig_ddr4_phy/inst/u_ddr4_phy_pll/diff_input_clk.u_ibufg_sys_clk/I
    HPIOBDIFFINBUF_X0Y35 DIFFINBUF (Prop_DIFFINBUF_HPIOBDIFFINBUF_DIFF_IN_P_O)
                                                      0.243     0.322 r                       u_ddr_memory/u_ddr_bd/design_1_i/ddr4_0/inst/u_ddr4_mem_intfc/u_mig_ddr4_phy/inst/u_ddr4_phy_pll/diff_input_clk.u_ibufg_sys_clk/DIFFINBUF_INST/O
                         net (fo=1, routed)           0.040     0.362                         u_ddr_memory/u_ddr_bd/design_1_i/ddr4_0/inst/u_ddr4_mem_intfc/u_mig_ddr4_phy/inst/u_ddr4_phy_pll/diff_input_clk.u_ibufg_sys_clk/OUT
    BA27                 IBUFCTRL (Prop_IBUFCTRL_HPIOB_M_I_O)
                                                      0.000     0.362 r                       u_ddr_memory/u_ddr_bd/design_1_i/ddr4_0/inst/u_ddr4_mem_intfc/u_mig_ddr4_phy/inst/u_ddr4_phy_pll/diff_input_clk.u_ibufg_sys_clk/IBUFCTRL_INST/O
                         net (fo=2, routed)           0.203     0.565                         u_ddr_memory/u_ddr_bd/design_1_i/ddr4_0/inst/u_ddr4_infrastructure/mmcm_clk_in
    MMCM_X0Y1            MMCME4_ADV (Prop_MMCM_CLKIN1_CLKOUT0)
                                                      0.230     0.795 r                       u_ddr_memory/u_ddr_bd/design_1_i/ddr4_0/inst/u_ddr4_infrastructure/gen_mmcme4.u_mmcme_adv_inst/CLKOUT0
                         net (fo=1, routed)           0.146     0.941                         u_ddr_memory/u_ddr_bd/design_1_i/ddr4_0/inst/u_ddr4_infrastructure/mmcm_clkout0
    BUFGCE_X0Y42         BUFGCE (Prop_BUFCE_BUFGCE_I_O)
                                                      0.017     0.958 r                       u_ddr_memory/u_ddr_bd/design_1_i/ddr4_0/inst/u_ddr4_infrastructure/u_bufg_divClk/O
    X4Y3 (CLOCK_ROOT)    net (fo=124013, routed)      1.637     2.595                         u_camera_hdmi/u_camera_subsystem/g_camera_frontend[7].u_camera/ddr4_ui_clk
    SLR Crossing[0->2]   
    BITSLICE_RX_TX_X0Y416
                         FDRE                                         r                       u_camera_hdmi/u_camera_subsystem/g_camera_frontend[7].u_camera/dvp_vsync_iob_reg/C
  -------------------------------------------------------------------    ----------------------------------------
    BITSLICE_RX_TX_X0Y416
                         FDRE (Prop_IN_FF_BITSLICE_COMPONENT_RX_TX_C_Q)
                                                      0.117     2.712 r                       u_camera_hdmi/u_camera_subsystem/g_camera_frontend[7].u_camera/dvp_vsync_iob_reg/Q
                         net (fo=1, routed)           0.590     3.302                         u_camera_hdmi/u_camera_subsystem/g_camera_frontend[7].u_camera/dvp_vsync_iob
    SLICE_X75Y480        FDRE                                         r  pblock_dvp_bridge_slr2
                                                                                              u_camera_hdmi/u_camera_subsystem/g_camera_frontend[7].u_camera/dvp_vsync_sync_reg/D
  -------------------------------------------------------------------    ----------------------------------------

                         (clock mmcm_clkout0 rise edge)
                                                      0.000     0.000 r                       
    BA27                                              0.000     0.000 r                       c0_sys_clk_p (IN)
                         net (fo=0)                   0.100     0.100                         u_ddr_memory/u_ddr_bd/design_1_i/ddr4_0/inst/u_ddr4_mem_intfc/u_mig_ddr4_phy/inst/u_ddr4_phy_pll/diff_input_clk.u_ibufg_sys_clk/I
    HPIOBDIFFINBUF_X0Y35 DIFFINBUF (Prop_DIFFINBUF_HPIOBDIFFINBUF_DIFF_IN_P_O)
                                                      0.341     0.441 r                       u_ddr_memory/u_ddr_bd/design_1_i/ddr4_0/inst/u_ddr4_mem_intfc/u_mig_ddr4_phy/inst/u_ddr4_phy_pll/diff_input_clk.u_ibufg_sys_clk/DIFFINBUF_INST/O
                         net (fo=1, routed)           0.050     0.491                         u_ddr_memory/u_ddr_bd/design_1_i/ddr4_0/inst/u_ddr4_mem_intfc/u_mig_ddr4_phy/inst/u_ddr4_phy_pll/diff_input_clk.u_ibufg_sys_clk/OUT
    BA27                 IBUFCTRL (Prop_IBUFCTRL_HPIOB_M_I_O)
                                                      0.000     0.491 r                       u_ddr_memory/u_ddr_bd/design_1_i/ddr4_0/inst/u_ddr4_mem_intfc/u_mig_ddr4_phy/inst/u_ddr4_phy_pll/diff_input_clk.u_ibufg_sys_clk/IBUFCTRL_INST/O
                         net (fo=2, routed)           0.230     0.721                         u_ddr_memory/u_ddr_bd/design_1_i/ddr4_0/inst/u_ddr4_infrastructure/mmcm_clk_in
    MMCM_X0Y1            MMCME4_ADV (Prop_MMCM_CLKIN1_CLKOUT0)
                                                     -0.295     0.426 r                       u_ddr_memory/u_ddr_bd/design_1_i/ddr4_0/inst/u_ddr4_infrastructure/gen_mmcme4.u_mmcme_adv_inst/CLKOUT0
                         net (fo=1, routed)           0.166     0.592                         u_ddr_memory/u_ddr_bd/design_1_i/ddr4_0/inst/u_ddr4_infrastructure/mmcm_clkout0
    BUFGCE_X0Y42         BUFGCE (Prop_BUFCE_BUFGCE_I_O)
                                                      0.019     0.611 r                       u_ddr_memory/u_ddr_bd/design_1_i/ddr4_0/inst/u_ddr4_infrastructure/u_bufg_divClk/O
    X4Y3 (CLOCK_ROOT)    net (fo=124013, routed)      2.057     2.668                         u_camera_hdmi/u_camera_subsystem/g_camera_frontend[7].u_camera/ddr4_ui_clk
    SLR Crossing[0->2]   
    SLICE_X75Y480        FDRE                                         r  pblock_dvp_bridge_slr2
                                                                                              u_camera_hdmi/u_camera_subsystem/g_camera_frontend[7].u_camera/dvp_vsync_sync_reg/C

Slack:                    inf
  Source:                 u_camera_hdmi/u_camera_subsystem/g_camera_frontend[5].u_camera/dvp_href_iob_reg/C
                            (rising edge-triggered cell FDRE clocked by mmcm_clkout0  {rise@0.000ns fall@1.666ns period=3.332ns})
  Destination:            u_camera_hdmi/u_camera_subsystem/g_camera_frontend[5].u_camera/dvp_href_sync_reg/D
                            (rising edge-triggered cell FDRE clocked by mmcm_clkout0  {rise@0.000ns fall@1.666ns period=3.332ns})
  Path Group:             (none)
  Path Type:              Hold (Min at Fast Process Corner)
  Data Path Delay:        0.669ns  (logic 0.154ns (23.019%)  route 0.515ns (76.981%))
  Logic Levels:           0  
  Clock Path Skew:        -0.156ns (DCD - SCD - CPR)
    Destination Clock Delay (DCD):    2.478ns
    Source Clock Delay      (SCD):    2.634ns
    Clock Pessimism Removal (CPR):    -0.000ns
  Clock Uncertainty:      0.052ns  ((TSJ^2 + DJ^2)^1/2) / 2 + PE
    Total System Jitter     (TSJ):    0.071ns
    Discrete Jitter          (DJ):    0.077ns
    Phase Error              (PE):    0.000ns
  Clock Net Delay (Source):      1.676ns (routing 0.490ns, distribution 1.186ns)
  Clock Net Delay (Destination): 1.867ns (routing 0.548ns, distribution 1.319ns)
  Timing Exception:       False Path

    Location             Delay type                Incr(ns)  Path(ns)    PBlock               Netlist Resource(s)
  -------------------------------------------------------------------    ----------------------------------------
                         (clock mmcm_clkout0 rise edge)
                                                      0.000     0.000 r                       
    BA27                                              0.000     0.000 r                       c0_sys_clk_p (IN)
                         net (fo=0)                   0.079     0.079                         u_ddr_memory/u_ddr_bd/design_1_i/ddr4_0/inst/u_ddr4_mem_intfc/u_mig_ddr4_phy/inst/u_ddr4_phy_pll/diff_input_clk.u_ibufg_sys_clk/I
    HPIOBDIFFINBUF_X0Y35 DIFFINBUF (Prop_DIFFINBUF_HPIOBDIFFINBUF_DIFF_IN_P_O)
                                                      0.243     0.322 r                       u_ddr_memory/u_ddr_bd/design_1_i/ddr4_0/inst/u_ddr4_mem_intfc/u_mig_ddr4_phy/inst/u_ddr4_phy_pll/diff_input_clk.u_ibufg_sys_clk/DIFFINBUF_INST/O
                         net (fo=1, routed)           0.040     0.362                         u_ddr_memory/u_ddr_bd/design_1_i/ddr4_0/inst/u_ddr4_mem_intfc/u_mig_ddr4_phy/inst/u_ddr4_phy_pll/diff_input_clk.u_ibufg_sys_clk/OUT
    BA27                 IBUFCTRL (Prop_IBUFCTRL_HPIOB_M_I_O)
                                                      0.000     0.362 r                       u_ddr_memory/u_ddr_bd/design_1_i/ddr4_0/inst/u_ddr4_mem_intfc/u_mig_ddr4_phy/inst/u_ddr4_phy_pll/diff_input_clk.u_ibufg_sys_clk/IBUFCTRL_INST/O
                         net (fo=2, routed)           0.203     0.565                         u_ddr_memory/u_ddr_bd/design_1_i/ddr4_0/inst/u_ddr4_infrastructure/mmcm_clk_in
    MMCM_X0Y1            MMCME4_ADV (Prop_MMCM_CLKIN1_CLKOUT0)
                                                      0.230     0.795 r                       u_ddr_memory/u_ddr_bd/design_1_i/ddr4_0/inst/u_ddr4_infrastructure/gen_mmcme4.u_mmcme_adv_inst/CLKOUT0
                         net (fo=1, routed)           0.146     0.941                         u_ddr_memory/u_ddr_bd/design_1_i/ddr4_0/inst/u_ddr4_infrastructure/mmcm_clkout0
    BUFGCE_X0Y42         BUFGCE (Prop_BUFCE_BUFGCE_I_O)
                                                      0.017     0.958 r                       u_ddr_memory/u_ddr_bd/design_1_i/ddr4_0/inst/u_ddr4_infrastructure/u_bufg_divClk/O
    X4Y3 (CLOCK_ROOT)    net (fo=124013, routed)      1.676     2.634                         u_camera_hdmi/u_camera_subsystem/g_camera_frontend[5].u_camera/ddr4_ui_clk
    SLR Crossing[0->2]   
    BITSLICE_RX_TX_X0Y502
                         FDRE                                         r                       u_camera_hdmi/u_camera_subsystem/g_camera_frontend[5].u_camera/dvp_href_iob_reg/C
  -------------------------------------------------------------------    ----------------------------------------
    BITSLICE_RX_TX_X0Y502
                         FDRE (Prop_IN_FF_BITSLICE_COMPONENT_RX_TX_C_Q)
                                                      0.154     2.788 r                       u_camera_hdmi/u_camera_subsystem/g_camera_frontend[5].u_camera/dvp_href_iob_reg/Q
                         net (fo=1, routed)           0.515     3.303                         u_camera_hdmi/u_camera_subsystem/g_camera_frontend[5].u_camera/dvp_href_iob
    SLICE_X123Y530       FDRE                                         r  pblock_dvp_bridge_slr2
                                                                                              u_camera_hdmi/u_camera_subsystem/g_camera_frontend[5].u_camera/dvp_href_sync_reg/D
  -------------------------------------------------------------------    ----------------------------------------

                         (clock mmcm_clkout0 rise edge)
                                                      0.000     0.000 r                       
    BA27                                              0.000     0.000 r                       c0_sys_clk_p (IN)
                         net (fo=0)                   0.100     0.100                         u_ddr_memory/u_ddr_bd/design_1_i/ddr4_0/inst/u_ddr4_mem_intfc/u_mig_ddr4_phy/inst/u_ddr4_phy_pll/diff_input_clk.u_ibufg_sys_clk/I
    HPIOBDIFFINBUF_X0Y35 DIFFINBUF (Prop_DIFFINBUF_HPIOBDIFFINBUF_DIFF_IN_P_O)
                                                      0.341     0.441 r                       u_ddr_memory/u_ddr_bd/design_1_i/ddr4_0/inst/u_ddr4_mem_intfc/u_mig_ddr4_phy/inst/u_ddr4_phy_pll/diff_input_clk.u_ibufg_sys_clk/DIFFINBUF_INST/O
                         net (fo=1, routed)           0.050     0.491                         u_ddr_memory/u_ddr_bd/design_1_i/ddr4_0/inst/u_ddr4_mem_intfc/u_mig_ddr4_phy/inst/u_ddr4_phy_pll/diff_input_clk.u_ibufg_sys_clk/OUT
    BA27                 IBUFCTRL (Prop_IBUFCTRL_HPIOB_M_I_O)
                                                      0.000     0.491 r                       u_ddr_memory/u_ddr_bd/design_1_i/ddr4_0/inst/u_ddr4_mem_intfc/u_mig_ddr4_phy/inst/u_ddr4_phy_pll/diff_input_clk.u_ibufg_sys_clk/IBUFCTRL_INST/O
                         net (fo=2, routed)           0.230     0.721                         u_ddr_memory/u_ddr_bd/design_1_i/ddr4_0/inst/u_ddr4_infrastructure/mmcm_clk_in
    MMCM_X0Y1            MMCME4_ADV (Prop_MMCM_CLKIN1_CLKOUT0)
                                                     -0.295     0.426 r                       u_ddr_memory/u_ddr_bd/design_1_i/ddr4_0/inst/u_ddr4_infrastructure/gen_mmcme4.u_mmcme_adv_inst/CLKOUT0
                         net (fo=1, routed)           0.166     0.592                         u_ddr_memory/u_ddr_bd/design_1_i/ddr4_0/inst/u_ddr4_infrastructure/mmcm_clkout0
    BUFGCE_X0Y42         BUFGCE (Prop_BUFCE_BUFGCE_I_O)
                                                      0.019     0.611 r                       u_ddr_memory/u_ddr_bd/design_1_i/ddr4_0/inst/u_ddr4_infrastructure/u_bufg_divClk/O
    X4Y3 (CLOCK_ROOT)    net (fo=124013, routed)      1.867     2.478                         u_camera_hdmi/u_camera_subsystem/g_camera_frontend[5].u_camera/ddr4_ui_clk
    SLR Crossing[0->2]   
    SLICE_X123Y530       FDRE                                         r  pblock_dvp_bridge_slr2
                                                                                              u_camera_hdmi/u_camera_subsystem/g_camera_frontend[5].u_camera/dvp_href_sync_reg/C

Slack:                    inf
  Source:                 u_camera_hdmi/u_camera_subsystem/g_camera_frontend[4].u_camera/dvp_vsync_iob_reg/C
                            (rising edge-triggered cell FDRE clocked by mmcm_clkout0  {rise@0.000ns fall@1.666ns period=3.332ns})
  Destination:            u_camera_hdmi/u_camera_subsystem/g_camera_frontend[4].u_camera/dvp_vsync_sync_reg/D
                            (rising edge-triggered cell FDRE clocked by mmcm_clkout0  {rise@0.000ns fall@1.666ns period=3.332ns})
  Path Group:             (none)
  Path Type:              Hold (Min at Fast Process Corner)
  Data Path Delay:        0.702ns  (logic 0.137ns (19.516%)  route 0.565ns (80.484%))
  Logic Levels:           0  
  Clock Path Skew:        -0.028ns (DCD - SCD - CPR)
    Destination Clock Delay (DCD):    2.580ns
    Source Clock Delay      (SCD):    2.608ns
    Clock Pessimism Removal (CPR):    -0.000ns
  Clock Uncertainty:      0.052ns  ((TSJ^2 + DJ^2)^1/2) / 2 + PE
    Total System Jitter     (TSJ):    0.071ns
    Discrete Jitter          (DJ):    0.077ns
    Phase Error              (PE):    0.000ns
  Clock Net Delay (Source):      1.650ns (routing 0.490ns, distribution 1.160ns)
  Clock Net Delay (Destination): 1.969ns (routing 0.548ns, distribution 1.421ns)
  Timing Exception:       False Path

    Location             Delay type                Incr(ns)  Path(ns)    PBlock               Netlist Resource(s)
  -------------------------------------------------------------------    ----------------------------------------
                         (clock mmcm_clkout0 rise edge)
                                                      0.000     0.000 r                       
    BA27                                              0.000     0.000 r                       c0_sys_clk_p (IN)
                         net (fo=0)                   0.079     0.079                         u_ddr_memory/u_ddr_bd/design_1_i/ddr4_0/inst/u_ddr4_mem_intfc/u_mig_ddr4_phy/inst/u_ddr4_phy_pll/diff_input_clk.u_ibufg_sys_clk/I
    HPIOBDIFFINBUF_X0Y35 DIFFINBUF (Prop_DIFFINBUF_HPIOBDIFFINBUF_DIFF_IN_P_O)
                                                      0.243     0.322 r                       u_ddr_memory/u_ddr_bd/design_1_i/ddr4_0/inst/u_ddr4_mem_intfc/u_mig_ddr4_phy/inst/u_ddr4_phy_pll/diff_input_clk.u_ibufg_sys_clk/DIFFINBUF_INST/O
                         net (fo=1, routed)           0.040     0.362                         u_ddr_memory/u_ddr_bd/design_1_i/ddr4_0/inst/u_ddr4_mem_intfc/u_mig_ddr4_phy/inst/u_ddr4_phy_pll/diff_input_clk.u_ibufg_sys_clk/OUT
    BA27                 IBUFCTRL (Prop_IBUFCTRL_HPIOB_M_I_O)
                                                      0.000     0.362 r                       u_ddr_memory/u_ddr_bd/design_1_i/ddr4_0/inst/u_ddr4_mem_intfc/u_mig_ddr4_phy/inst/u_ddr4_phy_pll/diff_input_clk.u_ibufg_sys_clk/IBUFCTRL_INST/O
                         net (fo=2, routed)           0.203     0.565                         u_ddr_memory/u_ddr_bd/design_1_i/ddr4_0/inst/u_ddr4_infrastructure/mmcm_clk_in
    MMCM_X0Y1            MMCME4_ADV (Prop_MMCM_CLKIN1_CLKOUT0)
                                                      0.230     0.795 r                       u_ddr_memory/u_ddr_bd/design_1_i/ddr4_0/inst/u_ddr4_infrastructure/gen_mmcme4.u_mmcme_adv_inst/CLKOUT0
                         net (fo=1, routed)           0.146     0.941                         u_ddr_memory/u_ddr_bd/design_1_i/ddr4_0/inst/u_ddr4_infrastructure/mmcm_clkout0
    BUFGCE_X0Y42         BUFGCE (Prop_BUFCE_BUFGCE_I_O)
                                                      0.017     0.958 r                       u_ddr_memory/u_ddr_bd/design_1_i/ddr4_0/inst/u_ddr4_infrastructure/u_bufg_divClk/O
    X4Y3 (CLOCK_ROOT)    net (fo=124013, routed)      1.650     2.608                         u_camera_hdmi/u_camera_subsystem/g_camera_frontend[4].u_camera/ddr4_ui_clk
    SLR Crossing[0->2]   
    BITSLICE_RX_TX_X0Y498
                         FDRE                                         r                       u_camera_hdmi/u_camera_subsystem/g_camera_frontend[4].u_camera/dvp_vsync_iob_reg/C
  -------------------------------------------------------------------    ----------------------------------------
    BITSLICE_RX_TX_X0Y498
                         FDRE (Prop_IN_FF_BITSLICE_COMPONENT_RX_TX_C_Q)
                                                      0.137     2.745 r                       u_camera_hdmi/u_camera_subsystem/g_camera_frontend[4].u_camera/dvp_vsync_iob_reg/Q
                         net (fo=1, routed)           0.565     3.310                         u_camera_hdmi/u_camera_subsystem/g_camera_frontend[4].u_camera/dvp_vsync_iob
    SLICE_X107Y531       FDRE                                         r  pblock_dvp_bridge_slr2
                                                                                              u_camera_hdmi/u_camera_subsystem/g_camera_frontend[4].u_camera/dvp_vsync_sync_reg/D
  -------------------------------------------------------------------    ----------------------------------------

                         (clock mmcm_clkout0 rise edge)
                                                      0.000     0.000 r                       
    BA27                                              0.000     0.000 r                       c0_sys_clk_p (IN)
                         net (fo=0)                   0.100     0.100                         u_ddr_memory/u_ddr_bd/design_1_i/ddr4_0/inst/u_ddr4_mem_intfc/u_mig_ddr4_phy/inst/u_ddr4_phy_pll/diff_input_clk.u_ibufg_sys_clk/I
    HPIOBDIFFINBUF_X0Y35 DIFFINBUF (Prop_DIFFINBUF_HPIOBDIFFINBUF_DIFF_IN_P_O)
                                                      0.341     0.441 r                       u_ddr_memory/u_ddr_bd/design_1_i/ddr4_0/inst/u_ddr4_mem_intfc/u_mig_ddr4_phy/inst/u_ddr4_phy_pll/diff_input_clk.u_ibufg_sys_clk/DIFFINBUF_INST/O
                         net (fo=1, routed)           0.050     0.491                         u_ddr_memory/u_ddr_bd/design_1_i/ddr4_0/inst/u_ddr4_mem_intfc/u_mig_ddr4_phy/inst/u_ddr4_phy_pll/diff_input_clk.u_ibufg_sys_clk/OUT
    BA27                 IBUFCTRL (Prop_IBUFCTRL_HPIOB_M_I_O)
                                                      0.000     0.491 r                       u_ddr_memory/u_ddr_bd/design_1_i/ddr4_0/inst/u_ddr4_mem_intfc/u_mig_ddr4_phy/inst/u_ddr4_phy_pll/diff_input_clk.u_ibufg_sys_clk/IBUFCTRL_INST/O
                         net (fo=2, routed)           0.230     0.721                         u_ddr_memory/u_ddr_bd/design_1_i/ddr4_0/inst/u_ddr4_infrastructure/mmcm_clk_in
    MMCM_X0Y1            MMCME4_ADV (Prop_MMCM_CLKIN1_CLKOUT0)
                                                     -0.295     0.426 r                       u_ddr_memory/u_ddr_bd/design_1_i/ddr4_0/inst/u_ddr4_infrastructure/gen_mmcme4.u_mmcme_adv_inst/CLKOUT0
                         net (fo=1, routed)           0.166     0.592                         u_ddr_memory/u_ddr_bd/design_1_i/ddr4_0/inst/u_ddr4_infrastructure/mmcm_clkout0
    BUFGCE_X0Y42         BUFGCE (Prop_BUFCE_BUFGCE_I_O)
                                                      0.019     0.611 r                       u_ddr_memory/u_ddr_bd/design_1_i/ddr4_0/inst/u_ddr4_infrastructure/u_bufg_divClk/O
    X4Y3 (CLOCK_ROOT)    net (fo=124013, routed)      1.969     2.580                         u_camera_hdmi/u_camera_subsystem/g_camera_frontend[4].u_camera/ddr4_ui_clk
    SLR Crossing[0->2]   
    SLICE_X107Y531       FDRE                                         r  pblock_dvp_bridge_slr2
                                                                                              u_camera_hdmi/u_camera_subsystem/g_camera_frontend[4].u_camera/dvp_vsync_sync_reg/C

Slack:                    inf
  Source:                 u_camera_hdmi/u_camera_subsystem/g_camera_frontend[5].u_camera/dvp_data_iob_reg[6]/C
                            (rising edge-triggered cell FDRE clocked by mmcm_clkout0  {rise@0.000ns fall@1.666ns period=3.332ns})
  Destination:            u_camera_hdmi/u_camera_subsystem/g_camera_frontend[5].u_camera/dvp_data_sync_reg[6]/D
                            (rising edge-triggered cell FDRE clocked by mmcm_clkout0  {rise@0.000ns fall@1.666ns period=3.332ns})
  Path Group:             (none)
  Path Type:              Hold (Min at Fast Process Corner)
  Data Path Delay:        0.706ns  (logic 0.148ns (20.963%)  route 0.558ns (79.037%))
  Logic Levels:           0  
  Clock Path Skew:        -0.128ns (DCD - SCD - CPR)
    Destination Clock Delay (DCD):    2.478ns
    Source Clock Delay      (SCD):    2.606ns
    Clock Pessimism Removal (CPR):    -0.000ns
  Clock Uncertainty:      0.052ns  ((TSJ^2 + DJ^2)^1/2) / 2 + PE
    Total System Jitter     (TSJ):    0.071ns
    Discrete Jitter          (DJ):    0.077ns
    Phase Error              (PE):    0.000ns
  Clock Net Delay (Source):      1.648ns (routing 0.490ns, distribution 1.158ns)
  Clock Net Delay (Destination): 1.867ns (routing 0.548ns, distribution 1.319ns)
  Timing Exception:       False Path

    Location             Delay type                Incr(ns)  Path(ns)    PBlock               Netlist Resource(s)
  -------------------------------------------------------------------    ----------------------------------------
                         (clock mmcm_clkout0 rise edge)
                                                      0.000     0.000 r                       
    BA27                                              0.000     0.000 r                       c0_sys_clk_p (IN)
                         net (fo=0)                   0.079     0.079                         u_ddr_memory/u_ddr_bd/design_1_i/ddr4_0/inst/u_ddr4_mem_intfc/u_mig_ddr4_phy/inst/u_ddr4_phy_pll/diff_input_clk.u_ibufg_sys_clk/I
    HPIOBDIFFINBUF_X0Y35 DIFFINBUF (Prop_DIFFINBUF_HPIOBDIFFINBUF_DIFF_IN_P_O)
                                                      0.243     0.322 r                       u_ddr_memory/u_ddr_bd/design_1_i/ddr4_0/inst/u_ddr4_mem_intfc/u_mig_ddr4_phy/inst/u_ddr4_phy_pll/diff_input_clk.u_ibufg_sys_clk/DIFFINBUF_INST/O
                         net (fo=1, routed)           0.040     0.362                         u_ddr_memory/u_ddr_bd/design_1_i/ddr4_0/inst/u_ddr4_mem_intfc/u_mig_ddr4_phy/inst/u_ddr4_phy_pll/diff_input_clk.u_ibufg_sys_clk/OUT
    BA27                 IBUFCTRL (Prop_IBUFCTRL_HPIOB_M_I_O)
                                                      0.000     0.362 r                       u_ddr_memory/u_ddr_bd/design_1_i/ddr4_0/inst/u_ddr4_mem_intfc/u_mig_ddr4_phy/inst/u_ddr4_phy_pll/diff_input_clk.u_ibufg_sys_clk/IBUFCTRL_INST/O
                         net (fo=2, routed)           0.203     0.565                         u_ddr_memory/u_ddr_bd/design_1_i/ddr4_0/inst/u_ddr4_infrastructure/mmcm_clk_in
    MMCM_X0Y1            MMCME4_ADV (Prop_MMCM_CLKIN1_CLKOUT0)
                                                      0.230     0.795 r                       u_ddr_memory/u_ddr_bd/design_1_i/ddr4_0/inst/u_ddr4_infrastructure/gen_mmcme4.u_mmcme_adv_inst/CLKOUT0
                         net (fo=1, routed)           0.146     0.941                         u_ddr_memory/u_ddr_bd/design_1_i/ddr4_0/inst/u_ddr4_infrastructure/mmcm_clkout0
    BUFGCE_X0Y42         BUFGCE (Prop_BUFCE_BUFGCE_I_O)
                                                      0.017     0.958 r                       u_ddr_memory/u_ddr_bd/design_1_i/ddr4_0/inst/u_ddr4_infrastructure/u_bufg_divClk/O
    X4Y3 (CLOCK_ROOT)    net (fo=124013, routed)      1.648     2.606                         u_camera_hdmi/u_camera_subsystem/g_camera_frontend[5].u_camera/ddr4_ui_clk
    SLR Crossing[0->2]   
    BITSLICE_RX_TX_X0Y508
                         FDRE                                         r                       u_camera_hdmi/u_camera_subsystem/g_camera_frontend[5].u_camera/dvp_data_iob_reg[6]/C
  -------------------------------------------------------------------    ----------------------------------------
    BITSLICE_RX_TX_X0Y508
                         FDRE (Prop_IN_FF_BITSLICE_COMPONENT_RX_TX_C_Q)
                                                      0.148     2.754 r                       u_camera_hdmi/u_camera_subsystem/g_camera_frontend[5].u_camera/dvp_data_iob_reg[6]/Q
                         net (fo=1, routed)           0.558     3.312                         u_camera_hdmi/u_camera_subsystem/g_camera_frontend[5].u_camera/dvp_data_iob[6]
    SLICE_X123Y530       FDRE                                         r  pblock_dvp_bridge_slr2
                                                                                              u_camera_hdmi/u_camera_subsystem/g_camera_frontend[5].u_camera/dvp_data_sync_reg[6]/D
  -------------------------------------------------------------------    ----------------------------------------

                         (clock mmcm_clkout0 rise edge)
                                                      0.000     0.000 r                       
    BA27                                              0.000     0.000 r                       c0_sys_clk_p (IN)
                         net (fo=0)                   0.100     0.100                         u_ddr_memory/u_ddr_bd/design_1_i/ddr4_0/inst/u_ddr4_mem_intfc/u_mig_ddr4_phy/inst/u_ddr4_phy_pll/diff_input_clk.u_ibufg_sys_clk/I
    HPIOBDIFFINBUF_X0Y35 DIFFINBUF (Prop_DIFFINBUF_HPIOBDIFFINBUF_DIFF_IN_P_O)
                                                      0.341     0.441 r                       u_ddr_memory/u_ddr_bd/design_1_i/ddr4_0/inst/u_ddr4_mem_intfc/u_mig_ddr4_phy/inst/u_ddr4_phy_pll/diff_input_clk.u_ibufg_sys_clk/DIFFINBUF_INST/O
                         net (fo=1, routed)           0.050     0.491                         u_ddr_memory/u_ddr_bd/design_1_i/ddr4_0/inst/u_ddr4_mem_intfc/u_mig_ddr4_phy/inst/u_ddr4_phy_pll/diff_input_clk.u_ibufg_sys_clk/OUT
    BA27                 IBUFCTRL (Prop_IBUFCTRL_HPIOB_M_I_O)
                                                      0.000     0.491 r                       u_ddr_memory/u_ddr_bd/design_1_i/ddr4_0/inst/u_ddr4_mem_intfc/u_mig_ddr4_phy/inst/u_ddr4_phy_pll/diff_input_clk.u_ibufg_sys_clk/IBUFCTRL_INST/O
                         net (fo=2, routed)           0.230     0.721                         u_ddr_memory/u_ddr_bd/design_1_i/ddr4_0/inst/u_ddr4_infrastructure/mmcm_clk_in
    MMCM_X0Y1            MMCME4_ADV (Prop_MMCM_CLKIN1_CLKOUT0)
                                                     -0.295     0.426 r                       u_ddr_memory/u_ddr_bd/design_1_i/ddr4_0/inst/u_ddr4_infrastructure/gen_mmcme4.u_mmcme_adv_inst/CLKOUT0
                         net (fo=1, routed)           0.166     0.592                         u_ddr_memory/u_ddr_bd/design_1_i/ddr4_0/inst/u_ddr4_infrastructure/mmcm_clkout0
    BUFGCE_X0Y42         BUFGCE (Prop_BUFCE_BUFGCE_I_O)
                                                      0.019     0.611 r                       u_ddr_memory/u_ddr_bd/design_1_i/ddr4_0/inst/u_ddr4_infrastructure/u_bufg_divClk/O
    X4Y3 (CLOCK_ROOT)    net (fo=124013, routed)      1.867     2.478                         u_camera_hdmi/u_camera_subsystem/g_camera_frontend[5].u_camera/ddr4_ui_clk
    SLR Crossing[0->2]   
    SLICE_X123Y530       FDRE                                         r  pblock_dvp_bridge_slr2
                                                                                              u_camera_hdmi/u_camera_subsystem/g_camera_frontend[5].u_camera/dvp_data_sync_reg[6]/C

Slack:                    inf
  Source:                 u_camera_hdmi/u_camera_subsystem/g_camera_frontend[4].u_camera/dvp_data_iob_reg[1]/C
                            (rising edge-triggered cell FDRE clocked by mmcm_clkout0  {rise@0.000ns fall@1.666ns period=3.332ns})
  Destination:            u_camera_hdmi/u_camera_subsystem/g_camera_frontend[4].u_camera/dvp_data_sync_reg[1]/D
                            (rising edge-triggered cell FDRE clocked by mmcm_clkout0  {rise@0.000ns fall@1.666ns period=3.332ns})
  Path Group:             (none)
  Path Type:              Hold (Min at Fast Process Corner)
  Data Path Delay:        0.696ns  (logic 0.199ns (28.592%)  route 0.497ns (71.408%))
  Logic Levels:           0  
  Clock Path Skew:        -0.038ns (DCD - SCD - CPR)
    Destination Clock Delay (DCD):    2.580ns
    Source Clock Delay      (SCD):    2.618ns
    Clock Pessimism Removal (CPR):    -0.000ns
  Clock Uncertainty:      0.052ns  ((TSJ^2 + DJ^2)^1/2) / 2 + PE
    Total System Jitter     (TSJ):    0.071ns
    Discrete Jitter          (DJ):    0.077ns
    Phase Error              (PE):    0.000ns
  Clock Net Delay (Source):      1.660ns (routing 0.490ns, distribution 1.170ns)
  Clock Net Delay (Destination): 1.969ns (routing 0.548ns, distribution 1.421ns)
  Timing Exception:       False Path

    Location             Delay type                Incr(ns)  Path(ns)    PBlock               Netlist Resource(s)
  -------------------------------------------------------------------    ----------------------------------------
                         (clock mmcm_clkout0 rise edge)
                                                      0.000     0.000 r                       
    BA27                                              0.000     0.000 r                       c0_sys_clk_p (IN)
                         net (fo=0)                   0.079     0.079                         u_ddr_memory/u_ddr_bd/design_1_i/ddr4_0/inst/u_ddr4_mem_intfc/u_mig_ddr4_phy/inst/u_ddr4_phy_pll/diff_input_clk.u_ibufg_sys_clk/I
    HPIOBDIFFINBUF_X0Y35 DIFFINBUF (Prop_DIFFINBUF_HPIOBDIFFINBUF_DIFF_IN_P_O)
                                                      0.243     0.322 r                       u_ddr_memory/u_ddr_bd/design_1_i/ddr4_0/inst/u_ddr4_mem_intfc/u_mig_ddr4_phy/inst/u_ddr4_phy_pll/diff_input_clk.u_ibufg_sys_clk/DIFFINBUF_INST/O
                         net (fo=1, routed)           0.040     0.362                         u_ddr_memory/u_ddr_bd/design_1_i/ddr4_0/inst/u_ddr4_mem_intfc/u_mig_ddr4_phy/inst/u_ddr4_phy_pll/diff_input_clk.u_ibufg_sys_clk/OUT
    BA27                 IBUFCTRL (Prop_IBUFCTRL_HPIOB_M_I_O)
                                                      0.000     0.362 r                       u_ddr_memory/u_ddr_bd/design_1_i/ddr4_0/inst/u_ddr4_mem_intfc/u_mig_ddr4_phy/inst/u_ddr4_phy_pll/diff_input_clk.u_ibufg_sys_clk/IBUFCTRL_INST/O
                         net (fo=2, routed)           0.203     0.565                         u_ddr_memory/u_ddr_bd/design_1_i/ddr4_0/inst/u_ddr4_infrastructure/mmcm_clk_in
    MMCM_X0Y1            MMCME4_ADV (Prop_MMCM_CLKIN1_CLKOUT0)
                                                      0.230     0.795 r                       u_ddr_memory/u_ddr_bd/design_1_i/ddr4_0/inst/u_ddr4_infrastructure/gen_mmcme4.u_mmcme_adv_inst/CLKOUT0
                         net (fo=1, routed)           0.146     0.941                         u_ddr_memory/u_ddr_bd/design_1_i/ddr4_0/inst/u_ddr4_infrastructure/mmcm_clkout0
    BUFGCE_X0Y42         BUFGCE (Prop_BUFCE_BUFGCE_I_O)
                                                      0.017     0.958 r                       u_ddr_memory/u_ddr_bd/design_1_i/ddr4_0/inst/u_ddr4_infrastructure/u_bufg_divClk/O
    X4Y3 (CLOCK_ROOT)    net (fo=124013, routed)      1.660     2.618                         u_camera_hdmi/u_camera_subsystem/g_camera_frontend[4].u_camera/ddr4_ui_clk
    SLR Crossing[0->2]   
    BITSLICE_RX_TX_X0Y478
                         FDRE                                         r                       u_camera_hdmi/u_camera_subsystem/g_camera_frontend[4].u_camera/dvp_data_iob_reg[1]/C
  -------------------------------------------------------------------    ----------------------------------------
    BITSLICE_RX_TX_X0Y478
                         FDRE (Prop_IN_FF_BITSLICE_COMPONENT_RX_TX_C_Q)
                                                      0.199     2.817 r                       u_camera_hdmi/u_camera_subsystem/g_camera_frontend[4].u_camera/dvp_data_iob_reg[1]/Q
                         net (fo=1, routed)           0.497     3.314                         u_camera_hdmi/u_camera_subsystem/g_camera_frontend[4].u_camera/dvp_data_iob[1]
    SLICE_X107Y531       FDRE                                         r  pblock_dvp_bridge_slr2
                                                                                              u_camera_hdmi/u_camera_subsystem/g_camera_frontend[4].u_camera/dvp_data_sync_reg[1]/D
  -------------------------------------------------------------------    ----------------------------------------

                         (clock mmcm_clkout0 rise edge)
                                                      0.000     0.000 r                       
    BA27                                              0.000     0.000 r                       c0_sys_clk_p (IN)
                         net (fo=0)                   0.100     0.100                         u_ddr_memory/u_ddr_bd/design_1_i/ddr4_0/inst/u_ddr4_mem_intfc/u_mig_ddr4_phy/inst/u_ddr4_phy_pll/diff_input_clk.u_ibufg_sys_clk/I
    HPIOBDIFFINBUF_X0Y35 DIFFINBUF (Prop_DIFFINBUF_HPIOBDIFFINBUF_DIFF_IN_P_O)
                                                      0.341     0.441 r                       u_ddr_memory/u_ddr_bd/design_1_i/ddr4_0/inst/u_ddr4_mem_intfc/u_mig_ddr4_phy/inst/u_ddr4_phy_pll/diff_input_clk.u_ibufg_sys_clk/DIFFINBUF_INST/O
                         net (fo=1, routed)           0.050     0.491                         u_ddr_memory/u_ddr_bd/design_1_i/ddr4_0/inst/u_ddr4_mem_intfc/u_mig_ddr4_phy/inst/u_ddr4_phy_pll/diff_input_clk.u_ibufg_sys_clk/OUT
    BA27                 IBUFCTRL (Prop_IBUFCTRL_HPIOB_M_I_O)
                                                      0.000     0.491 r                       u_ddr_memory/u_ddr_bd/design_1_i/ddr4_0/inst/u_ddr4_mem_intfc/u_mig_ddr4_phy/inst/u_ddr4_phy_pll/diff_input_clk.u_ibufg_sys_clk/IBUFCTRL_INST/O
                         net (fo=2, routed)           0.230     0.721                         u_ddr_memory/u_ddr_bd/design_1_i/ddr4_0/inst/u_ddr4_infrastructure/mmcm_clk_in
    MMCM_X0Y1            MMCME4_ADV (Prop_MMCM_CLKIN1_CLKOUT0)
                                                     -0.295     0.426 r                       u_ddr_memory/u_ddr_bd/design_1_i/ddr4_0/inst/u_ddr4_infrastructure/gen_mmcme4.u_mmcme_adv_inst/CLKOUT0
                         net (fo=1, routed)           0.166     0.592                         u_ddr_memory/u_ddr_bd/design_1_i/ddr4_0/inst/u_ddr4_infrastructure/mmcm_clkout0
    BUFGCE_X0Y42         BUFGCE (Prop_BUFCE_BUFGCE_I_O)
                                                      0.019     0.611 r                       u_ddr_memory/u_ddr_bd/design_1_i/ddr4_0/inst/u_ddr4_infrastructure/u_bufg_divClk/O
    X4Y3 (CLOCK_ROOT)    net (fo=124013, routed)      1.969     2.580                         u_camera_hdmi/u_camera_subsystem/g_camera_frontend[4].u_camera/ddr4_ui_clk
    SLR Crossing[0->2]   
    SLICE_X107Y531       FDRE                                         r  pblock_dvp_bridge_slr2
                                                                                              u_camera_hdmi/u_camera_subsystem/g_camera_frontend[4].u_camera/dvp_data_sync_reg[1]/C

Slack:                    inf
  Source:                 u_camera_hdmi/u_camera_subsystem/g_camera_frontend[4].u_camera/dvp_data_iob_reg[5]/C
                            (rising edge-triggered cell FDRE clocked by mmcm_clkout0  {rise@0.000ns fall@1.666ns period=3.332ns})
  Destination:            u_camera_hdmi/u_camera_subsystem/g_camera_frontend[4].u_camera/dvp_data_sync_reg[5]/D
                            (rising edge-triggered cell FDRE clocked by mmcm_clkout0  {rise@0.000ns fall@1.666ns period=3.332ns})
  Path Group:             (none)
  Path Type:              Hold (Min at Fast Process Corner)
  Data Path Delay:        0.714ns  (logic 0.117ns (16.387%)  route 0.597ns (83.613%))
  Logic Levels:           0  
  Clock Path Skew:        0.025ns (DCD - SCD - CPR)
    Destination Clock Delay (DCD):    2.633ns
    Source Clock Delay      (SCD):    2.608ns
    Clock Pessimism Removal (CPR):    -0.000ns
  Clock Uncertainty:      0.052ns  ((TSJ^2 + DJ^2)^1/2) / 2 + PE
    Total System Jitter     (TSJ):    0.071ns
    Discrete Jitter          (DJ):    0.077ns
    Phase Error              (PE):    0.000ns
  Clock Net Delay (Source):      1.650ns (routing 0.490ns, distribution 1.160ns)
  Clock Net Delay (Destination): 2.022ns (routing 0.548ns, distribution 1.474ns)
  Timing Exception:       False Path

    Location             Delay type                Incr(ns)  Path(ns)    PBlock               Netlist Resource(s)
  -------------------------------------------------------------------    ----------------------------------------
                         (clock mmcm_clkout0 rise edge)
                                                      0.000     0.000 r                       
    BA27                                              0.000     0.000 r                       c0_sys_clk_p (IN)
                         net (fo=0)                   0.079     0.079                         u_ddr_memory/u_ddr_bd/design_1_i/ddr4_0/inst/u_ddr4_mem_intfc/u_mig_ddr4_phy/inst/u_ddr4_phy_pll/diff_input_clk.u_ibufg_sys_clk/I
    HPIOBDIFFINBUF_X0Y35 DIFFINBUF (Prop_DIFFINBUF_HPIOBDIFFINBUF_DIFF_IN_P_O)
                                                      0.243     0.322 r                       u_ddr_memory/u_ddr_bd/design_1_i/ddr4_0/inst/u_ddr4_mem_intfc/u_mig_ddr4_phy/inst/u_ddr4_phy_pll/diff_input_clk.u_ibufg_sys_clk/DIFFINBUF_INST/O
                         net (fo=1, routed)           0.040     0.362                         u_ddr_memory/u_ddr_bd/design_1_i/ddr4_0/inst/u_ddr4_mem_intfc/u_mig_ddr4_phy/inst/u_ddr4_phy_pll/diff_input_clk.u_ibufg_sys_clk/OUT
    BA27                 IBUFCTRL (Prop_IBUFCTRL_HPIOB_M_I_O)
                                                      0.000     0.362 r                       u_ddr_memory/u_ddr_bd/design_1_i/ddr4_0/inst/u_ddr4_mem_intfc/u_mig_ddr4_phy/inst/u_ddr4_phy_pll/diff_input_clk.u_ibufg_sys_clk/IBUFCTRL_INST/O
                         net (fo=2, routed)           0.203     0.565                         u_ddr_memory/u_ddr_bd/design_1_i/ddr4_0/inst/u_ddr4_infrastructure/mmcm_clk_in
    MMCM_X0Y1            MMCME4_ADV (Prop_MMCM_CLKIN1_CLKOUT0)
                                                      0.230     0.795 r                       u_ddr_memory/u_ddr_bd/design_1_i/ddr4_0/inst/u_ddr4_infrastructure/gen_mmcme4.u_mmcme_adv_inst/CLKOUT0
                         net (fo=1, routed)           0.146     0.941                         u_ddr_memory/u_ddr_bd/design_1_i/ddr4_0/inst/u_ddr4_infrastructure/mmcm_clkout0
    BUFGCE_X0Y42         BUFGCE (Prop_BUFCE_BUFGCE_I_O)
                                                      0.017     0.958 r                       u_ddr_memory/u_ddr_bd/design_1_i/ddr4_0/inst/u_ddr4_infrastructure/u_bufg_divClk/O
    X4Y3 (CLOCK_ROOT)    net (fo=124013, routed)      1.650     2.608                         u_camera_hdmi/u_camera_subsystem/g_camera_frontend[4].u_camera/ddr4_ui_clk
    SLR Crossing[0->2]   
    BITSLICE_RX_TX_X0Y468
                         FDRE                                         r                       u_camera_hdmi/u_camera_subsystem/g_camera_frontend[4].u_camera/dvp_data_iob_reg[5]/C
  -------------------------------------------------------------------    ----------------------------------------
    BITSLICE_RX_TX_X0Y468
                         FDRE (Prop_IN_FF_BITSLICE_COMPONENT_RX_TX_C_Q)
                                                      0.117     2.725 r                       u_camera_hdmi/u_camera_subsystem/g_camera_frontend[4].u_camera/dvp_data_iob_reg[5]/Q
                         net (fo=1, routed)           0.597     3.322                         u_camera_hdmi/u_camera_subsystem/g_camera_frontend[4].u_camera/dvp_data_iob[5]
    SLICE_X90Y531        FDRE                                         r  pblock_dvp_bridge_slr2
                                                                                              u_camera_hdmi/u_camera_subsystem/g_camera_frontend[4].u_camera/dvp_data_sync_reg[5]/D
  -------------------------------------------------------------------    ----------------------------------------

                         (clock mmcm_clkout0 rise edge)
                                                      0.000     0.000 r                       
    BA27                                              0.000     0.000 r                       c0_sys_clk_p (IN)
                         net (fo=0)                   0.100     0.100                         u_ddr_memory/u_ddr_bd/design_1_i/ddr4_0/inst/u_ddr4_mem_intfc/u_mig_ddr4_phy/inst/u_ddr4_phy_pll/diff_input_clk.u_ibufg_sys_clk/I
    HPIOBDIFFINBUF_X0Y35 DIFFINBUF (Prop_DIFFINBUF_HPIOBDIFFINBUF_DIFF_IN_P_O)
                                                      0.341     0.441 r                       u_ddr_memory/u_ddr_bd/design_1_i/ddr4_0/inst/u_ddr4_mem_intfc/u_mig_ddr4_phy/inst/u_ddr4_phy_pll/diff_input_clk.u_ibufg_sys_clk/DIFFINBUF_INST/O
                         net (fo=1, routed)           0.050     0.491                         u_ddr_memory/u_ddr_bd/design_1_i/ddr4_0/inst/u_ddr4_mem_intfc/u_mig_ddr4_phy/inst/u_ddr4_phy_pll/diff_input_clk.u_ibufg_sys_clk/OUT
    BA27                 IBUFCTRL (Prop_IBUFCTRL_HPIOB_M_I_O)
                                                      0.000     0.491 r                       u_ddr_memory/u_ddr_bd/design_1_i/ddr4_0/inst/u_ddr4_mem_intfc/u_mig_ddr4_phy/inst/u_ddr4_phy_pll/diff_input_clk.u_ibufg_sys_clk/IBUFCTRL_INST/O
                         net (fo=2, routed)           0.230     0.721                         u_ddr_memory/u_ddr_bd/design_1_i/ddr4_0/inst/u_ddr4_infrastructure/mmcm_clk_in
    MMCM_X0Y1            MMCME4_ADV (Prop_MMCM_CLKIN1_CLKOUT0)
                                                     -0.295     0.426 r                       u_ddr_memory/u_ddr_bd/design_1_i/ddr4_0/inst/u_ddr4_infrastructure/gen_mmcme4.u_mmcme_adv_inst/CLKOUT0
                         net (fo=1, routed)           0.166     0.592                         u_ddr_memory/u_ddr_bd/design_1_i/ddr4_0/inst/u_ddr4_infrastructure/mmcm_clkout0
    BUFGCE_X0Y42         BUFGCE (Prop_BUFCE_BUFGCE_I_O)
                                                      0.019     0.611 r                       u_ddr_memory/u_ddr_bd/design_1_i/ddr4_0/inst/u_ddr4_infrastructure/u_bufg_divClk/O
    X4Y3 (CLOCK_ROOT)    net (fo=124013, routed)      2.022     2.633                         u_camera_hdmi/u_camera_subsystem/g_camera_frontend[4].u_camera/ddr4_ui_clk
    SLR Crossing[0->2]   
    SLICE_X90Y531        FDRE                                         r  pblock_dvp_bridge_slr2
                                                                                              u_camera_hdmi/u_camera_subsystem/g_camera_frontend[4].u_camera/dvp_data_sync_reg[5]/C

Slack:                    inf
  Source:                 u_camera_hdmi/u_camera_subsystem/g_camera_frontend[5].u_camera/dvp_data_iob_reg[2]/C
                            (rising edge-triggered cell FDRE clocked by mmcm_clkout0  {rise@0.000ns fall@1.666ns period=3.332ns})
  Destination:            u_camera_hdmi/u_camera_subsystem/g_camera_frontend[5].u_camera/dvp_data_sync_reg[2]/D
                            (rising edge-triggered cell FDRE clocked by mmcm_clkout0  {rise@0.000ns fall@1.666ns period=3.332ns})
  Path Group:             (none)
  Path Type:              Hold (Min at Fast Process Corner)
  Data Path Delay:        0.725ns  (logic 0.148ns (20.414%)  route 0.577ns (79.586%))
  Logic Levels:           0  
  Clock Path Skew:        -0.125ns (DCD - SCD - CPR)
    Destination Clock Delay (DCD):    2.482ns
    Source Clock Delay      (SCD):    2.607ns
    Clock Pessimism Removal (CPR):    -0.000ns
  Clock Uncertainty:      0.052ns  ((TSJ^2 + DJ^2)^1/2) / 2 + PE
    Total System Jitter     (TSJ):    0.071ns
    Discrete Jitter          (DJ):    0.077ns
    Phase Error              (PE):    0.000ns
  Clock Net Delay (Source):      1.649ns (routing 0.490ns, distribution 1.159ns)
  Clock Net Delay (Destination): 1.871ns (routing 0.548ns, distribution 1.323ns)
  Timing Exception:       False Path

    Location             Delay type                Incr(ns)  Path(ns)    PBlock               Netlist Resource(s)
  -------------------------------------------------------------------    ----------------------------------------
                         (clock mmcm_clkout0 rise edge)
                                                      0.000     0.000 r                       
    BA27                                              0.000     0.000 r                       c0_sys_clk_p (IN)
                         net (fo=0)                   0.079     0.079                         u_ddr_memory/u_ddr_bd/design_1_i/ddr4_0/inst/u_ddr4_mem_intfc/u_mig_ddr4_phy/inst/u_ddr4_phy_pll/diff_input_clk.u_ibufg_sys_clk/I
    HPIOBDIFFINBUF_X0Y35 DIFFINBUF (Prop_DIFFINBUF_HPIOBDIFFINBUF_DIFF_IN_P_O)
                                                      0.243     0.322 r                       u_ddr_memory/u_ddr_bd/design_1_i/ddr4_0/inst/u_ddr4_mem_intfc/u_mig_ddr4_phy/inst/u_ddr4_phy_pll/diff_input_clk.u_ibufg_sys_clk/DIFFINBUF_INST/O
                         net (fo=1, routed)           0.040     0.362                         u_ddr_memory/u_ddr_bd/design_1_i/ddr4_0/inst/u_ddr4_mem_intfc/u_mig_ddr4_phy/inst/u_ddr4_phy_pll/diff_input_clk.u_ibufg_sys_clk/OUT
    BA27                 IBUFCTRL (Prop_IBUFCTRL_HPIOB_M_I_O)
                                                      0.000     0.362 r                       u_ddr_memory/u_ddr_bd/design_1_i/ddr4_0/inst/u_ddr4_mem_intfc/u_mig_ddr4_phy/inst/u_ddr4_phy_pll/diff_input_clk.u_ibufg_sys_clk/IBUFCTRL_INST/O
                         net (fo=2, routed)           0.203     0.565                         u_ddr_memory/u_ddr_bd/design_1_i/ddr4_0/inst/u_ddr4_infrastructure/mmcm_clk_in
    MMCM_X0Y1            MMCME4_ADV (Prop_MMCM_CLKIN1_CLKOUT0)
                                                      0.230     0.795 r                       u_ddr_memory/u_ddr_bd/design_1_i/ddr4_0/inst/u_ddr4_infrastructure/gen_mmcme4.u_mmcme_adv_inst/CLKOUT0
                         net (fo=1, routed)           0.146     0.941                         u_ddr_memory/u_ddr_bd/design_1_i/ddr4_0/inst/u_ddr4_infrastructure/mmcm_clkout0
    BUFGCE_X0Y42         BUFGCE (Prop_BUFCE_BUFGCE_I_O)
                                                      0.017     0.958 r                       u_ddr_memory/u_ddr_bd/design_1_i/ddr4_0/inst/u_ddr4_infrastructure/u_bufg_divClk/O
    X4Y3 (CLOCK_ROOT)    net (fo=124013, routed)      1.649     2.607                         u_camera_hdmi/u_camera_subsystem/g_camera_frontend[5].u_camera/ddr4_ui_clk
    SLR Crossing[0->2]   
    BITSLICE_RX_TX_X0Y482
                         FDRE                                         r                       u_camera_hdmi/u_camera_subsystem/g_camera_frontend[5].u_camera/dvp_data_iob_reg[2]/C
  -------------------------------------------------------------------    ----------------------------------------
    BITSLICE_RX_TX_X0Y482
                         FDRE (Prop_IN_FF_BITSLICE_COMPONENT_RX_TX_C_Q)
                                                      0.148     2.755 r                       u_camera_hdmi/u_camera_subsystem/g_camera_frontend[5].u_camera/dvp_data_iob_reg[2]/Q
                         net (fo=1, routed)           0.577     3.332                         u_camera_hdmi/u_camera_subsystem/g_camera_frontend[5].u_camera/dvp_data_iob[2]
    SLICE_X123Y530       FDRE                                         r  pblock_dvp_bridge_slr2
                                                                                              u_camera_hdmi/u_camera_subsystem/g_camera_frontend[5].u_camera/dvp_data_sync_reg[2]/D
  -------------------------------------------------------------------    ----------------------------------------

                         (clock mmcm_clkout0 rise edge)
                                                      0.000     0.000 r                       
    BA27                                              0.000     0.000 r                       c0_sys_clk_p (IN)
                         net (fo=0)                   0.100     0.100                         u_ddr_memory/u_ddr_bd/design_1_i/ddr4_0/inst/u_ddr4_mem_intfc/u_mig_ddr4_phy/inst/u_ddr4_phy_pll/diff_input_clk.u_ibufg_sys_clk/I
    HPIOBDIFFINBUF_X0Y35 DIFFINBUF (Prop_DIFFINBUF_HPIOBDIFFINBUF_DIFF_IN_P_O)
                                                      0.341     0.441 r                       u_ddr_memory/u_ddr_bd/design_1_i/ddr4_0/inst/u_ddr4_mem_intfc/u_mig_ddr4_phy/inst/u_ddr4_phy_pll/diff_input_clk.u_ibufg_sys_clk/DIFFINBUF_INST/O
                         net (fo=1, routed)           0.050     0.491                         u_ddr_memory/u_ddr_bd/design_1_i/ddr4_0/inst/u_ddr4_mem_intfc/u_mig_ddr4_phy/inst/u_ddr4_phy_pll/diff_input_clk.u_ibufg_sys_clk/OUT
    BA27                 IBUFCTRL (Prop_IBUFCTRL_HPIOB_M_I_O)
                                                      0.000     0.491 r                       u_ddr_memory/u_ddr_bd/design_1_i/ddr4_0/inst/u_ddr4_mem_intfc/u_mig_ddr4_phy/inst/u_ddr4_phy_pll/diff_input_clk.u_ibufg_sys_clk/IBUFCTRL_INST/O
                         net (fo=2, routed)           0.230     0.721                         u_ddr_memory/u_ddr_bd/design_1_i/ddr4_0/inst/u_ddr4_infrastructure/mmcm_clk_in
    MMCM_X0Y1            MMCME4_ADV (Prop_MMCM_CLKIN1_CLKOUT0)
                                                     -0.295     0.426 r                       u_ddr_memory/u_ddr_bd/design_1_i/ddr4_0/inst/u_ddr4_infrastructure/gen_mmcme4.u_mmcme_adv_inst/CLKOUT0
                         net (fo=1, routed)           0.166     0.592                         u_ddr_memory/u_ddr_bd/design_1_i/ddr4_0/inst/u_ddr4_infrastructure/mmcm_clkout0
    BUFGCE_X0Y42         BUFGCE (Prop_BUFCE_BUFGCE_I_O)
                                                      0.019     0.611 r                       u_ddr_memory/u_ddr_bd/design_1_i/ddr4_0/inst/u_ddr4_infrastructure/u_bufg_divClk/O
    X4Y3 (CLOCK_ROOT)    net (fo=124013, routed)      1.871     2.482                         u_camera_hdmi/u_camera_subsystem/g_camera_frontend[5].u_camera/ddr4_ui_clk
    SLR Crossing[0->2]   
    SLICE_X123Y530       FDRE                                         r  pblock_dvp_bridge_slr2
                                                                                              u_camera_hdmi/u_camera_subsystem/g_camera_frontend[5].u_camera/dvp_data_sync_reg[2]/C

Slack:                    inf
  Source:                 u_camera_hdmi/u_camera_subsystem/g_camera_frontend[4].u_camera/dvp_data_iob_reg[4]/C
                            (rising edge-triggered cell FDRE clocked by mmcm_clkout0  {rise@0.000ns fall@1.666ns period=3.332ns})
  Destination:            u_camera_hdmi/u_camera_subsystem/g_camera_frontend[4].u_camera/dvp_data_sync_reg[4]/D
                            (rising edge-triggered cell FDRE clocked by mmcm_clkout0  {rise@0.000ns fall@1.666ns period=3.332ns})
  Path Group:             (none)
  Path Type:              Hold (Min at Fast Process Corner)
  Data Path Delay:        0.728ns  (logic 0.148ns (20.330%)  route 0.580ns (79.670%))
  Logic Levels:           0  
  Clock Path Skew:        -0.027ns (DCD - SCD - CPR)
    Destination Clock Delay (DCD):    2.580ns
    Source Clock Delay      (SCD):    2.607ns
    Clock Pessimism Removal (CPR):    -0.000ns
  Clock Uncertainty:      0.052ns  ((TSJ^2 + DJ^2)^1/2) / 2 + PE
    Total System Jitter     (TSJ):    0.071ns
    Discrete Jitter          (DJ):    0.077ns
    Phase Error              (PE):    0.000ns
  Clock Net Delay (Source):      1.649ns (routing 0.490ns, distribution 1.159ns)
  Clock Net Delay (Destination): 1.969ns (routing 0.548ns, distribution 1.421ns)
  Timing Exception:       False Path

    Location             Delay type                Incr(ns)  Path(ns)    PBlock               Netlist Resource(s)
  -------------------------------------------------------------------    ----------------------------------------
                         (clock mmcm_clkout0 rise edge)
                                                      0.000     0.000 r                       
    BA27                                              0.000     0.000 r                       c0_sys_clk_p (IN)
                         net (fo=0)                   0.079     0.079                         u_ddr_memory/u_ddr_bd/design_1_i/ddr4_0/inst/u_ddr4_mem_intfc/u_mig_ddr4_phy/inst/u_ddr4_phy_pll/diff_input_clk.u_ibufg_sys_clk/I
    HPIOBDIFFINBUF_X0Y35 DIFFINBUF (Prop_DIFFINBUF_HPIOBDIFFINBUF_DIFF_IN_P_O)
                                                      0.243     0.322 r                       u_ddr_memory/u_ddr_bd/design_1_i/ddr4_0/inst/u_ddr4_mem_intfc/u_mig_ddr4_phy/inst/u_ddr4_phy_pll/diff_input_clk.u_ibufg_sys_clk/DIFFINBUF_INST/O
                         net (fo=1, routed)           0.040     0.362                         u_ddr_memory/u_ddr_bd/design_1_i/ddr4_0/inst/u_ddr4_mem_intfc/u_mig_ddr4_phy/inst/u_ddr4_phy_pll/diff_input_clk.u_ibufg_sys_clk/OUT
    BA27                 IBUFCTRL (Prop_IBUFCTRL_HPIOB_M_I_O)
                                                      0.000     0.362 r                       u_ddr_memory/u_ddr_bd/design_1_i/ddr4_0/inst/u_ddr4_mem_intfc/u_mig_ddr4_phy/inst/u_ddr4_phy_pll/diff_input_clk.u_ibufg_sys_clk/IBUFCTRL_INST/O
                         net (fo=2, routed)           0.203     0.565                         u_ddr_memory/u_ddr_bd/design_1_i/ddr4_0/inst/u_ddr4_infrastructure/mmcm_clk_in
    MMCM_X0Y1            MMCME4_ADV (Prop_MMCM_CLKIN1_CLKOUT0)
                                                      0.230     0.795 r                       u_ddr_memory/u_ddr_bd/design_1_i/ddr4_0/inst/u_ddr4_infrastructure/gen_mmcme4.u_mmcme_adv_inst/CLKOUT0
                         net (fo=1, routed)           0.146     0.941                         u_ddr_memory/u_ddr_bd/design_1_i/ddr4_0/inst/u_ddr4_infrastructure/mmcm_clkout0
    BUFGCE_X0Y42         BUFGCE (Prop_BUFCE_BUFGCE_I_O)
                                                      0.017     0.958 r                       u_ddr_memory/u_ddr_bd/design_1_i/ddr4_0/inst/u_ddr4_infrastructure/u_bufg_divClk/O
    X4Y3 (CLOCK_ROOT)    net (fo=124013, routed)      1.649     2.607                         u_camera_hdmi/u_camera_subsystem/g_camera_frontend[4].u_camera/ddr4_ui_clk
    SLR Crossing[0->2]   
    BITSLICE_RX_TX_X0Y469
                         FDRE                                         r                       u_camera_hdmi/u_camera_subsystem/g_camera_frontend[4].u_camera/dvp_data_iob_reg[4]/C
  -------------------------------------------------------------------    ----------------------------------------
    BITSLICE_RX_TX_X0Y469
                         FDRE (Prop_IN_FF_BITSLICE_COMPONENT_RX_TX_C_Q)
                                                      0.148     2.755 r                       u_camera_hdmi/u_camera_subsystem/g_camera_frontend[4].u_camera/dvp_data_iob_reg[4]/Q
                         net (fo=1, routed)           0.580     3.335                         u_camera_hdmi/u_camera_subsystem/g_camera_frontend[4].u_camera/dvp_data_iob[4]
    SLICE_X107Y531       FDRE                                         r  pblock_dvp_bridge_slr2
                                                                                              u_camera_hdmi/u_camera_subsystem/g_camera_frontend[4].u_camera/dvp_data_sync_reg[4]/D
  -------------------------------------------------------------------    ----------------------------------------

                         (clock mmcm_clkout0 rise edge)
                                                      0.000     0.000 r                       
    BA27                                              0.000     0.000 r                       c0_sys_clk_p (IN)
                         net (fo=0)                   0.100     0.100                         u_ddr_memory/u_ddr_bd/design_1_i/ddr4_0/inst/u_ddr4_mem_intfc/u_mig_ddr4_phy/inst/u_ddr4_phy_pll/diff_input_clk.u_ibufg_sys_clk/I
    HPIOBDIFFINBUF_X0Y35 DIFFINBUF (Prop_DIFFINBUF_HPIOBDIFFINBUF_DIFF_IN_P_O)
                                                      0.341     0.441 r                       u_ddr_memory/u_ddr_bd/design_1_i/ddr4_0/inst/u_ddr4_mem_intfc/u_mig_ddr4_phy/inst/u_ddr4_phy_pll/diff_input_clk.u_ibufg_sys_clk/DIFFINBUF_INST/O
                         net (fo=1, routed)           0.050     0.491                         u_ddr_memory/u_ddr_bd/design_1_i/ddr4_0/inst/u_ddr4_mem_intfc/u_mig_ddr4_phy/inst/u_ddr4_phy_pll/diff_input_clk.u_ibufg_sys_clk/OUT
    BA27                 IBUFCTRL (Prop_IBUFCTRL_HPIOB_M_I_O)
                                                      0.000     0.491 r                       u_ddr_memory/u_ddr_bd/design_1_i/ddr4_0/inst/u_ddr4_mem_intfc/u_mig_ddr4_phy/inst/u_ddr4_phy_pll/diff_input_clk.u_ibufg_sys_clk/IBUFCTRL_INST/O
                         net (fo=2, routed)           0.230     0.721                         u_ddr_memory/u_ddr_bd/design_1_i/ddr4_0/inst/u_ddr4_infrastructure/mmcm_clk_in
    MMCM_X0Y1            MMCME4_ADV (Prop_MMCM_CLKIN1_CLKOUT0)
                                                     -0.295     0.426 r                       u_ddr_memory/u_ddr_bd/design_1_i/ddr4_0/inst/u_ddr4_infrastructure/gen_mmcme4.u_mmcme_adv_inst/CLKOUT0
                         net (fo=1, routed)           0.166     0.592                         u_ddr_memory/u_ddr_bd/design_1_i/ddr4_0/inst/u_ddr4_infrastructure/mmcm_clkout0
    BUFGCE_X0Y42         BUFGCE (Prop_BUFCE_BUFGCE_I_O)
                                                      0.019     0.611 r                       u_ddr_memory/u_ddr_bd/design_1_i/ddr4_0/inst/u_ddr4_infrastructure/u_bufg_divClk/O
    X4Y3 (CLOCK_ROOT)    net (fo=124013, routed)      1.969     2.580                         u_camera_hdmi/u_camera_subsystem/g_camera_frontend[4].u_camera/ddr4_ui_clk
    SLR Crossing[0->2]   
    SLICE_X107Y531       FDRE                                         r  pblock_dvp_bridge_slr2
                                                                                              u_camera_hdmi/u_camera_subsystem/g_camera_frontend[4].u_camera/dvp_data_sync_reg[4]/C

Slack:                    inf
  Source:                 u_camera_hdmi/u_camera_subsystem/g_camera_frontend[7].u_camera/dvp_pclk_iob_reg/C
                            (rising edge-triggered cell FDRE clocked by mmcm_clkout0  {rise@0.000ns fall@1.666ns period=3.332ns})
  Destination:            u_camera_hdmi/u_camera_subsystem/g_camera_frontend[7].u_camera/dvp_pclk_sync_reg/D
                            (rising edge-triggered cell FDRE clocked by mmcm_clkout0  {rise@0.000ns fall@1.666ns period=3.332ns})
  Path Group:             (none)
  Path Type:              Hold (Min at Fast Process Corner)
  Data Path Delay:        0.736ns  (logic 0.199ns (27.038%)  route 0.537ns (72.962%))
  Logic Levels:           0  
  Clock Path Skew:        -0.018ns (DCD - SCD - CPR)
    Destination Clock Delay (DCD):    2.587ns
    Source Clock Delay      (SCD):    2.605ns
    Clock Pessimism Removal (CPR):    -0.000ns
  Clock Uncertainty:      0.052ns  ((TSJ^2 + DJ^2)^1/2) / 2 + PE
    Total System Jitter     (TSJ):    0.071ns
    Discrete Jitter          (DJ):    0.077ns
    Phase Error              (PE):    0.000ns
  Clock Net Delay (Source):      1.647ns (routing 0.490ns, distribution 1.157ns)
  Clock Net Delay (Destination): 1.976ns (routing 0.548ns, distribution 1.428ns)
  Timing Exception:       False Path

    Location             Delay type                Incr(ns)  Path(ns)    PBlock               Netlist Resource(s)
  -------------------------------------------------------------------    ----------------------------------------
                         (clock mmcm_clkout0 rise edge)
                                                      0.000     0.000 r                       
    BA27                                              0.000     0.000 r                       c0_sys_clk_p (IN)
                         net (fo=0)                   0.079     0.079                         u_ddr_memory/u_ddr_bd/design_1_i/ddr4_0/inst/u_ddr4_mem_intfc/u_mig_ddr4_phy/inst/u_ddr4_phy_pll/diff_input_clk.u_ibufg_sys_clk/I
    HPIOBDIFFINBUF_X0Y35 DIFFINBUF (Prop_DIFFINBUF_HPIOBDIFFINBUF_DIFF_IN_P_O)
                                                      0.243     0.322 r                       u_ddr_memory/u_ddr_bd/design_1_i/ddr4_0/inst/u_ddr4_mem_intfc/u_mig_ddr4_phy/inst/u_ddr4_phy_pll/diff_input_clk.u_ibufg_sys_clk/DIFFINBUF_INST/O
                         net (fo=1, routed)           0.040     0.362                         u_ddr_memory/u_ddr_bd/design_1_i/ddr4_0/inst/u_ddr4_mem_intfc/u_mig_ddr4_phy/inst/u_ddr4_phy_pll/diff_input_clk.u_ibufg_sys_clk/OUT
    BA27                 IBUFCTRL (Prop_IBUFCTRL_HPIOB_M_I_O)
                                                      0.000     0.362 r                       u_ddr_memory/u_ddr_bd/design_1_i/ddr4_0/inst/u_ddr4_mem_intfc/u_mig_ddr4_phy/inst/u_ddr4_phy_pll/diff_input_clk.u_ibufg_sys_clk/IBUFCTRL_INST/O
                         net (fo=2, routed)           0.203     0.565                         u_ddr_memory/u_ddr_bd/design_1_i/ddr4_0/inst/u_ddr4_infrastructure/mmcm_clk_in
    MMCM_X0Y1            MMCME4_ADV (Prop_MMCM_CLKIN1_CLKOUT0)
                                                      0.230     0.795 r                       u_ddr_memory/u_ddr_bd/design_1_i/ddr4_0/inst/u_ddr4_infrastructure/gen_mmcme4.u_mmcme_adv_inst/CLKOUT0
                         net (fo=1, routed)           0.146     0.941                         u_ddr_memory/u_ddr_bd/design_1_i/ddr4_0/inst/u_ddr4_infrastructure/mmcm_clkout0
    BUFGCE_X0Y42         BUFGCE (Prop_BUFCE_BUFGCE_I_O)
                                                      0.017     0.958 r                       u_ddr_memory/u_ddr_bd/design_1_i/ddr4_0/inst/u_ddr4_infrastructure/u_bufg_divClk/O
    X4Y3 (CLOCK_ROOT)    net (fo=124013, routed)      1.647     2.605                         u_camera_hdmi/u_camera_subsystem/g_camera_frontend[7].u_camera/ddr4_ui_clk
    SLR Crossing[0->2]   
    BITSLICE_RX_TX_X0Y439
                         FDRE                                         r                       u_camera_hdmi/u_camera_subsystem/g_camera_frontend[7].u_camera/dvp_pclk_iob_reg/C
  -------------------------------------------------------------------    ----------------------------------------
    BITSLICE_RX_TX_X0Y439
                         FDRE (Prop_IN_FF_BITSLICE_COMPONENT_RX_TX_C_Q)
                                                      0.199     2.804 r                       u_camera_hdmi/u_camera_subsystem/g_camera_frontend[7].u_camera/dvp_pclk_iob_reg/Q
                         net (fo=1, routed)           0.537     3.341                         u_camera_hdmi/u_camera_subsystem/g_camera_frontend[7].u_camera/dvp_pclk_iob
    SLICE_X102Y495       FDRE                                         r  pblock_dvp_bridge_slr2
                                                                                              u_camera_hdmi/u_camera_subsystem/g_camera_frontend[7].u_camera/dvp_pclk_sync_reg/D
  -------------------------------------------------------------------    ----------------------------------------

                         (clock mmcm_clkout0 rise edge)
                                                      0.000     0.000 r                       
    BA27                                              0.000     0.000 r                       c0_sys_clk_p (IN)
                         net (fo=0)                   0.100     0.100                         u_ddr_memory/u_ddr_bd/design_1_i/ddr4_0/inst/u_ddr4_mem_intfc/u_mig_ddr4_phy/inst/u_ddr4_phy_pll/diff_input_clk.u_ibufg_sys_clk/I
    HPIOBDIFFINBUF_X0Y35 DIFFINBUF (Prop_DIFFINBUF_HPIOBDIFFINBUF_DIFF_IN_P_O)
                                                      0.341     0.441 r                       u_ddr_memory/u_ddr_bd/design_1_i/ddr4_0/inst/u_ddr4_mem_intfc/u_mig_ddr4_phy/inst/u_ddr4_phy_pll/diff_input_clk.u_ibufg_sys_clk/DIFFINBUF_INST/O
                         net (fo=1, routed)           0.050     0.491                         u_ddr_memory/u_ddr_bd/design_1_i/ddr4_0/inst/u_ddr4_mem_intfc/u_mig_ddr4_phy/inst/u_ddr4_phy_pll/diff_input_clk.u_ibufg_sys_clk/OUT
    BA27                 IBUFCTRL (Prop_IBUFCTRL_HPIOB_M_I_O)
                                                      0.000     0.491 r                       u_ddr_memory/u_ddr_bd/design_1_i/ddr4_0/inst/u_ddr4_mem_intfc/u_mig_ddr4_phy/inst/u_ddr4_phy_pll/diff_input_clk.u_ibufg_sys_clk/IBUFCTRL_INST/O
                         net (fo=2, routed)           0.230     0.721                         u_ddr_memory/u_ddr_bd/design_1_i/ddr4_0/inst/u_ddr4_infrastructure/mmcm_clk_in
    MMCM_X0Y1            MMCME4_ADV (Prop_MMCM_CLKIN1_CLKOUT0)
                                                     -0.295     0.426 r                       u_ddr_memory/u_ddr_bd/design_1_i/ddr4_0/inst/u_ddr4_infrastructure/gen_mmcme4.u_mmcme_adv_inst/CLKOUT0
                         net (fo=1, routed)           0.166     0.592                         u_ddr_memory/u_ddr_bd/design_1_i/ddr4_0/inst/u_ddr4_infrastructure/mmcm_clkout0
    BUFGCE_X0Y42         BUFGCE (Prop_BUFCE_BUFGCE_I_O)
                                                      0.019     0.611 r                       u_ddr_memory/u_ddr_bd/design_1_i/ddr4_0/inst/u_ddr4_infrastructure/u_bufg_divClk/O
    X4Y3 (CLOCK_ROOT)    net (fo=124013, routed)      1.976     2.587                         u_camera_hdmi/u_camera_subsystem/g_camera_frontend[7].u_camera/ddr4_ui_clk
    SLR Crossing[0->2]   
    SLICE_X102Y495       FDRE                                         r  pblock_dvp_bridge_slr2
                                                                                              u_camera_hdmi/u_camera_subsystem/g_camera_frontend[7].u_camera/dvp_pclk_sync_reg/C

Slack:                    inf
  Source:                 u_camera_hdmi/u_camera_subsystem/g_camera_frontend[7].u_camera/dvp_href_iob_reg/C
                            (rising edge-triggered cell FDRE clocked by mmcm_clkout0  {rise@0.000ns fall@1.666ns period=3.332ns})
  Destination:            u_camera_hdmi/u_camera_subsystem/g_camera_frontend[7].u_camera/dvp_href_sync_reg/D
                            (rising edge-triggered cell FDRE clocked by mmcm_clkout0  {rise@0.000ns fall@1.666ns period=3.332ns})
  Path Group:             (none)
  Path Type:              Hold (Min at Fast Process Corner)
  Data Path Delay:        0.727ns  (logic 0.154ns (21.183%)  route 0.573ns (78.817%))
  Logic Levels:           0  
  Clock Path Skew:        -0.033ns (DCD - SCD - CPR)
    Destination Clock Delay (DCD):    2.590ns
    Source Clock Delay      (SCD):    2.623ns
    Clock Pessimism Removal (CPR):    -0.000ns
  Clock Uncertainty:      0.052ns  ((TSJ^2 + DJ^2)^1/2) / 2 + PE
    Total System Jitter     (TSJ):    0.071ns
    Discrete Jitter          (DJ):    0.077ns
    Phase Error              (PE):    0.000ns
  Clock Net Delay (Source):      1.665ns (routing 0.490ns, distribution 1.175ns)
  Clock Net Delay (Destination): 1.979ns (routing 0.548ns, distribution 1.431ns)
  Timing Exception:       False Path

    Location             Delay type                Incr(ns)  Path(ns)    PBlock               Netlist Resource(s)
  -------------------------------------------------------------------    ----------------------------------------
                         (clock mmcm_clkout0 rise edge)
                                                      0.000     0.000 r                       
    BA27                                              0.000     0.000 r                       c0_sys_clk_p (IN)
                         net (fo=0)                   0.079     0.079                         u_ddr_memory/u_ddr_bd/design_1_i/ddr4_0/inst/u_ddr4_mem_intfc/u_mig_ddr4_phy/inst/u_ddr4_phy_pll/diff_input_clk.u_ibufg_sys_clk/I
    HPIOBDIFFINBUF_X0Y35 DIFFINBUF (Prop_DIFFINBUF_HPIOBDIFFINBUF_DIFF_IN_P_O)
                                                      0.243     0.322 r                       u_ddr_memory/u_ddr_bd/design_1_i/ddr4_0/inst/u_ddr4_mem_intfc/u_mig_ddr4_phy/inst/u_ddr4_phy_pll/diff_input_clk.u_ibufg_sys_clk/DIFFINBUF_INST/O
                         net (fo=1, routed)           0.040     0.362                         u_ddr_memory/u_ddr_bd/design_1_i/ddr4_0/inst/u_ddr4_mem_intfc/u_mig_ddr4_phy/inst/u_ddr4_phy_pll/diff_input_clk.u_ibufg_sys_clk/OUT
    BA27                 IBUFCTRL (Prop_IBUFCTRL_HPIOB_M_I_O)
                                                      0.000     0.362 r                       u_ddr_memory/u_ddr_bd/design_1_i/ddr4_0/inst/u_ddr4_mem_intfc/u_mig_ddr4_phy/inst/u_ddr4_phy_pll/diff_input_clk.u_ibufg_sys_clk/IBUFCTRL_INST/O
                         net (fo=2, routed)           0.203     0.565                         u_ddr_memory/u_ddr_bd/design_1_i/ddr4_0/inst/u_ddr4_infrastructure/mmcm_clk_in
    MMCM_X0Y1            MMCME4_ADV (Prop_MMCM_CLKIN1_CLKOUT0)
                                                      0.230     0.795 r                       u_ddr_memory/u_ddr_bd/design_1_i/ddr4_0/inst/u_ddr4_infrastructure/gen_mmcme4.u_mmcme_adv_inst/CLKOUT0
                         net (fo=1, routed)           0.146     0.941                         u_ddr_memory/u_ddr_bd/design_1_i/ddr4_0/inst/u_ddr4_infrastructure/mmcm_clkout0
    BUFGCE_X0Y42         BUFGCE (Prop_BUFCE_BUFGCE_I_O)
                                                      0.017     0.958 r                       u_ddr_memory/u_ddr_bd/design_1_i/ddr4_0/inst/u_ddr4_infrastructure/u_bufg_divClk/O
    X4Y3 (CLOCK_ROOT)    net (fo=124013, routed)      1.665     2.623                         u_camera_hdmi/u_camera_subsystem/g_camera_frontend[7].u_camera/ddr4_ui_clk
    SLR Crossing[0->2]   
    BITSLICE_RX_TX_X0Y424
                         FDRE                                         r                       u_camera_hdmi/u_camera_subsystem/g_camera_frontend[7].u_camera/dvp_href_iob_reg/C
  -------------------------------------------------------------------    ----------------------------------------
    BITSLICE_RX_TX_X0Y424
                         FDRE (Prop_IN_FF_BITSLICE_COMPONENT_RX_TX_C_Q)
                                                      0.154     2.777 r                       u_camera_hdmi/u_camera_subsystem/g_camera_frontend[7].u_camera/dvp_href_iob_reg/Q
                         net (fo=1, routed)           0.573     3.350                         u_camera_hdmi/u_camera_subsystem/g_camera_frontend[7].u_camera/dvp_href_iob
    SLICE_X102Y480       FDRE                                         r  pblock_dvp_bridge_slr2
                                                                                              u_camera_hdmi/u_camera_subsystem/g_camera_frontend[7].u_camera/dvp_href_sync_reg/D
  -------------------------------------------------------------------    ----------------------------------------

                         (clock mmcm_clkout0 rise edge)
                                                      0.000     0.000 r                       
    BA27                                              0.000     0.000 r                       c0_sys_clk_p (IN)
                         net (fo=0)                   0.100     0.100                         u_ddr_memory/u_ddr_bd/design_1_i/ddr4_0/inst/u_ddr4_mem_intfc/u_mig_ddr4_phy/inst/u_ddr4_phy_pll/diff_input_clk.u_ibufg_sys_clk/I
    HPIOBDIFFINBUF_X0Y35 DIFFINBUF (Prop_DIFFINBUF_HPIOBDIFFINBUF_DIFF_IN_P_O)
                                                      0.341     0.441 r                       u_ddr_memory/u_ddr_bd/design_1_i/ddr4_0/inst/u_ddr4_mem_intfc/u_mig_ddr4_phy/inst/u_ddr4_phy_pll/diff_input_clk.u_ibufg_sys_clk/DIFFINBUF_INST/O
                         net (fo=1, routed)           0.050     0.491                         u_ddr_memory/u_ddr_bd/design_1_i/ddr4_0/inst/u_ddr4_mem_intfc/u_mig_ddr4_phy/inst/u_ddr4_phy_pll/diff_input_clk.u_ibufg_sys_clk/OUT
    BA27                 IBUFCTRL (Prop_IBUFCTRL_HPIOB_M_I_O)
                                                      0.000     0.491 r                       u_ddr_memory/u_ddr_bd/design_1_i/ddr4_0/inst/u_ddr4_mem_intfc/u_mig_ddr4_phy/inst/u_ddr4_phy_pll/diff_input_clk.u_ibufg_sys_clk/IBUFCTRL_INST/O
                         net (fo=2, routed)           0.230     0.721                         u_ddr_memory/u_ddr_bd/design_1_i/ddr4_0/inst/u_ddr4_infrastructure/mmcm_clk_in
    MMCM_X0Y1            MMCME4_ADV (Prop_MMCM_CLKIN1_CLKOUT0)
                                                     -0.295     0.426 r                       u_ddr_memory/u_ddr_bd/design_1_i/ddr4_0/inst/u_ddr4_infrastructure/gen_mmcme4.u_mmcme_adv_inst/CLKOUT0
                         net (fo=1, routed)           0.166     0.592                         u_ddr_memory/u_ddr_bd/design_1_i/ddr4_0/inst/u_ddr4_infrastructure/mmcm_clkout0
    BUFGCE_X0Y42         BUFGCE (Prop_BUFCE_BUFGCE_I_O)
                                                      0.019     0.611 r                       u_ddr_memory/u_ddr_bd/design_1_i/ddr4_0/inst/u_ddr4_infrastructure/u_bufg_divClk/O
    X4Y3 (CLOCK_ROOT)    net (fo=124013, routed)      1.979     2.590                         u_camera_hdmi/u_camera_subsystem/g_camera_frontend[7].u_camera/ddr4_ui_clk
    SLR Crossing[0->2]   
    SLICE_X102Y480       FDRE                                         r  pblock_dvp_bridge_slr2
                                                                                              u_camera_hdmi/u_camera_subsystem/g_camera_frontend[7].u_camera/dvp_href_sync_reg/C

Slack:                    inf
  Source:                 u_camera_hdmi/u_camera_subsystem/g_camera_frontend[7].u_camera/dvp_data_iob_reg[4]/C
                            (rising edge-triggered cell FDRE clocked by mmcm_clkout0  {rise@0.000ns fall@1.666ns period=3.332ns})
  Destination:            u_camera_hdmi/u_camera_subsystem/g_camera_frontend[7].u_camera/dvp_data_sync_reg[4]/D
                            (rising edge-triggered cell FDRE clocked by mmcm_clkout0  {rise@0.000ns fall@1.666ns period=3.332ns})
  Path Group:             (none)
  Path Type:              Hold (Min at Fast Process Corner)
  Data Path Delay:        0.769ns  (logic 0.124ns (16.125%)  route 0.645ns (83.875%))
  Logic Levels:           0  
  Clock Path Skew:        -0.004ns (DCD - SCD - CPR)
    Destination Clock Delay (DCD):    2.590ns
    Source Clock Delay      (SCD):    2.594ns
    Clock Pessimism Removal (CPR):    -0.000ns
  Clock Uncertainty:      0.052ns  ((TSJ^2 + DJ^2)^1/2) / 2 + PE
    Total System Jitter     (TSJ):    0.071ns
    Discrete Jitter          (DJ):    0.077ns
    Phase Error              (PE):    0.000ns
  Clock Net Delay (Source):      1.636ns (routing 0.490ns, distribution 1.146ns)
  Clock Net Delay (Destination): 1.979ns (routing 0.548ns, distribution 1.431ns)
  Timing Exception:       False Path

    Location             Delay type                Incr(ns)  Path(ns)    PBlock               Netlist Resource(s)
  -------------------------------------------------------------------    ----------------------------------------
                         (clock mmcm_clkout0 rise edge)
                                                      0.000     0.000 r                       
    BA27                                              0.000     0.000 r                       c0_sys_clk_p (IN)
                         net (fo=0)                   0.079     0.079                         u_ddr_memory/u_ddr_bd/design_1_i/ddr4_0/inst/u_ddr4_mem_intfc/u_mig_ddr4_phy/inst/u_ddr4_phy_pll/diff_input_clk.u_ibufg_sys_clk/I
    HPIOBDIFFINBUF_X0Y35 DIFFINBUF (Prop_DIFFINBUF_HPIOBDIFFINBUF_DIFF_IN_P_O)
                                                      0.243     0.322 r                       u_ddr_memory/u_ddr_bd/design_1_i/ddr4_0/inst/u_ddr4_mem_intfc/u_mig_ddr4_phy/inst/u_ddr4_phy_pll/diff_input_clk.u_ibufg_sys_clk/DIFFINBUF_INST/O
                         net (fo=1, routed)           0.040     0.362                         u_ddr_memory/u_ddr_bd/design_1_i/ddr4_0/inst/u_ddr4_mem_intfc/u_mig_ddr4_phy/inst/u_ddr4_phy_pll/diff_input_clk.u_ibufg_sys_clk/OUT
    BA27                 IBUFCTRL (Prop_IBUFCTRL_HPIOB_M_I_O)
                                                      0.000     0.362 r                       u_ddr_memory/u_ddr_bd/design_1_i/ddr4_0/inst/u_ddr4_mem_intfc/u_mig_ddr4_phy/inst/u_ddr4_phy_pll/diff_input_clk.u_ibufg_sys_clk/IBUFCTRL_INST/O
                         net (fo=2, routed)           0.203     0.565                         u_ddr_memory/u_ddr_bd/design_1_i/ddr4_0/inst/u_ddr4_infrastructure/mmcm_clk_in
    MMCM_X0Y1            MMCME4_ADV (Prop_MMCM_CLKIN1_CLKOUT0)
                                                      0.230     0.795 r                       u_ddr_memory/u_ddr_bd/design_1_i/ddr4_0/inst/u_ddr4_infrastructure/gen_mmcme4.u_mmcme_adv_inst/CLKOUT0
                         net (fo=1, routed)           0.146     0.941                         u_ddr_memory/u_ddr_bd/design_1_i/ddr4_0/inst/u_ddr4_infrastructure/mmcm_clkout0
    BUFGCE_X0Y42         BUFGCE (Prop_BUFCE_BUFGCE_I_O)
                                                      0.017     0.958 r                       u_ddr_memory/u_ddr_bd/design_1_i/ddr4_0/inst/u_ddr4_infrastructure/u_bufg_divClk/O
    X4Y3 (CLOCK_ROOT)    net (fo=124013, routed)      1.636     2.594                         u_camera_hdmi/u_camera_subsystem/g_camera_frontend[7].u_camera/ddr4_ui_clk
    SLR Crossing[0->2]   
    BITSLICE_RX_TX_X0Y422
                         FDRE                                         r                       u_camera_hdmi/u_camera_subsystem/g_camera_frontend[7].u_camera/dvp_data_iob_reg[4]/C
  -------------------------------------------------------------------    ----------------------------------------
    BITSLICE_RX_TX_X0Y422
                         FDRE (Prop_IN_FF_BITSLICE_COMPONENT_RX_TX_C_Q)
                                                      0.124     2.718 r                       u_camera_hdmi/u_camera_subsystem/g_camera_frontend[7].u_camera/dvp_data_iob_reg[4]/Q
                         net (fo=1, routed)           0.645     3.363                         u_camera_hdmi/u_camera_subsystem/g_camera_frontend[7].u_camera/dvp_data_iob[4]
    SLICE_X102Y480       FDRE                                         r  pblock_dvp_bridge_slr2
                                                                                              u_camera_hdmi/u_camera_subsystem/g_camera_frontend[7].u_camera/dvp_data_sync_reg[4]/D
  -------------------------------------------------------------------    ----------------------------------------

                         (clock mmcm_clkout0 rise edge)
                                                      0.000     0.000 r                       
    BA27                                              0.000     0.000 r                       c0_sys_clk_p (IN)
                         net (fo=0)                   0.100     0.100                         u_ddr_memory/u_ddr_bd/design_1_i/ddr4_0/inst/u_ddr4_mem_intfc/u_mig_ddr4_phy/inst/u_ddr4_phy_pll/diff_input_clk.u_ibufg_sys_clk/I
    HPIOBDIFFINBUF_X0Y35 DIFFINBUF (Prop_DIFFINBUF_HPIOBDIFFINBUF_DIFF_IN_P_O)
                                                      0.341     0.441 r                       u_ddr_memory/u_ddr_bd/design_1_i/ddr4_0/inst/u_ddr4_mem_intfc/u_mig_ddr4_phy/inst/u_ddr4_phy_pll/diff_input_clk.u_ibufg_sys_clk/DIFFINBUF_INST/O
                         net (fo=1, routed)           0.050     0.491                         u_ddr_memory/u_ddr_bd/design_1_i/ddr4_0/inst/u_ddr4_mem_intfc/u_mig_ddr4_phy/inst/u_ddr4_phy_pll/diff_input_clk.u_ibufg_sys_clk/OUT
    BA27                 IBUFCTRL (Prop_IBUFCTRL_HPIOB_M_I_O)
                                                      0.000     0.491 r                       u_ddr_memory/u_ddr_bd/design_1_i/ddr4_0/inst/u_ddr4_mem_intfc/u_mig_ddr4_phy/inst/u_ddr4_phy_pll/diff_input_clk.u_ibufg_sys_clk/IBUFCTRL_INST/O
                         net (fo=2, routed)           0.230     0.721                         u_ddr_memory/u_ddr_bd/design_1_i/ddr4_0/inst/u_ddr4_infrastructure/mmcm_clk_in
    MMCM_X0Y1            MMCME4_ADV (Prop_MMCM_CLKIN1_CLKOUT0)
                                                     -0.295     0.426 r                       u_ddr_memory/u_ddr_bd/design_1_i/ddr4_0/inst/u_ddr4_infrastructure/gen_mmcme4.u_mmcme_adv_inst/CLKOUT0
                         net (fo=1, routed)           0.166     0.592                         u_ddr_memory/u_ddr_bd/design_1_i/ddr4_0/inst/u_ddr4_infrastructure/mmcm_clkout0
    BUFGCE_X0Y42         BUFGCE (Prop_BUFCE_BUFGCE_I_O)
                                                      0.019     0.611 r                       u_ddr_memory/u_ddr_bd/design_1_i/ddr4_0/inst/u_ddr4_infrastructure/u_bufg_divClk/O
    X4Y3 (CLOCK_ROOT)    net (fo=124013, routed)      1.979     2.590                         u_camera_hdmi/u_camera_subsystem/g_camera_frontend[7].u_camera/ddr4_ui_clk
    SLR Crossing[0->2]   
    SLICE_X102Y480       FDRE                                         r  pblock_dvp_bridge_slr2
                                                                                              u_camera_hdmi/u_camera_subsystem/g_camera_frontend[7].u_camera/dvp_data_sync_reg[4]/C

Slack:                    inf
  Source:                 u_camera_hdmi/u_camera_subsystem/g_camera_frontend[7].u_camera/dvp_data_iob_reg[0]/C
                            (rising edge-triggered cell FDRE clocked by mmcm_clkout0  {rise@0.000ns fall@1.666ns period=3.332ns})
  Destination:            u_camera_hdmi/u_camera_subsystem/g_camera_frontend[7].u_camera/dvp_data_sync_reg[0]/D
                            (rising edge-triggered cell FDRE clocked by mmcm_clkout0  {rise@0.000ns fall@1.666ns period=3.332ns})
  Path Group:             (none)
  Path Type:              Hold (Min at Fast Process Corner)
  Data Path Delay:        0.762ns  (logic 0.199ns (26.115%)  route 0.563ns (73.885%))
  Logic Levels:           0  
  Clock Path Skew:        -0.015ns (DCD - SCD - CPR)
    Destination Clock Delay (DCD):    2.590ns
    Source Clock Delay      (SCD):    2.605ns
    Clock Pessimism Removal (CPR):    -0.000ns
  Clock Uncertainty:      0.052ns  ((TSJ^2 + DJ^2)^1/2) / 2 + PE
    Total System Jitter     (TSJ):    0.071ns
    Discrete Jitter          (DJ):    0.077ns
    Phase Error              (PE):    0.000ns
  Clock Net Delay (Source):      1.647ns (routing 0.490ns, distribution 1.157ns)
  Clock Net Delay (Destination): 1.979ns (routing 0.548ns, distribution 1.431ns)
  Timing Exception:       False Path

    Location             Delay type                Incr(ns)  Path(ns)    PBlock               Netlist Resource(s)
  -------------------------------------------------------------------    ----------------------------------------
                         (clock mmcm_clkout0 rise edge)
                                                      0.000     0.000 r                       
    BA27                                              0.000     0.000 r                       c0_sys_clk_p (IN)
                         net (fo=0)                   0.079     0.079                         u_ddr_memory/u_ddr_bd/design_1_i/ddr4_0/inst/u_ddr4_mem_intfc/u_mig_ddr4_phy/inst/u_ddr4_phy_pll/diff_input_clk.u_ibufg_sys_clk/I
    HPIOBDIFFINBUF_X0Y35 DIFFINBUF (Prop_DIFFINBUF_HPIOBDIFFINBUF_DIFF_IN_P_O)
                                                      0.243     0.322 r                       u_ddr_memory/u_ddr_bd/design_1_i/ddr4_0/inst/u_ddr4_mem_intfc/u_mig_ddr4_phy/inst/u_ddr4_phy_pll/diff_input_clk.u_ibufg_sys_clk/DIFFINBUF_INST/O
                         net (fo=1, routed)           0.040     0.362                         u_ddr_memory/u_ddr_bd/design_1_i/ddr4_0/inst/u_ddr4_mem_intfc/u_mig_ddr4_phy/inst/u_ddr4_phy_pll/diff_input_clk.u_ibufg_sys_clk/OUT
    BA27                 IBUFCTRL (Prop_IBUFCTRL_HPIOB_M_I_O)
                                                      0.000     0.362 r                       u_ddr_memory/u_ddr_bd/design_1_i/ddr4_0/inst/u_ddr4_mem_intfc/u_mig_ddr4_phy/inst/u_ddr4_phy_pll/diff_input_clk.u_ibufg_sys_clk/IBUFCTRL_INST/O
                         net (fo=2, routed)           0.203     0.565                         u_ddr_memory/u_ddr_bd/design_1_i/ddr4_0/inst/u_ddr4_infrastructure/mmcm_clk_in
    MMCM_X0Y1            MMCME4_ADV (Prop_MMCM_CLKIN1_CLKOUT0)
                                                      0.230     0.795 r                       u_ddr_memory/u_ddr_bd/design_1_i/ddr4_0/inst/u_ddr4_infrastructure/gen_mmcme4.u_mmcme_adv_inst/CLKOUT0
                         net (fo=1, routed)           0.146     0.941                         u_ddr_memory/u_ddr_bd/design_1_i/ddr4_0/inst/u_ddr4_infrastructure/mmcm_clkout0
    BUFGCE_X0Y42         BUFGCE (Prop_BUFCE_BUFGCE_I_O)
                                                      0.017     0.958 r                       u_ddr_memory/u_ddr_bd/design_1_i/ddr4_0/inst/u_ddr4_infrastructure/u_bufg_divClk/O
    X4Y3 (CLOCK_ROOT)    net (fo=124013, routed)      1.647     2.605                         u_camera_hdmi/u_camera_subsystem/g_camera_frontend[7].u_camera/ddr4_ui_clk
    SLR Crossing[0->2]   
    BITSLICE_RX_TX_X0Y426
                         FDRE                                         r                       u_camera_hdmi/u_camera_subsystem/g_camera_frontend[7].u_camera/dvp_data_iob_reg[0]/C
  -------------------------------------------------------------------    ----------------------------------------
    BITSLICE_RX_TX_X0Y426
                         FDRE (Prop_IN_FF_BITSLICE_COMPONENT_RX_TX_C_Q)
                                                      0.199     2.804 r                       u_camera_hdmi/u_camera_subsystem/g_camera_frontend[7].u_camera/dvp_data_iob_reg[0]/Q
                         net (fo=1, routed)           0.563     3.367                         u_camera_hdmi/u_camera_subsystem/g_camera_frontend[7].u_camera/dvp_data_iob[0]
    SLICE_X102Y480       FDRE                                         r  pblock_dvp_bridge_slr2
                                                                                              u_camera_hdmi/u_camera_subsystem/g_camera_frontend[7].u_camera/dvp_data_sync_reg[0]/D
  -------------------------------------------------------------------    ----------------------------------------

                         (clock mmcm_clkout0 rise edge)
                                                      0.000     0.000 r                       
    BA27                                              0.000     0.000 r                       c0_sys_clk_p (IN)
                         net (fo=0)                   0.100     0.100                         u_ddr_memory/u_ddr_bd/design_1_i/ddr4_0/inst/u_ddr4_mem_intfc/u_mig_ddr4_phy/inst/u_ddr4_phy_pll/diff_input_clk.u_ibufg_sys_clk/I
    HPIOBDIFFINBUF_X0Y35 DIFFINBUF (Prop_DIFFINBUF_HPIOBDIFFINBUF_DIFF_IN_P_O)
                                                      0.341     0.441 r                       u_ddr_memory/u_ddr_bd/design_1_i/ddr4_0/inst/u_ddr4_mem_intfc/u_mig_ddr4_phy/inst/u_ddr4_phy_pll/diff_input_clk.u_ibufg_sys_clk/DIFFINBUF_INST/O
                         net (fo=1, routed)           0.050     0.491                         u_ddr_memory/u_ddr_bd/design_1_i/ddr4_0/inst/u_ddr4_mem_intfc/u_mig_ddr4_phy/inst/u_ddr4_phy_pll/diff_input_clk.u_ibufg_sys_clk/OUT
    BA27                 IBUFCTRL (Prop_IBUFCTRL_HPIOB_M_I_O)
                                                      0.000     0.491 r                       u_ddr_memory/u_ddr_bd/design_1_i/ddr4_0/inst/u_ddr4_mem_intfc/u_mig_ddr4_phy/inst/u_ddr4_phy_pll/diff_input_clk.u_ibufg_sys_clk/IBUFCTRL_INST/O
                         net (fo=2, routed)           0.230     0.721                         u_ddr_memory/u_ddr_bd/design_1_i/ddr4_0/inst/u_ddr4_infrastructure/mmcm_clk_in
    MMCM_X0Y1            MMCME4_ADV (Prop_MMCM_CLKIN1_CLKOUT0)
                                                     -0.295     0.426 r                       u_ddr_memory/u_ddr_bd/design_1_i/ddr4_0/inst/u_ddr4_infrastructure/gen_mmcme4.u_mmcme_adv_inst/CLKOUT0
                         net (fo=1, routed)           0.166     0.592                         u_ddr_memory/u_ddr_bd/design_1_i/ddr4_0/inst/u_ddr4_infrastructure/mmcm_clkout0
    BUFGCE_X0Y42         BUFGCE (Prop_BUFCE_BUFGCE_I_O)
                                                      0.019     0.611 r                       u_ddr_memory/u_ddr_bd/design_1_i/ddr4_0/inst/u_ddr4_infrastructure/u_bufg_divClk/O
    X4Y3 (CLOCK_ROOT)    net (fo=124013, routed)      1.979     2.590                         u_camera_hdmi/u_camera_subsystem/g_camera_frontend[7].u_camera/ddr4_ui_clk
    SLR Crossing[0->2]   
    SLICE_X102Y480       FDRE                                         r  pblock_dvp_bridge_slr2
                                                                                              u_camera_hdmi/u_camera_subsystem/g_camera_frontend[7].u_camera/dvp_data_sync_reg[0]/C

Slack:                    inf
  Source:                 u_camera_hdmi/u_camera_subsystem/g_camera_frontend[4].u_camera/dvp_data_iob_reg[0]/C
                            (rising edge-triggered cell FDRE clocked by mmcm_clkout0  {rise@0.000ns fall@1.666ns period=3.332ns})
  Destination:            u_camera_hdmi/u_camera_subsystem/g_camera_frontend[4].u_camera/dvp_data_sync_reg[0]/D
                            (rising edge-triggered cell FDRE clocked by mmcm_clkout0  {rise@0.000ns fall@1.666ns period=3.332ns})
  Path Group:             (none)
  Path Type:              Hold (Min at Fast Process Corner)
  Data Path Delay:        0.729ns  (logic 0.131ns (17.970%)  route 0.598ns (82.030%))
  Logic Levels:           0  
  Clock Path Skew:        -0.065ns (DCD - SCD - CPR)
    Destination Clock Delay (DCD):    2.578ns
    Source Clock Delay      (SCD):    2.643ns
    Clock Pessimism Removal (CPR):    -0.000ns
  Clock Uncertainty:      0.052ns  ((TSJ^2 + DJ^2)^1/2) / 2 + PE
    Total System Jitter     (TSJ):    0.071ns
    Discrete Jitter          (DJ):    0.077ns
    Phase Error              (PE):    0.000ns
  Clock Net Delay (Source):      1.685ns (routing 0.490ns, distribution 1.195ns)
  Clock Net Delay (Destination): 1.967ns (routing 0.548ns, distribution 1.419ns)
  Timing Exception:       False Path

    Location             Delay type                Incr(ns)  Path(ns)    PBlock               Netlist Resource(s)
  -------------------------------------------------------------------    ----------------------------------------
                         (clock mmcm_clkout0 rise edge)
                                                      0.000     0.000 r                       
    BA27                                              0.000     0.000 r                       c0_sys_clk_p (IN)
                         net (fo=0)                   0.079     0.079                         u_ddr_memory/u_ddr_bd/design_1_i/ddr4_0/inst/u_ddr4_mem_intfc/u_mig_ddr4_phy/inst/u_ddr4_phy_pll/diff_input_clk.u_ibufg_sys_clk/I
    HPIOBDIFFINBUF_X0Y35 DIFFINBUF (Prop_DIFFINBUF_HPIOBDIFFINBUF_DIFF_IN_P_O)
                                                      0.243     0.322 r                       u_ddr_memory/u_ddr_bd/design_1_i/ddr4_0/inst/u_ddr4_mem_intfc/u_mig_ddr4_phy/inst/u_ddr4_phy_pll/diff_input_clk.u_ibufg_sys_clk/DIFFINBUF_INST/O
                         net (fo=1, routed)           0.040     0.362                         u_ddr_memory/u_ddr_bd/design_1_i/ddr4_0/inst/u_ddr4_mem_intfc/u_mig_ddr4_phy/inst/u_ddr4_phy_pll/diff_input_clk.u_ibufg_sys_clk/OUT
    BA27                 IBUFCTRL (Prop_IBUFCTRL_HPIOB_M_I_O)
                                                      0.000     0.362 r                       u_ddr_memory/u_ddr_bd/design_1_i/ddr4_0/inst/u_ddr4_mem_intfc/u_mig_ddr4_phy/inst/u_ddr4_phy_pll/diff_input_clk.u_ibufg_sys_clk/IBUFCTRL_INST/O
                         net (fo=2, routed)           0.203     0.565                         u_ddr_memory/u_ddr_bd/design_1_i/ddr4_0/inst/u_ddr4_infrastructure/mmcm_clk_in
    MMCM_X0Y1            MMCME4_ADV (Prop_MMCM_CLKIN1_CLKOUT0)
                                                      0.230     0.795 r                       u_ddr_memory/u_ddr_bd/design_1_i/ddr4_0/inst/u_ddr4_infrastructure/gen_mmcme4.u_mmcme_adv_inst/CLKOUT0
                         net (fo=1, routed)           0.146     0.941                         u_ddr_memory/u_ddr_bd/design_1_i/ddr4_0/inst/u_ddr4_infrastructure/mmcm_clkout0
    BUFGCE_X0Y42         BUFGCE (Prop_BUFCE_BUFGCE_I_O)
                                                      0.017     0.958 r                       u_ddr_memory/u_ddr_bd/design_1_i/ddr4_0/inst/u_ddr4_infrastructure/u_bufg_divClk/O
    X4Y3 (CLOCK_ROOT)    net (fo=124013, routed)      1.685     2.643                         u_camera_hdmi/u_camera_subsystem/g_camera_frontend[4].u_camera/ddr4_ui_clk
    SLR Crossing[0->2]   
    BITSLICE_RX_TX_X0Y479
                         FDRE                                         r                       u_camera_hdmi/u_camera_subsystem/g_camera_frontend[4].u_camera/dvp_data_iob_reg[0]/C
  -------------------------------------------------------------------    ----------------------------------------
    BITSLICE_RX_TX_X0Y479
                         FDRE (Prop_IN_FF_BITSLICE_COMPONENT_RX_TX_C_Q)
                                                      0.131     2.774 r                       u_camera_hdmi/u_camera_subsystem/g_camera_frontend[4].u_camera/dvp_data_iob_reg[0]/Q
                         net (fo=1, routed)           0.598     3.372                         u_camera_hdmi/u_camera_subsystem/g_camera_frontend[4].u_camera/dvp_data_iob[0]
    SLICE_X107Y531       FDRE                                         r  pblock_dvp_bridge_slr2
                                                                                              u_camera_hdmi/u_camera_subsystem/g_camera_frontend[4].u_camera/dvp_data_sync_reg[0]/D
  -------------------------------------------------------------------    ----------------------------------------

                         (clock mmcm_clkout0 rise edge)
                                                      0.000     0.000 r                       
    BA27                                              0.000     0.000 r                       c0_sys_clk_p (IN)
                         net (fo=0)                   0.100     0.100                         u_ddr_memory/u_ddr_bd/design_1_i/ddr4_0/inst/u_ddr4_mem_intfc/u_mig_ddr4_phy/inst/u_ddr4_phy_pll/diff_input_clk.u_ibufg_sys_clk/I
    HPIOBDIFFINBUF_X0Y35 DIFFINBUF (Prop_DIFFINBUF_HPIOBDIFFINBUF_DIFF_IN_P_O)
                                                      0.341     0.441 r                       u_ddr_memory/u_ddr_bd/design_1_i/ddr4_0/inst/u_ddr4_mem_intfc/u_mig_ddr4_phy/inst/u_ddr4_phy_pll/diff_input_clk.u_ibufg_sys_clk/DIFFINBUF_INST/O
                         net (fo=1, routed)           0.050     0.491                         u_ddr_memory/u_ddr_bd/design_1_i/ddr4_0/inst/u_ddr4_mem_intfc/u_mig_ddr4_phy/inst/u_ddr4_phy_pll/diff_input_clk.u_ibufg_sys_clk/OUT
    BA27                 IBUFCTRL (Prop_IBUFCTRL_HPIOB_M_I_O)
                                                      0.000     0.491 r                       u_ddr_memory/u_ddr_bd/design_1_i/ddr4_0/inst/u_ddr4_mem_intfc/u_mig_ddr4_phy/inst/u_ddr4_phy_pll/diff_input_clk.u_ibufg_sys_clk/IBUFCTRL_INST/O
                         net (fo=2, routed)           0.230     0.721                         u_ddr_memory/u_ddr_bd/design_1_i/ddr4_0/inst/u_ddr4_infrastructure/mmcm_clk_in
    MMCM_X0Y1            MMCME4_ADV (Prop_MMCM_CLKIN1_CLKOUT0)
                                                     -0.295     0.426 r                       u_ddr_memory/u_ddr_bd/design_1_i/ddr4_0/inst/u_ddr4_infrastructure/gen_mmcme4.u_mmcme_adv_inst/CLKOUT0
                         net (fo=1, routed)           0.166     0.592                         u_ddr_memory/u_ddr_bd/design_1_i/ddr4_0/inst/u_ddr4_infrastructure/mmcm_clkout0
    BUFGCE_X0Y42         BUFGCE (Prop_BUFCE_BUFGCE_I_O)
                                                      0.019     0.611 r                       u_ddr_memory/u_ddr_bd/design_1_i/ddr4_0/inst/u_ddr4_infrastructure/u_bufg_divClk/O
    X4Y3 (CLOCK_ROOT)    net (fo=124013, routed)      1.967     2.578                         u_camera_hdmi/u_camera_subsystem/g_camera_frontend[4].u_camera/ddr4_ui_clk
    SLR Crossing[0->2]   
    SLICE_X107Y531       FDRE                                         r  pblock_dvp_bridge_slr2
                                                                                              u_camera_hdmi/u_camera_subsystem/g_camera_frontend[4].u_camera/dvp_data_sync_reg[0]/C

Slack:                    inf
  Source:                 u_camera_hdmi/u_camera_subsystem/g_camera_frontend[4].u_camera/dvp_data_iob_reg[2]/C
                            (rising edge-triggered cell FDRE clocked by mmcm_clkout0  {rise@0.000ns fall@1.666ns period=3.332ns})
  Destination:            u_camera_hdmi/u_camera_subsystem/g_camera_frontend[4].u_camera/dvp_data_sync_reg[2]/D
                            (rising edge-triggered cell FDRE clocked by mmcm_clkout0  {rise@0.000ns fall@1.666ns period=3.332ns})
  Path Group:             (none)
  Path Type:              Hold (Min at Fast Process Corner)
  Data Path Delay:        0.746ns  (logic 0.131ns (17.560%)  route 0.615ns (82.440%))
  Logic Levels:           0  
  Clock Path Skew:        -0.061ns (DCD - SCD - CPR)
    Destination Clock Delay (DCD):    2.580ns
    Source Clock Delay      (SCD):    2.641ns
    Clock Pessimism Removal (CPR):    -0.000ns
  Clock Uncertainty:      0.052ns  ((TSJ^2 + DJ^2)^1/2) / 2 + PE
    Total System Jitter     (TSJ):    0.071ns
    Discrete Jitter          (DJ):    0.077ns
    Phase Error              (PE):    0.000ns
  Clock Net Delay (Source):      1.683ns (routing 0.490ns, distribution 1.193ns)
  Clock Net Delay (Destination): 1.969ns (routing 0.548ns, distribution 1.421ns)
  Timing Exception:       False Path

    Location             Delay type                Incr(ns)  Path(ns)    PBlock               Netlist Resource(s)
  -------------------------------------------------------------------    ----------------------------------------
                         (clock mmcm_clkout0 rise edge)
                                                      0.000     0.000 r                       
    BA27                                              0.000     0.000 r                       c0_sys_clk_p (IN)
                         net (fo=0)                   0.079     0.079                         u_ddr_memory/u_ddr_bd/design_1_i/ddr4_0/inst/u_ddr4_mem_intfc/u_mig_ddr4_phy/inst/u_ddr4_phy_pll/diff_input_clk.u_ibufg_sys_clk/I
    HPIOBDIFFINBUF_X0Y35 DIFFINBUF (Prop_DIFFINBUF_HPIOBDIFFINBUF_DIFF_IN_P_O)
                                                      0.243     0.322 r                       u_ddr_memory/u_ddr_bd/design_1_i/ddr4_0/inst/u_ddr4_mem_intfc/u_mig_ddr4_phy/inst/u_ddr4_phy_pll/diff_input_clk.u_ibufg_sys_clk/DIFFINBUF_INST/O
                         net (fo=1, routed)           0.040     0.362                         u_ddr_memory/u_ddr_bd/design_1_i/ddr4_0/inst/u_ddr4_mem_intfc/u_mig_ddr4_phy/inst/u_ddr4_phy_pll/diff_input_clk.u_ibufg_sys_clk/OUT
    BA27                 IBUFCTRL (Prop_IBUFCTRL_HPIOB_M_I_O)
                                                      0.000     0.362 r                       u_ddr_memory/u_ddr_bd/design_1_i/ddr4_0/inst/u_ddr4_mem_intfc/u_mig_ddr4_phy/inst/u_ddr4_phy_pll/diff_input_clk.u_ibufg_sys_clk/IBUFCTRL_INST/O
                         net (fo=2, routed)           0.203     0.565                         u_ddr_memory/u_ddr_bd/design_1_i/ddr4_0/inst/u_ddr4_infrastructure/mmcm_clk_in
    MMCM_X0Y1            MMCME4_ADV (Prop_MMCM_CLKIN1_CLKOUT0)
                                                      0.230     0.795 r                       u_ddr_memory/u_ddr_bd/design_1_i/ddr4_0/inst/u_ddr4_infrastructure/gen_mmcme4.u_mmcme_adv_inst/CLKOUT0
                         net (fo=1, routed)           0.146     0.941                         u_ddr_memory/u_ddr_bd/design_1_i/ddr4_0/inst/u_ddr4_infrastructure/mmcm_clkout0
    BUFGCE_X0Y42         BUFGCE (Prop_BUFCE_BUFGCE_I_O)
                                                      0.017     0.958 r                       u_ddr_memory/u_ddr_bd/design_1_i/ddr4_0/inst/u_ddr4_infrastructure/u_bufg_divClk/O
    X4Y3 (CLOCK_ROOT)    net (fo=124013, routed)      1.683     2.641                         u_camera_hdmi/u_camera_subsystem/g_camera_frontend[4].u_camera/ddr4_ui_clk
    SLR Crossing[0->2]   
    BITSLICE_RX_TX_X0Y505
                         FDRE                                         r                       u_camera_hdmi/u_camera_subsystem/g_camera_frontend[4].u_camera/dvp_data_iob_reg[2]/C
  -------------------------------------------------------------------    ----------------------------------------
    BITSLICE_RX_TX_X0Y505
                         FDRE (Prop_IN_FF_BITSLICE_COMPONENT_RX_TX_C_Q)
                                                      0.131     2.772 r                       u_camera_hdmi/u_camera_subsystem/g_camera_frontend[4].u_camera/dvp_data_iob_reg[2]/Q
                         net (fo=1, routed)           0.615     3.387                         u_camera_hdmi/u_camera_subsystem/g_camera_frontend[4].u_camera/dvp_data_iob[2]
    SLICE_X107Y531       FDRE                                         r  pblock_dvp_bridge_slr2
                                                                                              u_camera_hdmi/u_camera_subsystem/g_camera_frontend[4].u_camera/dvp_data_sync_reg[2]/D
  -------------------------------------------------------------------    ----------------------------------------

                         (clock mmcm_clkout0 rise edge)
                                                      0.000     0.000 r                       
    BA27                                              0.000     0.000 r                       c0_sys_clk_p (IN)
                         net (fo=0)                   0.100     0.100                         u_ddr_memory/u_ddr_bd/design_1_i/ddr4_0/inst/u_ddr4_mem_intfc/u_mig_ddr4_phy/inst/u_ddr4_phy_pll/diff_input_clk.u_ibufg_sys_clk/I
    HPIOBDIFFINBUF_X0Y35 DIFFINBUF (Prop_DIFFINBUF_HPIOBDIFFINBUF_DIFF_IN_P_O)
                                                      0.341     0.441 r                       u_ddr_memory/u_ddr_bd/design_1_i/ddr4_0/inst/u_ddr4_mem_intfc/u_mig_ddr4_phy/inst/u_ddr4_phy_pll/diff_input_clk.u_ibufg_sys_clk/DIFFINBUF_INST/O
                         net (fo=1, routed)           0.050     0.491                         u_ddr_memory/u_ddr_bd/design_1_i/ddr4_0/inst/u_ddr4_mem_intfc/u_mig_ddr4_phy/inst/u_ddr4_phy_pll/diff_input_clk.u_ibufg_sys_clk/OUT
    BA27                 IBUFCTRL (Prop_IBUFCTRL_HPIOB_M_I_O)
                                                      0.000     0.491 r                       u_ddr_memory/u_ddr_bd/design_1_i/ddr4_0/inst/u_ddr4_mem_intfc/u_mig_ddr4_phy/inst/u_ddr4_phy_pll/diff_input_clk.u_ibufg_sys_clk/IBUFCTRL_INST/O
                         net (fo=2, routed)           0.230     0.721                         u_ddr_memory/u_ddr_bd/design_1_i/ddr4_0/inst/u_ddr4_infrastructure/mmcm_clk_in
    MMCM_X0Y1            MMCME4_ADV (Prop_MMCM_CLKIN1_CLKOUT0)
                                                     -0.295     0.426 r                       u_ddr_memory/u_ddr_bd/design_1_i/ddr4_0/inst/u_ddr4_infrastructure/gen_mmcme4.u_mmcme_adv_inst/CLKOUT0
                         net (fo=1, routed)           0.166     0.592                         u_ddr_memory/u_ddr_bd/design_1_i/ddr4_0/inst/u_ddr4_infrastructure/mmcm_clkout0
    BUFGCE_X0Y42         BUFGCE (Prop_BUFCE_BUFGCE_I_O)
                                                      0.019     0.611 r                       u_ddr_memory/u_ddr_bd/design_1_i/ddr4_0/inst/u_ddr4_infrastructure/u_bufg_divClk/O
    X4Y3 (CLOCK_ROOT)    net (fo=124013, routed)      1.969     2.580                         u_camera_hdmi/u_camera_subsystem/g_camera_frontend[4].u_camera/ddr4_ui_clk
    SLR Crossing[0->2]   
    SLICE_X107Y531       FDRE                                         r  pblock_dvp_bridge_slr2
                                                                                              u_camera_hdmi/u_camera_subsystem/g_camera_frontend[4].u_camera/dvp_data_sync_reg[2]/C

Slack:                    inf
  Source:                 u_camera_hdmi/u_camera_subsystem/g_camera_frontend[4].u_camera/dvp_data_iob_reg[3]/C
                            (rising edge-triggered cell FDRE clocked by mmcm_clkout0  {rise@0.000ns fall@1.666ns period=3.332ns})
  Destination:            u_camera_hdmi/u_camera_subsystem/g_camera_frontend[4].u_camera/dvp_data_sync_reg[3]/D
                            (rising edge-triggered cell FDRE clocked by mmcm_clkout0  {rise@0.000ns fall@1.666ns period=3.332ns})
  Path Group:             (none)
  Path Type:              Hold (Min at Fast Process Corner)
  Data Path Delay:        0.772ns  (logic 0.199ns (25.777%)  route 0.573ns (74.223%))
  Logic Levels:           0  
  Clock Path Skew:        -0.036ns (DCD - SCD - CPR)
    Destination Clock Delay (DCD):    2.580ns
    Source Clock Delay      (SCD):    2.616ns
    Clock Pessimism Removal (CPR):    -0.000ns
  Clock Uncertainty:      0.052ns  ((TSJ^2 + DJ^2)^1/2) / 2 + PE
    Total System Jitter     (TSJ):    0.071ns
    Discrete Jitter          (DJ):    0.077ns
    Phase Error              (PE):    0.000ns
  Clock Net Delay (Source):      1.658ns (routing 0.490ns, distribution 1.168ns)
  Clock Net Delay (Destination): 1.969ns (routing 0.548ns, distribution 1.421ns)
  Timing Exception:       False Path

    Location             Delay type                Incr(ns)  Path(ns)    PBlock               Netlist Resource(s)
  -------------------------------------------------------------------    ----------------------------------------
                         (clock mmcm_clkout0 rise edge)
                                                      0.000     0.000 r                       
    BA27                                              0.000     0.000 r                       c0_sys_clk_p (IN)
                         net (fo=0)                   0.079     0.079                         u_ddr_memory/u_ddr_bd/design_1_i/ddr4_0/inst/u_ddr4_mem_intfc/u_mig_ddr4_phy/inst/u_ddr4_phy_pll/diff_input_clk.u_ibufg_sys_clk/I
    HPIOBDIFFINBUF_X0Y35 DIFFINBUF (Prop_DIFFINBUF_HPIOBDIFFINBUF_DIFF_IN_P_O)
                                                      0.243     0.322 r                       u_ddr_memory/u_ddr_bd/design_1_i/ddr4_0/inst/u_ddr4_mem_intfc/u_mig_ddr4_phy/inst/u_ddr4_phy_pll/diff_input_clk.u_ibufg_sys_clk/DIFFINBUF_INST/O
                         net (fo=1, routed)           0.040     0.362                         u_ddr_memory/u_ddr_bd/design_1_i/ddr4_0/inst/u_ddr4_mem_intfc/u_mig_ddr4_phy/inst/u_ddr4_phy_pll/diff_input_clk.u_ibufg_sys_clk/OUT
    BA27                 IBUFCTRL (Prop_IBUFCTRL_HPIOB_M_I_O)
                                                      0.000     0.362 r                       u_ddr_memory/u_ddr_bd/design_1_i/ddr4_0/inst/u_ddr4_mem_intfc/u_mig_ddr4_phy/inst/u_ddr4_phy_pll/diff_input_clk.u_ibufg_sys_clk/IBUFCTRL_INST/O
                         net (fo=2, routed)           0.203     0.565                         u_ddr_memory/u_ddr_bd/design_1_i/ddr4_0/inst/u_ddr4_infrastructure/mmcm_clk_in
    MMCM_X0Y1            MMCME4_ADV (Prop_MMCM_CLKIN1_CLKOUT0)
                                                      0.230     0.795 r                       u_ddr_memory/u_ddr_bd/design_1_i/ddr4_0/inst/u_ddr4_infrastructure/gen_mmcme4.u_mmcme_adv_inst/CLKOUT0
                         net (fo=1, routed)           0.146     0.941                         u_ddr_memory/u_ddr_bd/design_1_i/ddr4_0/inst/u_ddr4_infrastructure/mmcm_clkout0
    BUFGCE_X0Y42         BUFGCE (Prop_BUFCE_BUFGCE_I_O)
                                                      0.017     0.958 r                       u_ddr_memory/u_ddr_bd/design_1_i/ddr4_0/inst/u_ddr4_infrastructure/u_bufg_divClk/O
    X4Y3 (CLOCK_ROOT)    net (fo=124013, routed)      1.658     2.616                         u_camera_hdmi/u_camera_subsystem/g_camera_frontend[4].u_camera/ddr4_ui_clk
    SLR Crossing[0->2]   
    BITSLICE_RX_TX_X0Y504
                         FDRE                                         r                       u_camera_hdmi/u_camera_subsystem/g_camera_frontend[4].u_camera/dvp_data_iob_reg[3]/C
  -------------------------------------------------------------------    ----------------------------------------
    BITSLICE_RX_TX_X0Y504
                         FDRE (Prop_IN_FF_BITSLICE_COMPONENT_RX_TX_C_Q)
                                                      0.199     2.815 r                       u_camera_hdmi/u_camera_subsystem/g_camera_frontend[4].u_camera/dvp_data_iob_reg[3]/Q
                         net (fo=1, routed)           0.573     3.388                         u_camera_hdmi/u_camera_subsystem/g_camera_frontend[4].u_camera/dvp_data_iob[3]
    SLICE_X107Y531       FDRE                                         r  pblock_dvp_bridge_slr2
                                                                                              u_camera_hdmi/u_camera_subsystem/g_camera_frontend[4].u_camera/dvp_data_sync_reg[3]/D
  -------------------------------------------------------------------    ----------------------------------------

                         (clock mmcm_clkout0 rise edge)
                                                      0.000     0.000 r                       
    BA27                                              0.000     0.000 r                       c0_sys_clk_p (IN)
                         net (fo=0)                   0.100     0.100                         u_ddr_memory/u_ddr_bd/design_1_i/ddr4_0/inst/u_ddr4_mem_intfc/u_mig_ddr4_phy/inst/u_ddr4_phy_pll/diff_input_clk.u_ibufg_sys_clk/I
    HPIOBDIFFINBUF_X0Y35 DIFFINBUF (Prop_DIFFINBUF_HPIOBDIFFINBUF_DIFF_IN_P_O)
                                                      0.341     0.441 r                       u_ddr_memory/u_ddr_bd/design_1_i/ddr4_0/inst/u_ddr4_mem_intfc/u_mig_ddr4_phy/inst/u_ddr4_phy_pll/diff_input_clk.u_ibufg_sys_clk/DIFFINBUF_INST/O
                         net (fo=1, routed)           0.050     0.491                         u_ddr_memory/u_ddr_bd/design_1_i/ddr4_0/inst/u_ddr4_mem_intfc/u_mig_ddr4_phy/inst/u_ddr4_phy_pll/diff_input_clk.u_ibufg_sys_clk/OUT
    BA27                 IBUFCTRL (Prop_IBUFCTRL_HPIOB_M_I_O)
                                                      0.000     0.491 r                       u_ddr_memory/u_ddr_bd/design_1_i/ddr4_0/inst/u_ddr4_mem_intfc/u_mig_ddr4_phy/inst/u_ddr4_phy_pll/diff_input_clk.u_ibufg_sys_clk/IBUFCTRL_INST/O
                         net (fo=2, routed)           0.230     0.721                         u_ddr_memory/u_ddr_bd/design_1_i/ddr4_0/inst/u_ddr4_infrastructure/mmcm_clk_in
    MMCM_X0Y1            MMCME4_ADV (Prop_MMCM_CLKIN1_CLKOUT0)
                                                     -0.295     0.426 r                       u_ddr_memory/u_ddr_bd/design_1_i/ddr4_0/inst/u_ddr4_infrastructure/gen_mmcme4.u_mmcme_adv_inst/CLKOUT0
                         net (fo=1, routed)           0.166     0.592                         u_ddr_memory/u_ddr_bd/design_1_i/ddr4_0/inst/u_ddr4_infrastructure/mmcm_clkout0
    BUFGCE_X0Y42         BUFGCE (Prop_BUFCE_BUFGCE_I_O)
                                                      0.019     0.611 r                       u_ddr_memory/u_ddr_bd/design_1_i/ddr4_0/inst/u_ddr4_infrastructure/u_bufg_divClk/O
    X4Y3 (CLOCK_ROOT)    net (fo=124013, routed)      1.969     2.580                         u_camera_hdmi/u_camera_subsystem/g_camera_frontend[4].u_camera/ddr4_ui_clk
    SLR Crossing[0->2]   
    SLICE_X107Y531       FDRE                                         r  pblock_dvp_bridge_slr2
                                                                                              u_camera_hdmi/u_camera_subsystem/g_camera_frontend[4].u_camera/dvp_data_sync_reg[3]/C

Slack:                    inf
  Source:                 u_camera_hdmi/u_camera_subsystem/g_camera_frontend[4].u_camera/dvp_pclk_iob_reg/C
                            (rising edge-triggered cell FDRE clocked by mmcm_clkout0  {rise@0.000ns fall@1.666ns period=3.332ns})
  Destination:            u_camera_hdmi/u_camera_subsystem/g_camera_frontend[4].u_camera/dvp_pclk_sync_reg/D
                            (rising edge-triggered cell FDRE clocked by mmcm_clkout0  {rise@0.000ns fall@1.666ns period=3.332ns})
  Path Group:             (none)
  Path Type:              Hold (Min at Fast Process Corner)
  Data Path Delay:        0.772ns  (logic 0.199ns (25.777%)  route 0.573ns (74.223%))
  Logic Levels:           0  
  Clock Path Skew:        -0.057ns (DCD - SCD - CPR)
    Destination Clock Delay (DCD):    2.561ns
    Source Clock Delay      (SCD):    2.618ns
    Clock Pessimism Removal (CPR):    -0.000ns
  Clock Uncertainty:      0.052ns  ((TSJ^2 + DJ^2)^1/2) / 2 + PE
    Total System Jitter     (TSJ):    0.071ns
    Discrete Jitter          (DJ):    0.077ns
    Phase Error              (PE):    0.000ns
  Clock Net Delay (Source):      1.660ns (routing 0.490ns, distribution 1.170ns)
  Clock Net Delay (Destination): 1.950ns (routing 0.548ns, distribution 1.402ns)
  Timing Exception:       False Path

    Location             Delay type                Incr(ns)  Path(ns)    PBlock               Netlist Resource(s)
  -------------------------------------------------------------------    ----------------------------------------
                         (clock mmcm_clkout0 rise edge)
                                                      0.000     0.000 r                       
    BA27                                              0.000     0.000 r                       c0_sys_clk_p (IN)
                         net (fo=0)                   0.079     0.079                         u_ddr_memory/u_ddr_bd/design_1_i/ddr4_0/inst/u_ddr4_mem_intfc/u_mig_ddr4_phy/inst/u_ddr4_phy_pll/diff_input_clk.u_ibufg_sys_clk/I
    HPIOBDIFFINBUF_X0Y35 DIFFINBUF (Prop_DIFFINBUF_HPIOBDIFFINBUF_DIFF_IN_P_O)
                                                      0.243     0.322 r                       u_ddr_memory/u_ddr_bd/design_1_i/ddr4_0/inst/u_ddr4_mem_intfc/u_mig_ddr4_phy/inst/u_ddr4_phy_pll/diff_input_clk.u_ibufg_sys_clk/DIFFINBUF_INST/O
                         net (fo=1, routed)           0.040     0.362                         u_ddr_memory/u_ddr_bd/design_1_i/ddr4_0/inst/u_ddr4_mem_intfc/u_mig_ddr4_phy/inst/u_ddr4_phy_pll/diff_input_clk.u_ibufg_sys_clk/OUT
    BA27                 IBUFCTRL (Prop_IBUFCTRL_HPIOB_M_I_O)
                                                      0.000     0.362 r                       u_ddr_memory/u_ddr_bd/design_1_i/ddr4_0/inst/u_ddr4_mem_intfc/u_mig_ddr4_phy/inst/u_ddr4_phy_pll/diff_input_clk.u_ibufg_sys_clk/IBUFCTRL_INST/O
                         net (fo=2, routed)           0.203     0.565                         u_ddr_memory/u_ddr_bd/design_1_i/ddr4_0/inst/u_ddr4_infrastructure/mmcm_clk_in
    MMCM_X0Y1            MMCME4_ADV (Prop_MMCM_CLKIN1_CLKOUT0)
                                                      0.230     0.795 r                       u_ddr_memory/u_ddr_bd/design_1_i/ddr4_0/inst/u_ddr4_infrastructure/gen_mmcme4.u_mmcme_adv_inst/CLKOUT0
                         net (fo=1, routed)           0.146     0.941                         u_ddr_memory/u_ddr_bd/design_1_i/ddr4_0/inst/u_ddr4_infrastructure/mmcm_clkout0
    BUFGCE_X0Y42         BUFGCE (Prop_BUFCE_BUFGCE_I_O)
                                                      0.017     0.958 r                       u_ddr_memory/u_ddr_bd/design_1_i/ddr4_0/inst/u_ddr4_infrastructure/u_bufg_divClk/O
    X4Y3 (CLOCK_ROOT)    net (fo=124013, routed)      1.660     2.618                         u_camera_hdmi/u_camera_subsystem/g_camera_frontend[4].u_camera/ddr4_ui_clk
    SLR Crossing[0->2]   
    BITSLICE_RX_TX_X0Y491
                         FDRE                                         r                       u_camera_hdmi/u_camera_subsystem/g_camera_frontend[4].u_camera/dvp_pclk_iob_reg/C
  -------------------------------------------------------------------    ----------------------------------------
    BITSLICE_RX_TX_X0Y491
                         FDRE (Prop_IN_FF_BITSLICE_COMPONENT_RX_TX_C_Q)
                                                      0.199     2.817 r                       u_camera_hdmi/u_camera_subsystem/g_camera_frontend[4].u_camera/dvp_pclk_iob_reg/Q
                         net (fo=1, routed)           0.573     3.390                         u_camera_hdmi/u_camera_subsystem/g_camera_frontend[4].u_camera/dvp_pclk_iob
    SLICE_X113Y521       FDRE                                         r  pblock_dvp_bridge_slr2
                                                                                              u_camera_hdmi/u_camera_subsystem/g_camera_frontend[4].u_camera/dvp_pclk_sync_reg/D
  -------------------------------------------------------------------    ----------------------------------------

                         (clock mmcm_clkout0 rise edge)
                                                      0.000     0.000 r                       
    BA27                                              0.000     0.000 r                       c0_sys_clk_p (IN)
                         net (fo=0)                   0.100     0.100                         u_ddr_memory/u_ddr_bd/design_1_i/ddr4_0/inst/u_ddr4_mem_intfc/u_mig_ddr4_phy/inst/u_ddr4_phy_pll/diff_input_clk.u_ibufg_sys_clk/I
    HPIOBDIFFINBUF_X0Y35 DIFFINBUF (Prop_DIFFINBUF_HPIOBDIFFINBUF_DIFF_IN_P_O)
                                                      0.341     0.441 r                       u_ddr_memory/u_ddr_bd/design_1_i/ddr4_0/inst/u_ddr4_mem_intfc/u_mig_ddr4_phy/inst/u_ddr4_phy_pll/diff_input_clk.u_ibufg_sys_clk/DIFFINBUF_INST/O
                         net (fo=1, routed)           0.050     0.491                         u_ddr_memory/u_ddr_bd/design_1_i/ddr4_0/inst/u_ddr4_mem_intfc/u_mig_ddr4_phy/inst/u_ddr4_phy_pll/diff_input_clk.u_ibufg_sys_clk/OUT
    BA27                 IBUFCTRL (Prop_IBUFCTRL_HPIOB_M_I_O)
                                                      0.000     0.491 r                       u_ddr_memory/u_ddr_bd/design_1_i/ddr4_0/inst/u_ddr4_mem_intfc/u_mig_ddr4_phy/inst/u_ddr4_phy_pll/diff_input_clk.u_ibufg_sys_clk/IBUFCTRL_INST/O
                         net (fo=2, routed)           0.230     0.721                         u_ddr_memory/u_ddr_bd/design_1_i/ddr4_0/inst/u_ddr4_infrastructure/mmcm_clk_in
    MMCM_X0Y1            MMCME4_ADV (Prop_MMCM_CLKIN1_CLKOUT0)
                                                     -0.295     0.426 r                       u_ddr_memory/u_ddr_bd/design_1_i/ddr4_0/inst/u_ddr4_infrastructure/gen_mmcme4.u_mmcme_adv_inst/CLKOUT0
                         net (fo=1, routed)           0.166     0.592                         u_ddr_memory/u_ddr_bd/design_1_i/ddr4_0/inst/u_ddr4_infrastructure/mmcm_clkout0
    BUFGCE_X0Y42         BUFGCE (Prop_BUFCE_BUFGCE_I_O)
                                                      0.019     0.611 r                       u_ddr_memory/u_ddr_bd/design_1_i/ddr4_0/inst/u_ddr4_infrastructure/u_bufg_divClk/O
    X4Y3 (CLOCK_ROOT)    net (fo=124013, routed)      1.950     2.561                         u_camera_hdmi/u_camera_subsystem/g_camera_frontend[4].u_camera/ddr4_ui_clk
    SLR Crossing[0->2]   
    SLICE_X113Y521       FDRE                                         r  pblock_dvp_bridge_slr2
                                                                                              u_camera_hdmi/u_camera_subsystem/g_camera_frontend[4].u_camera/dvp_pclk_sync_reg/C

Slack:                    inf
  Source:                 u_camera_hdmi/u_camera_subsystem/g_camera_frontend[7].u_camera/dvp_data_iob_reg[2]/C
                            (rising edge-triggered cell FDRE clocked by mmcm_clkout0  {rise@0.000ns fall@1.666ns period=3.332ns})
  Destination:            u_camera_hdmi/u_camera_subsystem/g_camera_frontend[7].u_camera/dvp_data_sync_reg[2]/D
                            (rising edge-triggered cell FDRE clocked by mmcm_clkout0  {rise@0.000ns fall@1.666ns period=3.332ns})
  Path Group:             (none)
  Path Type:              Hold (Min at Fast Process Corner)
  Data Path Delay:        0.795ns  (logic 0.137ns (17.233%)  route 0.658ns (82.767%))
  Logic Levels:           0  
  Clock Path Skew:        -0.011ns (DCD - SCD - CPR)
    Destination Clock Delay (DCD):    2.584ns
    Source Clock Delay      (SCD):    2.595ns
    Clock Pessimism Removal (CPR):    -0.000ns
  Clock Uncertainty:      0.052ns  ((TSJ^2 + DJ^2)^1/2) / 2 + PE
    Total System Jitter     (TSJ):    0.071ns
    Discrete Jitter          (DJ):    0.077ns
    Phase Error              (PE):    0.000ns
  Clock Net Delay (Source):      1.637ns (routing 0.490ns, distribution 1.147ns)
  Clock Net Delay (Destination): 1.973ns (routing 0.548ns, distribution 1.425ns)
  Timing Exception:       False Path

    Location             Delay type                Incr(ns)  Path(ns)    PBlock               Netlist Resource(s)
  -------------------------------------------------------------------    ----------------------------------------
                         (clock mmcm_clkout0 rise edge)
                                                      0.000     0.000 r                       
    BA27                                              0.000     0.000 r                       c0_sys_clk_p (IN)
                         net (fo=0)                   0.079     0.079                         u_ddr_memory/u_ddr_bd/design_1_i/ddr4_0/inst/u_ddr4_mem_intfc/u_mig_ddr4_phy/inst/u_ddr4_phy_pll/diff_input_clk.u_ibufg_sys_clk/I
    HPIOBDIFFINBUF_X0Y35 DIFFINBUF (Prop_DIFFINBUF_HPIOBDIFFINBUF_DIFF_IN_P_O)
                                                      0.243     0.322 r                       u_ddr_memory/u_ddr_bd/design_1_i/ddr4_0/inst/u_ddr4_mem_intfc/u_mig_ddr4_phy/inst/u_ddr4_phy_pll/diff_input_clk.u_ibufg_sys_clk/DIFFINBUF_INST/O
                         net (fo=1, routed)           0.040     0.362                         u_ddr_memory/u_ddr_bd/design_1_i/ddr4_0/inst/u_ddr4_mem_intfc/u_mig_ddr4_phy/inst/u_ddr4_phy_pll/diff_input_clk.u_ibufg_sys_clk/OUT
    BA27                 IBUFCTRL (Prop_IBUFCTRL_HPIOB_M_I_O)
                                                      0.000     0.362 r                       u_ddr_memory/u_ddr_bd/design_1_i/ddr4_0/inst/u_ddr4_mem_intfc/u_mig_ddr4_phy/inst/u_ddr4_phy_pll/diff_input_clk.u_ibufg_sys_clk/IBUFCTRL_INST/O
                         net (fo=2, routed)           0.203     0.565                         u_ddr_memory/u_ddr_bd/design_1_i/ddr4_0/inst/u_ddr4_infrastructure/mmcm_clk_in
    MMCM_X0Y1            MMCME4_ADV (Prop_MMCM_CLKIN1_CLKOUT0)
                                                      0.230     0.795 r                       u_ddr_memory/u_ddr_bd/design_1_i/ddr4_0/inst/u_ddr4_infrastructure/gen_mmcme4.u_mmcme_adv_inst/CLKOUT0
                         net (fo=1, routed)           0.146     0.941                         u_ddr_memory/u_ddr_bd/design_1_i/ddr4_0/inst/u_ddr4_infrastructure/mmcm_clkout0
    BUFGCE_X0Y42         BUFGCE (Prop_BUFCE_BUFGCE_I_O)
                                                      0.017     0.958 r                       u_ddr_memory/u_ddr_bd/design_1_i/ddr4_0/inst/u_ddr4_infrastructure/u_bufg_divClk/O
    X4Y3 (CLOCK_ROOT)    net (fo=124013, routed)      1.637     2.595                         u_camera_hdmi/u_camera_subsystem/g_camera_frontend[7].u_camera/ddr4_ui_clk
    SLR Crossing[0->2]   
    BITSLICE_RX_TX_X0Y446
                         FDRE                                         r                       u_camera_hdmi/u_camera_subsystem/g_camera_frontend[7].u_camera/dvp_data_iob_reg[2]/C
  -------------------------------------------------------------------    ----------------------------------------
    BITSLICE_RX_TX_X0Y446
                         FDRE (Prop_IN_FF_BITSLICE_COMPONENT_RX_TX_C_Q)
                                                      0.137     2.732 r                       u_camera_hdmi/u_camera_subsystem/g_camera_frontend[7].u_camera/dvp_data_iob_reg[2]/Q
                         net (fo=1, routed)           0.658     3.390                         u_camera_hdmi/u_camera_subsystem/g_camera_frontend[7].u_camera/dvp_data_iob[2]
    SLICE_X100Y502       FDRE                                         r  pblock_dvp_bridge_slr2
                                                                                              u_camera_hdmi/u_camera_subsystem/g_camera_frontend[7].u_camera/dvp_data_sync_reg[2]/D
  -------------------------------------------------------------------    ----------------------------------------

                         (clock mmcm_clkout0 rise edge)
                                                      0.000     0.000 r                       
    BA27                                              0.000     0.000 r                       c0_sys_clk_p (IN)
                         net (fo=0)                   0.100     0.100                         u_ddr_memory/u_ddr_bd/design_1_i/ddr4_0/inst/u_ddr4_mem_intfc/u_mig_ddr4_phy/inst/u_ddr4_phy_pll/diff_input_clk.u_ibufg_sys_clk/I
    HPIOBDIFFINBUF_X0Y35 DIFFINBUF (Prop_DIFFINBUF_HPIOBDIFFINBUF_DIFF_IN_P_O)
                                                      0.341     0.441 r                       u_ddr_memory/u_ddr_bd/design_1_i/ddr4_0/inst/u_ddr4_mem_intfc/u_mig_ddr4_phy/inst/u_ddr4_phy_pll/diff_input_clk.u_ibufg_sys_clk/DIFFINBUF_INST/O
                         net (fo=1, routed)           0.050     0.491                         u_ddr_memory/u_ddr_bd/design_1_i/ddr4_0/inst/u_ddr4_mem_intfc/u_mig_ddr4_phy/inst/u_ddr4_phy_pll/diff_input_clk.u_ibufg_sys_clk/OUT
    BA27                 IBUFCTRL (Prop_IBUFCTRL_HPIOB_M_I_O)
                                                      0.000     0.491 r                       u_ddr_memory/u_ddr_bd/design_1_i/ddr4_0/inst/u_ddr4_mem_intfc/u_mig_ddr4_phy/inst/u_ddr4_phy_pll/diff_input_clk.u_ibufg_sys_clk/IBUFCTRL_INST/O
                         net (fo=2, routed)           0.230     0.721                         u_ddr_memory/u_ddr_bd/design_1_i/ddr4_0/inst/u_ddr4_infrastructure/mmcm_clk_in
    MMCM_X0Y1            MMCME4_ADV (Prop_MMCM_CLKIN1_CLKOUT0)
                                                     -0.295     0.426 r                       u_ddr_memory/u_ddr_bd/design_1_i/ddr4_0/inst/u_ddr4_infrastructure/gen_mmcme4.u_mmcme_adv_inst/CLKOUT0
                         net (fo=1, routed)           0.166     0.592                         u_ddr_memory/u_ddr_bd/design_1_i/ddr4_0/inst/u_ddr4_infrastructure/mmcm_clkout0
    BUFGCE_X0Y42         BUFGCE (Prop_BUFCE_BUFGCE_I_O)
                                                      0.019     0.611 r                       u_ddr_memory/u_ddr_bd/design_1_i/ddr4_0/inst/u_ddr4_infrastructure/u_bufg_divClk/O
    X4Y3 (CLOCK_ROOT)    net (fo=124013, routed)      1.973     2.584                         u_camera_hdmi/u_camera_subsystem/g_camera_frontend[7].u_camera/ddr4_ui_clk
    SLR Crossing[0->2]   
    SLICE_X100Y502       FDRE                                         r  pblock_dvp_bridge_slr2
                                                                                              u_camera_hdmi/u_camera_subsystem/g_camera_frontend[7].u_camera/dvp_data_sync_reg[2]/C

Slack:                    inf
  Source:                 u_camera_hdmi/u_camera_subsystem/g_camera_frontend[7].u_camera/dvp_data_iob_reg[1]/C
                            (rising edge-triggered cell FDRE clocked by mmcm_clkout0  {rise@0.000ns fall@1.666ns period=3.332ns})
  Destination:            u_camera_hdmi/u_camera_subsystem/g_camera_frontend[7].u_camera/dvp_data_sync_reg[1]/D
                            (rising edge-triggered cell FDRE clocked by mmcm_clkout0  {rise@0.000ns fall@1.666ns period=3.332ns})
  Path Group:             (none)
  Path Type:              Hold (Min at Fast Process Corner)
  Data Path Delay:        0.769ns  (logic 0.131ns (17.035%)  route 0.638ns (82.965%))
  Logic Levels:           0  
  Clock Path Skew:        -0.040ns (DCD - SCD - CPR)
    Destination Clock Delay (DCD):    2.590ns
    Source Clock Delay      (SCD):    2.630ns
    Clock Pessimism Removal (CPR):    -0.000ns
  Clock Uncertainty:      0.052ns  ((TSJ^2 + DJ^2)^1/2) / 2 + PE
    Total System Jitter     (TSJ):    0.071ns
    Discrete Jitter          (DJ):    0.077ns
    Phase Error              (PE):    0.000ns
  Clock Net Delay (Source):      1.672ns (routing 0.490ns, distribution 1.182ns)
  Clock Net Delay (Destination): 1.979ns (routing 0.548ns, distribution 1.431ns)
  Timing Exception:       False Path

    Location             Delay type                Incr(ns)  Path(ns)    PBlock               Netlist Resource(s)
  -------------------------------------------------------------------    ----------------------------------------
                         (clock mmcm_clkout0 rise edge)
                                                      0.000     0.000 r                       
    BA27                                              0.000     0.000 r                       c0_sys_clk_p (IN)
                         net (fo=0)                   0.079     0.079                         u_ddr_memory/u_ddr_bd/design_1_i/ddr4_0/inst/u_ddr4_mem_intfc/u_mig_ddr4_phy/inst/u_ddr4_phy_pll/diff_input_clk.u_ibufg_sys_clk/I
    HPIOBDIFFINBUF_X0Y35 DIFFINBUF (Prop_DIFFINBUF_HPIOBDIFFINBUF_DIFF_IN_P_O)
                                                      0.243     0.322 r                       u_ddr_memory/u_ddr_bd/design_1_i/ddr4_0/inst/u_ddr4_mem_intfc/u_mig_ddr4_phy/inst/u_ddr4_phy_pll/diff_input_clk.u_ibufg_sys_clk/DIFFINBUF_INST/O
                         net (fo=1, routed)           0.040     0.362                         u_ddr_memory/u_ddr_bd/design_1_i/ddr4_0/inst/u_ddr4_mem_intfc/u_mig_ddr4_phy/inst/u_ddr4_phy_pll/diff_input_clk.u_ibufg_sys_clk/OUT
    BA27                 IBUFCTRL (Prop_IBUFCTRL_HPIOB_M_I_O)
                                                      0.000     0.362 r                       u_ddr_memory/u_ddr_bd/design_1_i/ddr4_0/inst/u_ddr4_mem_intfc/u_mig_ddr4_phy/inst/u_ddr4_phy_pll/diff_input_clk.u_ibufg_sys_clk/IBUFCTRL_INST/O
                         net (fo=2, routed)           0.203     0.565                         u_ddr_memory/u_ddr_bd/design_1_i/ddr4_0/inst/u_ddr4_infrastructure/mmcm_clk_in
    MMCM_X0Y1            MMCME4_ADV (Prop_MMCM_CLKIN1_CLKOUT0)
                                                      0.230     0.795 r                       u_ddr_memory/u_ddr_bd/design_1_i/ddr4_0/inst/u_ddr4_infrastructure/gen_mmcme4.u_mmcme_adv_inst/CLKOUT0
                         net (fo=1, routed)           0.146     0.941                         u_ddr_memory/u_ddr_bd/design_1_i/ddr4_0/inst/u_ddr4_infrastructure/mmcm_clkout0
    BUFGCE_X0Y42         BUFGCE (Prop_BUFCE_BUFGCE_I_O)
                                                      0.017     0.958 r                       u_ddr_memory/u_ddr_bd/design_1_i/ddr4_0/inst/u_ddr4_infrastructure/u_bufg_divClk/O
    X4Y3 (CLOCK_ROOT)    net (fo=124013, routed)      1.672     2.630                         u_camera_hdmi/u_camera_subsystem/g_camera_frontend[7].u_camera/ddr4_ui_clk
    SLR Crossing[0->2]   
    BITSLICE_RX_TX_X0Y427
                         FDRE                                         r                       u_camera_hdmi/u_camera_subsystem/g_camera_frontend[7].u_camera/dvp_data_iob_reg[1]/C
  -------------------------------------------------------------------    ----------------------------------------
    BITSLICE_RX_TX_X0Y427
                         FDRE (Prop_IN_FF_BITSLICE_COMPONENT_RX_TX_C_Q)
                                                      0.131     2.761 r                       u_camera_hdmi/u_camera_subsystem/g_camera_frontend[7].u_camera/dvp_data_iob_reg[1]/Q
                         net (fo=1, routed)           0.638     3.399                         u_camera_hdmi/u_camera_subsystem/g_camera_frontend[7].u_camera/dvp_data_iob[1]
    SLICE_X102Y480       FDRE                                         r  pblock_dvp_bridge_slr2
                                                                                              u_camera_hdmi/u_camera_subsystem/g_camera_frontend[7].u_camera/dvp_data_sync_reg[1]/D
  -------------------------------------------------------------------    ----------------------------------------

                         (clock mmcm_clkout0 rise edge)
                                                      0.000     0.000 r                       
    BA27                                              0.000     0.000 r                       c0_sys_clk_p (IN)
                         net (fo=0)                   0.100     0.100                         u_ddr_memory/u_ddr_bd/design_1_i/ddr4_0/inst/u_ddr4_mem_intfc/u_mig_ddr4_phy/inst/u_ddr4_phy_pll/diff_input_clk.u_ibufg_sys_clk/I
    HPIOBDIFFINBUF_X0Y35 DIFFINBUF (Prop_DIFFINBUF_HPIOBDIFFINBUF_DIFF_IN_P_O)
                                                      0.341     0.441 r                       u_ddr_memory/u_ddr_bd/design_1_i/ddr4_0/inst/u_ddr4_mem_intfc/u_mig_ddr4_phy/inst/u_ddr4_phy_pll/diff_input_clk.u_ibufg_sys_clk/DIFFINBUF_INST/O
                         net (fo=1, routed)           0.050     0.491                         u_ddr_memory/u_ddr_bd/design_1_i/ddr4_0/inst/u_ddr4_mem_intfc/u_mig_ddr4_phy/inst/u_ddr4_phy_pll/diff_input_clk.u_ibufg_sys_clk/OUT
    BA27                 IBUFCTRL (Prop_IBUFCTRL_HPIOB_M_I_O)
                                                      0.000     0.491 r                       u_ddr_memory/u_ddr_bd/design_1_i/ddr4_0/inst/u_ddr4_mem_intfc/u_mig_ddr4_phy/inst/u_ddr4_phy_pll/diff_input_clk.u_ibufg_sys_clk/IBUFCTRL_INST/O
                         net (fo=2, routed)           0.230     0.721                         u_ddr_memory/u_ddr_bd/design_1_i/ddr4_0/inst/u_ddr4_infrastructure/mmcm_clk_in
    MMCM_X0Y1            MMCME4_ADV (Prop_MMCM_CLKIN1_CLKOUT0)
                                                     -0.295     0.426 r                       u_ddr_memory/u_ddr_bd/design_1_i/ddr4_0/inst/u_ddr4_infrastructure/gen_mmcme4.u_mmcme_adv_inst/CLKOUT0
                         net (fo=1, routed)           0.166     0.592                         u_ddr_memory/u_ddr_bd/design_1_i/ddr4_0/inst/u_ddr4_infrastructure/mmcm_clkout0
    BUFGCE_X0Y42         BUFGCE (Prop_BUFCE_BUFGCE_I_O)
                                                      0.019     0.611 r                       u_ddr_memory/u_ddr_bd/design_1_i/ddr4_0/inst/u_ddr4_infrastructure/u_bufg_divClk/O
    X4Y3 (CLOCK_ROOT)    net (fo=124013, routed)      1.979     2.590                         u_camera_hdmi/u_camera_subsystem/g_camera_frontend[7].u_camera/ddr4_ui_clk
    SLR Crossing[0->2]   
    SLICE_X102Y480       FDRE                                         r  pblock_dvp_bridge_slr2
                                                                                              u_camera_hdmi/u_camera_subsystem/g_camera_frontend[7].u_camera/dvp_data_sync_reg[1]/C

Slack:                    inf
  Source:                 u_camera_hdmi/u_camera_subsystem/g_camera_frontend[2].u_camera/dvp_data_iob_reg[0]/C
                            (rising edge-triggered cell FDRE clocked by mmcm_clkout0  {rise@0.000ns fall@1.666ns period=3.332ns})
  Destination:            u_camera_hdmi/u_camera_subsystem/g_camera_frontend[2].u_camera/dvp_data_sync_reg[0]/D
                            (rising edge-triggered cell FDRE clocked by mmcm_clkout0  {rise@0.000ns fall@1.666ns period=3.332ns})
  Path Group:             (none)
  Path Type:              Hold (Min at Fast Process Corner)
  Data Path Delay:        0.549ns  (logic 0.124ns (22.587%)  route 0.425ns (77.413%))
  Logic Levels:           0  
  Clock Path Skew:        0.016ns (DCD - SCD - CPR)
    Destination Clock Delay (DCD):    2.878ns
    Source Clock Delay      (SCD):    2.862ns
    Clock Pessimism Removal (CPR):    -0.000ns
  Clock Uncertainty:      0.052ns  ((TSJ^2 + DJ^2)^1/2) / 2 + PE
    Total System Jitter     (TSJ):    0.071ns
    Discrete Jitter          (DJ):    0.077ns
    Phase Error              (PE):    0.000ns
  Clock Net Delay (Source):      1.904ns (routing 0.490ns, distribution 1.414ns)
  Clock Net Delay (Destination): 2.267ns (routing 0.548ns, distribution 1.719ns)
  Timing Exception:       False Path

    Location             Delay type                Incr(ns)  Path(ns)    PBlock               Netlist Resource(s)
  -------------------------------------------------------------------    ----------------------------------------
                         (clock mmcm_clkout0 rise edge)
                                                      0.000     0.000 r                       
    BA27                                              0.000     0.000 r                       c0_sys_clk_p (IN)
                         net (fo=0)                   0.079     0.079                         u_ddr_memory/u_ddr_bd/design_1_i/ddr4_0/inst/u_ddr4_mem_intfc/u_mig_ddr4_phy/inst/u_ddr4_phy_pll/diff_input_clk.u_ibufg_sys_clk/I
    HPIOBDIFFINBUF_X0Y35 DIFFINBUF (Prop_DIFFINBUF_HPIOBDIFFINBUF_DIFF_IN_P_O)
                                                      0.243     0.322 r                       u_ddr_memory/u_ddr_bd/design_1_i/ddr4_0/inst/u_ddr4_mem_intfc/u_mig_ddr4_phy/inst/u_ddr4_phy_pll/diff_input_clk.u_ibufg_sys_clk/DIFFINBUF_INST/O
                         net (fo=1, routed)           0.040     0.362                         u_ddr_memory/u_ddr_bd/design_1_i/ddr4_0/inst/u_ddr4_mem_intfc/u_mig_ddr4_phy/inst/u_ddr4_phy_pll/diff_input_clk.u_ibufg_sys_clk/OUT
    BA27                 IBUFCTRL (Prop_IBUFCTRL_HPIOB_M_I_O)
                                                      0.000     0.362 r                       u_ddr_memory/u_ddr_bd/design_1_i/ddr4_0/inst/u_ddr4_mem_intfc/u_mig_ddr4_phy/inst/u_ddr4_phy_pll/diff_input_clk.u_ibufg_sys_clk/IBUFCTRL_INST/O
                         net (fo=2, routed)           0.203     0.565                         u_ddr_memory/u_ddr_bd/design_1_i/ddr4_0/inst/u_ddr4_infrastructure/mmcm_clk_in
    MMCM_X0Y1            MMCME4_ADV (Prop_MMCM_CLKIN1_CLKOUT0)
                                                      0.230     0.795 r                       u_ddr_memory/u_ddr_bd/design_1_i/ddr4_0/inst/u_ddr4_infrastructure/gen_mmcme4.u_mmcme_adv_inst/CLKOUT0
                         net (fo=1, routed)           0.146     0.941                         u_ddr_memory/u_ddr_bd/design_1_i/ddr4_0/inst/u_ddr4_infrastructure/mmcm_clkout0
    BUFGCE_X0Y42         BUFGCE (Prop_BUFCE_BUFGCE_I_O)
                                                      0.017     0.958 r                       u_ddr_memory/u_ddr_bd/design_1_i/ddr4_0/inst/u_ddr4_infrastructure/u_bufg_divClk/O
    X4Y3 (CLOCK_ROOT)    net (fo=124013, routed)      1.904     2.862                         u_camera_hdmi/u_camera_subsystem/g_camera_frontend[2].u_camera/ddr4_ui_clk
    SLR Crossing[0->3]   
    BITSLICE_RX_TX_X0Y629
                         FDRE                                         r                       u_camera_hdmi/u_camera_subsystem/g_camera_frontend[2].u_camera/dvp_data_iob_reg[0]/C
  -------------------------------------------------------------------    ----------------------------------------
    BITSLICE_RX_TX_X0Y629
                         FDRE (Prop_IN_FF_BITSLICE_COMPONENT_RX_TX_C_Q)
                                                      0.124     2.986 r                       u_camera_hdmi/u_camera_subsystem/g_camera_frontend[2].u_camera/dvp_data_iob_reg[0]/Q
                         net (fo=1, routed)           0.425     3.411                         u_camera_hdmi/u_camera_subsystem/g_camera_frontend[2].u_camera/dvp_data_iob[0]
    SLICE_X112Y722       FDRE                                         r  pblock_dvp_sync_slr3 u_camera_hdmi/u_camera_subsystem/g_camera_frontend[2].u_camera/dvp_data_sync_reg[0]/D
  -------------------------------------------------------------------    ----------------------------------------

                         (clock mmcm_clkout0 rise edge)
                                                      0.000     0.000 r                       
    BA27                                              0.000     0.000 r                       c0_sys_clk_p (IN)
                         net (fo=0)                   0.100     0.100                         u_ddr_memory/u_ddr_bd/design_1_i/ddr4_0/inst/u_ddr4_mem_intfc/u_mig_ddr4_phy/inst/u_ddr4_phy_pll/diff_input_clk.u_ibufg_sys_clk/I
    HPIOBDIFFINBUF_X0Y35 DIFFINBUF (Prop_DIFFINBUF_HPIOBDIFFINBUF_DIFF_IN_P_O)
                                                      0.341     0.441 r                       u_ddr_memory/u_ddr_bd/design_1_i/ddr4_0/inst/u_ddr4_mem_intfc/u_mig_ddr4_phy/inst/u_ddr4_phy_pll/diff_input_clk.u_ibufg_sys_clk/DIFFINBUF_INST/O
                         net (fo=1, routed)           0.050     0.491                         u_ddr_memory/u_ddr_bd/design_1_i/ddr4_0/inst/u_ddr4_mem_intfc/u_mig_ddr4_phy/inst/u_ddr4_phy_pll/diff_input_clk.u_ibufg_sys_clk/OUT
    BA27                 IBUFCTRL (Prop_IBUFCTRL_HPIOB_M_I_O)
                                                      0.000     0.491 r                       u_ddr_memory/u_ddr_bd/design_1_i/ddr4_0/inst/u_ddr4_mem_intfc/u_mig_ddr4_phy/inst/u_ddr4_phy_pll/diff_input_clk.u_ibufg_sys_clk/IBUFCTRL_INST/O
                         net (fo=2, routed)           0.230     0.721                         u_ddr_memory/u_ddr_bd/design_1_i/ddr4_0/inst/u_ddr4_infrastructure/mmcm_clk_in
    MMCM_X0Y1            MMCME4_ADV (Prop_MMCM_CLKIN1_CLKOUT0)
                                                     -0.295     0.426 r                       u_ddr_memory/u_ddr_bd/design_1_i/ddr4_0/inst/u_ddr4_infrastructure/gen_mmcme4.u_mmcme_adv_inst/CLKOUT0
                         net (fo=1, routed)           0.166     0.592                         u_ddr_memory/u_ddr_bd/design_1_i/ddr4_0/inst/u_ddr4_infrastructure/mmcm_clkout0
    BUFGCE_X0Y42         BUFGCE (Prop_BUFCE_BUFGCE_I_O)
                                                      0.019     0.611 r                       u_ddr_memory/u_ddr_bd/design_1_i/ddr4_0/inst/u_ddr4_infrastructure/u_bufg_divClk/O
    X4Y3 (CLOCK_ROOT)    net (fo=124013, routed)      2.267     2.878                         u_camera_hdmi/u_camera_subsystem/g_camera_frontend[2].u_camera/ddr4_ui_clk
    SLR Crossing[0->3]   
    SLICE_X112Y722       FDRE                                         r  pblock_dvp_sync_slr3 u_camera_hdmi/u_camera_subsystem/g_camera_frontend[2].u_camera/dvp_data_sync_reg[0]/C

Slack:                    inf
  Source:                 u_camera_hdmi/u_camera_subsystem/g_camera_frontend[3].u_camera/dvp_vsync_iob_reg/C
                            (rising edge-triggered cell FDRE clocked by mmcm_clkout0  {rise@0.000ns fall@1.666ns period=3.332ns})
  Destination:            u_camera_hdmi/u_camera_subsystem/g_camera_frontend[3].u_camera/dvp_vsync_sync_reg/D
                            (rising edge-triggered cell FDRE clocked by mmcm_clkout0  {rise@0.000ns fall@1.666ns period=3.332ns})
  Path Group:             (none)
  Path Type:              Hold (Min at Fast Process Corner)
  Data Path Delay:        0.622ns  (logic 0.117ns (18.810%)  route 0.505ns (81.190%))
  Logic Levels:           0  
  Clock Path Skew:        0.016ns (DCD - SCD - CPR)
    Destination Clock Delay (DCD):    2.878ns
    Source Clock Delay      (SCD):    2.862ns
    Clock Pessimism Removal (CPR):    -0.000ns
  Clock Uncertainty:      0.052ns  ((TSJ^2 + DJ^2)^1/2) / 2 + PE
    Total System Jitter     (TSJ):    0.071ns
    Discrete Jitter          (DJ):    0.077ns
    Phase Error              (PE):    0.000ns
  Clock Net Delay (Source):      1.904ns (routing 0.490ns, distribution 1.414ns)
  Clock Net Delay (Destination): 2.267ns (routing 0.548ns, distribution 1.719ns)
  Timing Exception:       False Path

    Location             Delay type                Incr(ns)  Path(ns)    PBlock               Netlist Resource(s)
  -------------------------------------------------------------------    ----------------------------------------
                         (clock mmcm_clkout0 rise edge)
                                                      0.000     0.000 r                       
    BA27                                              0.000     0.000 r                       c0_sys_clk_p (IN)
                         net (fo=0)                   0.079     0.079                         u_ddr_memory/u_ddr_bd/design_1_i/ddr4_0/inst/u_ddr4_mem_intfc/u_mig_ddr4_phy/inst/u_ddr4_phy_pll/diff_input_clk.u_ibufg_sys_clk/I
    HPIOBDIFFINBUF_X0Y35 DIFFINBUF (Prop_DIFFINBUF_HPIOBDIFFINBUF_DIFF_IN_P_O)
                                                      0.243     0.322 r                       u_ddr_memory/u_ddr_bd/design_1_i/ddr4_0/inst/u_ddr4_mem_intfc/u_mig_ddr4_phy/inst/u_ddr4_phy_pll/diff_input_clk.u_ibufg_sys_clk/DIFFINBUF_INST/O
                         net (fo=1, routed)           0.040     0.362                         u_ddr_memory/u_ddr_bd/design_1_i/ddr4_0/inst/u_ddr4_mem_intfc/u_mig_ddr4_phy/inst/u_ddr4_phy_pll/diff_input_clk.u_ibufg_sys_clk/OUT
    BA27                 IBUFCTRL (Prop_IBUFCTRL_HPIOB_M_I_O)
                                                      0.000     0.362 r                       u_ddr_memory/u_ddr_bd/design_1_i/ddr4_0/inst/u_ddr4_mem_intfc/u_mig_ddr4_phy/inst/u_ddr4_phy_pll/diff_input_clk.u_ibufg_sys_clk/IBUFCTRL_INST/O
                         net (fo=2, routed)           0.203     0.565                         u_ddr_memory/u_ddr_bd/design_1_i/ddr4_0/inst/u_ddr4_infrastructure/mmcm_clk_in
    MMCM_X0Y1            MMCME4_ADV (Prop_MMCM_CLKIN1_CLKOUT0)
                                                      0.230     0.795 r                       u_ddr_memory/u_ddr_bd/design_1_i/ddr4_0/inst/u_ddr4_infrastructure/gen_mmcme4.u_mmcme_adv_inst/CLKOUT0
                         net (fo=1, routed)           0.146     0.941                         u_ddr_memory/u_ddr_bd/design_1_i/ddr4_0/inst/u_ddr4_infrastructure/mmcm_clkout0
    BUFGCE_X0Y42         BUFGCE (Prop_BUFCE_BUFGCE_I_O)
                                                      0.017     0.958 r                       u_ddr_memory/u_ddr_bd/design_1_i/ddr4_0/inst/u_ddr4_infrastructure/u_bufg_divClk/O
    X4Y3 (CLOCK_ROOT)    net (fo=124013, routed)      1.904     2.862                         u_camera_hdmi/u_camera_subsystem/g_camera_frontend[3].u_camera/ddr4_ui_clk
    SLR Crossing[0->3]   
    BITSLICE_RX_TX_X0Y637
                         FDRE                                         r                       u_camera_hdmi/u_camera_subsystem/g_camera_frontend[3].u_camera/dvp_vsync_iob_reg/C
  -------------------------------------------------------------------    ----------------------------------------
    BITSLICE_RX_TX_X0Y637
                         FDRE (Prop_IN_FF_BITSLICE_COMPONENT_RX_TX_C_Q)
                                                      0.117     2.979 r                       u_camera_hdmi/u_camera_subsystem/g_camera_frontend[3].u_camera/dvp_vsync_iob_reg/Q
                         net (fo=1, routed)           0.505     3.484                         u_camera_hdmi/u_camera_subsystem/g_camera_frontend[3].u_camera/dvp_vsync_iob
    SLICE_X112Y721       FDRE                                         r  pblock_dvp_sync_slr3 u_camera_hdmi/u_camera_subsystem/g_camera_frontend[3].u_camera/dvp_vsync_sync_reg/D
  -------------------------------------------------------------------    ----------------------------------------

                         (clock mmcm_clkout0 rise edge)
                                                      0.000     0.000 r                       
    BA27                                              0.000     0.000 r                       c0_sys_clk_p (IN)
                         net (fo=0)                   0.100     0.100                         u_ddr_memory/u_ddr_bd/design_1_i/ddr4_0/inst/u_ddr4_mem_intfc/u_mig_ddr4_phy/inst/u_ddr4_phy_pll/diff_input_clk.u_ibufg_sys_clk/I
    HPIOBDIFFINBUF_X0Y35 DIFFINBUF (Prop_DIFFINBUF_HPIOBDIFFINBUF_DIFF_IN_P_O)
                                                      0.341     0.441 r                       u_ddr_memory/u_ddr_bd/design_1_i/ddr4_0/inst/u_ddr4_mem_intfc/u_mig_ddr4_phy/inst/u_ddr4_phy_pll/diff_input_clk.u_ibufg_sys_clk/DIFFINBUF_INST/O
                         net (fo=1, routed)           0.050     0.491                         u_ddr_memory/u_ddr_bd/design_1_i/ddr4_0/inst/u_ddr4_mem_intfc/u_mig_ddr4_phy/inst/u_ddr4_phy_pll/diff_input_clk.u_ibufg_sys_clk/OUT
    BA27                 IBUFCTRL (Prop_IBUFCTRL_HPIOB_M_I_O)
                                                      0.000     0.491 r                       u_ddr_memory/u_ddr_bd/design_1_i/ddr4_0/inst/u_ddr4_mem_intfc/u_mig_ddr4_phy/inst/u_ddr4_phy_pll/diff_input_clk.u_ibufg_sys_clk/IBUFCTRL_INST/O
                         net (fo=2, routed)           0.230     0.721                         u_ddr_memory/u_ddr_bd/design_1_i/ddr4_0/inst/u_ddr4_infrastructure/mmcm_clk_in
    MMCM_X0Y1            MMCME4_ADV (Prop_MMCM_CLKIN1_CLKOUT0)
                                                     -0.295     0.426 r                       u_ddr_memory/u_ddr_bd/design_1_i/ddr4_0/inst/u_ddr4_infrastructure/gen_mmcme4.u_mmcme_adv_inst/CLKOUT0
                         net (fo=1, routed)           0.166     0.592                         u_ddr_memory/u_ddr_bd/design_1_i/ddr4_0/inst/u_ddr4_infrastructure/mmcm_clkout0
    BUFGCE_X0Y42         BUFGCE (Prop_BUFCE_BUFGCE_I_O)
                                                      0.019     0.611 r                       u_ddr_memory/u_ddr_bd/design_1_i/ddr4_0/inst/u_ddr4_infrastructure/u_bufg_divClk/O
    X4Y3 (CLOCK_ROOT)    net (fo=124013, routed)      2.267     2.878                         u_camera_hdmi/u_camera_subsystem/g_camera_frontend[3].u_camera/ddr4_ui_clk
    SLR Crossing[0->3]   
    SLICE_X112Y721       FDRE                                         r  pblock_dvp_sync_slr3 u_camera_hdmi/u_camera_subsystem/g_camera_frontend[3].u_camera/dvp_vsync_sync_reg/C

Slack:                    inf
  Source:                 u_camera_hdmi/u_camera_subsystem/g_camera_frontend[2].u_camera/dvp_data_iob_reg[3]/C
                            (rising edge-triggered cell FDRE clocked by mmcm_clkout0  {rise@0.000ns fall@1.666ns period=3.332ns})
  Destination:            u_camera_hdmi/u_camera_subsystem/g_camera_frontend[2].u_camera/dvp_data_sync_reg[3]/D
                            (rising edge-triggered cell FDRE clocked by mmcm_clkout0  {rise@0.000ns fall@1.666ns period=3.332ns})
  Path Group:             (none)
  Path Type:              Hold (Min at Fast Process Corner)
  Data Path Delay:        0.643ns  (logic 0.124ns (19.285%)  route 0.519ns (80.715%))
  Logic Levels:           0  
  Clock Path Skew:        0.017ns (DCD - SCD - CPR)
    Destination Clock Delay (DCD):    2.878ns
    Source Clock Delay      (SCD):    2.861ns
    Clock Pessimism Removal (CPR):    -0.000ns
  Clock Uncertainty:      0.052ns  ((TSJ^2 + DJ^2)^1/2) / 2 + PE
    Total System Jitter     (TSJ):    0.071ns
    Discrete Jitter          (DJ):    0.077ns
    Phase Error              (PE):    0.000ns
  Clock Net Delay (Source):      1.903ns (routing 0.490ns, distribution 1.413ns)
  Clock Net Delay (Destination): 2.267ns (routing 0.548ns, distribution 1.719ns)
  Timing Exception:       False Path

    Location             Delay type                Incr(ns)  Path(ns)    PBlock               Netlist Resource(s)
  -------------------------------------------------------------------    ----------------------------------------
                         (clock mmcm_clkout0 rise edge)
                                                      0.000     0.000 r                       
    BA27                                              0.000     0.000 r                       c0_sys_clk_p (IN)
                         net (fo=0)                   0.079     0.079                         u_ddr_memory/u_ddr_bd/design_1_i/ddr4_0/inst/u_ddr4_mem_intfc/u_mig_ddr4_phy/inst/u_ddr4_phy_pll/diff_input_clk.u_ibufg_sys_clk/I
    HPIOBDIFFINBUF_X0Y35 DIFFINBUF (Prop_DIFFINBUF_HPIOBDIFFINBUF_DIFF_IN_P_O)
                                                      0.243     0.322 r                       u_ddr_memory/u_ddr_bd/design_1_i/ddr4_0/inst/u_ddr4_mem_intfc/u_mig_ddr4_phy/inst/u_ddr4_phy_pll/diff_input_clk.u_ibufg_sys_clk/DIFFINBUF_INST/O
                         net (fo=1, routed)           0.040     0.362                         u_ddr_memory/u_ddr_bd/design_1_i/ddr4_0/inst/u_ddr4_mem_intfc/u_mig_ddr4_phy/inst/u_ddr4_phy_pll/diff_input_clk.u_ibufg_sys_clk/OUT
    BA27                 IBUFCTRL (Prop_IBUFCTRL_HPIOB_M_I_O)
                                                      0.000     0.362 r                       u_ddr_memory/u_ddr_bd/design_1_i/ddr4_0/inst/u_ddr4_mem_intfc/u_mig_ddr4_phy/inst/u_ddr4_phy_pll/diff_input_clk.u_ibufg_sys_clk/IBUFCTRL_INST/O
                         net (fo=2, routed)           0.203     0.565                         u_ddr_memory/u_ddr_bd/design_1_i/ddr4_0/inst/u_ddr4_infrastructure/mmcm_clk_in
    MMCM_X0Y1            MMCME4_ADV (Prop_MMCM_CLKIN1_CLKOUT0)
                                                      0.230     0.795 r                       u_ddr_memory/u_ddr_bd/design_1_i/ddr4_0/inst/u_ddr4_infrastructure/gen_mmcme4.u_mmcme_adv_inst/CLKOUT0
                         net (fo=1, routed)           0.146     0.941                         u_ddr_memory/u_ddr_bd/design_1_i/ddr4_0/inst/u_ddr4_infrastructure/mmcm_clkout0
    BUFGCE_X0Y42         BUFGCE (Prop_BUFCE_BUFGCE_I_O)
                                                      0.017     0.958 r                       u_ddr_memory/u_ddr_bd/design_1_i/ddr4_0/inst/u_ddr4_infrastructure/u_bufg_divClk/O
    X4Y3 (CLOCK_ROOT)    net (fo=124013, routed)      1.903     2.861                         u_camera_hdmi/u_camera_subsystem/g_camera_frontend[2].u_camera/ddr4_ui_clk
    SLR Crossing[0->3]   
    BITSLICE_RX_TX_X0Y630
                         FDRE                                         r                       u_camera_hdmi/u_camera_subsystem/g_camera_frontend[2].u_camera/dvp_data_iob_reg[3]/C
  -------------------------------------------------------------------    ----------------------------------------
    BITSLICE_RX_TX_X0Y630
                         FDRE (Prop_IN_FF_BITSLICE_COMPONENT_RX_TX_C_Q)
                                                      0.124     2.985 r                       u_camera_hdmi/u_camera_subsystem/g_camera_frontend[2].u_camera/dvp_data_iob_reg[3]/Q
                         net (fo=1, routed)           0.519     3.504                         u_camera_hdmi/u_camera_subsystem/g_camera_frontend[2].u_camera/dvp_data_iob[3]
    SLICE_X112Y722       FDRE                                         r  pblock_dvp_sync_slr3 u_camera_hdmi/u_camera_subsystem/g_camera_frontend[2].u_camera/dvp_data_sync_reg[3]/D
  -------------------------------------------------------------------    ----------------------------------------

                         (clock mmcm_clkout0 rise edge)
                                                      0.000     0.000 r                       
    BA27                                              0.000     0.000 r                       c0_sys_clk_p (IN)
                         net (fo=0)                   0.100     0.100                         u_ddr_memory/u_ddr_bd/design_1_i/ddr4_0/inst/u_ddr4_mem_intfc/u_mig_ddr4_phy/inst/u_ddr4_phy_pll/diff_input_clk.u_ibufg_sys_clk/I
    HPIOBDIFFINBUF_X0Y35 DIFFINBUF (Prop_DIFFINBUF_HPIOBDIFFINBUF_DIFF_IN_P_O)
                                                      0.341     0.441 r                       u_ddr_memory/u_ddr_bd/design_1_i/ddr4_0/inst/u_ddr4_mem_intfc/u_mig_ddr4_phy/inst/u_ddr4_phy_pll/diff_input_clk.u_ibufg_sys_clk/DIFFINBUF_INST/O
                         net (fo=1, routed)           0.050     0.491                         u_ddr_memory/u_ddr_bd/design_1_i/ddr4_0/inst/u_ddr4_mem_intfc/u_mig_ddr4_phy/inst/u_ddr4_phy_pll/diff_input_clk.u_ibufg_sys_clk/OUT
    BA27                 IBUFCTRL (Prop_IBUFCTRL_HPIOB_M_I_O)
                                                      0.000     0.491 r                       u_ddr_memory/u_ddr_bd/design_1_i/ddr4_0/inst/u_ddr4_mem_intfc/u_mig_ddr4_phy/inst/u_ddr4_phy_pll/diff_input_clk.u_ibufg_sys_clk/IBUFCTRL_INST/O
                         net (fo=2, routed)           0.230     0.721                         u_ddr_memory/u_ddr_bd/design_1_i/ddr4_0/inst/u_ddr4_infrastructure/mmcm_clk_in
    MMCM_X0Y1            MMCME4_ADV (Prop_MMCM_CLKIN1_CLKOUT0)
                                                     -0.295     0.426 r                       u_ddr_memory/u_ddr_bd/design_1_i/ddr4_0/inst/u_ddr4_infrastructure/gen_mmcme4.u_mmcme_adv_inst/CLKOUT0
                         net (fo=1, routed)           0.166     0.592                         u_ddr_memory/u_ddr_bd/design_1_i/ddr4_0/inst/u_ddr4_infrastructure/mmcm_clkout0
    BUFGCE_X0Y42         BUFGCE (Prop_BUFCE_BUFGCE_I_O)
                                                      0.019     0.611 r                       u_ddr_memory/u_ddr_bd/design_1_i/ddr4_0/inst/u_ddr4_infrastructure/u_bufg_divClk/O
    X4Y3 (CLOCK_ROOT)    net (fo=124013, routed)      2.267     2.878                         u_camera_hdmi/u_camera_subsystem/g_camera_frontend[2].u_camera/ddr4_ui_clk
    SLR Crossing[0->3]   
    SLICE_X112Y722       FDRE                                         r  pblock_dvp_sync_slr3 u_camera_hdmi/u_camera_subsystem/g_camera_frontend[2].u_camera/dvp_data_sync_reg[3]/C

Slack:                    inf
  Source:                 u_camera_hdmi/u_camera_subsystem/g_camera_frontend[2].u_camera/dvp_data_iob_reg[1]/C
                            (rising edge-triggered cell FDRE clocked by mmcm_clkout0  {rise@0.000ns fall@1.666ns period=3.332ns})
  Destination:            u_camera_hdmi/u_camera_subsystem/g_camera_frontend[2].u_camera/dvp_data_sync_reg[1]/D
                            (rising edge-triggered cell FDRE clocked by mmcm_clkout0  {rise@0.000ns fall@1.666ns period=3.332ns})
  Path Group:             (none)
  Path Type:              Hold (Min at Fast Process Corner)
  Data Path Delay:        0.642ns  (logic 0.137ns (21.340%)  route 0.505ns (78.660%))
  Logic Levels:           0  
  Clock Path Skew:        0.014ns (DCD - SCD - CPR)
    Destination Clock Delay (DCD):    2.878ns
    Source Clock Delay      (SCD):    2.864ns
    Clock Pessimism Removal (CPR):    -0.000ns
  Clock Uncertainty:      0.052ns  ((TSJ^2 + DJ^2)^1/2) / 2 + PE
    Total System Jitter     (TSJ):    0.071ns
    Discrete Jitter          (DJ):    0.077ns
    Phase Error              (PE):    0.000ns
  Clock Net Delay (Source):      1.906ns (routing 0.490ns, distribution 1.416ns)
  Clock Net Delay (Destination): 2.267ns (routing 0.548ns, distribution 1.719ns)
  Timing Exception:       False Path

    Location             Delay type                Incr(ns)  Path(ns)    PBlock               Netlist Resource(s)
  -------------------------------------------------------------------    ----------------------------------------
                         (clock mmcm_clkout0 rise edge)
                                                      0.000     0.000 r                       
    BA27                                              0.000     0.000 r                       c0_sys_clk_p (IN)
                         net (fo=0)                   0.079     0.079                         u_ddr_memory/u_ddr_bd/design_1_i/ddr4_0/inst/u_ddr4_mem_intfc/u_mig_ddr4_phy/inst/u_ddr4_phy_pll/diff_input_clk.u_ibufg_sys_clk/I
    HPIOBDIFFINBUF_X0Y35 DIFFINBUF (Prop_DIFFINBUF_HPIOBDIFFINBUF_DIFF_IN_P_O)
                                                      0.243     0.322 r                       u_ddr_memory/u_ddr_bd/design_1_i/ddr4_0/inst/u_ddr4_mem_intfc/u_mig_ddr4_phy/inst/u_ddr4_phy_pll/diff_input_clk.u_ibufg_sys_clk/DIFFINBUF_INST/O
                         net (fo=1, routed)           0.040     0.362                         u_ddr_memory/u_ddr_bd/design_1_i/ddr4_0/inst/u_ddr4_mem_intfc/u_mig_ddr4_phy/inst/u_ddr4_phy_pll/diff_input_clk.u_ibufg_sys_clk/OUT
    BA27                 IBUFCTRL (Prop_IBUFCTRL_HPIOB_M_I_O)
                                                      0.000     0.362 r                       u_ddr_memory/u_ddr_bd/design_1_i/ddr4_0/inst/u_ddr4_mem_intfc/u_mig_ddr4_phy/inst/u_ddr4_phy_pll/diff_input_clk.u_ibufg_sys_clk/IBUFCTRL_INST/O
                         net (fo=2, routed)           0.203     0.565                         u_ddr_memory/u_ddr_bd/design_1_i/ddr4_0/inst/u_ddr4_infrastructure/mmcm_clk_in
    MMCM_X0Y1            MMCME4_ADV (Prop_MMCM_CLKIN1_CLKOUT0)
                                                      0.230     0.795 r                       u_ddr_memory/u_ddr_bd/design_1_i/ddr4_0/inst/u_ddr4_infrastructure/gen_mmcme4.u_mmcme_adv_inst/CLKOUT0
                         net (fo=1, routed)           0.146     0.941                         u_ddr_memory/u_ddr_bd/design_1_i/ddr4_0/inst/u_ddr4_infrastructure/mmcm_clkout0
    BUFGCE_X0Y42         BUFGCE (Prop_BUFCE_BUFGCE_I_O)
                                                      0.017     0.958 r                       u_ddr_memory/u_ddr_bd/design_1_i/ddr4_0/inst/u_ddr4_infrastructure/u_bufg_divClk/O
    X4Y3 (CLOCK_ROOT)    net (fo=124013, routed)      1.906     2.864                         u_camera_hdmi/u_camera_subsystem/g_camera_frontend[2].u_camera/ddr4_ui_clk
    SLR Crossing[0->3]   
    BITSLICE_RX_TX_X0Y628
                         FDRE                                         r                       u_camera_hdmi/u_camera_subsystem/g_camera_frontend[2].u_camera/dvp_data_iob_reg[1]/C
  -------------------------------------------------------------------    ----------------------------------------
    BITSLICE_RX_TX_X0Y628
                         FDRE (Prop_IN_FF_BITSLICE_COMPONENT_RX_TX_C_Q)
                                                      0.137     3.001 r                       u_camera_hdmi/u_camera_subsystem/g_camera_frontend[2].u_camera/dvp_data_iob_reg[1]/Q
                         net (fo=1, routed)           0.505     3.506                         u_camera_hdmi/u_camera_subsystem/g_camera_frontend[2].u_camera/dvp_data_iob[1]
    SLICE_X112Y722       FDRE                                         r  pblock_dvp_sync_slr3 u_camera_hdmi/u_camera_subsystem/g_camera_frontend[2].u_camera/dvp_data_sync_reg[1]/D
  -------------------------------------------------------------------    ----------------------------------------

                         (clock mmcm_clkout0 rise edge)
                                                      0.000     0.000 r                       
    BA27                                              0.000     0.000 r                       c0_sys_clk_p (IN)
                         net (fo=0)                   0.100     0.100                         u_ddr_memory/u_ddr_bd/design_1_i/ddr4_0/inst/u_ddr4_mem_intfc/u_mig_ddr4_phy/inst/u_ddr4_phy_pll/diff_input_clk.u_ibufg_sys_clk/I
    HPIOBDIFFINBUF_X0Y35 DIFFINBUF (Prop_DIFFINBUF_HPIOBDIFFINBUF_DIFF_IN_P_O)
                                                      0.341     0.441 r                       u_ddr_memory/u_ddr_bd/design_1_i/ddr4_0/inst/u_ddr4_mem_intfc/u_mig_ddr4_phy/inst/u_ddr4_phy_pll/diff_input_clk.u_ibufg_sys_clk/DIFFINBUF_INST/O
                         net (fo=1, routed)           0.050     0.491                         u_ddr_memory/u_ddr_bd/design_1_i/ddr4_0/inst/u_ddr4_mem_intfc/u_mig_ddr4_phy/inst/u_ddr4_phy_pll/diff_input_clk.u_ibufg_sys_clk/OUT
    BA27                 IBUFCTRL (Prop_IBUFCTRL_HPIOB_M_I_O)
                                                      0.000     0.491 r                       u_ddr_memory/u_ddr_bd/design_1_i/ddr4_0/inst/u_ddr4_mem_intfc/u_mig_ddr4_phy/inst/u_ddr4_phy_pll/diff_input_clk.u_ibufg_sys_clk/IBUFCTRL_INST/O
                         net (fo=2, routed)           0.230     0.721                         u_ddr_memory/u_ddr_bd/design_1_i/ddr4_0/inst/u_ddr4_infrastructure/mmcm_clk_in
    MMCM_X0Y1            MMCME4_ADV (Prop_MMCM_CLKIN1_CLKOUT0)
                                                     -0.295     0.426 r                       u_ddr_memory/u_ddr_bd/design_1_i/ddr4_0/inst/u_ddr4_infrastructure/gen_mmcme4.u_mmcme_adv_inst/CLKOUT0
                         net (fo=1, routed)           0.166     0.592                         u_ddr_memory/u_ddr_bd/design_1_i/ddr4_0/inst/u_ddr4_infrastructure/mmcm_clkout0
    BUFGCE_X0Y42         BUFGCE (Prop_BUFCE_BUFGCE_I_O)
                                                      0.019     0.611 r                       u_ddr_memory/u_ddr_bd/design_1_i/ddr4_0/inst/u_ddr4_infrastructure/u_bufg_divClk/O
    X4Y3 (CLOCK_ROOT)    net (fo=124013, routed)      2.267     2.878                         u_camera_hdmi/u_camera_subsystem/g_camera_frontend[2].u_camera/ddr4_ui_clk
    SLR Crossing[0->3]   
    SLICE_X112Y722       FDRE                                         r  pblock_dvp_sync_slr3 u_camera_hdmi/u_camera_subsystem/g_camera_frontend[2].u_camera/dvp_data_sync_reg[1]/C

Slack:                    inf
  Source:                 u_camera_hdmi/u_camera_subsystem/g_camera_frontend[3].u_camera/dvp_data_iob_reg[0]/C
                            (rising edge-triggered cell FDRE clocked by mmcm_clkout0  {rise@0.000ns fall@1.666ns period=3.332ns})
  Destination:            u_camera_hdmi/u_camera_subsystem/g_camera_frontend[3].u_camera/dvp_data_sync_reg[0]/D
                            (rising edge-triggered cell FDRE clocked by mmcm_clkout0  {rise@0.000ns fall@1.666ns period=3.332ns})
  Path Group:             (none)
  Path Type:              Hold (Min at Fast Process Corner)
  Data Path Delay:        0.655ns  (logic 0.137ns (20.916%)  route 0.518ns (79.084%))
  Logic Levels:           0  
  Clock Path Skew:        0.014ns (DCD - SCD - CPR)
    Destination Clock Delay (DCD):    2.878ns
    Source Clock Delay      (SCD):    2.864ns
    Clock Pessimism Removal (CPR):    -0.000ns
  Clock Uncertainty:      0.052ns  ((TSJ^2 + DJ^2)^1/2) / 2 + PE
    Total System Jitter     (TSJ):    0.071ns
    Discrete Jitter          (DJ):    0.077ns
    Phase Error              (PE):    0.000ns
  Clock Net Delay (Source):      1.906ns (routing 0.490ns, distribution 1.416ns)
  Clock Net Delay (Destination): 2.267ns (routing 0.548ns, distribution 1.719ns)
  Timing Exception:       False Path

    Location             Delay type                Incr(ns)  Path(ns)    PBlock               Netlist Resource(s)
  -------------------------------------------------------------------    ----------------------------------------
                         (clock mmcm_clkout0 rise edge)
                                                      0.000     0.000 r                       
    BA27                                              0.000     0.000 r                       c0_sys_clk_p (IN)
                         net (fo=0)                   0.079     0.079                         u_ddr_memory/u_ddr_bd/design_1_i/ddr4_0/inst/u_ddr4_mem_intfc/u_mig_ddr4_phy/inst/u_ddr4_phy_pll/diff_input_clk.u_ibufg_sys_clk/I
    HPIOBDIFFINBUF_X0Y35 DIFFINBUF (Prop_DIFFINBUF_HPIOBDIFFINBUF_DIFF_IN_P_O)
                                                      0.243     0.322 r                       u_ddr_memory/u_ddr_bd/design_1_i/ddr4_0/inst/u_ddr4_mem_intfc/u_mig_ddr4_phy/inst/u_ddr4_phy_pll/diff_input_clk.u_ibufg_sys_clk/DIFFINBUF_INST/O
                         net (fo=1, routed)           0.040     0.362                         u_ddr_memory/u_ddr_bd/design_1_i/ddr4_0/inst/u_ddr4_mem_intfc/u_mig_ddr4_phy/inst/u_ddr4_phy_pll/diff_input_clk.u_ibufg_sys_clk/OUT
    BA27                 IBUFCTRL (Prop_IBUFCTRL_HPIOB_M_I_O)
                                                      0.000     0.362 r                       u_ddr_memory/u_ddr_bd/design_1_i/ddr4_0/inst/u_ddr4_mem_intfc/u_mig_ddr4_phy/inst/u_ddr4_phy_pll/diff_input_clk.u_ibufg_sys_clk/IBUFCTRL_INST/O
                         net (fo=2, routed)           0.203     0.565                         u_ddr_memory/u_ddr_bd/design_1_i/ddr4_0/inst/u_ddr4_infrastructure/mmcm_clk_in
    MMCM_X0Y1            MMCME4_ADV (Prop_MMCM_CLKIN1_CLKOUT0)
                                                      0.230     0.795 r                       u_ddr_memory/u_ddr_bd/design_1_i/ddr4_0/inst/u_ddr4_infrastructure/gen_mmcme4.u_mmcme_adv_inst/CLKOUT0
                         net (fo=1, routed)           0.146     0.941                         u_ddr_memory/u_ddr_bd/design_1_i/ddr4_0/inst/u_ddr4_infrastructure/mmcm_clkout0
    BUFGCE_X0Y42         BUFGCE (Prop_BUFCE_BUFGCE_I_O)
                                                      0.017     0.958 r                       u_ddr_memory/u_ddr_bd/design_1_i/ddr4_0/inst/u_ddr4_infrastructure/u_bufg_divClk/O
    X4Y3 (CLOCK_ROOT)    net (fo=124013, routed)      1.906     2.864                         u_camera_hdmi/u_camera_subsystem/g_camera_frontend[3].u_camera/ddr4_ui_clk
    SLR Crossing[0->3]   
    BITSLICE_RX_TX_X0Y641
                         FDRE                                         r                       u_camera_hdmi/u_camera_subsystem/g_camera_frontend[3].u_camera/dvp_data_iob_reg[0]/C
  -------------------------------------------------------------------    ----------------------------------------
    BITSLICE_RX_TX_X0Y641
                         FDRE (Prop_IN_FF_BITSLICE_COMPONENT_RX_TX_C_Q)
                                                      0.137     3.001 r                       u_camera_hdmi/u_camera_subsystem/g_camera_frontend[3].u_camera/dvp_data_iob_reg[0]/Q
                         net (fo=1, routed)           0.518     3.519                         u_camera_hdmi/u_camera_subsystem/g_camera_frontend[3].u_camera/dvp_data_iob[0]
    SLICE_X112Y721       FDRE                                         r  pblock_dvp_sync_slr3 u_camera_hdmi/u_camera_subsystem/g_camera_frontend[3].u_camera/dvp_data_sync_reg[0]/D
  -------------------------------------------------------------------    ----------------------------------------

                         (clock mmcm_clkout0 rise edge)
                                                      0.000     0.000 r                       
    BA27                                              0.000     0.000 r                       c0_sys_clk_p (IN)
                         net (fo=0)                   0.100     0.100                         u_ddr_memory/u_ddr_bd/design_1_i/ddr4_0/inst/u_ddr4_mem_intfc/u_mig_ddr4_phy/inst/u_ddr4_phy_pll/diff_input_clk.u_ibufg_sys_clk/I
    HPIOBDIFFINBUF_X0Y35 DIFFINBUF (Prop_DIFFINBUF_HPIOBDIFFINBUF_DIFF_IN_P_O)
                                                      0.341     0.441 r                       u_ddr_memory/u_ddr_bd/design_1_i/ddr4_0/inst/u_ddr4_mem_intfc/u_mig_ddr4_phy/inst/u_ddr4_phy_pll/diff_input_clk.u_ibufg_sys_clk/DIFFINBUF_INST/O
                         net (fo=1, routed)           0.050     0.491                         u_ddr_memory/u_ddr_bd/design_1_i/ddr4_0/inst/u_ddr4_mem_intfc/u_mig_ddr4_phy/inst/u_ddr4_phy_pll/diff_input_clk.u_ibufg_sys_clk/OUT
    BA27                 IBUFCTRL (Prop_IBUFCTRL_HPIOB_M_I_O)
                                                      0.000     0.491 r                       u_ddr_memory/u_ddr_bd/design_1_i/ddr4_0/inst/u_ddr4_mem_intfc/u_mig_ddr4_phy/inst/u_ddr4_phy_pll/diff_input_clk.u_ibufg_sys_clk/IBUFCTRL_INST/O
                         net (fo=2, routed)           0.230     0.721                         u_ddr_memory/u_ddr_bd/design_1_i/ddr4_0/inst/u_ddr4_infrastructure/mmcm_clk_in
    MMCM_X0Y1            MMCME4_ADV (Prop_MMCM_CLKIN1_CLKOUT0)
                                                     -0.295     0.426 r                       u_ddr_memory/u_ddr_bd/design_1_i/ddr4_0/inst/u_ddr4_infrastructure/gen_mmcme4.u_mmcme_adv_inst/CLKOUT0
                         net (fo=1, routed)           0.166     0.592                         u_ddr_memory/u_ddr_bd/design_1_i/ddr4_0/inst/u_ddr4_infrastructure/mmcm_clkout0
    BUFGCE_X0Y42         BUFGCE (Prop_BUFCE_BUFGCE_I_O)
                                                      0.019     0.611 r                       u_ddr_memory/u_ddr_bd/design_1_i/ddr4_0/inst/u_ddr4_infrastructure/u_bufg_divClk/O
    X4Y3 (CLOCK_ROOT)    net (fo=124013, routed)      2.267     2.878                         u_camera_hdmi/u_camera_subsystem/g_camera_frontend[3].u_camera/ddr4_ui_clk
    SLR Crossing[0->3]   
    SLICE_X112Y721       FDRE                                         r  pblock_dvp_sync_slr3 u_camera_hdmi/u_camera_subsystem/g_camera_frontend[3].u_camera/dvp_data_sync_reg[0]/C

Slack:                    inf
  Source:                 u_camera_hdmi/u_camera_subsystem/g_camera_frontend[3].u_camera/dvp_data_iob_reg[3]/C
                            (rising edge-triggered cell FDRE clocked by mmcm_clkout0  {rise@0.000ns fall@1.666ns period=3.332ns})
  Destination:            u_camera_hdmi/u_camera_subsystem/g_camera_frontend[3].u_camera/dvp_data_sync_reg[3]/D
                            (rising edge-triggered cell FDRE clocked by mmcm_clkout0  {rise@0.000ns fall@1.666ns period=3.332ns})
  Path Group:             (none)
  Path Type:              Hold (Min at Fast Process Corner)
  Data Path Delay:        0.669ns  (logic 0.174ns (26.009%)  route 0.495ns (73.991%))
  Logic Levels:           0  
  Clock Path Skew:        0.017ns (DCD - SCD - CPR)
    Destination Clock Delay (DCD):    2.882ns
    Source Clock Delay      (SCD):    2.865ns
    Clock Pessimism Removal (CPR):    -0.000ns
  Clock Uncertainty:      0.052ns  ((TSJ^2 + DJ^2)^1/2) / 2 + PE
    Total System Jitter     (TSJ):    0.071ns
    Discrete Jitter          (DJ):    0.077ns
    Phase Error              (PE):    0.000ns
  Clock Net Delay (Source):      1.907ns (routing 0.490ns, distribution 1.417ns)
  Clock Net Delay (Destination): 2.271ns (routing 0.548ns, distribution 1.723ns)
  Timing Exception:       False Path

    Location             Delay type                Incr(ns)  Path(ns)    PBlock               Netlist Resource(s)
  -------------------------------------------------------------------    ----------------------------------------
                         (clock mmcm_clkout0 rise edge)
                                                      0.000     0.000 r                       
    BA27                                              0.000     0.000 r                       c0_sys_clk_p (IN)
                         net (fo=0)                   0.079     0.079                         u_ddr_memory/u_ddr_bd/design_1_i/ddr4_0/inst/u_ddr4_mem_intfc/u_mig_ddr4_phy/inst/u_ddr4_phy_pll/diff_input_clk.u_ibufg_sys_clk/I
    HPIOBDIFFINBUF_X0Y35 DIFFINBUF (Prop_DIFFINBUF_HPIOBDIFFINBUF_DIFF_IN_P_O)
                                                      0.243     0.322 r                       u_ddr_memory/u_ddr_bd/design_1_i/ddr4_0/inst/u_ddr4_mem_intfc/u_mig_ddr4_phy/inst/u_ddr4_phy_pll/diff_input_clk.u_ibufg_sys_clk/DIFFINBUF_INST/O
                         net (fo=1, routed)           0.040     0.362                         u_ddr_memory/u_ddr_bd/design_1_i/ddr4_0/inst/u_ddr4_mem_intfc/u_mig_ddr4_phy/inst/u_ddr4_phy_pll/diff_input_clk.u_ibufg_sys_clk/OUT
    BA27                 IBUFCTRL (Prop_IBUFCTRL_HPIOB_M_I_O)
                                                      0.000     0.362 r                       u_ddr_memory/u_ddr_bd/design_1_i/ddr4_0/inst/u_ddr4_mem_intfc/u_mig_ddr4_phy/inst/u_ddr4_phy_pll/diff_input_clk.u_ibufg_sys_clk/IBUFCTRL_INST/O
                         net (fo=2, routed)           0.203     0.565                         u_ddr_memory/u_ddr_bd/design_1_i/ddr4_0/inst/u_ddr4_infrastructure/mmcm_clk_in
    MMCM_X0Y1            MMCME4_ADV (Prop_MMCM_CLKIN1_CLKOUT0)
                                                      0.230     0.795 r                       u_ddr_memory/u_ddr_bd/design_1_i/ddr4_0/inst/u_ddr4_infrastructure/gen_mmcme4.u_mmcme_adv_inst/CLKOUT0
                         net (fo=1, routed)           0.146     0.941                         u_ddr_memory/u_ddr_bd/design_1_i/ddr4_0/inst/u_ddr4_infrastructure/mmcm_clkout0
    BUFGCE_X0Y42         BUFGCE (Prop_BUFCE_BUFGCE_I_O)
                                                      0.017     0.958 r                       u_ddr_memory/u_ddr_bd/design_1_i/ddr4_0/inst/u_ddr4_infrastructure/u_bufg_divClk/O
    X4Y3 (CLOCK_ROOT)    net (fo=124013, routed)      1.907     2.865                         u_camera_hdmi/u_camera_subsystem/g_camera_frontend[3].u_camera/ddr4_ui_clk
    SLR Crossing[0->3]   
    BITSLICE_RX_TX_X0Y627
                         FDRE                                         r                       u_camera_hdmi/u_camera_subsystem/g_camera_frontend[3].u_camera/dvp_data_iob_reg[3]/C
  -------------------------------------------------------------------    ----------------------------------------
    BITSLICE_RX_TX_X0Y627
                         FDRE (Prop_IN_FF_BITSLICE_COMPONENT_RX_TX_C_Q)
                                                      0.174     3.039 r                       u_camera_hdmi/u_camera_subsystem/g_camera_frontend[3].u_camera/dvp_data_iob_reg[3]/Q
                         net (fo=1, routed)           0.495     3.534                         u_camera_hdmi/u_camera_subsystem/g_camera_frontend[3].u_camera/dvp_data_iob[3]
    SLICE_X112Y721       FDRE                                         r  pblock_dvp_sync_slr3 u_camera_hdmi/u_camera_subsystem/g_camera_frontend[3].u_camera/dvp_data_sync_reg[3]/D
  -------------------------------------------------------------------    ----------------------------------------

                         (clock mmcm_clkout0 rise edge)
                                                      0.000     0.000 r                       
    BA27                                              0.000     0.000 r                       c0_sys_clk_p (IN)
                         net (fo=0)                   0.100     0.100                         u_ddr_memory/u_ddr_bd/design_1_i/ddr4_0/inst/u_ddr4_mem_intfc/u_mig_ddr4_phy/inst/u_ddr4_phy_pll/diff_input_clk.u_ibufg_sys_clk/I
    HPIOBDIFFINBUF_X0Y35 DIFFINBUF (Prop_DIFFINBUF_HPIOBDIFFINBUF_DIFF_IN_P_O)
                                                      0.341     0.441 r                       u_ddr_memory/u_ddr_bd/design_1_i/ddr4_0/inst/u_ddr4_mem_intfc/u_mig_ddr4_phy/inst/u_ddr4_phy_pll/diff_input_clk.u_ibufg_sys_clk/DIFFINBUF_INST/O
                         net (fo=1, routed)           0.050     0.491                         u_ddr_memory/u_ddr_bd/design_1_i/ddr4_0/inst/u_ddr4_mem_intfc/u_mig_ddr4_phy/inst/u_ddr4_phy_pll/diff_input_clk.u_ibufg_sys_clk/OUT
    BA27                 IBUFCTRL (Prop_IBUFCTRL_HPIOB_M_I_O)
                                                      0.000     0.491 r                       u_ddr_memory/u_ddr_bd/design_1_i/ddr4_0/inst/u_ddr4_mem_intfc/u_mig_ddr4_phy/inst/u_ddr4_phy_pll/diff_input_clk.u_ibufg_sys_clk/IBUFCTRL_INST/O
                         net (fo=2, routed)           0.230     0.721                         u_ddr_memory/u_ddr_bd/design_1_i/ddr4_0/inst/u_ddr4_infrastructure/mmcm_clk_in
    MMCM_X0Y1            MMCME4_ADV (Prop_MMCM_CLKIN1_CLKOUT0)
                                                     -0.295     0.426 r                       u_ddr_memory/u_ddr_bd/design_1_i/ddr4_0/inst/u_ddr4_infrastructure/gen_mmcme4.u_mmcme_adv_inst/CLKOUT0
                         net (fo=1, routed)           0.166     0.592                         u_ddr_memory/u_ddr_bd/design_1_i/ddr4_0/inst/u_ddr4_infrastructure/mmcm_clkout0
    BUFGCE_X0Y42         BUFGCE (Prop_BUFCE_BUFGCE_I_O)
                                                      0.019     0.611 r                       u_ddr_memory/u_ddr_bd/design_1_i/ddr4_0/inst/u_ddr4_infrastructure/u_bufg_divClk/O
    X4Y3 (CLOCK_ROOT)    net (fo=124013, routed)      2.271     2.882                         u_camera_hdmi/u_camera_subsystem/g_camera_frontend[3].u_camera/ddr4_ui_clk
    SLR Crossing[0->3]   
    SLICE_X112Y721       FDRE                                         r  pblock_dvp_sync_slr3 u_camera_hdmi/u_camera_subsystem/g_camera_frontend[3].u_camera/dvp_data_sync_reg[3]/C

Slack:                    inf
  Source:                 u_camera_hdmi/u_camera_subsystem/g_camera_frontend[3].u_camera/dvp_data_iob_reg[1]/C
                            (rising edge-triggered cell FDRE clocked by mmcm_clkout0  {rise@0.000ns fall@1.666ns period=3.332ns})
  Destination:            u_camera_hdmi/u_camera_subsystem/g_camera_frontend[3].u_camera/dvp_data_sync_reg[1]/D
                            (rising edge-triggered cell FDRE clocked by mmcm_clkout0  {rise@0.000ns fall@1.666ns period=3.332ns})
  Path Group:             (none)
  Path Type:              Hold (Min at Fast Process Corner)
  Data Path Delay:        0.673ns  (logic 0.124ns (18.425%)  route 0.549ns (81.575%))
  Logic Levels:           0  
  Clock Path Skew:        0.016ns (DCD - SCD - CPR)
    Destination Clock Delay (DCD):    2.878ns
    Source Clock Delay      (SCD):    2.862ns
    Clock Pessimism Removal (CPR):    -0.000ns
  Clock Uncertainty:      0.052ns  ((TSJ^2 + DJ^2)^1/2) / 2 + PE
    Total System Jitter     (TSJ):    0.071ns
    Discrete Jitter          (DJ):    0.077ns
    Phase Error              (PE):    0.000ns
  Clock Net Delay (Source):      1.904ns (routing 0.490ns, distribution 1.414ns)
  Clock Net Delay (Destination): 2.267ns (routing 0.548ns, distribution 1.719ns)
  Timing Exception:       False Path

    Location             Delay type                Incr(ns)  Path(ns)    PBlock               Netlist Resource(s)
  -------------------------------------------------------------------    ----------------------------------------
                         (clock mmcm_clkout0 rise edge)
                                                      0.000     0.000 r                       
    BA27                                              0.000     0.000 r                       c0_sys_clk_p (IN)
                         net (fo=0)                   0.079     0.079                         u_ddr_memory/u_ddr_bd/design_1_i/ddr4_0/inst/u_ddr4_mem_intfc/u_mig_ddr4_phy/inst/u_ddr4_phy_pll/diff_input_clk.u_ibufg_sys_clk/I
    HPIOBDIFFINBUF_X0Y35 DIFFINBUF (Prop_DIFFINBUF_HPIOBDIFFINBUF_DIFF_IN_P_O)
                                                      0.243     0.322 r                       u_ddr_memory/u_ddr_bd/design_1_i/ddr4_0/inst/u_ddr4_mem_intfc/u_mig_ddr4_phy/inst/u_ddr4_phy_pll/diff_input_clk.u_ibufg_sys_clk/DIFFINBUF_INST/O
                         net (fo=1, routed)           0.040     0.362                         u_ddr_memory/u_ddr_bd/design_1_i/ddr4_0/inst/u_ddr4_mem_intfc/u_mig_ddr4_phy/inst/u_ddr4_phy_pll/diff_input_clk.u_ibufg_sys_clk/OUT
    BA27                 IBUFCTRL (Prop_IBUFCTRL_HPIOB_M_I_O)
                                                      0.000     0.362 r                       u_ddr_memory/u_ddr_bd/design_1_i/ddr4_0/inst/u_ddr4_mem_intfc/u_mig_ddr4_phy/inst/u_ddr4_phy_pll/diff_input_clk.u_ibufg_sys_clk/IBUFCTRL_INST/O
                         net (fo=2, routed)           0.203     0.565                         u_ddr_memory/u_ddr_bd/design_1_i/ddr4_0/inst/u_ddr4_infrastructure/mmcm_clk_in
    MMCM_X0Y1            MMCME4_ADV (Prop_MMCM_CLKIN1_CLKOUT0)
                                                      0.230     0.795 r                       u_ddr_memory/u_ddr_bd/design_1_i/ddr4_0/inst/u_ddr4_infrastructure/gen_mmcme4.u_mmcme_adv_inst/CLKOUT0
                         net (fo=1, routed)           0.146     0.941                         u_ddr_memory/u_ddr_bd/design_1_i/ddr4_0/inst/u_ddr4_infrastructure/mmcm_clkout0
    BUFGCE_X0Y42         BUFGCE (Prop_BUFCE_BUFGCE_I_O)
                                                      0.017     0.958 r                       u_ddr_memory/u_ddr_bd/design_1_i/ddr4_0/inst/u_ddr4_infrastructure/u_bufg_divClk/O
    X4Y3 (CLOCK_ROOT)    net (fo=124013, routed)      1.904     2.862                         u_camera_hdmi/u_camera_subsystem/g_camera_frontend[3].u_camera/ddr4_ui_clk
    SLR Crossing[0->3]   
    BITSLICE_RX_TX_X0Y642
                         FDRE                                         r                       u_camera_hdmi/u_camera_subsystem/g_camera_frontend[3].u_camera/dvp_data_iob_reg[1]/C
  -------------------------------------------------------------------    ----------------------------------------
    BITSLICE_RX_TX_X0Y642
                         FDRE (Prop_IN_FF_BITSLICE_COMPONENT_RX_TX_C_Q)
                                                      0.124     2.986 r                       u_camera_hdmi/u_camera_subsystem/g_camera_frontend[3].u_camera/dvp_data_iob_reg[1]/Q
                         net (fo=1, routed)           0.549     3.535                         u_camera_hdmi/u_camera_subsystem/g_camera_frontend[3].u_camera/dvp_data_iob[1]
    SLICE_X112Y721       FDRE                                         r  pblock_dvp_sync_slr3 u_camera_hdmi/u_camera_subsystem/g_camera_frontend[3].u_camera/dvp_data_sync_reg[1]/D
  -------------------------------------------------------------------    ----------------------------------------

                         (clock mmcm_clkout0 rise edge)
                                                      0.000     0.000 r                       
    BA27                                              0.000     0.000 r                       c0_sys_clk_p (IN)
                         net (fo=0)                   0.100     0.100                         u_ddr_memory/u_ddr_bd/design_1_i/ddr4_0/inst/u_ddr4_mem_intfc/u_mig_ddr4_phy/inst/u_ddr4_phy_pll/diff_input_clk.u_ibufg_sys_clk/I
    HPIOBDIFFINBUF_X0Y35 DIFFINBUF (Prop_DIFFINBUF_HPIOBDIFFINBUF_DIFF_IN_P_O)
                                                      0.341     0.441 r                       u_ddr_memory/u_ddr_bd/design_1_i/ddr4_0/inst/u_ddr4_mem_intfc/u_mig_ddr4_phy/inst/u_ddr4_phy_pll/diff_input_clk.u_ibufg_sys_clk/DIFFINBUF_INST/O
                         net (fo=1, routed)           0.050     0.491                         u_ddr_memory/u_ddr_bd/design_1_i/ddr4_0/inst/u_ddr4_mem_intfc/u_mig_ddr4_phy/inst/u_ddr4_phy_pll/diff_input_clk.u_ibufg_sys_clk/OUT
    BA27                 IBUFCTRL (Prop_IBUFCTRL_HPIOB_M_I_O)
                                                      0.000     0.491 r                       u_ddr_memory/u_ddr_bd/design_1_i/ddr4_0/inst/u_ddr4_mem_intfc/u_mig_ddr4_phy/inst/u_ddr4_phy_pll/diff_input_clk.u_ibufg_sys_clk/IBUFCTRL_INST/O
                         net (fo=2, routed)           0.230     0.721                         u_ddr_memory/u_ddr_bd/design_1_i/ddr4_0/inst/u_ddr4_infrastructure/mmcm_clk_in
    MMCM_X0Y1            MMCME4_ADV (Prop_MMCM_CLKIN1_CLKOUT0)
                                                     -0.295     0.426 r                       u_ddr_memory/u_ddr_bd/design_1_i/ddr4_0/inst/u_ddr4_infrastructure/gen_mmcme4.u_mmcme_adv_inst/CLKOUT0
                         net (fo=1, routed)           0.166     0.592                         u_ddr_memory/u_ddr_bd/design_1_i/ddr4_0/inst/u_ddr4_infrastructure/mmcm_clkout0
    BUFGCE_X0Y42         BUFGCE (Prop_BUFCE_BUFGCE_I_O)
                                                      0.019     0.611 r                       u_ddr_memory/u_ddr_bd/design_1_i/ddr4_0/inst/u_ddr4_infrastructure/u_bufg_divClk/O
    X4Y3 (CLOCK_ROOT)    net (fo=124013, routed)      2.267     2.878                         u_camera_hdmi/u_camera_subsystem/g_camera_frontend[3].u_camera/ddr4_ui_clk
    SLR Crossing[0->3]   
    SLICE_X112Y721       FDRE                                         r  pblock_dvp_sync_slr3 u_camera_hdmi/u_camera_subsystem/g_camera_frontend[3].u_camera/dvp_data_sync_reg[1]/C

Slack:                    inf
  Source:                 u_camera_hdmi/u_camera_subsystem/g_camera_frontend[2].u_camera/dvp_data_iob_reg[2]/C
                            (rising edge-triggered cell FDRE clocked by mmcm_clkout0  {rise@0.000ns fall@1.666ns period=3.332ns})
  Destination:            u_camera_hdmi/u_camera_subsystem/g_camera_frontend[2].u_camera/dvp_data_sync_reg[2]/D
                            (rising edge-triggered cell FDRE clocked by mmcm_clkout0  {rise@0.000ns fall@1.666ns period=3.332ns})
  Path Group:             (none)
  Path Type:              Hold (Min at Fast Process Corner)
  Data Path Delay:        0.671ns  (logic 0.127ns (18.927%)  route 0.544ns (81.073%))
  Logic Levels:           0  
  Clock Path Skew:        -0.003ns (DCD - SCD - CPR)
    Destination Clock Delay (DCD):    2.878ns
    Source Clock Delay      (SCD):    2.881ns
    Clock Pessimism Removal (CPR):    -0.000ns
  Clock Uncertainty:      0.052ns  ((TSJ^2 + DJ^2)^1/2) / 2 + PE
    Total System Jitter     (TSJ):    0.071ns
    Discrete Jitter          (DJ):    0.077ns
    Phase Error              (PE):    0.000ns
  Clock Net Delay (Source):      1.923ns (routing 0.490ns, distribution 1.433ns)
  Clock Net Delay (Destination): 2.267ns (routing 0.548ns, distribution 1.719ns)
  Timing Exception:       False Path

    Location             Delay type                Incr(ns)  Path(ns)    PBlock               Netlist Resource(s)
  -------------------------------------------------------------------    ----------------------------------------
                         (clock mmcm_clkout0 rise edge)
                                                      0.000     0.000 r                       
    BA27                                              0.000     0.000 r                       c0_sys_clk_p (IN)
                         net (fo=0)                   0.079     0.079                         u_ddr_memory/u_ddr_bd/design_1_i/ddr4_0/inst/u_ddr4_mem_intfc/u_mig_ddr4_phy/inst/u_ddr4_phy_pll/diff_input_clk.u_ibufg_sys_clk/I
    HPIOBDIFFINBUF_X0Y35 DIFFINBUF (Prop_DIFFINBUF_HPIOBDIFFINBUF_DIFF_IN_P_O)
                                                      0.243     0.322 r                       u_ddr_memory/u_ddr_bd/design_1_i/ddr4_0/inst/u_ddr4_mem_intfc/u_mig_ddr4_phy/inst/u_ddr4_phy_pll/diff_input_clk.u_ibufg_sys_clk/DIFFINBUF_INST/O
                         net (fo=1, routed)           0.040     0.362                         u_ddr_memory/u_ddr_bd/design_1_i/ddr4_0/inst/u_ddr4_mem_intfc/u_mig_ddr4_phy/inst/u_ddr4_phy_pll/diff_input_clk.u_ibufg_sys_clk/OUT
    BA27                 IBUFCTRL (Prop_IBUFCTRL_HPIOB_M_I_O)
                                                      0.000     0.362 r                       u_ddr_memory/u_ddr_bd/design_1_i/ddr4_0/inst/u_ddr4_mem_intfc/u_mig_ddr4_phy/inst/u_ddr4_phy_pll/diff_input_clk.u_ibufg_sys_clk/IBUFCTRL_INST/O
                         net (fo=2, routed)           0.203     0.565                         u_ddr_memory/u_ddr_bd/design_1_i/ddr4_0/inst/u_ddr4_infrastructure/mmcm_clk_in
    MMCM_X0Y1            MMCME4_ADV (Prop_MMCM_CLKIN1_CLKOUT0)
                                                      0.230     0.795 r                       u_ddr_memory/u_ddr_bd/design_1_i/ddr4_0/inst/u_ddr4_infrastructure/gen_mmcme4.u_mmcme_adv_inst/CLKOUT0
                         net (fo=1, routed)           0.146     0.941                         u_ddr_memory/u_ddr_bd/design_1_i/ddr4_0/inst/u_ddr4_infrastructure/mmcm_clkout0
    BUFGCE_X0Y42         BUFGCE (Prop_BUFCE_BUFGCE_I_O)
                                                      0.017     0.958 r                       u_ddr_memory/u_ddr_bd/design_1_i/ddr4_0/inst/u_ddr4_infrastructure/u_bufg_divClk/O
    X4Y3 (CLOCK_ROOT)    net (fo=124013, routed)      1.923     2.881                         u_camera_hdmi/u_camera_subsystem/g_camera_frontend[2].u_camera/ddr4_ui_clk
    SLR Crossing[0->3]   
    BITSLICE_RX_TX_X0Y631
                         FDRE                                         r                       u_camera_hdmi/u_camera_subsystem/g_camera_frontend[2].u_camera/dvp_data_iob_reg[2]/C
  -------------------------------------------------------------------    ----------------------------------------
    BITSLICE_RX_TX_X0Y631
                         FDRE (Prop_IN_FF_BITSLICE_COMPONENT_RX_TX_C_Q)
                                                      0.127     3.008 r                       u_camera_hdmi/u_camera_subsystem/g_camera_frontend[2].u_camera/dvp_data_iob_reg[2]/Q
                         net (fo=1, routed)           0.544     3.552                         u_camera_hdmi/u_camera_subsystem/g_camera_frontend[2].u_camera/dvp_data_iob[2]
    SLICE_X112Y722       FDRE                                         r  pblock_dvp_sync_slr3 u_camera_hdmi/u_camera_subsystem/g_camera_frontend[2].u_camera/dvp_data_sync_reg[2]/D
  -------------------------------------------------------------------    ----------------------------------------

                         (clock mmcm_clkout0 rise edge)
                                                      0.000     0.000 r                       
    BA27                                              0.000     0.000 r                       c0_sys_clk_p (IN)
                         net (fo=0)                   0.100     0.100                         u_ddr_memory/u_ddr_bd/design_1_i/ddr4_0/inst/u_ddr4_mem_intfc/u_mig_ddr4_phy/inst/u_ddr4_phy_pll/diff_input_clk.u_ibufg_sys_clk/I
    HPIOBDIFFINBUF_X0Y35 DIFFINBUF (Prop_DIFFINBUF_HPIOBDIFFINBUF_DIFF_IN_P_O)
                                                      0.341     0.441 r                       u_ddr_memory/u_ddr_bd/design_1_i/ddr4_0/inst/u_ddr4_mem_intfc/u_mig_ddr4_phy/inst/u_ddr4_phy_pll/diff_input_clk.u_ibufg_sys_clk/DIFFINBUF_INST/O
                         net (fo=1, routed)           0.050     0.491                         u_ddr_memory/u_ddr_bd/design_1_i/ddr4_0/inst/u_ddr4_mem_intfc/u_mig_ddr4_phy/inst/u_ddr4_phy_pll/diff_input_clk.u_ibufg_sys_clk/OUT
    BA27                 IBUFCTRL (Prop_IBUFCTRL_HPIOB_M_I_O)
                                                      0.000     0.491 r                       u_ddr_memory/u_ddr_bd/design_1_i/ddr4_0/inst/u_ddr4_mem_intfc/u_mig_ddr4_phy/inst/u_ddr4_phy_pll/diff_input_clk.u_ibufg_sys_clk/IBUFCTRL_INST/O
                         net (fo=2, routed)           0.230     0.721                         u_ddr_memory/u_ddr_bd/design_1_i/ddr4_0/inst/u_ddr4_infrastructure/mmcm_clk_in
    MMCM_X0Y1            MMCME4_ADV (Prop_MMCM_CLKIN1_CLKOUT0)
                                                     -0.295     0.426 r                       u_ddr_memory/u_ddr_bd/design_1_i/ddr4_0/inst/u_ddr4_infrastructure/gen_mmcme4.u_mmcme_adv_inst/CLKOUT0
                         net (fo=1, routed)           0.166     0.592                         u_ddr_memory/u_ddr_bd/design_1_i/ddr4_0/inst/u_ddr4_infrastructure/mmcm_clkout0
    BUFGCE_X0Y42         BUFGCE (Prop_BUFCE_BUFGCE_I_O)
                                                      0.019     0.611 r                       u_ddr_memory/u_ddr_bd/design_1_i/ddr4_0/inst/u_ddr4_infrastructure/u_bufg_divClk/O
    X4Y3 (CLOCK_ROOT)    net (fo=124013, routed)      2.267     2.878                         u_camera_hdmi/u_camera_subsystem/g_camera_frontend[2].u_camera/ddr4_ui_clk
    SLR Crossing[0->3]   
    SLICE_X112Y722       FDRE                                         r  pblock_dvp_sync_slr3 u_camera_hdmi/u_camera_subsystem/g_camera_frontend[2].u_camera/dvp_data_sync_reg[2]/C

Slack:                    inf
  Source:                 u_camera_hdmi/u_camera_subsystem/g_camera_frontend[3].u_camera/dvp_data_iob_reg[2]/C
                            (rising edge-triggered cell FDRE clocked by mmcm_clkout0  {rise@0.000ns fall@1.666ns period=3.332ns})
  Destination:            u_camera_hdmi/u_camera_subsystem/g_camera_frontend[3].u_camera/dvp_data_sync_reg[2]/D
                            (rising edge-triggered cell FDRE clocked by mmcm_clkout0  {rise@0.000ns fall@1.666ns period=3.332ns})
  Path Group:             (none)
  Path Type:              Hold (Min at Fast Process Corner)
  Data Path Delay:        0.696ns  (logic 0.179ns (25.718%)  route 0.517ns (74.282%))
  Logic Levels:           0  
  Clock Path Skew:        0.015ns (DCD - SCD - CPR)
    Destination Clock Delay (DCD):    2.882ns
    Source Clock Delay      (SCD):    2.867ns
    Clock Pessimism Removal (CPR):    -0.000ns
  Clock Uncertainty:      0.052ns  ((TSJ^2 + DJ^2)^1/2) / 2 + PE
    Total System Jitter     (TSJ):    0.071ns
    Discrete Jitter          (DJ):    0.077ns
    Phase Error              (PE):    0.000ns
  Clock Net Delay (Source):      1.909ns (routing 0.490ns, distribution 1.419ns)
  Clock Net Delay (Destination): 2.271ns (routing 0.548ns, distribution 1.723ns)
  Timing Exception:       False Path

    Location             Delay type                Incr(ns)  Path(ns)    PBlock               Netlist Resource(s)
  -------------------------------------------------------------------    ----------------------------------------
                         (clock mmcm_clkout0 rise edge)
                                                      0.000     0.000 r                       
    BA27                                              0.000     0.000 r                       c0_sys_clk_p (IN)
                         net (fo=0)                   0.079     0.079                         u_ddr_memory/u_ddr_bd/design_1_i/ddr4_0/inst/u_ddr4_mem_intfc/u_mig_ddr4_phy/inst/u_ddr4_phy_pll/diff_input_clk.u_ibufg_sys_clk/I
    HPIOBDIFFINBUF_X0Y35 DIFFINBUF (Prop_DIFFINBUF_HPIOBDIFFINBUF_DIFF_IN_P_O)
                                                      0.243     0.322 r                       u_ddr_memory/u_ddr_bd/design_1_i/ddr4_0/inst/u_ddr4_mem_intfc/u_mig_ddr4_phy/inst/u_ddr4_phy_pll/diff_input_clk.u_ibufg_sys_clk/DIFFINBUF_INST/O
                         net (fo=1, routed)           0.040     0.362                         u_ddr_memory/u_ddr_bd/design_1_i/ddr4_0/inst/u_ddr4_mem_intfc/u_mig_ddr4_phy/inst/u_ddr4_phy_pll/diff_input_clk.u_ibufg_sys_clk/OUT
    BA27                 IBUFCTRL (Prop_IBUFCTRL_HPIOB_M_I_O)
                                                      0.000     0.362 r                       u_ddr_memory/u_ddr_bd/design_1_i/ddr4_0/inst/u_ddr4_mem_intfc/u_mig_ddr4_phy/inst/u_ddr4_phy_pll/diff_input_clk.u_ibufg_sys_clk/IBUFCTRL_INST/O
                         net (fo=2, routed)           0.203     0.565                         u_ddr_memory/u_ddr_bd/design_1_i/ddr4_0/inst/u_ddr4_infrastructure/mmcm_clk_in
    MMCM_X0Y1            MMCME4_ADV (Prop_MMCM_CLKIN1_CLKOUT0)
                                                      0.230     0.795 r                       u_ddr_memory/u_ddr_bd/design_1_i/ddr4_0/inst/u_ddr4_infrastructure/gen_mmcme4.u_mmcme_adv_inst/CLKOUT0
                         net (fo=1, routed)           0.146     0.941                         u_ddr_memory/u_ddr_bd/design_1_i/ddr4_0/inst/u_ddr4_infrastructure/mmcm_clkout0
    BUFGCE_X0Y42         BUFGCE (Prop_BUFCE_BUFGCE_I_O)
                                                      0.017     0.958 r                       u_ddr_memory/u_ddr_bd/design_1_i/ddr4_0/inst/u_ddr4_infrastructure/u_bufg_divClk/O
    X4Y3 (CLOCK_ROOT)    net (fo=124013, routed)      1.909     2.867                         u_camera_hdmi/u_camera_subsystem/g_camera_frontend[3].u_camera/ddr4_ui_clk
    SLR Crossing[0->3]   
    BITSLICE_RX_TX_X0Y626
                         FDRE                                         r                       u_camera_hdmi/u_camera_subsystem/g_camera_frontend[3].u_camera/dvp_data_iob_reg[2]/C
  -------------------------------------------------------------------    ----------------------------------------
    BITSLICE_RX_TX_X0Y626
                         FDRE (Prop_IN_FF_BITSLICE_COMPONENT_RX_TX_C_Q)
                                                      0.179     3.046 r                       u_camera_hdmi/u_camera_subsystem/g_camera_frontend[3].u_camera/dvp_data_iob_reg[2]/Q
                         net (fo=1, routed)           0.517     3.563                         u_camera_hdmi/u_camera_subsystem/g_camera_frontend[3].u_camera/dvp_data_iob[2]
    SLICE_X112Y721       FDRE                                         r  pblock_dvp_sync_slr3 u_camera_hdmi/u_camera_subsystem/g_camera_frontend[3].u_camera/dvp_data_sync_reg[2]/D
  -------------------------------------------------------------------    ----------------------------------------

                         (clock mmcm_clkout0 rise edge)
                                                      0.000     0.000 r                       
    BA27                                              0.000     0.000 r                       c0_sys_clk_p (IN)
                         net (fo=0)                   0.100     0.100                         u_ddr_memory/u_ddr_bd/design_1_i/ddr4_0/inst/u_ddr4_mem_intfc/u_mig_ddr4_phy/inst/u_ddr4_phy_pll/diff_input_clk.u_ibufg_sys_clk/I
    HPIOBDIFFINBUF_X0Y35 DIFFINBUF (Prop_DIFFINBUF_HPIOBDIFFINBUF_DIFF_IN_P_O)
                                                      0.341     0.441 r                       u_ddr_memory/u_ddr_bd/design_1_i/ddr4_0/inst/u_ddr4_mem_intfc/u_mig_ddr4_phy/inst/u_ddr4_phy_pll/diff_input_clk.u_ibufg_sys_clk/DIFFINBUF_INST/O
                         net (fo=1, routed)           0.050     0.491                         u_ddr_memory/u_ddr_bd/design_1_i/ddr4_0/inst/u_ddr4_mem_intfc/u_mig_ddr4_phy/inst/u_ddr4_phy_pll/diff_input_clk.u_ibufg_sys_clk/OUT
    BA27                 IBUFCTRL (Prop_IBUFCTRL_HPIOB_M_I_O)
                                                      0.000     0.491 r                       u_ddr_memory/u_ddr_bd/design_1_i/ddr4_0/inst/u_ddr4_mem_intfc/u_mig_ddr4_phy/inst/u_ddr4_phy_pll/diff_input_clk.u_ibufg_sys_clk/IBUFCTRL_INST/O
                         net (fo=2, routed)           0.230     0.721                         u_ddr_memory/u_ddr_bd/design_1_i/ddr4_0/inst/u_ddr4_infrastructure/mmcm_clk_in
    MMCM_X0Y1            MMCME4_ADV (Prop_MMCM_CLKIN1_CLKOUT0)
                                                     -0.295     0.426 r                       u_ddr_memory/u_ddr_bd/design_1_i/ddr4_0/inst/u_ddr4_infrastructure/gen_mmcme4.u_mmcme_adv_inst/CLKOUT0
                         net (fo=1, routed)           0.166     0.592                         u_ddr_memory/u_ddr_bd/design_1_i/ddr4_0/inst/u_ddr4_infrastructure/mmcm_clkout0
    BUFGCE_X0Y42         BUFGCE (Prop_BUFCE_BUFGCE_I_O)
                                                      0.019     0.611 r                       u_ddr_memory/u_ddr_bd/design_1_i/ddr4_0/inst/u_ddr4_infrastructure/u_bufg_divClk/O
    X4Y3 (CLOCK_ROOT)    net (fo=124013, routed)      2.271     2.882                         u_camera_hdmi/u_camera_subsystem/g_camera_frontend[3].u_camera/ddr4_ui_clk
    SLR Crossing[0->3]   
    SLICE_X112Y721       FDRE                                         r  pblock_dvp_sync_slr3 u_camera_hdmi/u_camera_subsystem/g_camera_frontend[3].u_camera/dvp_data_sync_reg[2]/C

Slack:                    inf
  Source:                 u_camera_hdmi/u_camera_subsystem/g_camera_frontend[2].u_camera/dvp_vsync_iob_reg/C
                            (rising edge-triggered cell FDRE clocked by mmcm_clkout0  {rise@0.000ns fall@1.666ns period=3.332ns})
  Destination:            u_camera_hdmi/u_camera_subsystem/g_camera_frontend[2].u_camera/dvp_vsync_sync_reg/D
                            (rising edge-triggered cell FDRE clocked by mmcm_clkout0  {rise@0.000ns fall@1.666ns period=3.332ns})
  Path Group:             (none)
  Path Type:              Hold (Min at Fast Process Corner)
  Data Path Delay:        0.695ns  (logic 0.199ns (28.633%)  route 0.496ns (71.367%))
  Logic Levels:           0  
  Clock Path Skew:        0.006ns (DCD - SCD - CPR)
    Destination Clock Delay (DCD):    2.878ns
    Source Clock Delay      (SCD):    2.872ns
    Clock Pessimism Removal (CPR):    -0.000ns
  Clock Uncertainty:      0.052ns  ((TSJ^2 + DJ^2)^1/2) / 2 + PE
    Total System Jitter     (TSJ):    0.071ns
    Discrete Jitter          (DJ):    0.077ns
    Phase Error              (PE):    0.000ns
  Clock Net Delay (Source):      1.914ns (routing 0.490ns, distribution 1.424ns)
  Clock Net Delay (Destination): 2.267ns (routing 0.548ns, distribution 1.719ns)
  Timing Exception:       False Path

    Location             Delay type                Incr(ns)  Path(ns)    PBlock               Netlist Resource(s)
  -------------------------------------------------------------------    ----------------------------------------
                         (clock mmcm_clkout0 rise edge)
                                                      0.000     0.000 r                       
    BA27                                              0.000     0.000 r                       c0_sys_clk_p (IN)
                         net (fo=0)                   0.079     0.079                         u_ddr_memory/u_ddr_bd/design_1_i/ddr4_0/inst/u_ddr4_mem_intfc/u_mig_ddr4_phy/inst/u_ddr4_phy_pll/diff_input_clk.u_ibufg_sys_clk/I
    HPIOBDIFFINBUF_X0Y35 DIFFINBUF (Prop_DIFFINBUF_HPIOBDIFFINBUF_DIFF_IN_P_O)
                                                      0.243     0.322 r                       u_ddr_memory/u_ddr_bd/design_1_i/ddr4_0/inst/u_ddr4_mem_intfc/u_mig_ddr4_phy/inst/u_ddr4_phy_pll/diff_input_clk.u_ibufg_sys_clk/DIFFINBUF_INST/O
                         net (fo=1, routed)           0.040     0.362                         u_ddr_memory/u_ddr_bd/design_1_i/ddr4_0/inst/u_ddr4_mem_intfc/u_mig_ddr4_phy/inst/u_ddr4_phy_pll/diff_input_clk.u_ibufg_sys_clk/OUT
    BA27                 IBUFCTRL (Prop_IBUFCTRL_HPIOB_M_I_O)
                                                      0.000     0.362 r                       u_ddr_memory/u_ddr_bd/design_1_i/ddr4_0/inst/u_ddr4_mem_intfc/u_mig_ddr4_phy/inst/u_ddr4_phy_pll/diff_input_clk.u_ibufg_sys_clk/IBUFCTRL_INST/O
                         net (fo=2, routed)           0.203     0.565                         u_ddr_memory/u_ddr_bd/design_1_i/ddr4_0/inst/u_ddr4_infrastructure/mmcm_clk_in
    MMCM_X0Y1            MMCME4_ADV (Prop_MMCM_CLKIN1_CLKOUT0)
                                                      0.230     0.795 r                       u_ddr_memory/u_ddr_bd/design_1_i/ddr4_0/inst/u_ddr4_infrastructure/gen_mmcme4.u_mmcme_adv_inst/CLKOUT0
                         net (fo=1, routed)           0.146     0.941                         u_ddr_memory/u_ddr_bd/design_1_i/ddr4_0/inst/u_ddr4_infrastructure/mmcm_clkout0
    BUFGCE_X0Y42         BUFGCE (Prop_BUFCE_BUFGCE_I_O)
                                                      0.017     0.958 r                       u_ddr_memory/u_ddr_bd/design_1_i/ddr4_0/inst/u_ddr4_infrastructure/u_bufg_divClk/O
    X4Y3 (CLOCK_ROOT)    net (fo=124013, routed)      1.914     2.872                         u_camera_hdmi/u_camera_subsystem/g_camera_frontend[2].u_camera/ddr4_ui_clk
    SLR Crossing[0->3]   
    BITSLICE_RX_TX_X0Y634
                         FDRE                                         r                       u_camera_hdmi/u_camera_subsystem/g_camera_frontend[2].u_camera/dvp_vsync_iob_reg/C
  -------------------------------------------------------------------    ----------------------------------------
    BITSLICE_RX_TX_X0Y634
                         FDRE (Prop_IN_FF_BITSLICE_COMPONENT_RX_TX_C_Q)
                                                      0.199     3.071 r                       u_camera_hdmi/u_camera_subsystem/g_camera_frontend[2].u_camera/dvp_vsync_iob_reg/Q
                         net (fo=1, routed)           0.496     3.567                         u_camera_hdmi/u_camera_subsystem/g_camera_frontend[2].u_camera/dvp_vsync_iob
    SLICE_X112Y722       FDRE                                         r  pblock_dvp_sync_slr3 u_camera_hdmi/u_camera_subsystem/g_camera_frontend[2].u_camera/dvp_vsync_sync_reg/D
  -------------------------------------------------------------------    ----------------------------------------

                         (clock mmcm_clkout0 rise edge)
                                                      0.000     0.000 r                       
    BA27                                              0.000     0.000 r                       c0_sys_clk_p (IN)
                         net (fo=0)                   0.100     0.100                         u_ddr_memory/u_ddr_bd/design_1_i/ddr4_0/inst/u_ddr4_mem_intfc/u_mig_ddr4_phy/inst/u_ddr4_phy_pll/diff_input_clk.u_ibufg_sys_clk/I
    HPIOBDIFFINBUF_X0Y35 DIFFINBUF (Prop_DIFFINBUF_HPIOBDIFFINBUF_DIFF_IN_P_O)
                                                      0.341     0.441 r                       u_ddr_memory/u_ddr_bd/design_1_i/ddr4_0/inst/u_ddr4_mem_intfc/u_mig_ddr4_phy/inst/u_ddr4_phy_pll/diff_input_clk.u_ibufg_sys_clk/DIFFINBUF_INST/O
                         net (fo=1, routed)           0.050     0.491                         u_ddr_memory/u_ddr_bd/design_1_i/ddr4_0/inst/u_ddr4_mem_intfc/u_mig_ddr4_phy/inst/u_ddr4_phy_pll/diff_input_clk.u_ibufg_sys_clk/OUT
    BA27                 IBUFCTRL (Prop_IBUFCTRL_HPIOB_M_I_O)
                                                      0.000     0.491 r                       u_ddr_memory/u_ddr_bd/design_1_i/ddr4_0/inst/u_ddr4_mem_intfc/u_mig_ddr4_phy/inst/u_ddr4_phy_pll/diff_input_clk.u_ibufg_sys_clk/IBUFCTRL_INST/O
                         net (fo=2, routed)           0.230     0.721                         u_ddr_memory/u_ddr_bd/design_1_i/ddr4_0/inst/u_ddr4_infrastructure/mmcm_clk_in
    MMCM_X0Y1            MMCME4_ADV (Prop_MMCM_CLKIN1_CLKOUT0)
                                                     -0.295     0.426 r                       u_ddr_memory/u_ddr_bd/design_1_i/ddr4_0/inst/u_ddr4_infrastructure/gen_mmcme4.u_mmcme_adv_inst/CLKOUT0
                         net (fo=1, routed)           0.166     0.592                         u_ddr_memory/u_ddr_bd/design_1_i/ddr4_0/inst/u_ddr4_infrastructure/mmcm_clkout0
    BUFGCE_X0Y42         BUFGCE (Prop_BUFCE_BUFGCE_I_O)
                                                      0.019     0.611 r                       u_ddr_memory/u_ddr_bd/design_1_i/ddr4_0/inst/u_ddr4_infrastructure/u_bufg_divClk/O
    X4Y3 (CLOCK_ROOT)    net (fo=124013, routed)      2.267     2.878                         u_camera_hdmi/u_camera_subsystem/g_camera_frontend[2].u_camera/ddr4_ui_clk
    SLR Crossing[0->3]   
    SLICE_X112Y722       FDRE                                         r  pblock_dvp_sync_slr3 u_camera_hdmi/u_camera_subsystem/g_camera_frontend[2].u_camera/dvp_vsync_sync_reg/C

Slack:                    inf
  Source:                 u_camera_hdmi/u_camera_subsystem/g_camera_frontend[3].u_camera/dvp_href_iob_reg/C
                            (rising edge-triggered cell FDRE clocked by mmcm_clkout0  {rise@0.000ns fall@1.666ns period=3.332ns})
  Destination:            u_camera_hdmi/u_camera_subsystem/g_camera_frontend[3].u_camera/dvp_href_sync_reg/D
                            (rising edge-triggered cell FDRE clocked by mmcm_clkout0  {rise@0.000ns fall@1.666ns period=3.332ns})
  Path Group:             (none)
  Path Type:              Hold (Min at Fast Process Corner)
  Data Path Delay:        0.707ns  (logic 0.117ns (16.549%)  route 0.590ns (83.451%))
  Logic Levels:           0  
  Clock Path Skew:        -0.213ns (DCD - SCD - CPR)
    Destination Clock Delay (DCD):    2.649ns
    Source Clock Delay      (SCD):    2.862ns
    Clock Pessimism Removal (CPR):    -0.000ns
  Clock Uncertainty:      0.052ns  ((TSJ^2 + DJ^2)^1/2) / 2 + PE
    Total System Jitter     (TSJ):    0.071ns
    Discrete Jitter          (DJ):    0.077ns
    Phase Error              (PE):    0.000ns
  Clock Net Delay (Source):      1.904ns (routing 0.490ns, distribution 1.414ns)
  Clock Net Delay (Destination): 2.038ns (routing 0.548ns, distribution 1.490ns)
  Timing Exception:       False Path

    Location             Delay type                Incr(ns)  Path(ns)    PBlock               Netlist Resource(s)
  -------------------------------------------------------------------    ----------------------------------------
                         (clock mmcm_clkout0 rise edge)
                                                      0.000     0.000 r                       
    BA27                                              0.000     0.000 r                       c0_sys_clk_p (IN)
                         net (fo=0)                   0.079     0.079                         u_ddr_memory/u_ddr_bd/design_1_i/ddr4_0/inst/u_ddr4_mem_intfc/u_mig_ddr4_phy/inst/u_ddr4_phy_pll/diff_input_clk.u_ibufg_sys_clk/I
    HPIOBDIFFINBUF_X0Y35 DIFFINBUF (Prop_DIFFINBUF_HPIOBDIFFINBUF_DIFF_IN_P_O)
                                                      0.243     0.322 r                       u_ddr_memory/u_ddr_bd/design_1_i/ddr4_0/inst/u_ddr4_mem_intfc/u_mig_ddr4_phy/inst/u_ddr4_phy_pll/diff_input_clk.u_ibufg_sys_clk/DIFFINBUF_INST/O
                         net (fo=1, routed)           0.040     0.362                         u_ddr_memory/u_ddr_bd/design_1_i/ddr4_0/inst/u_ddr4_mem_intfc/u_mig_ddr4_phy/inst/u_ddr4_phy_pll/diff_input_clk.u_ibufg_sys_clk/OUT
    BA27                 IBUFCTRL (Prop_IBUFCTRL_HPIOB_M_I_O)
                                                      0.000     0.362 r                       u_ddr_memory/u_ddr_bd/design_1_i/ddr4_0/inst/u_ddr4_mem_intfc/u_mig_ddr4_phy/inst/u_ddr4_phy_pll/diff_input_clk.u_ibufg_sys_clk/IBUFCTRL_INST/O
                         net (fo=2, routed)           0.203     0.565                         u_ddr_memory/u_ddr_bd/design_1_i/ddr4_0/inst/u_ddr4_infrastructure/mmcm_clk_in
    MMCM_X0Y1            MMCME4_ADV (Prop_MMCM_CLKIN1_CLKOUT0)
                                                      0.230     0.795 r                       u_ddr_memory/u_ddr_bd/design_1_i/ddr4_0/inst/u_ddr4_infrastructure/gen_mmcme4.u_mmcme_adv_inst/CLKOUT0
                         net (fo=1, routed)           0.146     0.941                         u_ddr_memory/u_ddr_bd/design_1_i/ddr4_0/inst/u_ddr4_infrastructure/mmcm_clkout0
    BUFGCE_X0Y42         BUFGCE (Prop_BUFCE_BUFGCE_I_O)
                                                      0.017     0.958 r                       u_ddr_memory/u_ddr_bd/design_1_i/ddr4_0/inst/u_ddr4_infrastructure/u_bufg_divClk/O
    X4Y3 (CLOCK_ROOT)    net (fo=124013, routed)      1.904     2.862                         u_camera_hdmi/u_camera_subsystem/g_camera_frontend[3].u_camera/ddr4_ui_clk
    SLR Crossing[0->3]   
    BITSLICE_RX_TX_X0Y624
                         FDRE                                         r                       u_camera_hdmi/u_camera_subsystem/g_camera_frontend[3].u_camera/dvp_href_iob_reg/C
  -------------------------------------------------------------------    ----------------------------------------
    BITSLICE_RX_TX_X0Y624
                         FDRE (Prop_IN_FF_BITSLICE_COMPONENT_RX_TX_C_Q)
                                                      0.117     2.979 r                       u_camera_hdmi/u_camera_subsystem/g_camera_frontend[3].u_camera/dvp_href_iob_reg/Q
                         net (fo=1, routed)           0.590     3.569                         u_camera_hdmi/u_camera_subsystem/g_camera_frontend[3].u_camera/dvp_href_iob
    SLR Crossing[3->2]   
    SLICE_X121Y660       FDRE                                         r  pblock_dvp_sync_slr3 u_camera_hdmi/u_camera_subsystem/g_camera_frontend[3].u_camera/dvp_href_sync_reg/D
  -------------------------------------------------------------------    ----------------------------------------

                         (clock mmcm_clkout0 rise edge)
                                                      0.000     0.000 r                       
    BA27                                              0.000     0.000 r                       c0_sys_clk_p (IN)
                         net (fo=0)                   0.100     0.100                         u_ddr_memory/u_ddr_bd/design_1_i/ddr4_0/inst/u_ddr4_mem_intfc/u_mig_ddr4_phy/inst/u_ddr4_phy_pll/diff_input_clk.u_ibufg_sys_clk/I
    HPIOBDIFFINBUF_X0Y35 DIFFINBUF (Prop_DIFFINBUF_HPIOBDIFFINBUF_DIFF_IN_P_O)
                                                      0.341     0.441 r                       u_ddr_memory/u_ddr_bd/design_1_i/ddr4_0/inst/u_ddr4_mem_intfc/u_mig_ddr4_phy/inst/u_ddr4_phy_pll/diff_input_clk.u_ibufg_sys_clk/DIFFINBUF_INST/O
                         net (fo=1, routed)           0.050     0.491                         u_ddr_memory/u_ddr_bd/design_1_i/ddr4_0/inst/u_ddr4_mem_intfc/u_mig_ddr4_phy/inst/u_ddr4_phy_pll/diff_input_clk.u_ibufg_sys_clk/OUT
    BA27                 IBUFCTRL (Prop_IBUFCTRL_HPIOB_M_I_O)
                                                      0.000     0.491 r                       u_ddr_memory/u_ddr_bd/design_1_i/ddr4_0/inst/u_ddr4_mem_intfc/u_mig_ddr4_phy/inst/u_ddr4_phy_pll/diff_input_clk.u_ibufg_sys_clk/IBUFCTRL_INST/O
                         net (fo=2, routed)           0.230     0.721                         u_ddr_memory/u_ddr_bd/design_1_i/ddr4_0/inst/u_ddr4_infrastructure/mmcm_clk_in
    MMCM_X0Y1            MMCME4_ADV (Prop_MMCM_CLKIN1_CLKOUT0)
                                                     -0.295     0.426 r                       u_ddr_memory/u_ddr_bd/design_1_i/ddr4_0/inst/u_ddr4_infrastructure/gen_mmcme4.u_mmcme_adv_inst/CLKOUT0
                         net (fo=1, routed)           0.166     0.592                         u_ddr_memory/u_ddr_bd/design_1_i/ddr4_0/inst/u_ddr4_infrastructure/mmcm_clkout0
    BUFGCE_X0Y42         BUFGCE (Prop_BUFCE_BUFGCE_I_O)
                                                      0.019     0.611 r                       u_ddr_memory/u_ddr_bd/design_1_i/ddr4_0/inst/u_ddr4_infrastructure/u_bufg_divClk/O
    X4Y3 (CLOCK_ROOT)    net (fo=124013, routed)      2.038     2.649                         u_camera_hdmi/u_camera_subsystem/g_camera_frontend[3].u_camera/ddr4_ui_clk
    SLR Crossing[0->2]   
    SLICE_X121Y660       FDRE                                         r  pblock_dvp_sync_slr3 u_camera_hdmi/u_camera_subsystem/g_camera_frontend[3].u_camera/dvp_href_sync_reg/C

Slack:                    inf
  Source:                 u_camera_hdmi/u_camera_subsystem/g_camera_frontend[3].u_camera/dvp_data_iob_reg[6]/C
                            (rising edge-triggered cell FDRE clocked by mmcm_clkout0  {rise@0.000ns fall@1.666ns period=3.332ns})
  Destination:            u_camera_hdmi/u_camera_subsystem/g_camera_frontend[3].u_camera/dvp_data_sync_reg[6]/D
                            (rising edge-triggered cell FDRE clocked by mmcm_clkout0  {rise@0.000ns fall@1.666ns period=3.332ns})
  Path Group:             (none)
  Path Type:              Hold (Min at Fast Process Corner)
  Data Path Delay:        0.708ns  (logic 0.137ns (19.350%)  route 0.571ns (80.650%))
  Logic Levels:           0  
  Clock Path Skew:        0.016ns (DCD - SCD - CPR)
    Destination Clock Delay (DCD):    2.878ns
    Source Clock Delay      (SCD):    2.862ns
    Clock Pessimism Removal (CPR):    -0.000ns
  Clock Uncertainty:      0.052ns  ((TSJ^2 + DJ^2)^1/2) / 2 + PE
    Total System Jitter     (TSJ):    0.071ns
    Discrete Jitter          (DJ):    0.077ns
    Phase Error              (PE):    0.000ns
  Clock Net Delay (Source):      1.904ns (routing 0.490ns, distribution 1.414ns)
  Clock Net Delay (Destination): 2.267ns (routing 0.548ns, distribution 1.719ns)
  Timing Exception:       False Path

    Location             Delay type                Incr(ns)  Path(ns)    PBlock               Netlist Resource(s)
  -------------------------------------------------------------------    ----------------------------------------
                         (clock mmcm_clkout0 rise edge)
                                                      0.000     0.000 r                       
    BA27                                              0.000     0.000 r                       c0_sys_clk_p (IN)
                         net (fo=0)                   0.079     0.079                         u_ddr_memory/u_ddr_bd/design_1_i/ddr4_0/inst/u_ddr4_mem_intfc/u_mig_ddr4_phy/inst/u_ddr4_phy_pll/diff_input_clk.u_ibufg_sys_clk/I
    HPIOBDIFFINBUF_X0Y35 DIFFINBUF (Prop_DIFFINBUF_HPIOBDIFFINBUF_DIFF_IN_P_O)
                                                      0.243     0.322 r                       u_ddr_memory/u_ddr_bd/design_1_i/ddr4_0/inst/u_ddr4_mem_intfc/u_mig_ddr4_phy/inst/u_ddr4_phy_pll/diff_input_clk.u_ibufg_sys_clk/DIFFINBUF_INST/O
                         net (fo=1, routed)           0.040     0.362                         u_ddr_memory/u_ddr_bd/design_1_i/ddr4_0/inst/u_ddr4_mem_intfc/u_mig_ddr4_phy/inst/u_ddr4_phy_pll/diff_input_clk.u_ibufg_sys_clk/OUT
    BA27                 IBUFCTRL (Prop_IBUFCTRL_HPIOB_M_I_O)
                                                      0.000     0.362 r                       u_ddr_memory/u_ddr_bd/design_1_i/ddr4_0/inst/u_ddr4_mem_intfc/u_mig_ddr4_phy/inst/u_ddr4_phy_pll/diff_input_clk.u_ibufg_sys_clk/IBUFCTRL_INST/O
                         net (fo=2, routed)           0.203     0.565                         u_ddr_memory/u_ddr_bd/design_1_i/ddr4_0/inst/u_ddr4_infrastructure/mmcm_clk_in
    MMCM_X0Y1            MMCME4_ADV (Prop_MMCM_CLKIN1_CLKOUT0)
                                                      0.230     0.795 r                       u_ddr_memory/u_ddr_bd/design_1_i/ddr4_0/inst/u_ddr4_infrastructure/gen_mmcme4.u_mmcme_adv_inst/CLKOUT0
                         net (fo=1, routed)           0.146     0.941                         u_ddr_memory/u_ddr_bd/design_1_i/ddr4_0/inst/u_ddr4_infrastructure/mmcm_clkout0
    BUFGCE_X0Y42         BUFGCE (Prop_BUFCE_BUFGCE_I_O)
                                                      0.017     0.958 r                       u_ddr_memory/u_ddr_bd/design_1_i/ddr4_0/inst/u_ddr4_infrastructure/u_bufg_divClk/O
    X4Y3 (CLOCK_ROOT)    net (fo=124013, routed)      1.904     2.862                         u_camera_hdmi/u_camera_subsystem/g_camera_frontend[3].u_camera/ddr4_ui_clk
    SLR Crossing[0->3]   
    BITSLICE_RX_TX_X0Y654
                         FDRE                                         r                       u_camera_hdmi/u_camera_subsystem/g_camera_frontend[3].u_camera/dvp_data_iob_reg[6]/C
  -------------------------------------------------------------------    ----------------------------------------
    BITSLICE_RX_TX_X0Y654
                         FDRE (Prop_IN_FF_BITSLICE_COMPONENT_RX_TX_C_Q)
                                                      0.137     2.999 r                       u_camera_hdmi/u_camera_subsystem/g_camera_frontend[3].u_camera/dvp_data_iob_reg[6]/Q
                         net (fo=1, routed)           0.571     3.570                         u_camera_hdmi/u_camera_subsystem/g_camera_frontend[3].u_camera/dvp_data_iob[6]
    SLICE_X112Y721       FDRE                                         r  pblock_dvp_sync_slr3 u_camera_hdmi/u_camera_subsystem/g_camera_frontend[3].u_camera/dvp_data_sync_reg[6]/D
  -------------------------------------------------------------------    ----------------------------------------

                         (clock mmcm_clkout0 rise edge)
                                                      0.000     0.000 r                       
    BA27                                              0.000     0.000 r                       c0_sys_clk_p (IN)
                         net (fo=0)                   0.100     0.100                         u_ddr_memory/u_ddr_bd/design_1_i/ddr4_0/inst/u_ddr4_mem_intfc/u_mig_ddr4_phy/inst/u_ddr4_phy_pll/diff_input_clk.u_ibufg_sys_clk/I
    HPIOBDIFFINBUF_X0Y35 DIFFINBUF (Prop_DIFFINBUF_HPIOBDIFFINBUF_DIFF_IN_P_O)
                                                      0.341     0.441 r                       u_ddr_memory/u_ddr_bd/design_1_i/ddr4_0/inst/u_ddr4_mem_intfc/u_mig_ddr4_phy/inst/u_ddr4_phy_pll/diff_input_clk.u_ibufg_sys_clk/DIFFINBUF_INST/O
                         net (fo=1, routed)           0.050     0.491                         u_ddr_memory/u_ddr_bd/design_1_i/ddr4_0/inst/u_ddr4_mem_intfc/u_mig_ddr4_phy/inst/u_ddr4_phy_pll/diff_input_clk.u_ibufg_sys_clk/OUT
    BA27                 IBUFCTRL (Prop_IBUFCTRL_HPIOB_M_I_O)
                                                      0.000     0.491 r                       u_ddr_memory/u_ddr_bd/design_1_i/ddr4_0/inst/u_ddr4_mem_intfc/u_mig_ddr4_phy/inst/u_ddr4_phy_pll/diff_input_clk.u_ibufg_sys_clk/IBUFCTRL_INST/O
                         net (fo=2, routed)           0.230     0.721                         u_ddr_memory/u_ddr_bd/design_1_i/ddr4_0/inst/u_ddr4_infrastructure/mmcm_clk_in
    MMCM_X0Y1            MMCME4_ADV (Prop_MMCM_CLKIN1_CLKOUT0)
                                                     -0.295     0.426 r                       u_ddr_memory/u_ddr_bd/design_1_i/ddr4_0/inst/u_ddr4_infrastructure/gen_mmcme4.u_mmcme_adv_inst/CLKOUT0
                         net (fo=1, routed)           0.166     0.592                         u_ddr_memory/u_ddr_bd/design_1_i/ddr4_0/inst/u_ddr4_infrastructure/mmcm_clkout0
    BUFGCE_X0Y42         BUFGCE (Prop_BUFCE_BUFGCE_I_O)
                                                      0.019     0.611 r                       u_ddr_memory/u_ddr_bd/design_1_i/ddr4_0/inst/u_ddr4_infrastructure/u_bufg_divClk/O
    X4Y3 (CLOCK_ROOT)    net (fo=124013, routed)      2.267     2.878                         u_camera_hdmi/u_camera_subsystem/g_camera_frontend[3].u_camera/ddr4_ui_clk
    SLR Crossing[0->3]   
    SLICE_X112Y721       FDRE                                         r  pblock_dvp_sync_slr3 u_camera_hdmi/u_camera_subsystem/g_camera_frontend[3].u_camera/dvp_data_sync_reg[6]/C

Slack:                    inf
  Source:                 u_camera_hdmi/u_camera_subsystem/g_camera_frontend[2].u_camera/dvp_pclk_iob_reg/C
                            (rising edge-triggered cell FDRE clocked by mmcm_clkout0  {rise@0.000ns fall@1.666ns period=3.332ns})
  Destination:            u_camera_hdmi/u_camera_subsystem/g_camera_frontend[2].u_camera/dvp_pclk_sync_reg/D
                            (rising edge-triggered cell FDRE clocked by mmcm_clkout0  {rise@0.000ns fall@1.666ns period=3.332ns})
  Path Group:             (none)
  Path Type:              Hold (Min at Fast Process Corner)
  Data Path Delay:        0.716ns  (logic 0.179ns (25.000%)  route 0.537ns (75.000%))
  Logic Levels:           0  
  Clock Path Skew:        0.015ns (DCD - SCD - CPR)
    Destination Clock Delay (DCD):    2.880ns
    Source Clock Delay      (SCD):    2.865ns
    Clock Pessimism Removal (CPR):    -0.000ns
  Clock Uncertainty:      0.052ns  ((TSJ^2 + DJ^2)^1/2) / 2 + PE
    Total System Jitter     (TSJ):    0.071ns
    Discrete Jitter          (DJ):    0.077ns
    Phase Error              (PE):    0.000ns
  Clock Net Delay (Source):      1.907ns (routing 0.490ns, distribution 1.417ns)
  Clock Net Delay (Destination): 2.269ns (routing 0.548ns, distribution 1.721ns)
  Timing Exception:       False Path

    Location             Delay type                Incr(ns)  Path(ns)    PBlock               Netlist Resource(s)
  -------------------------------------------------------------------    ----------------------------------------
                         (clock mmcm_clkout0 rise edge)
                                                      0.000     0.000 r                       
    BA27                                              0.000     0.000 r                       c0_sys_clk_p (IN)
                         net (fo=0)                   0.079     0.079                         u_ddr_memory/u_ddr_bd/design_1_i/ddr4_0/inst/u_ddr4_mem_intfc/u_mig_ddr4_phy/inst/u_ddr4_phy_pll/diff_input_clk.u_ibufg_sys_clk/I
    HPIOBDIFFINBUF_X0Y35 DIFFINBUF (Prop_DIFFINBUF_HPIOBDIFFINBUF_DIFF_IN_P_O)
                                                      0.243     0.322 r                       u_ddr_memory/u_ddr_bd/design_1_i/ddr4_0/inst/u_ddr4_mem_intfc/u_mig_ddr4_phy/inst/u_ddr4_phy_pll/diff_input_clk.u_ibufg_sys_clk/DIFFINBUF_INST/O
                         net (fo=1, routed)           0.040     0.362                         u_ddr_memory/u_ddr_bd/design_1_i/ddr4_0/inst/u_ddr4_mem_intfc/u_mig_ddr4_phy/inst/u_ddr4_phy_pll/diff_input_clk.u_ibufg_sys_clk/OUT
    BA27                 IBUFCTRL (Prop_IBUFCTRL_HPIOB_M_I_O)
                                                      0.000     0.362 r                       u_ddr_memory/u_ddr_bd/design_1_i/ddr4_0/inst/u_ddr4_mem_intfc/u_mig_ddr4_phy/inst/u_ddr4_phy_pll/diff_input_clk.u_ibufg_sys_clk/IBUFCTRL_INST/O
                         net (fo=2, routed)           0.203     0.565                         u_ddr_memory/u_ddr_bd/design_1_i/ddr4_0/inst/u_ddr4_infrastructure/mmcm_clk_in
    MMCM_X0Y1            MMCME4_ADV (Prop_MMCM_CLKIN1_CLKOUT0)
                                                      0.230     0.795 r                       u_ddr_memory/u_ddr_bd/design_1_i/ddr4_0/inst/u_ddr4_infrastructure/gen_mmcme4.u_mmcme_adv_inst/CLKOUT0
                         net (fo=1, routed)           0.146     0.941                         u_ddr_memory/u_ddr_bd/design_1_i/ddr4_0/inst/u_ddr4_infrastructure/mmcm_clkout0
    BUFGCE_X0Y42         BUFGCE (Prop_BUFCE_BUFGCE_I_O)
                                                      0.017     0.958 r                       u_ddr_memory/u_ddr_bd/design_1_i/ddr4_0/inst/u_ddr4_infrastructure/u_bufg_divClk/O
    X4Y3 (CLOCK_ROOT)    net (fo=124013, routed)      1.907     2.865                         u_camera_hdmi/u_camera_subsystem/g_camera_frontend[2].u_camera/ddr4_ui_clk
    SLR Crossing[0->3]   
    BITSLICE_RX_TX_X0Y652
                         FDRE                                         r                       u_camera_hdmi/u_camera_subsystem/g_camera_frontend[2].u_camera/dvp_pclk_iob_reg/C
  -------------------------------------------------------------------    ----------------------------------------
    BITSLICE_RX_TX_X0Y652
                         FDRE (Prop_IN_FF_BITSLICE_COMPONENT_RX_TX_C_Q)
                                                      0.179     3.044 r                       u_camera_hdmi/u_camera_subsystem/g_camera_frontend[2].u_camera/dvp_pclk_iob_reg/Q
                         net (fo=1, routed)           0.537     3.581                         u_camera_hdmi/u_camera_subsystem/g_camera_frontend[2].u_camera/dvp_pclk_iob
    SLICE_X110Y722       FDRE                                         r  pblock_dvp_sync_slr3 u_camera_hdmi/u_camera_subsystem/g_camera_frontend[2].u_camera/dvp_pclk_sync_reg/D
  -------------------------------------------------------------------    ----------------------------------------

                         (clock mmcm_clkout0 rise edge)
                                                      0.000     0.000 r                       
    BA27                                              0.000     0.000 r                       c0_sys_clk_p (IN)
                         net (fo=0)                   0.100     0.100                         u_ddr_memory/u_ddr_bd/design_1_i/ddr4_0/inst/u_ddr4_mem_intfc/u_mig_ddr4_phy/inst/u_ddr4_phy_pll/diff_input_clk.u_ibufg_sys_clk/I
    HPIOBDIFFINBUF_X0Y35 DIFFINBUF (Prop_DIFFINBUF_HPIOBDIFFINBUF_DIFF_IN_P_O)
                                                      0.341     0.441 r                       u_ddr_memory/u_ddr_bd/design_1_i/ddr4_0/inst/u_ddr4_mem_intfc/u_mig_ddr4_phy/inst/u_ddr4_phy_pll/diff_input_clk.u_ibufg_sys_clk/DIFFINBUF_INST/O
                         net (fo=1, routed)           0.050     0.491                         u_ddr_memory/u_ddr_bd/design_1_i/ddr4_0/inst/u_ddr4_mem_intfc/u_mig_ddr4_phy/inst/u_ddr4_phy_pll/diff_input_clk.u_ibufg_sys_clk/OUT
    BA27                 IBUFCTRL (Prop_IBUFCTRL_HPIOB_M_I_O)
                                                      0.000     0.491 r                       u_ddr_memory/u_ddr_bd/design_1_i/ddr4_0/inst/u_ddr4_mem_intfc/u_mig_ddr4_phy/inst/u_ddr4_phy_pll/diff_input_clk.u_ibufg_sys_clk/IBUFCTRL_INST/O
                         net (fo=2, routed)           0.230     0.721                         u_ddr_memory/u_ddr_bd/design_1_i/ddr4_0/inst/u_ddr4_infrastructure/mmcm_clk_in
    MMCM_X0Y1            MMCME4_ADV (Prop_MMCM_CLKIN1_CLKOUT0)
                                                     -0.295     0.426 r                       u_ddr_memory/u_ddr_bd/design_1_i/ddr4_0/inst/u_ddr4_infrastructure/gen_mmcme4.u_mmcme_adv_inst/CLKOUT0
                         net (fo=1, routed)           0.166     0.592                         u_ddr_memory/u_ddr_bd/design_1_i/ddr4_0/inst/u_ddr4_infrastructure/mmcm_clkout0
    BUFGCE_X0Y42         BUFGCE (Prop_BUFCE_BUFGCE_I_O)
                                                      0.019     0.611 r                       u_ddr_memory/u_ddr_bd/design_1_i/ddr4_0/inst/u_ddr4_infrastructure/u_bufg_divClk/O
    X4Y3 (CLOCK_ROOT)    net (fo=124013, routed)      2.269     2.880                         u_camera_hdmi/u_camera_subsystem/g_camera_frontend[2].u_camera/ddr4_ui_clk
    SLR Crossing[0->3]   
    SLICE_X110Y722       FDRE                                         r  pblock_dvp_sync_slr3 u_camera_hdmi/u_camera_subsystem/g_camera_frontend[2].u_camera/dvp_pclk_sync_reg/C

Slack:                    inf
  Source:                 u_camera_hdmi/u_camera_subsystem/g_camera_frontend[3].u_camera/dvp_pclk_iob_reg/C
                            (rising edge-triggered cell FDRE clocked by mmcm_clkout0  {rise@0.000ns fall@1.666ns period=3.332ns})
  Destination:            u_camera_hdmi/u_camera_subsystem/g_camera_frontend[3].u_camera/dvp_pclk_sync_reg/D
                            (rising edge-triggered cell FDRE clocked by mmcm_clkout0  {rise@0.000ns fall@1.666ns period=3.332ns})
  Path Group:             (none)
  Path Type:              Hold (Min at Fast Process Corner)
  Data Path Delay:        0.731ns  (logic 0.117ns (16.005%)  route 0.614ns (83.995%))
  Logic Levels:           0  
  Clock Path Skew:        0.018ns (DCD - SCD - CPR)
    Destination Clock Delay (DCD):    2.878ns
    Source Clock Delay      (SCD):    2.860ns
    Clock Pessimism Removal (CPR):    -0.000ns
  Clock Uncertainty:      0.052ns  ((TSJ^2 + DJ^2)^1/2) / 2 + PE
    Total System Jitter     (TSJ):    0.071ns
    Discrete Jitter          (DJ):    0.077ns
    Phase Error              (PE):    0.000ns
  Clock Net Delay (Source):      1.902ns (routing 0.490ns, distribution 1.412ns)
  Clock Net Delay (Destination): 2.267ns (routing 0.548ns, distribution 1.719ns)
  Timing Exception:       False Path

    Location             Delay type                Incr(ns)  Path(ns)    PBlock               Netlist Resource(s)
  -------------------------------------------------------------------    ----------------------------------------
                         (clock mmcm_clkout0 rise edge)
                                                      0.000     0.000 r                       
    BA27                                              0.000     0.000 r                       c0_sys_clk_p (IN)
                         net (fo=0)                   0.079     0.079                         u_ddr_memory/u_ddr_bd/design_1_i/ddr4_0/inst/u_ddr4_mem_intfc/u_mig_ddr4_phy/inst/u_ddr4_phy_pll/diff_input_clk.u_ibufg_sys_clk/I
    HPIOBDIFFINBUF_X0Y35 DIFFINBUF (Prop_DIFFINBUF_HPIOBDIFFINBUF_DIFF_IN_P_O)
                                                      0.243     0.322 r                       u_ddr_memory/u_ddr_bd/design_1_i/ddr4_0/inst/u_ddr4_mem_intfc/u_mig_ddr4_phy/inst/u_ddr4_phy_pll/diff_input_clk.u_ibufg_sys_clk/DIFFINBUF_INST/O
                         net (fo=1, routed)           0.040     0.362                         u_ddr_memory/u_ddr_bd/design_1_i/ddr4_0/inst/u_ddr4_mem_intfc/u_mig_ddr4_phy/inst/u_ddr4_phy_pll/diff_input_clk.u_ibufg_sys_clk/OUT
    BA27                 IBUFCTRL (Prop_IBUFCTRL_HPIOB_M_I_O)
                                                      0.000     0.362 r                       u_ddr_memory/u_ddr_bd/design_1_i/ddr4_0/inst/u_ddr4_mem_intfc/u_mig_ddr4_phy/inst/u_ddr4_phy_pll/diff_input_clk.u_ibufg_sys_clk/IBUFCTRL_INST/O
                         net (fo=2, routed)           0.203     0.565                         u_ddr_memory/u_ddr_bd/design_1_i/ddr4_0/inst/u_ddr4_infrastructure/mmcm_clk_in
    MMCM_X0Y1            MMCME4_ADV (Prop_MMCM_CLKIN1_CLKOUT0)
                                                      0.230     0.795 r                       u_ddr_memory/u_ddr_bd/design_1_i/ddr4_0/inst/u_ddr4_infrastructure/gen_mmcme4.u_mmcme_adv_inst/CLKOUT0
                         net (fo=1, routed)           0.146     0.941                         u_ddr_memory/u_ddr_bd/design_1_i/ddr4_0/inst/u_ddr4_infrastructure/mmcm_clkout0
    BUFGCE_X0Y42         BUFGCE (Prop_BUFCE_BUFGCE_I_O)
                                                      0.017     0.958 r                       u_ddr_memory/u_ddr_bd/design_1_i/ddr4_0/inst/u_ddr4_infrastructure/u_bufg_divClk/O
    X4Y3 (CLOCK_ROOT)    net (fo=124013, routed)      1.902     2.860                         u_camera_hdmi/u_camera_subsystem/g_camera_frontend[3].u_camera/ddr4_ui_clk
    SLR Crossing[0->3]   
    BITSLICE_RX_TX_X0Y650
                         FDRE                                         r                       u_camera_hdmi/u_camera_subsystem/g_camera_frontend[3].u_camera/dvp_pclk_iob_reg/C
  -------------------------------------------------------------------    ----------------------------------------
    BITSLICE_RX_TX_X0Y650
                         FDRE (Prop_IN_FF_BITSLICE_COMPONENT_RX_TX_C_Q)
                                                      0.117     2.977 r                       u_camera_hdmi/u_camera_subsystem/g_camera_frontend[3].u_camera/dvp_pclk_iob_reg/Q
                         net (fo=1, routed)           0.614     3.591                         u_camera_hdmi/u_camera_subsystem/g_camera_frontend[3].u_camera/dvp_pclk_iob
    SLICE_X112Y720       FDRE                                         r  pblock_dvp_sync_slr3 u_camera_hdmi/u_camera_subsystem/g_camera_frontend[3].u_camera/dvp_pclk_sync_reg/D
  -------------------------------------------------------------------    ----------------------------------------

                         (clock mmcm_clkout0 rise edge)
                                                      0.000     0.000 r                       
    BA27                                              0.000     0.000 r                       c0_sys_clk_p (IN)
                         net (fo=0)                   0.100     0.100                         u_ddr_memory/u_ddr_bd/design_1_i/ddr4_0/inst/u_ddr4_mem_intfc/u_mig_ddr4_phy/inst/u_ddr4_phy_pll/diff_input_clk.u_ibufg_sys_clk/I
    HPIOBDIFFINBUF_X0Y35 DIFFINBUF (Prop_DIFFINBUF_HPIOBDIFFINBUF_DIFF_IN_P_O)
                                                      0.341     0.441 r                       u_ddr_memory/u_ddr_bd/design_1_i/ddr4_0/inst/u_ddr4_mem_intfc/u_mig_ddr4_phy/inst/u_ddr4_phy_pll/diff_input_clk.u_ibufg_sys_clk/DIFFINBUF_INST/O
                         net (fo=1, routed)           0.050     0.491                         u_ddr_memory/u_ddr_bd/design_1_i/ddr4_0/inst/u_ddr4_mem_intfc/u_mig_ddr4_phy/inst/u_ddr4_phy_pll/diff_input_clk.u_ibufg_sys_clk/OUT
    BA27                 IBUFCTRL (Prop_IBUFCTRL_HPIOB_M_I_O)
                                                      0.000     0.491 r                       u_ddr_memory/u_ddr_bd/design_1_i/ddr4_0/inst/u_ddr4_mem_intfc/u_mig_ddr4_phy/inst/u_ddr4_phy_pll/diff_input_clk.u_ibufg_sys_clk/IBUFCTRL_INST/O
                         net (fo=2, routed)           0.230     0.721                         u_ddr_memory/u_ddr_bd/design_1_i/ddr4_0/inst/u_ddr4_infrastructure/mmcm_clk_in
    MMCM_X0Y1            MMCME4_ADV (Prop_MMCM_CLKIN1_CLKOUT0)
                                                     -0.295     0.426 r                       u_ddr_memory/u_ddr_bd/design_1_i/ddr4_0/inst/u_ddr4_infrastructure/gen_mmcme4.u_mmcme_adv_inst/CLKOUT0
                         net (fo=1, routed)           0.166     0.592                         u_ddr_memory/u_ddr_bd/design_1_i/ddr4_0/inst/u_ddr4_infrastructure/mmcm_clkout0
    BUFGCE_X0Y42         BUFGCE (Prop_BUFCE_BUFGCE_I_O)
                                                      0.019     0.611 r                       u_ddr_memory/u_ddr_bd/design_1_i/ddr4_0/inst/u_ddr4_infrastructure/u_bufg_divClk/O
    X4Y3 (CLOCK_ROOT)    net (fo=124013, routed)      2.267     2.878                         u_camera_hdmi/u_camera_subsystem/g_camera_frontend[3].u_camera/ddr4_ui_clk
    SLR Crossing[0->3]   
    SLICE_X112Y720       FDRE                                         r  pblock_dvp_sync_slr3 u_camera_hdmi/u_camera_subsystem/g_camera_frontend[3].u_camera/dvp_pclk_sync_reg/C

Slack:                    inf
  Source:                 u_camera_hdmi/u_camera_subsystem/g_camera_frontend[3].u_camera/dvp_data_iob_reg[4]/C
                            (rising edge-triggered cell FDRE clocked by mmcm_clkout0  {rise@0.000ns fall@1.666ns period=3.332ns})
  Destination:            u_camera_hdmi/u_camera_subsystem/g_camera_frontend[3].u_camera/dvp_data_sync_reg[4]/D
                            (rising edge-triggered cell FDRE clocked by mmcm_clkout0  {rise@0.000ns fall@1.666ns period=3.332ns})
  Path Group:             (none)
  Path Type:              Hold (Min at Fast Process Corner)
  Data Path Delay:        0.715ns  (logic 0.154ns (21.538%)  route 0.561ns (78.462%))
  Logic Levels:           0  
  Clock Path Skew:        -0.010ns (DCD - SCD - CPR)
    Destination Clock Delay (DCD):    2.878ns
    Source Clock Delay      (SCD):    2.888ns
    Clock Pessimism Removal (CPR):    -0.000ns
  Clock Uncertainty:      0.052ns  ((TSJ^2 + DJ^2)^1/2) / 2 + PE
    Total System Jitter     (TSJ):    0.071ns
    Discrete Jitter          (DJ):    0.077ns
    Phase Error              (PE):    0.000ns
  Clock Net Delay (Source):      1.930ns (routing 0.490ns, distribution 1.440ns)
  Clock Net Delay (Destination): 2.267ns (routing 0.548ns, distribution 1.719ns)
  Timing Exception:       False Path

    Location             Delay type                Incr(ns)  Path(ns)    PBlock               Netlist Resource(s)
  -------------------------------------------------------------------    ----------------------------------------
                         (clock mmcm_clkout0 rise edge)
                                                      0.000     0.000 r                       
    BA27                                              0.000     0.000 r                       c0_sys_clk_p (IN)
                         net (fo=0)                   0.079     0.079                         u_ddr_memory/u_ddr_bd/design_1_i/ddr4_0/inst/u_ddr4_mem_intfc/u_mig_ddr4_phy/inst/u_ddr4_phy_pll/diff_input_clk.u_ibufg_sys_clk/I
    HPIOBDIFFINBUF_X0Y35 DIFFINBUF (Prop_DIFFINBUF_HPIOBDIFFINBUF_DIFF_IN_P_O)
                                                      0.243     0.322 r                       u_ddr_memory/u_ddr_bd/design_1_i/ddr4_0/inst/u_ddr4_mem_intfc/u_mig_ddr4_phy/inst/u_ddr4_phy_pll/diff_input_clk.u_ibufg_sys_clk/DIFFINBUF_INST/O
                         net (fo=1, routed)           0.040     0.362                         u_ddr_memory/u_ddr_bd/design_1_i/ddr4_0/inst/u_ddr4_mem_intfc/u_mig_ddr4_phy/inst/u_ddr4_phy_pll/diff_input_clk.u_ibufg_sys_clk/OUT
    BA27                 IBUFCTRL (Prop_IBUFCTRL_HPIOB_M_I_O)
                                                      0.000     0.362 r                       u_ddr_memory/u_ddr_bd/design_1_i/ddr4_0/inst/u_ddr4_mem_intfc/u_mig_ddr4_phy/inst/u_ddr4_phy_pll/diff_input_clk.u_ibufg_sys_clk/IBUFCTRL_INST/O
                         net (fo=2, routed)           0.203     0.565                         u_ddr_memory/u_ddr_bd/design_1_i/ddr4_0/inst/u_ddr4_infrastructure/mmcm_clk_in
    MMCM_X0Y1            MMCME4_ADV (Prop_MMCM_CLKIN1_CLKOUT0)
                                                      0.230     0.795 r                       u_ddr_memory/u_ddr_bd/design_1_i/ddr4_0/inst/u_ddr4_infrastructure/gen_mmcme4.u_mmcme_adv_inst/CLKOUT0
                         net (fo=1, routed)           0.146     0.941                         u_ddr_memory/u_ddr_bd/design_1_i/ddr4_0/inst/u_ddr4_infrastructure/mmcm_clkout0
    BUFGCE_X0Y42         BUFGCE (Prop_BUFCE_BUFGCE_I_O)
                                                      0.017     0.958 r                       u_ddr_memory/u_ddr_bd/design_1_i/ddr4_0/inst/u_ddr4_infrastructure/u_bufg_divClk/O
    X4Y3 (CLOCK_ROOT)    net (fo=124013, routed)      1.930     2.888                         u_camera_hdmi/u_camera_subsystem/g_camera_frontend[3].u_camera/ddr4_ui_clk
    SLR Crossing[0->3]   
    BITSLICE_RX_TX_X0Y658
                         FDRE                                         r                       u_camera_hdmi/u_camera_subsystem/g_camera_frontend[3].u_camera/dvp_data_iob_reg[4]/C
  -------------------------------------------------------------------    ----------------------------------------
    BITSLICE_RX_TX_X0Y658
                         FDRE (Prop_IN_FF_BITSLICE_COMPONENT_RX_TX_C_Q)
                                                      0.154     3.042 r                       u_camera_hdmi/u_camera_subsystem/g_camera_frontend[3].u_camera/dvp_data_iob_reg[4]/Q
                         net (fo=1, routed)           0.561     3.603                         u_camera_hdmi/u_camera_subsystem/g_camera_frontend[3].u_camera/dvp_data_iob[4]
    SLICE_X112Y721       FDRE                                         r  pblock_dvp_sync_slr3 u_camera_hdmi/u_camera_subsystem/g_camera_frontend[3].u_camera/dvp_data_sync_reg[4]/D
  -------------------------------------------------------------------    ----------------------------------------

                         (clock mmcm_clkout0 rise edge)
                                                      0.000     0.000 r                       
    BA27                                              0.000     0.000 r                       c0_sys_clk_p (IN)
                         net (fo=0)                   0.100     0.100                         u_ddr_memory/u_ddr_bd/design_1_i/ddr4_0/inst/u_ddr4_mem_intfc/u_mig_ddr4_phy/inst/u_ddr4_phy_pll/diff_input_clk.u_ibufg_sys_clk/I
    HPIOBDIFFINBUF_X0Y35 DIFFINBUF (Prop_DIFFINBUF_HPIOBDIFFINBUF_DIFF_IN_P_O)
                                                      0.341     0.441 r                       u_ddr_memory/u_ddr_bd/design_1_i/ddr4_0/inst/u_ddr4_mem_intfc/u_mig_ddr4_phy/inst/u_ddr4_phy_pll/diff_input_clk.u_ibufg_sys_clk/DIFFINBUF_INST/O
                         net (fo=1, routed)           0.050     0.491                         u_ddr_memory/u_ddr_bd/design_1_i/ddr4_0/inst/u_ddr4_mem_intfc/u_mig_ddr4_phy/inst/u_ddr4_phy_pll/diff_input_clk.u_ibufg_sys_clk/OUT
    BA27                 IBUFCTRL (Prop_IBUFCTRL_HPIOB_M_I_O)
                                                      0.000     0.491 r                       u_ddr_memory/u_ddr_bd/design_1_i/ddr4_0/inst/u_ddr4_mem_intfc/u_mig_ddr4_phy/inst/u_ddr4_phy_pll/diff_input_clk.u_ibufg_sys_clk/IBUFCTRL_INST/O
                         net (fo=2, routed)           0.230     0.721                         u_ddr_memory/u_ddr_bd/design_1_i/ddr4_0/inst/u_ddr4_infrastructure/mmcm_clk_in
    MMCM_X0Y1            MMCME4_ADV (Prop_MMCM_CLKIN1_CLKOUT0)
                                                     -0.295     0.426 r                       u_ddr_memory/u_ddr_bd/design_1_i/ddr4_0/inst/u_ddr4_infrastructure/gen_mmcme4.u_mmcme_adv_inst/CLKOUT0
                         net (fo=1, routed)           0.166     0.592                         u_ddr_memory/u_ddr_bd/design_1_i/ddr4_0/inst/u_ddr4_infrastructure/mmcm_clkout0
    BUFGCE_X0Y42         BUFGCE (Prop_BUFCE_BUFGCE_I_O)
                                                      0.019     0.611 r                       u_ddr_memory/u_ddr_bd/design_1_i/ddr4_0/inst/u_ddr4_infrastructure/u_bufg_divClk/O
    X4Y3 (CLOCK_ROOT)    net (fo=124013, routed)      2.267     2.878                         u_camera_hdmi/u_camera_subsystem/g_camera_frontend[3].u_camera/ddr4_ui_clk
    SLR Crossing[0->3]   
    SLICE_X112Y721       FDRE                                         r  pblock_dvp_sync_slr3 u_camera_hdmi/u_camera_subsystem/g_camera_frontend[3].u_camera/dvp_data_sync_reg[4]/C

Slack:                    inf
  Source:                 u_camera_hdmi/u_camera_subsystem/g_camera_frontend[2].u_camera/dvp_data_iob_reg[4]/C
                            (rising edge-triggered cell FDRE clocked by mmcm_clkout0  {rise@0.000ns fall@1.666ns period=3.332ns})
  Destination:            u_camera_hdmi/u_camera_subsystem/g_camera_frontend[2].u_camera/dvp_data_sync_reg[4]/D
                            (rising edge-triggered cell FDRE clocked by mmcm_clkout0  {rise@0.000ns fall@1.666ns period=3.332ns})
  Path Group:             (none)
  Path Type:              Hold (Min at Fast Process Corner)
  Data Path Delay:        0.720ns  (logic 0.131ns (18.194%)  route 0.589ns (81.806%))
  Logic Levels:           0  
  Clock Path Skew:        -0.019ns (DCD - SCD - CPR)
    Destination Clock Delay (DCD):    2.876ns
    Source Clock Delay      (SCD):    2.895ns
    Clock Pessimism Removal (CPR):    -0.000ns
  Clock Uncertainty:      0.052ns  ((TSJ^2 + DJ^2)^1/2) / 2 + PE
    Total System Jitter     (TSJ):    0.071ns
    Discrete Jitter          (DJ):    0.077ns
    Phase Error              (PE):    0.000ns
  Clock Net Delay (Source):      1.937ns (routing 0.490ns, distribution 1.447ns)
  Clock Net Delay (Destination): 2.265ns (routing 0.548ns, distribution 1.717ns)
  Timing Exception:       False Path

    Location             Delay type                Incr(ns)  Path(ns)    PBlock               Netlist Resource(s)
  -------------------------------------------------------------------    ----------------------------------------
                         (clock mmcm_clkout0 rise edge)
                                                      0.000     0.000 r                       
    BA27                                              0.000     0.000 r                       c0_sys_clk_p (IN)
                         net (fo=0)                   0.079     0.079                         u_ddr_memory/u_ddr_bd/design_1_i/ddr4_0/inst/u_ddr4_mem_intfc/u_mig_ddr4_phy/inst/u_ddr4_phy_pll/diff_input_clk.u_ibufg_sys_clk/I
    HPIOBDIFFINBUF_X0Y35 DIFFINBUF (Prop_DIFFINBUF_HPIOBDIFFINBUF_DIFF_IN_P_O)
                                                      0.243     0.322 r                       u_ddr_memory/u_ddr_bd/design_1_i/ddr4_0/inst/u_ddr4_mem_intfc/u_mig_ddr4_phy/inst/u_ddr4_phy_pll/diff_input_clk.u_ibufg_sys_clk/DIFFINBUF_INST/O
                         net (fo=1, routed)           0.040     0.362                         u_ddr_memory/u_ddr_bd/design_1_i/ddr4_0/inst/u_ddr4_mem_intfc/u_mig_ddr4_phy/inst/u_ddr4_phy_pll/diff_input_clk.u_ibufg_sys_clk/OUT
    BA27                 IBUFCTRL (Prop_IBUFCTRL_HPIOB_M_I_O)
                                                      0.000     0.362 r                       u_ddr_memory/u_ddr_bd/design_1_i/ddr4_0/inst/u_ddr4_mem_intfc/u_mig_ddr4_phy/inst/u_ddr4_phy_pll/diff_input_clk.u_ibufg_sys_clk/IBUFCTRL_INST/O
                         net (fo=2, routed)           0.203     0.565                         u_ddr_memory/u_ddr_bd/design_1_i/ddr4_0/inst/u_ddr4_infrastructure/mmcm_clk_in
    MMCM_X0Y1            MMCME4_ADV (Prop_MMCM_CLKIN1_CLKOUT0)
                                                      0.230     0.795 r                       u_ddr_memory/u_ddr_bd/design_1_i/ddr4_0/inst/u_ddr4_infrastructure/gen_mmcme4.u_mmcme_adv_inst/CLKOUT0
                         net (fo=1, routed)           0.146     0.941                         u_ddr_memory/u_ddr_bd/design_1_i/ddr4_0/inst/u_ddr4_infrastructure/mmcm_clkout0
    BUFGCE_X0Y42         BUFGCE (Prop_BUFCE_BUFGCE_I_O)
                                                      0.017     0.958 r                       u_ddr_memory/u_ddr_bd/design_1_i/ddr4_0/inst/u_ddr4_infrastructure/u_bufg_divClk/O
    X4Y3 (CLOCK_ROOT)    net (fo=124013, routed)      1.937     2.895                         u_camera_hdmi/u_camera_subsystem/g_camera_frontend[2].u_camera/ddr4_ui_clk
    SLR Crossing[0->3]   
    BITSLICE_RX_TX_X0Y661
                         FDRE                                         r                       u_camera_hdmi/u_camera_subsystem/g_camera_frontend[2].u_camera/dvp_data_iob_reg[4]/C
  -------------------------------------------------------------------    ----------------------------------------
    BITSLICE_RX_TX_X0Y661
                         FDRE (Prop_IN_FF_BITSLICE_COMPONENT_RX_TX_C_Q)
                                                      0.131     3.026 r                       u_camera_hdmi/u_camera_subsystem/g_camera_frontend[2].u_camera/dvp_data_iob_reg[4]/Q
                         net (fo=1, routed)           0.589     3.615                         u_camera_hdmi/u_camera_subsystem/g_camera_frontend[2].u_camera/dvp_data_iob[4]
    SLICE_X110Y720       FDRE                                         r  pblock_dvp_sync_slr3 u_camera_hdmi/u_camera_subsystem/g_camera_frontend[2].u_camera/dvp_data_sync_reg[4]/D
  -------------------------------------------------------------------    ----------------------------------------

                         (clock mmcm_clkout0 rise edge)
                                                      0.000     0.000 r                       
    BA27                                              0.000     0.000 r                       c0_sys_clk_p (IN)
                         net (fo=0)                   0.100     0.100                         u_ddr_memory/u_ddr_bd/design_1_i/ddr4_0/inst/u_ddr4_mem_intfc/u_mig_ddr4_phy/inst/u_ddr4_phy_pll/diff_input_clk.u_ibufg_sys_clk/I
    HPIOBDIFFINBUF_X0Y35 DIFFINBUF (Prop_DIFFINBUF_HPIOBDIFFINBUF_DIFF_IN_P_O)
                                                      0.341     0.441 r                       u_ddr_memory/u_ddr_bd/design_1_i/ddr4_0/inst/u_ddr4_mem_intfc/u_mig_ddr4_phy/inst/u_ddr4_phy_pll/diff_input_clk.u_ibufg_sys_clk/DIFFINBUF_INST/O
                         net (fo=1, routed)           0.050     0.491                         u_ddr_memory/u_ddr_bd/design_1_i/ddr4_0/inst/u_ddr4_mem_intfc/u_mig_ddr4_phy/inst/u_ddr4_phy_pll/diff_input_clk.u_ibufg_sys_clk/OUT
    BA27                 IBUFCTRL (Prop_IBUFCTRL_HPIOB_M_I_O)
                                                      0.000     0.491 r                       u_ddr_memory/u_ddr_bd/design_1_i/ddr4_0/inst/u_ddr4_mem_intfc/u_mig_ddr4_phy/inst/u_ddr4_phy_pll/diff_input_clk.u_ibufg_sys_clk/IBUFCTRL_INST/O
                         net (fo=2, routed)           0.230     0.721                         u_ddr_memory/u_ddr_bd/design_1_i/ddr4_0/inst/u_ddr4_infrastructure/mmcm_clk_in
    MMCM_X0Y1            MMCME4_ADV (Prop_MMCM_CLKIN1_CLKOUT0)
                                                     -0.295     0.426 r                       u_ddr_memory/u_ddr_bd/design_1_i/ddr4_0/inst/u_ddr4_infrastructure/gen_mmcme4.u_mmcme_adv_inst/CLKOUT0
                         net (fo=1, routed)           0.166     0.592                         u_ddr_memory/u_ddr_bd/design_1_i/ddr4_0/inst/u_ddr4_infrastructure/mmcm_clkout0
    BUFGCE_X0Y42         BUFGCE (Prop_BUFCE_BUFGCE_I_O)
                                                      0.019     0.611 r                       u_ddr_memory/u_ddr_bd/design_1_i/ddr4_0/inst/u_ddr4_infrastructure/u_bufg_divClk/O
    X4Y3 (CLOCK_ROOT)    net (fo=124013, routed)      2.265     2.876                         u_camera_hdmi/u_camera_subsystem/g_camera_frontend[2].u_camera/ddr4_ui_clk
    SLR Crossing[0->3]   
    SLICE_X110Y720       FDRE                                         r  pblock_dvp_sync_slr3 u_camera_hdmi/u_camera_subsystem/g_camera_frontend[2].u_camera/dvp_data_sync_reg[4]/C

Slack:                    inf
  Source:                 u_camera_hdmi/u_camera_subsystem/g_camera_frontend[3].u_camera/dvp_data_iob_reg[7]/C
                            (rising edge-triggered cell FDRE clocked by mmcm_clkout0  {rise@0.000ns fall@1.666ns period=3.332ns})
  Destination:            u_camera_hdmi/u_camera_subsystem/g_camera_frontend[3].u_camera/dvp_data_sync_reg[7]/D
                            (rising edge-triggered cell FDRE clocked by mmcm_clkout0  {rise@0.000ns fall@1.666ns period=3.332ns})
  Path Group:             (none)
  Path Type:              Hold (Min at Fast Process Corner)
  Data Path Delay:        0.757ns  (logic 0.124ns (16.380%)  route 0.633ns (83.620%))
  Logic Levels:           0  
  Clock Path Skew:        0.018ns (DCD - SCD - CPR)
    Destination Clock Delay (DCD):    2.878ns
    Source Clock Delay      (SCD):    2.860ns
    Clock Pessimism Removal (CPR):    -0.000ns
  Clock Uncertainty:      0.052ns  ((TSJ^2 + DJ^2)^1/2) / 2 + PE
    Total System Jitter     (TSJ):    0.071ns
    Discrete Jitter          (DJ):    0.077ns
    Phase Error              (PE):    0.000ns
  Clock Net Delay (Source):      1.902ns (routing 0.490ns, distribution 1.412ns)
  Clock Net Delay (Destination): 2.267ns (routing 0.548ns, distribution 1.719ns)
  Timing Exception:       False Path

    Location             Delay type                Incr(ns)  Path(ns)    PBlock               Netlist Resource(s)
  -------------------------------------------------------------------    ----------------------------------------
                         (clock mmcm_clkout0 rise edge)
                                                      0.000     0.000 r                       
    BA27                                              0.000     0.000 r                       c0_sys_clk_p (IN)
                         net (fo=0)                   0.079     0.079                         u_ddr_memory/u_ddr_bd/design_1_i/ddr4_0/inst/u_ddr4_mem_intfc/u_mig_ddr4_phy/inst/u_ddr4_phy_pll/diff_input_clk.u_ibufg_sys_clk/I
    HPIOBDIFFINBUF_X0Y35 DIFFINBUF (Prop_DIFFINBUF_HPIOBDIFFINBUF_DIFF_IN_P_O)
                                                      0.243     0.322 r                       u_ddr_memory/u_ddr_bd/design_1_i/ddr4_0/inst/u_ddr4_mem_intfc/u_mig_ddr4_phy/inst/u_ddr4_phy_pll/diff_input_clk.u_ibufg_sys_clk/DIFFINBUF_INST/O
                         net (fo=1, routed)           0.040     0.362                         u_ddr_memory/u_ddr_bd/design_1_i/ddr4_0/inst/u_ddr4_mem_intfc/u_mig_ddr4_phy/inst/u_ddr4_phy_pll/diff_input_clk.u_ibufg_sys_clk/OUT
    BA27                 IBUFCTRL (Prop_IBUFCTRL_HPIOB_M_I_O)
                                                      0.000     0.362 r                       u_ddr_memory/u_ddr_bd/design_1_i/ddr4_0/inst/u_ddr4_mem_intfc/u_mig_ddr4_phy/inst/u_ddr4_phy_pll/diff_input_clk.u_ibufg_sys_clk/IBUFCTRL_INST/O
                         net (fo=2, routed)           0.203     0.565                         u_ddr_memory/u_ddr_bd/design_1_i/ddr4_0/inst/u_ddr4_infrastructure/mmcm_clk_in
    MMCM_X0Y1            MMCME4_ADV (Prop_MMCM_CLKIN1_CLKOUT0)
                                                      0.230     0.795 r                       u_ddr_memory/u_ddr_bd/design_1_i/ddr4_0/inst/u_ddr4_infrastructure/gen_mmcme4.u_mmcme_adv_inst/CLKOUT0
                         net (fo=1, routed)           0.146     0.941                         u_ddr_memory/u_ddr_bd/design_1_i/ddr4_0/inst/u_ddr4_infrastructure/mmcm_clkout0
    BUFGCE_X0Y42         BUFGCE (Prop_BUFCE_BUFGCE_I_O)
                                                      0.017     0.958 r                       u_ddr_memory/u_ddr_bd/design_1_i/ddr4_0/inst/u_ddr4_infrastructure/u_bufg_divClk/O
    X4Y3 (CLOCK_ROOT)    net (fo=124013, routed)      1.902     2.860                         u_camera_hdmi/u_camera_subsystem/g_camera_frontend[3].u_camera/ddr4_ui_clk
    SLR Crossing[0->3]   
    BITSLICE_RX_TX_X0Y655
                         FDRE                                         r                       u_camera_hdmi/u_camera_subsystem/g_camera_frontend[3].u_camera/dvp_data_iob_reg[7]/C
  -------------------------------------------------------------------    ----------------------------------------
    BITSLICE_RX_TX_X0Y655
                         FDRE (Prop_IN_FF_BITSLICE_COMPONENT_RX_TX_C_Q)
                                                      0.124     2.984 r                       u_camera_hdmi/u_camera_subsystem/g_camera_frontend[3].u_camera/dvp_data_iob_reg[7]/Q
                         net (fo=1, routed)           0.633     3.617                         u_camera_hdmi/u_camera_subsystem/g_camera_frontend[3].u_camera/dvp_data_iob[7]
    SLICE_X112Y721       FDRE                                         r  pblock_dvp_sync_slr3 u_camera_hdmi/u_camera_subsystem/g_camera_frontend[3].u_camera/dvp_data_sync_reg[7]/D
  -------------------------------------------------------------------    ----------------------------------------

                         (clock mmcm_clkout0 rise edge)
                                                      0.000     0.000 r                       
    BA27                                              0.000     0.000 r                       c0_sys_clk_p (IN)
                         net (fo=0)                   0.100     0.100                         u_ddr_memory/u_ddr_bd/design_1_i/ddr4_0/inst/u_ddr4_mem_intfc/u_mig_ddr4_phy/inst/u_ddr4_phy_pll/diff_input_clk.u_ibufg_sys_clk/I
    HPIOBDIFFINBUF_X0Y35 DIFFINBUF (Prop_DIFFINBUF_HPIOBDIFFINBUF_DIFF_IN_P_O)
                                                      0.341     0.441 r                       u_ddr_memory/u_ddr_bd/design_1_i/ddr4_0/inst/u_ddr4_mem_intfc/u_mig_ddr4_phy/inst/u_ddr4_phy_pll/diff_input_clk.u_ibufg_sys_clk/DIFFINBUF_INST/O
                         net (fo=1, routed)           0.050     0.491                         u_ddr_memory/u_ddr_bd/design_1_i/ddr4_0/inst/u_ddr4_mem_intfc/u_mig_ddr4_phy/inst/u_ddr4_phy_pll/diff_input_clk.u_ibufg_sys_clk/OUT
    BA27                 IBUFCTRL (Prop_IBUFCTRL_HPIOB_M_I_O)
                                                      0.000     0.491 r                       u_ddr_memory/u_ddr_bd/design_1_i/ddr4_0/inst/u_ddr4_mem_intfc/u_mig_ddr4_phy/inst/u_ddr4_phy_pll/diff_input_clk.u_ibufg_sys_clk/IBUFCTRL_INST/O
                         net (fo=2, routed)           0.230     0.721                         u_ddr_memory/u_ddr_bd/design_1_i/ddr4_0/inst/u_ddr4_infrastructure/mmcm_clk_in
    MMCM_X0Y1            MMCME4_ADV (Prop_MMCM_CLKIN1_CLKOUT0)
                                                     -0.295     0.426 r                       u_ddr_memory/u_ddr_bd/design_1_i/ddr4_0/inst/u_ddr4_infrastructure/gen_mmcme4.u_mmcme_adv_inst/CLKOUT0
                         net (fo=1, routed)           0.166     0.592                         u_ddr_memory/u_ddr_bd/design_1_i/ddr4_0/inst/u_ddr4_infrastructure/mmcm_clkout0
    BUFGCE_X0Y42         BUFGCE (Prop_BUFCE_BUFGCE_I_O)
                                                      0.019     0.611 r                       u_ddr_memory/u_ddr_bd/design_1_i/ddr4_0/inst/u_ddr4_infrastructure/u_bufg_divClk/O
    X4Y3 (CLOCK_ROOT)    net (fo=124013, routed)      2.267     2.878                         u_camera_hdmi/u_camera_subsystem/g_camera_frontend[3].u_camera/ddr4_ui_clk
    SLR Crossing[0->3]   
    SLICE_X112Y721       FDRE                                         r  pblock_dvp_sync_slr3 u_camera_hdmi/u_camera_subsystem/g_camera_frontend[3].u_camera/dvp_data_sync_reg[7]/C

Slack:                    inf
  Source:                 u_camera_hdmi/u_camera_subsystem/g_camera_frontend[2].u_camera/dvp_data_iob_reg[7]/C
                            (rising edge-triggered cell FDRE clocked by mmcm_clkout0  {rise@0.000ns fall@1.666ns period=3.332ns})
  Destination:            u_camera_hdmi/u_camera_subsystem/g_camera_frontend[2].u_camera/dvp_data_sync_reg[7]/D
                            (rising edge-triggered cell FDRE clocked by mmcm_clkout0  {rise@0.000ns fall@1.666ns period=3.332ns})
  Path Group:             (none)
  Path Type:              Hold (Min at Fast Process Corner)
  Data Path Delay:        0.765ns  (logic 0.124ns (16.209%)  route 0.641ns (83.791%))
  Logic Levels:           0  
  Clock Path Skew:        0.023ns (DCD - SCD - CPR)
    Destination Clock Delay (DCD):    2.882ns
    Source Clock Delay      (SCD):    2.859ns
    Clock Pessimism Removal (CPR):    -0.000ns
  Clock Uncertainty:      0.052ns  ((TSJ^2 + DJ^2)^1/2) / 2 + PE
    Total System Jitter     (TSJ):    0.071ns
    Discrete Jitter          (DJ):    0.077ns
    Phase Error              (PE):    0.000ns
  Clock Net Delay (Source):      1.901ns (routing 0.490ns, distribution 1.411ns)
  Clock Net Delay (Destination): 2.271ns (routing 0.548ns, distribution 1.723ns)
  Timing Exception:       False Path

    Location             Delay type                Incr(ns)  Path(ns)    PBlock               Netlist Resource(s)
  -------------------------------------------------------------------    ----------------------------------------
                         (clock mmcm_clkout0 rise edge)
                                                      0.000     0.000 r                       
    BA27                                              0.000     0.000 r                       c0_sys_clk_p (IN)
                         net (fo=0)                   0.079     0.079                         u_ddr_memory/u_ddr_bd/design_1_i/ddr4_0/inst/u_ddr4_mem_intfc/u_mig_ddr4_phy/inst/u_ddr4_phy_pll/diff_input_clk.u_ibufg_sys_clk/I
    HPIOBDIFFINBUF_X0Y35 DIFFINBUF (Prop_DIFFINBUF_HPIOBDIFFINBUF_DIFF_IN_P_O)
                                                      0.243     0.322 r                       u_ddr_memory/u_ddr_bd/design_1_i/ddr4_0/inst/u_ddr4_mem_intfc/u_mig_ddr4_phy/inst/u_ddr4_phy_pll/diff_input_clk.u_ibufg_sys_clk/DIFFINBUF_INST/O
                         net (fo=1, routed)           0.040     0.362                         u_ddr_memory/u_ddr_bd/design_1_i/ddr4_0/inst/u_ddr4_mem_intfc/u_mig_ddr4_phy/inst/u_ddr4_phy_pll/diff_input_clk.u_ibufg_sys_clk/OUT
    BA27                 IBUFCTRL (Prop_IBUFCTRL_HPIOB_M_I_O)
                                                      0.000     0.362 r                       u_ddr_memory/u_ddr_bd/design_1_i/ddr4_0/inst/u_ddr4_mem_intfc/u_mig_ddr4_phy/inst/u_ddr4_phy_pll/diff_input_clk.u_ibufg_sys_clk/IBUFCTRL_INST/O
                         net (fo=2, routed)           0.203     0.565                         u_ddr_memory/u_ddr_bd/design_1_i/ddr4_0/inst/u_ddr4_infrastructure/mmcm_clk_in
    MMCM_X0Y1            MMCME4_ADV (Prop_MMCM_CLKIN1_CLKOUT0)
                                                      0.230     0.795 r                       u_ddr_memory/u_ddr_bd/design_1_i/ddr4_0/inst/u_ddr4_infrastructure/gen_mmcme4.u_mmcme_adv_inst/CLKOUT0
                         net (fo=1, routed)           0.146     0.941                         u_ddr_memory/u_ddr_bd/design_1_i/ddr4_0/inst/u_ddr4_infrastructure/mmcm_clkout0
    BUFGCE_X0Y42         BUFGCE (Prop_BUFCE_BUFGCE_I_O)
                                                      0.017     0.958 r                       u_ddr_memory/u_ddr_bd/design_1_i/ddr4_0/inst/u_ddr4_infrastructure/u_bufg_divClk/O
    X4Y3 (CLOCK_ROOT)    net (fo=124013, routed)      1.901     2.859                         u_camera_hdmi/u_camera_subsystem/g_camera_frontend[2].u_camera/ddr4_ui_clk
    SLR Crossing[0->3]   
    BITSLICE_RX_TX_X0Y656
                         FDRE                                         r                       u_camera_hdmi/u_camera_subsystem/g_camera_frontend[2].u_camera/dvp_data_iob_reg[7]/C
  -------------------------------------------------------------------    ----------------------------------------
    BITSLICE_RX_TX_X0Y656
                         FDRE (Prop_IN_FF_BITSLICE_COMPONENT_RX_TX_C_Q)
                                                      0.124     2.983 r                       u_camera_hdmi/u_camera_subsystem/g_camera_frontend[2].u_camera/dvp_data_iob_reg[7]/Q
                         net (fo=1, routed)           0.641     3.624                         u_camera_hdmi/u_camera_subsystem/g_camera_frontend[2].u_camera/dvp_data_iob[7]
    SLICE_X112Y722       FDRE                                         r  pblock_dvp_sync_slr3 u_camera_hdmi/u_camera_subsystem/g_camera_frontend[2].u_camera/dvp_data_sync_reg[7]/D
  -------------------------------------------------------------------    ----------------------------------------

                         (clock mmcm_clkout0 rise edge)
                                                      0.000     0.000 r                       
    BA27                                              0.000     0.000 r                       c0_sys_clk_p (IN)
                         net (fo=0)                   0.100     0.100                         u_ddr_memory/u_ddr_bd/design_1_i/ddr4_0/inst/u_ddr4_mem_intfc/u_mig_ddr4_phy/inst/u_ddr4_phy_pll/diff_input_clk.u_ibufg_sys_clk/I
    HPIOBDIFFINBUF_X0Y35 DIFFINBUF (Prop_DIFFINBUF_HPIOBDIFFINBUF_DIFF_IN_P_O)
                                                      0.341     0.441 r                       u_ddr_memory/u_ddr_bd/design_1_i/ddr4_0/inst/u_ddr4_mem_intfc/u_mig_ddr4_phy/inst/u_ddr4_phy_pll/diff_input_clk.u_ibufg_sys_clk/DIFFINBUF_INST/O
                         net (fo=1, routed)           0.050     0.491                         u_ddr_memory/u_ddr_bd/design_1_i/ddr4_0/inst/u_ddr4_mem_intfc/u_mig_ddr4_phy/inst/u_ddr4_phy_pll/diff_input_clk.u_ibufg_sys_clk/OUT
    BA27                 IBUFCTRL (Prop_IBUFCTRL_HPIOB_M_I_O)
                                                      0.000     0.491 r                       u_ddr_memory/u_ddr_bd/design_1_i/ddr4_0/inst/u_ddr4_mem_intfc/u_mig_ddr4_phy/inst/u_ddr4_phy_pll/diff_input_clk.u_ibufg_sys_clk/IBUFCTRL_INST/O
                         net (fo=2, routed)           0.230     0.721                         u_ddr_memory/u_ddr_bd/design_1_i/ddr4_0/inst/u_ddr4_infrastructure/mmcm_clk_in
    MMCM_X0Y1            MMCME4_ADV (Prop_MMCM_CLKIN1_CLKOUT0)
                                                     -0.295     0.426 r                       u_ddr_memory/u_ddr_bd/design_1_i/ddr4_0/inst/u_ddr4_infrastructure/gen_mmcme4.u_mmcme_adv_inst/CLKOUT0
                         net (fo=1, routed)           0.166     0.592                         u_ddr_memory/u_ddr_bd/design_1_i/ddr4_0/inst/u_ddr4_infrastructure/mmcm_clkout0
    BUFGCE_X0Y42         BUFGCE (Prop_BUFCE_BUFGCE_I_O)
                                                      0.019     0.611 r                       u_ddr_memory/u_ddr_bd/design_1_i/ddr4_0/inst/u_ddr4_infrastructure/u_bufg_divClk/O
    X4Y3 (CLOCK_ROOT)    net (fo=124013, routed)      2.271     2.882                         u_camera_hdmi/u_camera_subsystem/g_camera_frontend[2].u_camera/ddr4_ui_clk
    SLR Crossing[0->3]   
    SLICE_X112Y722       FDRE                                         r  pblock_dvp_sync_slr3 u_camera_hdmi/u_camera_subsystem/g_camera_frontend[2].u_camera/dvp_data_sync_reg[7]/C

Slack:                    inf
  Source:                 u_camera_hdmi/u_camera_subsystem/g_camera_frontend[2].u_camera/dvp_data_iob_reg[6]/C
                            (rising edge-triggered cell FDRE clocked by mmcm_clkout0  {rise@0.000ns fall@1.666ns period=3.332ns})
  Destination:            u_camera_hdmi/u_camera_subsystem/g_camera_frontend[2].u_camera/dvp_data_sync_reg[6]/D
                            (rising edge-triggered cell FDRE clocked by mmcm_clkout0  {rise@0.000ns fall@1.666ns period=3.332ns})
  Path Group:             (none)
  Path Type:              Hold (Min at Fast Process Corner)
  Data Path Delay:        0.753ns  (logic 0.127ns (16.866%)  route 0.626ns (83.134%))
  Logic Levels:           0  
  Clock Path Skew:        0.003ns (DCD - SCD - CPR)
    Destination Clock Delay (DCD):    2.882ns
    Source Clock Delay      (SCD):    2.879ns
    Clock Pessimism Removal (CPR):    -0.000ns
  Clock Uncertainty:      0.052ns  ((TSJ^2 + DJ^2)^1/2) / 2 + PE
    Total System Jitter     (TSJ):    0.071ns
    Discrete Jitter          (DJ):    0.077ns
    Phase Error              (PE):    0.000ns
  Clock Net Delay (Source):      1.921ns (routing 0.490ns, distribution 1.431ns)
  Clock Net Delay (Destination): 2.271ns (routing 0.548ns, distribution 1.723ns)
  Timing Exception:       False Path

    Location             Delay type                Incr(ns)  Path(ns)    PBlock               Netlist Resource(s)
  -------------------------------------------------------------------    ----------------------------------------
                         (clock mmcm_clkout0 rise edge)
                                                      0.000     0.000 r                       
    BA27                                              0.000     0.000 r                       c0_sys_clk_p (IN)
                         net (fo=0)                   0.079     0.079                         u_ddr_memory/u_ddr_bd/design_1_i/ddr4_0/inst/u_ddr4_mem_intfc/u_mig_ddr4_phy/inst/u_ddr4_phy_pll/diff_input_clk.u_ibufg_sys_clk/I
    HPIOBDIFFINBUF_X0Y35 DIFFINBUF (Prop_DIFFINBUF_HPIOBDIFFINBUF_DIFF_IN_P_O)
                                                      0.243     0.322 r                       u_ddr_memory/u_ddr_bd/design_1_i/ddr4_0/inst/u_ddr4_mem_intfc/u_mig_ddr4_phy/inst/u_ddr4_phy_pll/diff_input_clk.u_ibufg_sys_clk/DIFFINBUF_INST/O
                         net (fo=1, routed)           0.040     0.362                         u_ddr_memory/u_ddr_bd/design_1_i/ddr4_0/inst/u_ddr4_mem_intfc/u_mig_ddr4_phy/inst/u_ddr4_phy_pll/diff_input_clk.u_ibufg_sys_clk/OUT
    BA27                 IBUFCTRL (Prop_IBUFCTRL_HPIOB_M_I_O)
                                                      0.000     0.362 r                       u_ddr_memory/u_ddr_bd/design_1_i/ddr4_0/inst/u_ddr4_mem_intfc/u_mig_ddr4_phy/inst/u_ddr4_phy_pll/diff_input_clk.u_ibufg_sys_clk/IBUFCTRL_INST/O
                         net (fo=2, routed)           0.203     0.565                         u_ddr_memory/u_ddr_bd/design_1_i/ddr4_0/inst/u_ddr4_infrastructure/mmcm_clk_in
    MMCM_X0Y1            MMCME4_ADV (Prop_MMCM_CLKIN1_CLKOUT0)
                                                      0.230     0.795 r                       u_ddr_memory/u_ddr_bd/design_1_i/ddr4_0/inst/u_ddr4_infrastructure/gen_mmcme4.u_mmcme_adv_inst/CLKOUT0
                         net (fo=1, routed)           0.146     0.941                         u_ddr_memory/u_ddr_bd/design_1_i/ddr4_0/inst/u_ddr4_infrastructure/mmcm_clkout0
    BUFGCE_X0Y42         BUFGCE (Prop_BUFCE_BUFGCE_I_O)
                                                      0.017     0.958 r                       u_ddr_memory/u_ddr_bd/design_1_i/ddr4_0/inst/u_ddr4_infrastructure/u_bufg_divClk/O
    X4Y3 (CLOCK_ROOT)    net (fo=124013, routed)      1.921     2.879                         u_camera_hdmi/u_camera_subsystem/g_camera_frontend[2].u_camera/ddr4_ui_clk
    SLR Crossing[0->3]   
    BITSLICE_RX_TX_X0Y657
                         FDRE                                         r                       u_camera_hdmi/u_camera_subsystem/g_camera_frontend[2].u_camera/dvp_data_iob_reg[6]/C
  -------------------------------------------------------------------    ----------------------------------------
    BITSLICE_RX_TX_X0Y657
                         FDRE (Prop_IN_FF_BITSLICE_COMPONENT_RX_TX_C_Q)
                                                      0.127     3.006 r                       u_camera_hdmi/u_camera_subsystem/g_camera_frontend[2].u_camera/dvp_data_iob_reg[6]/Q
                         net (fo=1, routed)           0.626     3.632                         u_camera_hdmi/u_camera_subsystem/g_camera_frontend[2].u_camera/dvp_data_iob[6]
    SLICE_X112Y722       FDRE                                         r  pblock_dvp_sync_slr3 u_camera_hdmi/u_camera_subsystem/g_camera_frontend[2].u_camera/dvp_data_sync_reg[6]/D
  -------------------------------------------------------------------    ----------------------------------------

                         (clock mmcm_clkout0 rise edge)
                                                      0.000     0.000 r                       
    BA27                                              0.000     0.000 r                       c0_sys_clk_p (IN)
                         net (fo=0)                   0.100     0.100                         u_ddr_memory/u_ddr_bd/design_1_i/ddr4_0/inst/u_ddr4_mem_intfc/u_mig_ddr4_phy/inst/u_ddr4_phy_pll/diff_input_clk.u_ibufg_sys_clk/I
    HPIOBDIFFINBUF_X0Y35 DIFFINBUF (Prop_DIFFINBUF_HPIOBDIFFINBUF_DIFF_IN_P_O)
                                                      0.341     0.441 r                       u_ddr_memory/u_ddr_bd/design_1_i/ddr4_0/inst/u_ddr4_mem_intfc/u_mig_ddr4_phy/inst/u_ddr4_phy_pll/diff_input_clk.u_ibufg_sys_clk/DIFFINBUF_INST/O
                         net (fo=1, routed)           0.050     0.491                         u_ddr_memory/u_ddr_bd/design_1_i/ddr4_0/inst/u_ddr4_mem_intfc/u_mig_ddr4_phy/inst/u_ddr4_phy_pll/diff_input_clk.u_ibufg_sys_clk/OUT
    BA27                 IBUFCTRL (Prop_IBUFCTRL_HPIOB_M_I_O)
                                                      0.000     0.491 r                       u_ddr_memory/u_ddr_bd/design_1_i/ddr4_0/inst/u_ddr4_mem_intfc/u_mig_ddr4_phy/inst/u_ddr4_phy_pll/diff_input_clk.u_ibufg_sys_clk/IBUFCTRL_INST/O
                         net (fo=2, routed)           0.230     0.721                         u_ddr_memory/u_ddr_bd/design_1_i/ddr4_0/inst/u_ddr4_infrastructure/mmcm_clk_in
    MMCM_X0Y1            MMCME4_ADV (Prop_MMCM_CLKIN1_CLKOUT0)
                                                     -0.295     0.426 r                       u_ddr_memory/u_ddr_bd/design_1_i/ddr4_0/inst/u_ddr4_infrastructure/gen_mmcme4.u_mmcme_adv_inst/CLKOUT0
                         net (fo=1, routed)           0.166     0.592                         u_ddr_memory/u_ddr_bd/design_1_i/ddr4_0/inst/u_ddr4_infrastructure/mmcm_clkout0
    BUFGCE_X0Y42         BUFGCE (Prop_BUFCE_BUFGCE_I_O)
                                                      0.019     0.611 r                       u_ddr_memory/u_ddr_bd/design_1_i/ddr4_0/inst/u_ddr4_infrastructure/u_bufg_divClk/O
    X4Y3 (CLOCK_ROOT)    net (fo=124013, routed)      2.271     2.882                         u_camera_hdmi/u_camera_subsystem/g_camera_frontend[2].u_camera/ddr4_ui_clk
    SLR Crossing[0->3]   
    SLICE_X112Y722       FDRE                                         r  pblock_dvp_sync_slr3 u_camera_hdmi/u_camera_subsystem/g_camera_frontend[2].u_camera/dvp_data_sync_reg[6]/C

Slack:                    inf
  Source:                 u_camera_hdmi/u_camera_subsystem/g_camera_frontend[3].u_camera/dvp_data_iob_reg[5]/C
                            (rising edge-triggered cell FDRE clocked by mmcm_clkout0  {rise@0.000ns fall@1.666ns period=3.332ns})
  Destination:            u_camera_hdmi/u_camera_subsystem/g_camera_frontend[3].u_camera/dvp_data_sync_reg[5]/D
                            (rising edge-triggered cell FDRE clocked by mmcm_clkout0  {rise@0.000ns fall@1.666ns period=3.332ns})
  Path Group:             (none)
  Path Type:              Hold (Min at Fast Process Corner)
  Data Path Delay:        0.763ns  (logic 0.161ns (21.101%)  route 0.602ns (78.899%))
  Logic Levels:           0  
  Clock Path Skew:        0.002ns (DCD - SCD - CPR)
    Destination Clock Delay (DCD):    2.878ns
    Source Clock Delay      (SCD):    2.876ns
    Clock Pessimism Removal (CPR):    -0.000ns
  Clock Uncertainty:      0.052ns  ((TSJ^2 + DJ^2)^1/2) / 2 + PE
    Total System Jitter     (TSJ):    0.071ns
    Discrete Jitter          (DJ):    0.077ns
    Phase Error              (PE):    0.000ns
  Clock Net Delay (Source):      1.918ns (routing 0.490ns, distribution 1.428ns)
  Clock Net Delay (Destination): 2.267ns (routing 0.548ns, distribution 1.719ns)
  Timing Exception:       False Path

    Location             Delay type                Incr(ns)  Path(ns)    PBlock               Netlist Resource(s)
  -------------------------------------------------------------------    ----------------------------------------
                         (clock mmcm_clkout0 rise edge)
                                                      0.000     0.000 r                       
    BA27                                              0.000     0.000 r                       c0_sys_clk_p (IN)
                         net (fo=0)                   0.079     0.079                         u_ddr_memory/u_ddr_bd/design_1_i/ddr4_0/inst/u_ddr4_mem_intfc/u_mig_ddr4_phy/inst/u_ddr4_phy_pll/diff_input_clk.u_ibufg_sys_clk/I
    HPIOBDIFFINBUF_X0Y35 DIFFINBUF (Prop_DIFFINBUF_HPIOBDIFFINBUF_DIFF_IN_P_O)
                                                      0.243     0.322 r                       u_ddr_memory/u_ddr_bd/design_1_i/ddr4_0/inst/u_ddr4_mem_intfc/u_mig_ddr4_phy/inst/u_ddr4_phy_pll/diff_input_clk.u_ibufg_sys_clk/DIFFINBUF_INST/O
                         net (fo=1, routed)           0.040     0.362                         u_ddr_memory/u_ddr_bd/design_1_i/ddr4_0/inst/u_ddr4_mem_intfc/u_mig_ddr4_phy/inst/u_ddr4_phy_pll/diff_input_clk.u_ibufg_sys_clk/OUT
    BA27                 IBUFCTRL (Prop_IBUFCTRL_HPIOB_M_I_O)
                                                      0.000     0.362 r                       u_ddr_memory/u_ddr_bd/design_1_i/ddr4_0/inst/u_ddr4_mem_intfc/u_mig_ddr4_phy/inst/u_ddr4_phy_pll/diff_input_clk.u_ibufg_sys_clk/IBUFCTRL_INST/O
                         net (fo=2, routed)           0.203     0.565                         u_ddr_memory/u_ddr_bd/design_1_i/ddr4_0/inst/u_ddr4_infrastructure/mmcm_clk_in
    MMCM_X0Y1            MMCME4_ADV (Prop_MMCM_CLKIN1_CLKOUT0)
                                                      0.230     0.795 r                       u_ddr_memory/u_ddr_bd/design_1_i/ddr4_0/inst/u_ddr4_infrastructure/gen_mmcme4.u_mmcme_adv_inst/CLKOUT0
                         net (fo=1, routed)           0.146     0.941                         u_ddr_memory/u_ddr_bd/design_1_i/ddr4_0/inst/u_ddr4_infrastructure/mmcm_clkout0
    BUFGCE_X0Y42         BUFGCE (Prop_BUFCE_BUFGCE_I_O)
                                                      0.017     0.958 r                       u_ddr_memory/u_ddr_bd/design_1_i/ddr4_0/inst/u_ddr4_infrastructure/u_bufg_divClk/O
    X4Y3 (CLOCK_ROOT)    net (fo=124013, routed)      1.918     2.876                         u_camera_hdmi/u_camera_subsystem/g_camera_frontend[3].u_camera/ddr4_ui_clk
    SLR Crossing[0->3]   
    BITSLICE_RX_TX_X0Y659
                         FDRE                                         r                       u_camera_hdmi/u_camera_subsystem/g_camera_frontend[3].u_camera/dvp_data_iob_reg[5]/C
  -------------------------------------------------------------------    ----------------------------------------
    BITSLICE_RX_TX_X0Y659
                         FDRE (Prop_IN_FF_BITSLICE_COMPONENT_RX_TX_C_Q)
                                                      0.161     3.037 r                       u_camera_hdmi/u_camera_subsystem/g_camera_frontend[3].u_camera/dvp_data_iob_reg[5]/Q
                         net (fo=1, routed)           0.602     3.639                         u_camera_hdmi/u_camera_subsystem/g_camera_frontend[3].u_camera/dvp_data_iob[5]
    SLICE_X112Y721       FDRE                                         r  pblock_dvp_sync_slr3 u_camera_hdmi/u_camera_subsystem/g_camera_frontend[3].u_camera/dvp_data_sync_reg[5]/D
  -------------------------------------------------------------------    ----------------------------------------

                         (clock mmcm_clkout0 rise edge)
                                                      0.000     0.000 r                       
    BA27                                              0.000     0.000 r                       c0_sys_clk_p (IN)
                         net (fo=0)                   0.100     0.100                         u_ddr_memory/u_ddr_bd/design_1_i/ddr4_0/inst/u_ddr4_mem_intfc/u_mig_ddr4_phy/inst/u_ddr4_phy_pll/diff_input_clk.u_ibufg_sys_clk/I
    HPIOBDIFFINBUF_X0Y35 DIFFINBUF (Prop_DIFFINBUF_HPIOBDIFFINBUF_DIFF_IN_P_O)
                                                      0.341     0.441 r                       u_ddr_memory/u_ddr_bd/design_1_i/ddr4_0/inst/u_ddr4_mem_intfc/u_mig_ddr4_phy/inst/u_ddr4_phy_pll/diff_input_clk.u_ibufg_sys_clk/DIFFINBUF_INST/O
                         net (fo=1, routed)           0.050     0.491                         u_ddr_memory/u_ddr_bd/design_1_i/ddr4_0/inst/u_ddr4_mem_intfc/u_mig_ddr4_phy/inst/u_ddr4_phy_pll/diff_input_clk.u_ibufg_sys_clk/OUT
    BA27                 IBUFCTRL (Prop_IBUFCTRL_HPIOB_M_I_O)
                                                      0.000     0.491 r                       u_ddr_memory/u_ddr_bd/design_1_i/ddr4_0/inst/u_ddr4_mem_intfc/u_mig_ddr4_phy/inst/u_ddr4_phy_pll/diff_input_clk.u_ibufg_sys_clk/IBUFCTRL_INST/O
                         net (fo=2, routed)           0.230     0.721                         u_ddr_memory/u_ddr_bd/design_1_i/ddr4_0/inst/u_ddr4_infrastructure/mmcm_clk_in
    MMCM_X0Y1            MMCME4_ADV (Prop_MMCM_CLKIN1_CLKOUT0)
                                                     -0.295     0.426 r                       u_ddr_memory/u_ddr_bd/design_1_i/ddr4_0/inst/u_ddr4_infrastructure/gen_mmcme4.u_mmcme_adv_inst/CLKOUT0
                         net (fo=1, routed)           0.166     0.592                         u_ddr_memory/u_ddr_bd/design_1_i/ddr4_0/inst/u_ddr4_infrastructure/mmcm_clkout0
    BUFGCE_X0Y42         BUFGCE (Prop_BUFCE_BUFGCE_I_O)
                                                      0.019     0.611 r                       u_ddr_memory/u_ddr_bd/design_1_i/ddr4_0/inst/u_ddr4_infrastructure/u_bufg_divClk/O
    X4Y3 (CLOCK_ROOT)    net (fo=124013, routed)      2.267     2.878                         u_camera_hdmi/u_camera_subsystem/g_camera_frontend[3].u_camera/ddr4_ui_clk
    SLR Crossing[0->3]   
    SLICE_X112Y721       FDRE                                         r  pblock_dvp_sync_slr3 u_camera_hdmi/u_camera_subsystem/g_camera_frontend[3].u_camera/dvp_data_sync_reg[5]/C

Slack:                    inf
  Source:                 u_camera_hdmi/u_camera_subsystem/g_camera_frontend[2].u_camera/dvp_data_iob_reg[5]/C
                            (rising edge-triggered cell FDRE clocked by mmcm_clkout0  {rise@0.000ns fall@1.666ns period=3.332ns})
  Destination:            u_camera_hdmi/u_camera_subsystem/g_camera_frontend[2].u_camera/dvp_data_sync_reg[5]/D
                            (rising edge-triggered cell FDRE clocked by mmcm_clkout0  {rise@0.000ns fall@1.666ns period=3.332ns})
  Path Group:             (none)
  Path Type:              Hold (Min at Fast Process Corner)
  Data Path Delay:        0.770ns  (logic 0.199ns (25.844%)  route 0.571ns (74.156%))
  Logic Levels:           0  
  Clock Path Skew:        0.012ns (DCD - SCD - CPR)
    Destination Clock Delay (DCD):    2.882ns
    Source Clock Delay      (SCD):    2.870ns
    Clock Pessimism Removal (CPR):    -0.000ns
  Clock Uncertainty:      0.052ns  ((TSJ^2 + DJ^2)^1/2) / 2 + PE
    Total System Jitter     (TSJ):    0.071ns
    Discrete Jitter          (DJ):    0.077ns
    Phase Error              (PE):    0.000ns
  Clock Net Delay (Source):      1.912ns (routing 0.490ns, distribution 1.422ns)
  Clock Net Delay (Destination): 2.271ns (routing 0.548ns, distribution 1.723ns)
  Timing Exception:       False Path

    Location             Delay type                Incr(ns)  Path(ns)    PBlock               Netlist Resource(s)
  -------------------------------------------------------------------    ----------------------------------------
                         (clock mmcm_clkout0 rise edge)
                                                      0.000     0.000 r                       
    BA27                                              0.000     0.000 r                       c0_sys_clk_p (IN)
                         net (fo=0)                   0.079     0.079                         u_ddr_memory/u_ddr_bd/design_1_i/ddr4_0/inst/u_ddr4_mem_intfc/u_mig_ddr4_phy/inst/u_ddr4_phy_pll/diff_input_clk.u_ibufg_sys_clk/I
    HPIOBDIFFINBUF_X0Y35 DIFFINBUF (Prop_DIFFINBUF_HPIOBDIFFINBUF_DIFF_IN_P_O)
                                                      0.243     0.322 r                       u_ddr_memory/u_ddr_bd/design_1_i/ddr4_0/inst/u_ddr4_mem_intfc/u_mig_ddr4_phy/inst/u_ddr4_phy_pll/diff_input_clk.u_ibufg_sys_clk/DIFFINBUF_INST/O
                         net (fo=1, routed)           0.040     0.362                         u_ddr_memory/u_ddr_bd/design_1_i/ddr4_0/inst/u_ddr4_mem_intfc/u_mig_ddr4_phy/inst/u_ddr4_phy_pll/diff_input_clk.u_ibufg_sys_clk/OUT
    BA27                 IBUFCTRL (Prop_IBUFCTRL_HPIOB_M_I_O)
                                                      0.000     0.362 r                       u_ddr_memory/u_ddr_bd/design_1_i/ddr4_0/inst/u_ddr4_mem_intfc/u_mig_ddr4_phy/inst/u_ddr4_phy_pll/diff_input_clk.u_ibufg_sys_clk/IBUFCTRL_INST/O
                         net (fo=2, routed)           0.203     0.565                         u_ddr_memory/u_ddr_bd/design_1_i/ddr4_0/inst/u_ddr4_infrastructure/mmcm_clk_in
    MMCM_X0Y1            MMCME4_ADV (Prop_MMCM_CLKIN1_CLKOUT0)
                                                      0.230     0.795 r                       u_ddr_memory/u_ddr_bd/design_1_i/ddr4_0/inst/u_ddr4_infrastructure/gen_mmcme4.u_mmcme_adv_inst/CLKOUT0
                         net (fo=1, routed)           0.146     0.941                         u_ddr_memory/u_ddr_bd/design_1_i/ddr4_0/inst/u_ddr4_infrastructure/mmcm_clkout0
    BUFGCE_X0Y42         BUFGCE (Prop_BUFCE_BUFGCE_I_O)
                                                      0.017     0.958 r                       u_ddr_memory/u_ddr_bd/design_1_i/ddr4_0/inst/u_ddr4_infrastructure/u_bufg_divClk/O
    X4Y3 (CLOCK_ROOT)    net (fo=124013, routed)      1.912     2.870                         u_camera_hdmi/u_camera_subsystem/g_camera_frontend[2].u_camera/ddr4_ui_clk
    SLR Crossing[0->3]   
    BITSLICE_RX_TX_X0Y660
                         FDRE                                         r                       u_camera_hdmi/u_camera_subsystem/g_camera_frontend[2].u_camera/dvp_data_iob_reg[5]/C
  -------------------------------------------------------------------    ----------------------------------------
    BITSLICE_RX_TX_X0Y660
                         FDRE (Prop_IN_FF_BITSLICE_COMPONENT_RX_TX_C_Q)
                                                      0.199     3.069 r                       u_camera_hdmi/u_camera_subsystem/g_camera_frontend[2].u_camera/dvp_data_iob_reg[5]/Q
                         net (fo=1, routed)           0.571     3.640                         u_camera_hdmi/u_camera_subsystem/g_camera_frontend[2].u_camera/dvp_data_iob[5]
    SLICE_X112Y722       FDRE                                         r  pblock_dvp_sync_slr3 u_camera_hdmi/u_camera_subsystem/g_camera_frontend[2].u_camera/dvp_data_sync_reg[5]/D
  -------------------------------------------------------------------    ----------------------------------------

                         (clock mmcm_clkout0 rise edge)
                                                      0.000     0.000 r                       
    BA27                                              0.000     0.000 r                       c0_sys_clk_p (IN)
                         net (fo=0)                   0.100     0.100                         u_ddr_memory/u_ddr_bd/design_1_i/ddr4_0/inst/u_ddr4_mem_intfc/u_mig_ddr4_phy/inst/u_ddr4_phy_pll/diff_input_clk.u_ibufg_sys_clk/I
    HPIOBDIFFINBUF_X0Y35 DIFFINBUF (Prop_DIFFINBUF_HPIOBDIFFINBUF_DIFF_IN_P_O)
                                                      0.341     0.441 r                       u_ddr_memory/u_ddr_bd/design_1_i/ddr4_0/inst/u_ddr4_mem_intfc/u_mig_ddr4_phy/inst/u_ddr4_phy_pll/diff_input_clk.u_ibufg_sys_clk/DIFFINBUF_INST/O
                         net (fo=1, routed)           0.050     0.491                         u_ddr_memory/u_ddr_bd/design_1_i/ddr4_0/inst/u_ddr4_mem_intfc/u_mig_ddr4_phy/inst/u_ddr4_phy_pll/diff_input_clk.u_ibufg_sys_clk/OUT
    BA27                 IBUFCTRL (Prop_IBUFCTRL_HPIOB_M_I_O)
                                                      0.000     0.491 r                       u_ddr_memory/u_ddr_bd/design_1_i/ddr4_0/inst/u_ddr4_mem_intfc/u_mig_ddr4_phy/inst/u_ddr4_phy_pll/diff_input_clk.u_ibufg_sys_clk/IBUFCTRL_INST/O
                         net (fo=2, routed)           0.230     0.721                         u_ddr_memory/u_ddr_bd/design_1_i/ddr4_0/inst/u_ddr4_infrastructure/mmcm_clk_in
    MMCM_X0Y1            MMCME4_ADV (Prop_MMCM_CLKIN1_CLKOUT0)
                                                     -0.295     0.426 r                       u_ddr_memory/u_ddr_bd/design_1_i/ddr4_0/inst/u_ddr4_infrastructure/gen_mmcme4.u_mmcme_adv_inst/CLKOUT0
                         net (fo=1, routed)           0.166     0.592                         u_ddr_memory/u_ddr_bd/design_1_i/ddr4_0/inst/u_ddr4_infrastructure/mmcm_clkout0
    BUFGCE_X0Y42         BUFGCE (Prop_BUFCE_BUFGCE_I_O)
                                                      0.019     0.611 r                       u_ddr_memory/u_ddr_bd/design_1_i/ddr4_0/inst/u_ddr4_infrastructure/u_bufg_divClk/O
    X4Y3 (CLOCK_ROOT)    net (fo=124013, routed)      2.271     2.882                         u_camera_hdmi/u_camera_subsystem/g_camera_frontend[2].u_camera/ddr4_ui_clk
    SLR Crossing[0->3]   
    SLICE_X112Y722       FDRE                                         r  pblock_dvp_sync_slr3 u_camera_hdmi/u_camera_subsystem/g_camera_frontend[2].u_camera/dvp_data_sync_reg[5]/C

Slack:                    inf
  Source:                 u_camera_hdmi/u_camera_subsystem/g_camera_frontend[2].u_camera/dvp_href_iob_reg/C
                            (rising edge-triggered cell FDRE clocked by mmcm_clkout0  {rise@0.000ns fall@1.666ns period=3.332ns})
  Destination:            u_camera_hdmi/u_camera_subsystem/g_camera_frontend[2].u_camera/dvp_href_sync_reg/D
                            (rising edge-triggered cell FDRE clocked by mmcm_clkout0  {rise@0.000ns fall@1.666ns period=3.332ns})
  Path Group:             (none)
  Path Type:              Hold (Min at Fast Process Corner)
  Data Path Delay:        0.779ns  (logic 0.179ns (22.978%)  route 0.600ns (77.022%))
  Logic Levels:           0  
  Clock Path Skew:        0.014ns (DCD - SCD - CPR)
    Destination Clock Delay (DCD):    2.880ns
    Source Clock Delay      (SCD):    2.866ns
    Clock Pessimism Removal (CPR):    -0.000ns
  Clock Uncertainty:      0.052ns  ((TSJ^2 + DJ^2)^1/2) / 2 + PE
    Total System Jitter     (TSJ):    0.071ns
    Discrete Jitter          (DJ):    0.077ns
    Phase Error              (PE):    0.000ns
  Clock Net Delay (Source):      1.908ns (routing 0.490ns, distribution 1.418ns)
  Clock Net Delay (Destination): 2.269ns (routing 0.548ns, distribution 1.721ns)
  Timing Exception:       False Path

    Location             Delay type                Incr(ns)  Path(ns)    PBlock               Netlist Resource(s)
  -------------------------------------------------------------------    ----------------------------------------
                         (clock mmcm_clkout0 rise edge)
                                                      0.000     0.000 r                       
    BA27                                              0.000     0.000 r                       c0_sys_clk_p (IN)
                         net (fo=0)                   0.079     0.079                         u_ddr_memory/u_ddr_bd/design_1_i/ddr4_0/inst/u_ddr4_mem_intfc/u_mig_ddr4_phy/inst/u_ddr4_phy_pll/diff_input_clk.u_ibufg_sys_clk/I
    HPIOBDIFFINBUF_X0Y35 DIFFINBUF (Prop_DIFFINBUF_HPIOBDIFFINBUF_DIFF_IN_P_O)
                                                      0.243     0.322 r                       u_ddr_memory/u_ddr_bd/design_1_i/ddr4_0/inst/u_ddr4_mem_intfc/u_mig_ddr4_phy/inst/u_ddr4_phy_pll/diff_input_clk.u_ibufg_sys_clk/DIFFINBUF_INST/O
                         net (fo=1, routed)           0.040     0.362                         u_ddr_memory/u_ddr_bd/design_1_i/ddr4_0/inst/u_ddr4_mem_intfc/u_mig_ddr4_phy/inst/u_ddr4_phy_pll/diff_input_clk.u_ibufg_sys_clk/OUT
    BA27                 IBUFCTRL (Prop_IBUFCTRL_HPIOB_M_I_O)
                                                      0.000     0.362 r                       u_ddr_memory/u_ddr_bd/design_1_i/ddr4_0/inst/u_ddr4_mem_intfc/u_mig_ddr4_phy/inst/u_ddr4_phy_pll/diff_input_clk.u_ibufg_sys_clk/IBUFCTRL_INST/O
                         net (fo=2, routed)           0.203     0.565                         u_ddr_memory/u_ddr_bd/design_1_i/ddr4_0/inst/u_ddr4_infrastructure/mmcm_clk_in
    MMCM_X0Y1            MMCME4_ADV (Prop_MMCM_CLKIN1_CLKOUT0)
                                                      0.230     0.795 r                       u_ddr_memory/u_ddr_bd/design_1_i/ddr4_0/inst/u_ddr4_infrastructure/gen_mmcme4.u_mmcme_adv_inst/CLKOUT0
                         net (fo=1, routed)           0.146     0.941                         u_ddr_memory/u_ddr_bd/design_1_i/ddr4_0/inst/u_ddr4_infrastructure/mmcm_clkout0
    BUFGCE_X0Y42         BUFGCE (Prop_BUFCE_BUFGCE_I_O)
                                                      0.017     0.958 r                       u_ddr_memory/u_ddr_bd/design_1_i/ddr4_0/inst/u_ddr4_infrastructure/u_bufg_divClk/O
    X4Y3 (CLOCK_ROOT)    net (fo=124013, routed)      1.908     2.866                         u_camera_hdmi/u_camera_subsystem/g_camera_frontend[2].u_camera/ddr4_ui_clk
    SLR Crossing[0->3]   
    BITSLICE_RX_TX_X0Y665
                         FDRE                                         r                       u_camera_hdmi/u_camera_subsystem/g_camera_frontend[2].u_camera/dvp_href_iob_reg/C
  -------------------------------------------------------------------    ----------------------------------------
    BITSLICE_RX_TX_X0Y665
                         FDRE (Prop_IN_FF_BITSLICE_COMPONENT_RX_TX_C_Q)
                                                      0.179     3.045 r                       u_camera_hdmi/u_camera_subsystem/g_camera_frontend[2].u_camera/dvp_href_iob_reg/Q
                         net (fo=1, routed)           0.600     3.645                         u_camera_hdmi/u_camera_subsystem/g_camera_frontend[2].u_camera/dvp_href_iob
    SLICE_X110Y722       FDRE                                         r  pblock_dvp_sync_slr3 u_camera_hdmi/u_camera_subsystem/g_camera_frontend[2].u_camera/dvp_href_sync_reg/D
  -------------------------------------------------------------------    ----------------------------------------

                         (clock mmcm_clkout0 rise edge)
                                                      0.000     0.000 r                       
    BA27                                              0.000     0.000 r                       c0_sys_clk_p (IN)
                         net (fo=0)                   0.100     0.100                         u_ddr_memory/u_ddr_bd/design_1_i/ddr4_0/inst/u_ddr4_mem_intfc/u_mig_ddr4_phy/inst/u_ddr4_phy_pll/diff_input_clk.u_ibufg_sys_clk/I
    HPIOBDIFFINBUF_X0Y35 DIFFINBUF (Prop_DIFFINBUF_HPIOBDIFFINBUF_DIFF_IN_P_O)
                                                      0.341     0.441 r                       u_ddr_memory/u_ddr_bd/design_1_i/ddr4_0/inst/u_ddr4_mem_intfc/u_mig_ddr4_phy/inst/u_ddr4_phy_pll/diff_input_clk.u_ibufg_sys_clk/DIFFINBUF_INST/O
                         net (fo=1, routed)           0.050     0.491                         u_ddr_memory/u_ddr_bd/design_1_i/ddr4_0/inst/u_ddr4_mem_intfc/u_mig_ddr4_phy/inst/u_ddr4_phy_pll/diff_input_clk.u_ibufg_sys_clk/OUT
    BA27                 IBUFCTRL (Prop_IBUFCTRL_HPIOB_M_I_O)
                                                      0.000     0.491 r                       u_ddr_memory/u_ddr_bd/design_1_i/ddr4_0/inst/u_ddr4_mem_intfc/u_mig_ddr4_phy/inst/u_ddr4_phy_pll/diff_input_clk.u_ibufg_sys_clk/IBUFCTRL_INST/O
                         net (fo=2, routed)           0.230     0.721                         u_ddr_memory/u_ddr_bd/design_1_i/ddr4_0/inst/u_ddr4_infrastructure/mmcm_clk_in
    MMCM_X0Y1            MMCME4_ADV (Prop_MMCM_CLKIN1_CLKOUT0)
                                                     -0.295     0.426 r                       u_ddr_memory/u_ddr_bd/design_1_i/ddr4_0/inst/u_ddr4_infrastructure/gen_mmcme4.u_mmcme_adv_inst/CLKOUT0
                         net (fo=1, routed)           0.166     0.592                         u_ddr_memory/u_ddr_bd/design_1_i/ddr4_0/inst/u_ddr4_infrastructure/mmcm_clkout0
    BUFGCE_X0Y42         BUFGCE (Prop_BUFCE_BUFGCE_I_O)
                                                      0.019     0.611 r                       u_ddr_memory/u_ddr_bd/design_1_i/ddr4_0/inst/u_ddr4_infrastructure/u_bufg_divClk/O
    X4Y3 (CLOCK_ROOT)    net (fo=124013, routed)      2.269     2.880                         u_camera_hdmi/u_camera_subsystem/g_camera_frontend[2].u_camera/ddr4_ui_clk
    SLR Crossing[0->3]   
    SLICE_X110Y722       FDRE                                         r  pblock_dvp_sync_slr3 u_camera_hdmi/u_camera_subsystem/g_camera_frontend[2].u_camera/dvp_href_sync_reg/C

Slack:                    inf
  Source:                 u_camera_hdmi/u_camera_subsystem/g_camera_frontend[1].u_camera/dvp_data_iob_reg[6]/C
                            (rising edge-triggered cell FDRE clocked by mmcm_clkout0  {rise@0.000ns fall@1.666ns period=3.332ns})
  Destination:            u_camera_hdmi/u_camera_subsystem/g_camera_frontend[1].u_camera/dvp_data_sync_reg[6]/D
                            (rising edge-triggered cell FDRE clocked by mmcm_clkout0  {rise@0.000ns fall@1.666ns period=3.332ns})
  Path Group:             (none)
  Path Type:              Hold (Min at Fast Process Corner)
  Data Path Delay:        0.765ns  (logic 0.148ns (19.346%)  route 0.617ns (80.654%))
  Logic Levels:           0  
  Clock Path Skew:        -0.090ns (DCD - SCD - CPR)
    Destination Clock Delay (DCD):    2.882ns
    Source Clock Delay      (SCD):    2.972ns
    Clock Pessimism Removal (CPR):    -0.000ns
  Clock Uncertainty:      0.052ns  ((TSJ^2 + DJ^2)^1/2) / 2 + PE
    Total System Jitter     (TSJ):    0.071ns
    Discrete Jitter          (DJ):    0.077ns
    Phase Error              (PE):    0.000ns
  Clock Net Delay (Source):      2.014ns (routing 0.490ns, distribution 1.524ns)
  Clock Net Delay (Destination): 2.271ns (routing 0.548ns, distribution 1.723ns)
  Timing Exception:       False Path

    Location             Delay type                Incr(ns)  Path(ns)    PBlock               Netlist Resource(s)
  -------------------------------------------------------------------    ----------------------------------------
                         (clock mmcm_clkout0 rise edge)
                                                      0.000     0.000 r                       
    BA27                                              0.000     0.000 r                       c0_sys_clk_p (IN)
                         net (fo=0)                   0.079     0.079                         u_ddr_memory/u_ddr_bd/design_1_i/ddr4_0/inst/u_ddr4_mem_intfc/u_mig_ddr4_phy/inst/u_ddr4_phy_pll/diff_input_clk.u_ibufg_sys_clk/I
    HPIOBDIFFINBUF_X0Y35 DIFFINBUF (Prop_DIFFINBUF_HPIOBDIFFINBUF_DIFF_IN_P_O)
                                                      0.243     0.322 r                       u_ddr_memory/u_ddr_bd/design_1_i/ddr4_0/inst/u_ddr4_mem_intfc/u_mig_ddr4_phy/inst/u_ddr4_phy_pll/diff_input_clk.u_ibufg_sys_clk/DIFFINBUF_INST/O
                         net (fo=1, routed)           0.040     0.362                         u_ddr_memory/u_ddr_bd/design_1_i/ddr4_0/inst/u_ddr4_mem_intfc/u_mig_ddr4_phy/inst/u_ddr4_phy_pll/diff_input_clk.u_ibufg_sys_clk/OUT
    BA27                 IBUFCTRL (Prop_IBUFCTRL_HPIOB_M_I_O)
                                                      0.000     0.362 r                       u_ddr_memory/u_ddr_bd/design_1_i/ddr4_0/inst/u_ddr4_mem_intfc/u_mig_ddr4_phy/inst/u_ddr4_phy_pll/diff_input_clk.u_ibufg_sys_clk/IBUFCTRL_INST/O
                         net (fo=2, routed)           0.203     0.565                         u_ddr_memory/u_ddr_bd/design_1_i/ddr4_0/inst/u_ddr4_infrastructure/mmcm_clk_in
    MMCM_X0Y1            MMCME4_ADV (Prop_MMCM_CLKIN1_CLKOUT0)
                                                      0.230     0.795 r                       u_ddr_memory/u_ddr_bd/design_1_i/ddr4_0/inst/u_ddr4_infrastructure/gen_mmcme4.u_mmcme_adv_inst/CLKOUT0
                         net (fo=1, routed)           0.146     0.941                         u_ddr_memory/u_ddr_bd/design_1_i/ddr4_0/inst/u_ddr4_infrastructure/mmcm_clkout0
    BUFGCE_X0Y42         BUFGCE (Prop_BUFCE_BUFGCE_I_O)
                                                      0.017     0.958 r                       u_ddr_memory/u_ddr_bd/design_1_i/ddr4_0/inst/u_ddr4_infrastructure/u_bufg_divClk/O
    X4Y3 (CLOCK_ROOT)    net (fo=124013, routed)      2.014     2.972                         u_camera_hdmi/u_camera_subsystem/g_camera_frontend[1].u_camera/ddr4_ui_clk
    SLR Crossing[0->3]   
    BITSLICE_RX_TX_X0Y677
                         FDRE                                         r                       u_camera_hdmi/u_camera_subsystem/g_camera_frontend[1].u_camera/dvp_data_iob_reg[6]/C
  -------------------------------------------------------------------    ----------------------------------------
    BITSLICE_RX_TX_X0Y677
                         FDRE (Prop_IN_FF_BITSLICE_COMPONENT_RX_TX_C_Q)
                                                      0.148     3.120 r                       u_camera_hdmi/u_camera_subsystem/g_camera_frontend[1].u_camera/dvp_data_iob_reg[6]/Q
                         net (fo=1, routed)           0.617     3.737                         u_camera_hdmi/u_camera_subsystem/g_camera_frontend[1].u_camera/dvp_data_iob[6]
    SLICE_X112Y720       FDRE                                         r  pblock_dvp_sync_slr3 u_camera_hdmi/u_camera_subsystem/g_camera_frontend[1].u_camera/dvp_data_sync_reg[6]/D
  -------------------------------------------------------------------    ----------------------------------------

                         (clock mmcm_clkout0 rise edge)
                                                      0.000     0.000 r                       
    BA27                                              0.000     0.000 r                       c0_sys_clk_p (IN)
                         net (fo=0)                   0.100     0.100                         u_ddr_memory/u_ddr_bd/design_1_i/ddr4_0/inst/u_ddr4_mem_intfc/u_mig_ddr4_phy/inst/u_ddr4_phy_pll/diff_input_clk.u_ibufg_sys_clk/I
    HPIOBDIFFINBUF_X0Y35 DIFFINBUF (Prop_DIFFINBUF_HPIOBDIFFINBUF_DIFF_IN_P_O)
                                                      0.341     0.441 r                       u_ddr_memory/u_ddr_bd/design_1_i/ddr4_0/inst/u_ddr4_mem_intfc/u_mig_ddr4_phy/inst/u_ddr4_phy_pll/diff_input_clk.u_ibufg_sys_clk/DIFFINBUF_INST/O
                         net (fo=1, routed)           0.050     0.491                         u_ddr_memory/u_ddr_bd/design_1_i/ddr4_0/inst/u_ddr4_mem_intfc/u_mig_ddr4_phy/inst/u_ddr4_phy_pll/diff_input_clk.u_ibufg_sys_clk/OUT
    BA27                 IBUFCTRL (Prop_IBUFCTRL_HPIOB_M_I_O)
                                                      0.000     0.491 r                       u_ddr_memory/u_ddr_bd/design_1_i/ddr4_0/inst/u_ddr4_mem_intfc/u_mig_ddr4_phy/inst/u_ddr4_phy_pll/diff_input_clk.u_ibufg_sys_clk/IBUFCTRL_INST/O
                         net (fo=2, routed)           0.230     0.721                         u_ddr_memory/u_ddr_bd/design_1_i/ddr4_0/inst/u_ddr4_infrastructure/mmcm_clk_in
    MMCM_X0Y1            MMCME4_ADV (Prop_MMCM_CLKIN1_CLKOUT0)
                                                     -0.295     0.426 r                       u_ddr_memory/u_ddr_bd/design_1_i/ddr4_0/inst/u_ddr4_infrastructure/gen_mmcme4.u_mmcme_adv_inst/CLKOUT0
                         net (fo=1, routed)           0.166     0.592                         u_ddr_memory/u_ddr_bd/design_1_i/ddr4_0/inst/u_ddr4_infrastructure/mmcm_clkout0
    BUFGCE_X0Y42         BUFGCE (Prop_BUFCE_BUFGCE_I_O)
                                                      0.019     0.611 r                       u_ddr_memory/u_ddr_bd/design_1_i/ddr4_0/inst/u_ddr4_infrastructure/u_bufg_divClk/O
    X4Y3 (CLOCK_ROOT)    net (fo=124013, routed)      2.271     2.882                         u_camera_hdmi/u_camera_subsystem/g_camera_frontend[1].u_camera/ddr4_ui_clk
    SLR Crossing[0->3]   
    SLICE_X112Y720       FDRE                                         r  pblock_dvp_sync_slr3 u_camera_hdmi/u_camera_subsystem/g_camera_frontend[1].u_camera/dvp_data_sync_reg[6]/C

Slack:                    inf
  Source:                 u_camera_hdmi/u_camera_subsystem/g_camera_frontend[1].u_camera/dvp_data_iob_reg[7]/C
                            (rising edge-triggered cell FDRE clocked by mmcm_clkout0  {rise@0.000ns fall@1.666ns period=3.332ns})
  Destination:            u_camera_hdmi/u_camera_subsystem/g_camera_frontend[1].u_camera/dvp_data_sync_reg[7]/D
                            (rising edge-triggered cell FDRE clocked by mmcm_clkout0  {rise@0.000ns fall@1.666ns period=3.332ns})
  Path Group:             (none)
  Path Type:              Hold (Min at Fast Process Corner)
  Data Path Delay:        0.778ns  (logic 0.117ns (15.039%)  route 0.661ns (84.961%))
  Logic Levels:           0  
  Clock Path Skew:        -0.091ns (DCD - SCD - CPR)
    Destination Clock Delay (DCD):    2.882ns
    Source Clock Delay      (SCD):    2.973ns
    Clock Pessimism Removal (CPR):    -0.000ns
  Clock Uncertainty:      0.052ns  ((TSJ^2 + DJ^2)^1/2) / 2 + PE
    Total System Jitter     (TSJ):    0.071ns
    Discrete Jitter          (DJ):    0.077ns
    Phase Error              (PE):    0.000ns
  Clock Net Delay (Source):      2.015ns (routing 0.490ns, distribution 1.525ns)
  Clock Net Delay (Destination): 2.271ns (routing 0.548ns, distribution 1.723ns)
  Timing Exception:       False Path

    Location             Delay type                Incr(ns)  Path(ns)    PBlock               Netlist Resource(s)
  -------------------------------------------------------------------    ----------------------------------------
                         (clock mmcm_clkout0 rise edge)
                                                      0.000     0.000 r                       
    BA27                                              0.000     0.000 r                       c0_sys_clk_p (IN)
                         net (fo=0)                   0.079     0.079                         u_ddr_memory/u_ddr_bd/design_1_i/ddr4_0/inst/u_ddr4_mem_intfc/u_mig_ddr4_phy/inst/u_ddr4_phy_pll/diff_input_clk.u_ibufg_sys_clk/I
    HPIOBDIFFINBUF_X0Y35 DIFFINBUF (Prop_DIFFINBUF_HPIOBDIFFINBUF_DIFF_IN_P_O)
                                                      0.243     0.322 r                       u_ddr_memory/u_ddr_bd/design_1_i/ddr4_0/inst/u_ddr4_mem_intfc/u_mig_ddr4_phy/inst/u_ddr4_phy_pll/diff_input_clk.u_ibufg_sys_clk/DIFFINBUF_INST/O
                         net (fo=1, routed)           0.040     0.362                         u_ddr_memory/u_ddr_bd/design_1_i/ddr4_0/inst/u_ddr4_mem_intfc/u_mig_ddr4_phy/inst/u_ddr4_phy_pll/diff_input_clk.u_ibufg_sys_clk/OUT
    BA27                 IBUFCTRL (Prop_IBUFCTRL_HPIOB_M_I_O)
                                                      0.000     0.362 r                       u_ddr_memory/u_ddr_bd/design_1_i/ddr4_0/inst/u_ddr4_mem_intfc/u_mig_ddr4_phy/inst/u_ddr4_phy_pll/diff_input_clk.u_ibufg_sys_clk/IBUFCTRL_INST/O
                         net (fo=2, routed)           0.203     0.565                         u_ddr_memory/u_ddr_bd/design_1_i/ddr4_0/inst/u_ddr4_infrastructure/mmcm_clk_in
    MMCM_X0Y1            MMCME4_ADV (Prop_MMCM_CLKIN1_CLKOUT0)
                                                      0.230     0.795 r                       u_ddr_memory/u_ddr_bd/design_1_i/ddr4_0/inst/u_ddr4_infrastructure/gen_mmcme4.u_mmcme_adv_inst/CLKOUT0
                         net (fo=1, routed)           0.146     0.941                         u_ddr_memory/u_ddr_bd/design_1_i/ddr4_0/inst/u_ddr4_infrastructure/mmcm_clkout0
    BUFGCE_X0Y42         BUFGCE (Prop_BUFCE_BUFGCE_I_O)
                                                      0.017     0.958 r                       u_ddr_memory/u_ddr_bd/design_1_i/ddr4_0/inst/u_ddr4_infrastructure/u_bufg_divClk/O
    X4Y3 (CLOCK_ROOT)    net (fo=124013, routed)      2.015     2.973                         u_camera_hdmi/u_camera_subsystem/g_camera_frontend[1].u_camera/ddr4_ui_clk
    SLR Crossing[0->3]   
    BITSLICE_RX_TX_X0Y676
                         FDRE                                         r                       u_camera_hdmi/u_camera_subsystem/g_camera_frontend[1].u_camera/dvp_data_iob_reg[7]/C
  -------------------------------------------------------------------    ----------------------------------------
    BITSLICE_RX_TX_X0Y676
                         FDRE (Prop_IN_FF_BITSLICE_COMPONENT_RX_TX_C_Q)
                                                      0.117     3.090 r                       u_camera_hdmi/u_camera_subsystem/g_camera_frontend[1].u_camera/dvp_data_iob_reg[7]/Q
                         net (fo=1, routed)           0.661     3.751                         u_camera_hdmi/u_camera_subsystem/g_camera_frontend[1].u_camera/dvp_data_iob[7]
    SLICE_X112Y720       FDRE                                         r  pblock_dvp_sync_slr3 u_camera_hdmi/u_camera_subsystem/g_camera_frontend[1].u_camera/dvp_data_sync_reg[7]/D
  -------------------------------------------------------------------    ----------------------------------------

                         (clock mmcm_clkout0 rise edge)
                                                      0.000     0.000 r                       
    BA27                                              0.000     0.000 r                       c0_sys_clk_p (IN)
                         net (fo=0)                   0.100     0.100                         u_ddr_memory/u_ddr_bd/design_1_i/ddr4_0/inst/u_ddr4_mem_intfc/u_mig_ddr4_phy/inst/u_ddr4_phy_pll/diff_input_clk.u_ibufg_sys_clk/I
    HPIOBDIFFINBUF_X0Y35 DIFFINBUF (Prop_DIFFINBUF_HPIOBDIFFINBUF_DIFF_IN_P_O)
                                                      0.341     0.441 r                       u_ddr_memory/u_ddr_bd/design_1_i/ddr4_0/inst/u_ddr4_mem_intfc/u_mig_ddr4_phy/inst/u_ddr4_phy_pll/diff_input_clk.u_ibufg_sys_clk/DIFFINBUF_INST/O
                         net (fo=1, routed)           0.050     0.491                         u_ddr_memory/u_ddr_bd/design_1_i/ddr4_0/inst/u_ddr4_mem_intfc/u_mig_ddr4_phy/inst/u_ddr4_phy_pll/diff_input_clk.u_ibufg_sys_clk/OUT
    BA27                 IBUFCTRL (Prop_IBUFCTRL_HPIOB_M_I_O)
                                                      0.000     0.491 r                       u_ddr_memory/u_ddr_bd/design_1_i/ddr4_0/inst/u_ddr4_mem_intfc/u_mig_ddr4_phy/inst/u_ddr4_phy_pll/diff_input_clk.u_ibufg_sys_clk/IBUFCTRL_INST/O
                         net (fo=2, routed)           0.230     0.721                         u_ddr_memory/u_ddr_bd/design_1_i/ddr4_0/inst/u_ddr4_infrastructure/mmcm_clk_in
    MMCM_X0Y1            MMCME4_ADV (Prop_MMCM_CLKIN1_CLKOUT0)
                                                     -0.295     0.426 r                       u_ddr_memory/u_ddr_bd/design_1_i/ddr4_0/inst/u_ddr4_infrastructure/gen_mmcme4.u_mmcme_adv_inst/CLKOUT0
                         net (fo=1, routed)           0.166     0.592                         u_ddr_memory/u_ddr_bd/design_1_i/ddr4_0/inst/u_ddr4_infrastructure/mmcm_clkout0
    BUFGCE_X0Y42         BUFGCE (Prop_BUFCE_BUFGCE_I_O)
                                                      0.019     0.611 r                       u_ddr_memory/u_ddr_bd/design_1_i/ddr4_0/inst/u_ddr4_infrastructure/u_bufg_divClk/O
    X4Y3 (CLOCK_ROOT)    net (fo=124013, routed)      2.271     2.882                         u_camera_hdmi/u_camera_subsystem/g_camera_frontend[1].u_camera/ddr4_ui_clk
    SLR Crossing[0->3]   
    SLICE_X112Y720       FDRE                                         r  pblock_dvp_sync_slr3 u_camera_hdmi/u_camera_subsystem/g_camera_frontend[1].u_camera/dvp_data_sync_reg[7]/C

Slack:                    inf
  Source:                 u_camera_hdmi/u_camera_subsystem/g_camera_frontend[0].u_camera/dvp_data_iob_reg[5]/C
                            (rising edge-triggered cell FDRE clocked by mmcm_clkout0  {rise@0.000ns fall@1.666ns period=3.332ns})
  Destination:            u_camera_hdmi/u_camera_subsystem/g_camera_frontend[0].u_camera/dvp_data_sync_reg[5]/D
                            (rising edge-triggered cell FDRE clocked by mmcm_clkout0  {rise@0.000ns fall@1.666ns period=3.332ns})
  Path Group:             (none)
  Path Type:              Hold (Min at Fast Process Corner)
  Data Path Delay:        0.818ns  (logic 0.117ns (14.303%)  route 0.701ns (85.697%))
  Logic Levels:           0  
  Clock Path Skew:        -0.021ns (DCD - SCD - CPR)
    Destination Clock Delay (DCD):    2.952ns
    Source Clock Delay      (SCD):    2.973ns
    Clock Pessimism Removal (CPR):    -0.000ns
  Clock Uncertainty:      0.052ns  ((TSJ^2 + DJ^2)^1/2) / 2 + PE
    Total System Jitter     (TSJ):    0.071ns
    Discrete Jitter          (DJ):    0.077ns
    Phase Error              (PE):    0.000ns
  Clock Net Delay (Source):      2.015ns (routing 0.490ns, distribution 1.525ns)
  Clock Net Delay (Destination): 2.341ns (routing 0.548ns, distribution 1.793ns)
  Timing Exception:       False Path

    Location             Delay type                Incr(ns)  Path(ns)    PBlock               Netlist Resource(s)
  -------------------------------------------------------------------    ----------------------------------------
                         (clock mmcm_clkout0 rise edge)
                                                      0.000     0.000 r                       
    BA27                                              0.000     0.000 r                       c0_sys_clk_p (IN)
                         net (fo=0)                   0.079     0.079                         u_ddr_memory/u_ddr_bd/design_1_i/ddr4_0/inst/u_ddr4_mem_intfc/u_mig_ddr4_phy/inst/u_ddr4_phy_pll/diff_input_clk.u_ibufg_sys_clk/I
    HPIOBDIFFINBUF_X0Y35 DIFFINBUF (Prop_DIFFINBUF_HPIOBDIFFINBUF_DIFF_IN_P_O)
                                                      0.243     0.322 r                       u_ddr_memory/u_ddr_bd/design_1_i/ddr4_0/inst/u_ddr4_mem_intfc/u_mig_ddr4_phy/inst/u_ddr4_phy_pll/diff_input_clk.u_ibufg_sys_clk/DIFFINBUF_INST/O
                         net (fo=1, routed)           0.040     0.362                         u_ddr_memory/u_ddr_bd/design_1_i/ddr4_0/inst/u_ddr4_mem_intfc/u_mig_ddr4_phy/inst/u_ddr4_phy_pll/diff_input_clk.u_ibufg_sys_clk/OUT
    BA27                 IBUFCTRL (Prop_IBUFCTRL_HPIOB_M_I_O)
                                                      0.000     0.362 r                       u_ddr_memory/u_ddr_bd/design_1_i/ddr4_0/inst/u_ddr4_mem_intfc/u_mig_ddr4_phy/inst/u_ddr4_phy_pll/diff_input_clk.u_ibufg_sys_clk/IBUFCTRL_INST/O
                         net (fo=2, routed)           0.203     0.565                         u_ddr_memory/u_ddr_bd/design_1_i/ddr4_0/inst/u_ddr4_infrastructure/mmcm_clk_in
    MMCM_X0Y1            MMCME4_ADV (Prop_MMCM_CLKIN1_CLKOUT0)
                                                      0.230     0.795 r                       u_ddr_memory/u_ddr_bd/design_1_i/ddr4_0/inst/u_ddr4_infrastructure/gen_mmcme4.u_mmcme_adv_inst/CLKOUT0
                         net (fo=1, routed)           0.146     0.941                         u_ddr_memory/u_ddr_bd/design_1_i/ddr4_0/inst/u_ddr4_infrastructure/mmcm_clkout0
    BUFGCE_X0Y42         BUFGCE (Prop_BUFCE_BUFGCE_I_O)
                                                      0.017     0.958 r                       u_ddr_memory/u_ddr_bd/design_1_i/ddr4_0/inst/u_ddr4_infrastructure/u_bufg_divClk/O
    X4Y3 (CLOCK_ROOT)    net (fo=124013, routed)      2.015     2.973                         u_camera_hdmi/u_camera_subsystem/g_camera_frontend[0].u_camera/ddr4_ui_clk
    SLR Crossing[0->3]   
    BITSLICE_RX_TX_X0Y689
                         FDRE                                         r                       u_camera_hdmi/u_camera_subsystem/g_camera_frontend[0].u_camera/dvp_data_iob_reg[5]/C
  -------------------------------------------------------------------    ----------------------------------------
    BITSLICE_RX_TX_X0Y689
                         FDRE (Prop_IN_FF_BITSLICE_COMPONENT_RX_TX_C_Q)
                                                      0.117     3.090 r                       u_camera_hdmi/u_camera_subsystem/g_camera_frontend[0].u_camera/dvp_data_iob_reg[5]/Q
                         net (fo=1, routed)           0.701     3.791                         u_camera_hdmi/u_camera_subsystem/g_camera_frontend[0].u_camera/dvp_data_iob[5]
    SLR Crossing[3->2]   
    SLICE_X110Y712       FDRE                                         r  pblock_dvp_sync_slr3 u_camera_hdmi/u_camera_subsystem/g_camera_frontend[0].u_camera/dvp_data_sync_reg[5]/D
  -------------------------------------------------------------------    ----------------------------------------

                         (clock mmcm_clkout0 rise edge)
                                                      0.000     0.000 r                       
    BA27                                              0.000     0.000 r                       c0_sys_clk_p (IN)
                         net (fo=0)                   0.100     0.100                         u_ddr_memory/u_ddr_bd/design_1_i/ddr4_0/inst/u_ddr4_mem_intfc/u_mig_ddr4_phy/inst/u_ddr4_phy_pll/diff_input_clk.u_ibufg_sys_clk/I
    HPIOBDIFFINBUF_X0Y35 DIFFINBUF (Prop_DIFFINBUF_HPIOBDIFFINBUF_DIFF_IN_P_O)
                                                      0.341     0.441 r                       u_ddr_memory/u_ddr_bd/design_1_i/ddr4_0/inst/u_ddr4_mem_intfc/u_mig_ddr4_phy/inst/u_ddr4_phy_pll/diff_input_clk.u_ibufg_sys_clk/DIFFINBUF_INST/O
                         net (fo=1, routed)           0.050     0.491                         u_ddr_memory/u_ddr_bd/design_1_i/ddr4_0/inst/u_ddr4_mem_intfc/u_mig_ddr4_phy/inst/u_ddr4_phy_pll/diff_input_clk.u_ibufg_sys_clk/OUT
    BA27                 IBUFCTRL (Prop_IBUFCTRL_HPIOB_M_I_O)
                                                      0.000     0.491 r                       u_ddr_memory/u_ddr_bd/design_1_i/ddr4_0/inst/u_ddr4_mem_intfc/u_mig_ddr4_phy/inst/u_ddr4_phy_pll/diff_input_clk.u_ibufg_sys_clk/IBUFCTRL_INST/O
                         net (fo=2, routed)           0.230     0.721                         u_ddr_memory/u_ddr_bd/design_1_i/ddr4_0/inst/u_ddr4_infrastructure/mmcm_clk_in
    MMCM_X0Y1            MMCME4_ADV (Prop_MMCM_CLKIN1_CLKOUT0)
                                                     -0.295     0.426 r                       u_ddr_memory/u_ddr_bd/design_1_i/ddr4_0/inst/u_ddr4_infrastructure/gen_mmcme4.u_mmcme_adv_inst/CLKOUT0
                         net (fo=1, routed)           0.166     0.592                         u_ddr_memory/u_ddr_bd/design_1_i/ddr4_0/inst/u_ddr4_infrastructure/mmcm_clkout0
    BUFGCE_X0Y42         BUFGCE (Prop_BUFCE_BUFGCE_I_O)
                                                      0.019     0.611 r                       u_ddr_memory/u_ddr_bd/design_1_i/ddr4_0/inst/u_ddr4_infrastructure/u_bufg_divClk/O
    X4Y3 (CLOCK_ROOT)    net (fo=124013, routed)      2.341     2.952                         u_camera_hdmi/u_camera_subsystem/g_camera_frontend[0].u_camera/ddr4_ui_clk
    SLR Crossing[0->2]   
    SLICE_X110Y712       FDRE                                         r  pblock_dvp_sync_slr3 u_camera_hdmi/u_camera_subsystem/g_camera_frontend[0].u_camera/dvp_data_sync_reg[5]/C

Slack:                    inf
  Source:                 u_camera_hdmi/u_camera_subsystem/g_camera_frontend[1].u_camera/dvp_vsync_iob_reg/C
                            (rising edge-triggered cell FDRE clocked by mmcm_clkout0  {rise@0.000ns fall@1.666ns period=3.332ns})
  Destination:            u_camera_hdmi/u_camera_subsystem/g_camera_frontend[1].u_camera/dvp_vsync_sync_reg/D
                            (rising edge-triggered cell FDRE clocked by mmcm_clkout0  {rise@0.000ns fall@1.666ns period=3.332ns})
  Path Group:             (none)
  Path Type:              Hold (Min at Fast Process Corner)
  Data Path Delay:        0.820ns  (logic 0.124ns (15.122%)  route 0.696ns (84.878%))
  Logic Levels:           0  
  Clock Path Skew:        -0.099ns (DCD - SCD - CPR)
    Destination Clock Delay (DCD):    2.873ns
    Source Clock Delay      (SCD):    2.972ns
    Clock Pessimism Removal (CPR):    -0.000ns
  Clock Uncertainty:      0.052ns  ((TSJ^2 + DJ^2)^1/2) / 2 + PE
    Total System Jitter     (TSJ):    0.071ns
    Discrete Jitter          (DJ):    0.077ns
    Phase Error              (PE):    0.000ns
  Clock Net Delay (Source):      2.014ns (routing 0.490ns, distribution 1.524ns)
  Clock Net Delay (Destination): 2.262ns (routing 0.548ns, distribution 1.714ns)
  Timing Exception:       False Path

    Location             Delay type                Incr(ns)  Path(ns)    PBlock               Netlist Resource(s)
  -------------------------------------------------------------------    ----------------------------------------
                         (clock mmcm_clkout0 rise edge)
                                                      0.000     0.000 r                       
    BA27                                              0.000     0.000 r                       c0_sys_clk_p (IN)
                         net (fo=0)                   0.079     0.079                         u_ddr_memory/u_ddr_bd/design_1_i/ddr4_0/inst/u_ddr4_mem_intfc/u_mig_ddr4_phy/inst/u_ddr4_phy_pll/diff_input_clk.u_ibufg_sys_clk/I
    HPIOBDIFFINBUF_X0Y35 DIFFINBUF (Prop_DIFFINBUF_HPIOBDIFFINBUF_DIFF_IN_P_O)
                                                      0.243     0.322 r                       u_ddr_memory/u_ddr_bd/design_1_i/ddr4_0/inst/u_ddr4_mem_intfc/u_mig_ddr4_phy/inst/u_ddr4_phy_pll/diff_input_clk.u_ibufg_sys_clk/DIFFINBUF_INST/O
                         net (fo=1, routed)           0.040     0.362                         u_ddr_memory/u_ddr_bd/design_1_i/ddr4_0/inst/u_ddr4_mem_intfc/u_mig_ddr4_phy/inst/u_ddr4_phy_pll/diff_input_clk.u_ibufg_sys_clk/OUT
    BA27                 IBUFCTRL (Prop_IBUFCTRL_HPIOB_M_I_O)
                                                      0.000     0.362 r                       u_ddr_memory/u_ddr_bd/design_1_i/ddr4_0/inst/u_ddr4_mem_intfc/u_mig_ddr4_phy/inst/u_ddr4_phy_pll/diff_input_clk.u_ibufg_sys_clk/IBUFCTRL_INST/O
                         net (fo=2, routed)           0.203     0.565                         u_ddr_memory/u_ddr_bd/design_1_i/ddr4_0/inst/u_ddr4_infrastructure/mmcm_clk_in
    MMCM_X0Y1            MMCME4_ADV (Prop_MMCM_CLKIN1_CLKOUT0)
                                                      0.230     0.795 r                       u_ddr_memory/u_ddr_bd/design_1_i/ddr4_0/inst/u_ddr4_infrastructure/gen_mmcme4.u_mmcme_adv_inst/CLKOUT0
                         net (fo=1, routed)           0.146     0.941                         u_ddr_memory/u_ddr_bd/design_1_i/ddr4_0/inst/u_ddr4_infrastructure/mmcm_clkout0
    BUFGCE_X0Y42         BUFGCE (Prop_BUFCE_BUFGCE_I_O)
                                                      0.017     0.958 r                       u_ddr_memory/u_ddr_bd/design_1_i/ddr4_0/inst/u_ddr4_infrastructure/u_bufg_divClk/O
    X4Y3 (CLOCK_ROOT)    net (fo=124013, routed)      2.014     2.972                         u_camera_hdmi/u_camera_subsystem/g_camera_frontend[1].u_camera/ddr4_ui_clk
    SLR Crossing[0->3]   
    BITSLICE_RX_TX_X0Y682
                         FDRE                                         r                       u_camera_hdmi/u_camera_subsystem/g_camera_frontend[1].u_camera/dvp_vsync_iob_reg/C
  -------------------------------------------------------------------    ----------------------------------------
    BITSLICE_RX_TX_X0Y682
                         FDRE (Prop_IN_FF_BITSLICE_COMPONENT_RX_TX_C_Q)
                                                      0.124     3.096 r                       u_camera_hdmi/u_camera_subsystem/g_camera_frontend[1].u_camera/dvp_vsync_iob_reg/Q
                         net (fo=1, routed)           0.696     3.792                         u_camera_hdmi/u_camera_subsystem/g_camera_frontend[1].u_camera/dvp_vsync_iob
    SLICE_X112Y725       FDRE                                         r  pblock_dvp_sync_slr3 u_camera_hdmi/u_camera_subsystem/g_camera_frontend[1].u_camera/dvp_vsync_sync_reg/D
  -------------------------------------------------------------------    ----------------------------------------

                         (clock mmcm_clkout0 rise edge)
                                                      0.000     0.000 r                       
    BA27                                              0.000     0.000 r                       c0_sys_clk_p (IN)
                         net (fo=0)                   0.100     0.100                         u_ddr_memory/u_ddr_bd/design_1_i/ddr4_0/inst/u_ddr4_mem_intfc/u_mig_ddr4_phy/inst/u_ddr4_phy_pll/diff_input_clk.u_ibufg_sys_clk/I
    HPIOBDIFFINBUF_X0Y35 DIFFINBUF (Prop_DIFFINBUF_HPIOBDIFFINBUF_DIFF_IN_P_O)
                                                      0.341     0.441 r                       u_ddr_memory/u_ddr_bd/design_1_i/ddr4_0/inst/u_ddr4_mem_intfc/u_mig_ddr4_phy/inst/u_ddr4_phy_pll/diff_input_clk.u_ibufg_sys_clk/DIFFINBUF_INST/O
                         net (fo=1, routed)           0.050     0.491                         u_ddr_memory/u_ddr_bd/design_1_i/ddr4_0/inst/u_ddr4_mem_intfc/u_mig_ddr4_phy/inst/u_ddr4_phy_pll/diff_input_clk.u_ibufg_sys_clk/OUT
    BA27                 IBUFCTRL (Prop_IBUFCTRL_HPIOB_M_I_O)
                                                      0.000     0.491 r                       u_ddr_memory/u_ddr_bd/design_1_i/ddr4_0/inst/u_ddr4_mem_intfc/u_mig_ddr4_phy/inst/u_ddr4_phy_pll/diff_input_clk.u_ibufg_sys_clk/IBUFCTRL_INST/O
                         net (fo=2, routed)           0.230     0.721                         u_ddr_memory/u_ddr_bd/design_1_i/ddr4_0/inst/u_ddr4_infrastructure/mmcm_clk_in
    MMCM_X0Y1            MMCME4_ADV (Prop_MMCM_CLKIN1_CLKOUT0)
                                                     -0.295     0.426 r                       u_ddr_memory/u_ddr_bd/design_1_i/ddr4_0/inst/u_ddr4_infrastructure/gen_mmcme4.u_mmcme_adv_inst/CLKOUT0
                         net (fo=1, routed)           0.166     0.592                         u_ddr_memory/u_ddr_bd/design_1_i/ddr4_0/inst/u_ddr4_infrastructure/mmcm_clkout0
    BUFGCE_X0Y42         BUFGCE (Prop_BUFCE_BUFGCE_I_O)
                                                      0.019     0.611 r                       u_ddr_memory/u_ddr_bd/design_1_i/ddr4_0/inst/u_ddr4_infrastructure/u_bufg_divClk/O
    X4Y3 (CLOCK_ROOT)    net (fo=124013, routed)      2.262     2.873                         u_camera_hdmi/u_camera_subsystem/g_camera_frontend[1].u_camera/ddr4_ui_clk
    SLR Crossing[0->3]   
    SLICE_X112Y725       FDRE                                         r  pblock_dvp_sync_slr3 u_camera_hdmi/u_camera_subsystem/g_camera_frontend[1].u_camera/dvp_vsync_sync_reg/C

Slack:                    inf
  Source:                 u_camera_hdmi/u_camera_subsystem/g_camera_frontend[0].u_camera/dvp_data_iob_reg[3]/C
                            (rising edge-triggered cell FDRE clocked by mmcm_clkout0  {rise@0.000ns fall@1.666ns period=3.332ns})
  Destination:            u_camera_hdmi/u_camera_subsystem/g_camera_frontend[0].u_camera/dvp_data_sync_reg[3]/D
                            (rising edge-triggered cell FDRE clocked by mmcm_clkout0  {rise@0.000ns fall@1.666ns period=3.332ns})
  Path Group:             (none)
  Path Type:              Hold (Min at Fast Process Corner)
  Data Path Delay:        0.841ns  (logic 0.179ns (21.284%)  route 0.662ns (78.716%))
  Logic Levels:           0  
  Clock Path Skew:        -0.042ns (DCD - SCD - CPR)
    Destination Clock Delay (DCD):    2.936ns
    Source Clock Delay      (SCD):    2.978ns
    Clock Pessimism Removal (CPR):    -0.000ns
  Clock Uncertainty:      0.052ns  ((TSJ^2 + DJ^2)^1/2) / 2 + PE
    Total System Jitter     (TSJ):    0.071ns
    Discrete Jitter          (DJ):    0.077ns
    Phase Error              (PE):    0.000ns
  Clock Net Delay (Source):      2.020ns (routing 0.490ns, distribution 1.530ns)
  Clock Net Delay (Destination): 2.325ns (routing 0.548ns, distribution 1.777ns)
  Timing Exception:       False Path

    Location             Delay type                Incr(ns)  Path(ns)    PBlock               Netlist Resource(s)
  -------------------------------------------------------------------    ----------------------------------------
                         (clock mmcm_clkout0 rise edge)
                                                      0.000     0.000 r                       
    BA27                                              0.000     0.000 r                       c0_sys_clk_p (IN)
                         net (fo=0)                   0.079     0.079                         u_ddr_memory/u_ddr_bd/design_1_i/ddr4_0/inst/u_ddr4_mem_intfc/u_mig_ddr4_phy/inst/u_ddr4_phy_pll/diff_input_clk.u_ibufg_sys_clk/I
    HPIOBDIFFINBUF_X0Y35 DIFFINBUF (Prop_DIFFINBUF_HPIOBDIFFINBUF_DIFF_IN_P_O)
                                                      0.243     0.322 r                       u_ddr_memory/u_ddr_bd/design_1_i/ddr4_0/inst/u_ddr4_mem_intfc/u_mig_ddr4_phy/inst/u_ddr4_phy_pll/diff_input_clk.u_ibufg_sys_clk/DIFFINBUF_INST/O
                         net (fo=1, routed)           0.040     0.362                         u_ddr_memory/u_ddr_bd/design_1_i/ddr4_0/inst/u_ddr4_mem_intfc/u_mig_ddr4_phy/inst/u_ddr4_phy_pll/diff_input_clk.u_ibufg_sys_clk/OUT
    BA27                 IBUFCTRL (Prop_IBUFCTRL_HPIOB_M_I_O)
                                                      0.000     0.362 r                       u_ddr_memory/u_ddr_bd/design_1_i/ddr4_0/inst/u_ddr4_mem_intfc/u_mig_ddr4_phy/inst/u_ddr4_phy_pll/diff_input_clk.u_ibufg_sys_clk/IBUFCTRL_INST/O
                         net (fo=2, routed)           0.203     0.565                         u_ddr_memory/u_ddr_bd/design_1_i/ddr4_0/inst/u_ddr4_infrastructure/mmcm_clk_in
    MMCM_X0Y1            MMCME4_ADV (Prop_MMCM_CLKIN1_CLKOUT0)
                                                      0.230     0.795 r                       u_ddr_memory/u_ddr_bd/design_1_i/ddr4_0/inst/u_ddr4_infrastructure/gen_mmcme4.u_mmcme_adv_inst/CLKOUT0
                         net (fo=1, routed)           0.146     0.941                         u_ddr_memory/u_ddr_bd/design_1_i/ddr4_0/inst/u_ddr4_infrastructure/mmcm_clkout0
    BUFGCE_X0Y42         BUFGCE (Prop_BUFCE_BUFGCE_I_O)
                                                      0.017     0.958 r                       u_ddr_memory/u_ddr_bd/design_1_i/ddr4_0/inst/u_ddr4_infrastructure/u_bufg_divClk/O
    X4Y3 (CLOCK_ROOT)    net (fo=124013, routed)      2.020     2.978                         u_camera_hdmi/u_camera_subsystem/g_camera_frontend[0].u_camera/ddr4_ui_clk
    SLR Crossing[0->3]   
    BITSLICE_RX_TX_X0Y691
                         FDRE                                         r                       u_camera_hdmi/u_camera_subsystem/g_camera_frontend[0].u_camera/dvp_data_iob_reg[3]/C
  -------------------------------------------------------------------    ----------------------------------------
    BITSLICE_RX_TX_X0Y691
                         FDRE (Prop_IN_FF_BITSLICE_COMPONENT_RX_TX_C_Q)
                                                      0.179     3.157 r                       u_camera_hdmi/u_camera_subsystem/g_camera_frontend[0].u_camera/dvp_data_iob_reg[3]/Q
                         net (fo=1, routed)           0.662     3.819                         u_camera_hdmi/u_camera_subsystem/g_camera_frontend[0].u_camera/dvp_data_iob[3]
    SLICE_X113Y720       FDRE                                         r  pblock_dvp_sync_slr3 u_camera_hdmi/u_camera_subsystem/g_camera_frontend[0].u_camera/dvp_data_sync_reg[3]/D
  -------------------------------------------------------------------    ----------------------------------------

                         (clock mmcm_clkout0 rise edge)
                                                      0.000     0.000 r                       
    BA27                                              0.000     0.000 r                       c0_sys_clk_p (IN)
                         net (fo=0)                   0.100     0.100                         u_ddr_memory/u_ddr_bd/design_1_i/ddr4_0/inst/u_ddr4_mem_intfc/u_mig_ddr4_phy/inst/u_ddr4_phy_pll/diff_input_clk.u_ibufg_sys_clk/I
    HPIOBDIFFINBUF_X0Y35 DIFFINBUF (Prop_DIFFINBUF_HPIOBDIFFINBUF_DIFF_IN_P_O)
                                                      0.341     0.441 r                       u_ddr_memory/u_ddr_bd/design_1_i/ddr4_0/inst/u_ddr4_mem_intfc/u_mig_ddr4_phy/inst/u_ddr4_phy_pll/diff_input_clk.u_ibufg_sys_clk/DIFFINBUF_INST/O
                         net (fo=1, routed)           0.050     0.491                         u_ddr_memory/u_ddr_bd/design_1_i/ddr4_0/inst/u_ddr4_mem_intfc/u_mig_ddr4_phy/inst/u_ddr4_phy_pll/diff_input_clk.u_ibufg_sys_clk/OUT
    BA27                 IBUFCTRL (Prop_IBUFCTRL_HPIOB_M_I_O)
                                                      0.000     0.491 r                       u_ddr_memory/u_ddr_bd/design_1_i/ddr4_0/inst/u_ddr4_mem_intfc/u_mig_ddr4_phy/inst/u_ddr4_phy_pll/diff_input_clk.u_ibufg_sys_clk/IBUFCTRL_INST/O
                         net (fo=2, routed)           0.230     0.721                         u_ddr_memory/u_ddr_bd/design_1_i/ddr4_0/inst/u_ddr4_infrastructure/mmcm_clk_in
    MMCM_X0Y1            MMCME4_ADV (Prop_MMCM_CLKIN1_CLKOUT0)
                                                     -0.295     0.426 r                       u_ddr_memory/u_ddr_bd/design_1_i/ddr4_0/inst/u_ddr4_infrastructure/gen_mmcme4.u_mmcme_adv_inst/CLKOUT0
                         net (fo=1, routed)           0.166     0.592                         u_ddr_memory/u_ddr_bd/design_1_i/ddr4_0/inst/u_ddr4_infrastructure/mmcm_clkout0
    BUFGCE_X0Y42         BUFGCE (Prop_BUFCE_BUFGCE_I_O)
                                                      0.019     0.611 r                       u_ddr_memory/u_ddr_bd/design_1_i/ddr4_0/inst/u_ddr4_infrastructure/u_bufg_divClk/O
    X4Y3 (CLOCK_ROOT)    net (fo=124013, routed)      2.325     2.936                         u_camera_hdmi/u_camera_subsystem/g_camera_frontend[0].u_camera/ddr4_ui_clk
    SLR Crossing[0->3]   
    SLICE_X113Y720       FDRE                                         r  pblock_dvp_sync_slr3 u_camera_hdmi/u_camera_subsystem/g_camera_frontend[0].u_camera/dvp_data_sync_reg[3]/C

Slack:                    inf
  Source:                 u_camera_hdmi/u_camera_subsystem/g_camera_frontend[0].u_camera/dvp_data_iob_reg[7]/C
                            (rising edge-triggered cell FDRE clocked by mmcm_clkout0  {rise@0.000ns fall@1.666ns period=3.332ns})
  Destination:            u_camera_hdmi/u_camera_subsystem/g_camera_frontend[0].u_camera/dvp_data_sync_reg[7]/D
                            (rising edge-triggered cell FDRE clocked by mmcm_clkout0  {rise@0.000ns fall@1.666ns period=3.332ns})
  Path Group:             (none)
  Path Type:              Hold (Min at Fast Process Corner)
  Data Path Delay:        0.851ns  (logic 0.179ns (21.034%)  route 0.672ns (78.966%))
  Logic Levels:           0  
  Clock Path Skew:        -0.021ns (DCD - SCD - CPR)
    Destination Clock Delay (DCD):    2.957ns
    Source Clock Delay      (SCD):    2.978ns
    Clock Pessimism Removal (CPR):    -0.000ns
  Clock Uncertainty:      0.052ns  ((TSJ^2 + DJ^2)^1/2) / 2 + PE
    Total System Jitter     (TSJ):    0.071ns
    Discrete Jitter          (DJ):    0.077ns
    Phase Error              (PE):    0.000ns
  Clock Net Delay (Source):      2.020ns (routing 0.490ns, distribution 1.530ns)
  Clock Net Delay (Destination): 2.346ns (routing 0.548ns, distribution 1.798ns)
  Timing Exception:       False Path

    Location             Delay type                Incr(ns)  Path(ns)    PBlock               Netlist Resource(s)
  -------------------------------------------------------------------    ----------------------------------------
                         (clock mmcm_clkout0 rise edge)
                                                      0.000     0.000 r                       
    BA27                                              0.000     0.000 r                       c0_sys_clk_p (IN)
                         net (fo=0)                   0.079     0.079                         u_ddr_memory/u_ddr_bd/design_1_i/ddr4_0/inst/u_ddr4_mem_intfc/u_mig_ddr4_phy/inst/u_ddr4_phy_pll/diff_input_clk.u_ibufg_sys_clk/I
    HPIOBDIFFINBUF_X0Y35 DIFFINBUF (Prop_DIFFINBUF_HPIOBDIFFINBUF_DIFF_IN_P_O)
                                                      0.243     0.322 r                       u_ddr_memory/u_ddr_bd/design_1_i/ddr4_0/inst/u_ddr4_mem_intfc/u_mig_ddr4_phy/inst/u_ddr4_phy_pll/diff_input_clk.u_ibufg_sys_clk/DIFFINBUF_INST/O
                         net (fo=1, routed)           0.040     0.362                         u_ddr_memory/u_ddr_bd/design_1_i/ddr4_0/inst/u_ddr4_mem_intfc/u_mig_ddr4_phy/inst/u_ddr4_phy_pll/diff_input_clk.u_ibufg_sys_clk/OUT
    BA27                 IBUFCTRL (Prop_IBUFCTRL_HPIOB_M_I_O)
                                                      0.000     0.362 r                       u_ddr_memory/u_ddr_bd/design_1_i/ddr4_0/inst/u_ddr4_mem_intfc/u_mig_ddr4_phy/inst/u_ddr4_phy_pll/diff_input_clk.u_ibufg_sys_clk/IBUFCTRL_INST/O
                         net (fo=2, routed)           0.203     0.565                         u_ddr_memory/u_ddr_bd/design_1_i/ddr4_0/inst/u_ddr4_infrastructure/mmcm_clk_in
    MMCM_X0Y1            MMCME4_ADV (Prop_MMCM_CLKIN1_CLKOUT0)
                                                      0.230     0.795 r                       u_ddr_memory/u_ddr_bd/design_1_i/ddr4_0/inst/u_ddr4_infrastructure/gen_mmcme4.u_mmcme_adv_inst/CLKOUT0
                         net (fo=1, routed)           0.146     0.941                         u_ddr_memory/u_ddr_bd/design_1_i/ddr4_0/inst/u_ddr4_infrastructure/mmcm_clkout0
    BUFGCE_X0Y42         BUFGCE (Prop_BUFCE_BUFGCE_I_O)
                                                      0.017     0.958 r                       u_ddr_memory/u_ddr_bd/design_1_i/ddr4_0/inst/u_ddr4_infrastructure/u_bufg_divClk/O
    X4Y3 (CLOCK_ROOT)    net (fo=124013, routed)      2.020     2.978                         u_camera_hdmi/u_camera_subsystem/g_camera_frontend[0].u_camera/ddr4_ui_clk
    SLR Crossing[0->3]   
    BITSLICE_RX_TX_X0Y678
                         FDRE                                         r                       u_camera_hdmi/u_camera_subsystem/g_camera_frontend[0].u_camera/dvp_data_iob_reg[7]/C
  -------------------------------------------------------------------    ----------------------------------------
    BITSLICE_RX_TX_X0Y678
                         FDRE (Prop_IN_FF_BITSLICE_COMPONENT_RX_TX_C_Q)
                                                      0.179     3.157 r                       u_camera_hdmi/u_camera_subsystem/g_camera_frontend[0].u_camera/dvp_data_iob_reg[7]/Q
                         net (fo=1, routed)           0.672     3.829                         u_camera_hdmi/u_camera_subsystem/g_camera_frontend[0].u_camera/dvp_data_iob[7]
    SLR Crossing[3->2]   
    SLICE_X110Y719       FDRE                                         r  pblock_dvp_sync_slr3 u_camera_hdmi/u_camera_subsystem/g_camera_frontend[0].u_camera/dvp_data_sync_reg[7]/D
  -------------------------------------------------------------------    ----------------------------------------

                         (clock mmcm_clkout0 rise edge)
                                                      0.000     0.000 r                       
    BA27                                              0.000     0.000 r                       c0_sys_clk_p (IN)
                         net (fo=0)                   0.100     0.100                         u_ddr_memory/u_ddr_bd/design_1_i/ddr4_0/inst/u_ddr4_mem_intfc/u_mig_ddr4_phy/inst/u_ddr4_phy_pll/diff_input_clk.u_ibufg_sys_clk/I
    HPIOBDIFFINBUF_X0Y35 DIFFINBUF (Prop_DIFFINBUF_HPIOBDIFFINBUF_DIFF_IN_P_O)
                                                      0.341     0.441 r                       u_ddr_memory/u_ddr_bd/design_1_i/ddr4_0/inst/u_ddr4_mem_intfc/u_mig_ddr4_phy/inst/u_ddr4_phy_pll/diff_input_clk.u_ibufg_sys_clk/DIFFINBUF_INST/O
                         net (fo=1, routed)           0.050     0.491                         u_ddr_memory/u_ddr_bd/design_1_i/ddr4_0/inst/u_ddr4_mem_intfc/u_mig_ddr4_phy/inst/u_ddr4_phy_pll/diff_input_clk.u_ibufg_sys_clk/OUT
    BA27                 IBUFCTRL (Prop_IBUFCTRL_HPIOB_M_I_O)
                                                      0.000     0.491 r                       u_ddr_memory/u_ddr_bd/design_1_i/ddr4_0/inst/u_ddr4_mem_intfc/u_mig_ddr4_phy/inst/u_ddr4_phy_pll/diff_input_clk.u_ibufg_sys_clk/IBUFCTRL_INST/O
                         net (fo=2, routed)           0.230     0.721                         u_ddr_memory/u_ddr_bd/design_1_i/ddr4_0/inst/u_ddr4_infrastructure/mmcm_clk_in
    MMCM_X0Y1            MMCME4_ADV (Prop_MMCM_CLKIN1_CLKOUT0)
                                                     -0.295     0.426 r                       u_ddr_memory/u_ddr_bd/design_1_i/ddr4_0/inst/u_ddr4_infrastructure/gen_mmcme4.u_mmcme_adv_inst/CLKOUT0
                         net (fo=1, routed)           0.166     0.592                         u_ddr_memory/u_ddr_bd/design_1_i/ddr4_0/inst/u_ddr4_infrastructure/mmcm_clkout0
    BUFGCE_X0Y42         BUFGCE (Prop_BUFCE_BUFGCE_I_O)
                                                      0.019     0.611 r                       u_ddr_memory/u_ddr_bd/design_1_i/ddr4_0/inst/u_ddr4_infrastructure/u_bufg_divClk/O
    X4Y3 (CLOCK_ROOT)    net (fo=124013, routed)      2.346     2.957                         u_camera_hdmi/u_camera_subsystem/g_camera_frontend[0].u_camera/ddr4_ui_clk
    SLR Crossing[0->2]   
    SLICE_X110Y719       FDRE                                         r  pblock_dvp_sync_slr3 u_camera_hdmi/u_camera_subsystem/g_camera_frontend[0].u_camera/dvp_data_sync_reg[7]/C

Slack:                    inf
  Source:                 u_camera_hdmi/u_camera_subsystem/g_camera_frontend[0].u_camera/dvp_pclk_iob_reg/C
                            (rising edge-triggered cell FDRE clocked by mmcm_clkout0  {rise@0.000ns fall@1.666ns period=3.332ns})
  Destination:            u_camera_hdmi/u_camera_subsystem/g_camera_frontend[0].u_camera/dvp_pclk_sync_reg/D
                            (rising edge-triggered cell FDRE clocked by mmcm_clkout0  {rise@0.000ns fall@1.666ns period=3.332ns})
  Path Group:             (none)
  Path Type:              Hold (Min at Fast Process Corner)
  Data Path Delay:        0.860ns  (logic 0.117ns (13.605%)  route 0.743ns (86.395%))
  Logic Levels:           0  
  Clock Path Skew:        -0.035ns (DCD - SCD - CPR)
    Destination Clock Delay (DCD):    2.936ns
    Source Clock Delay      (SCD):    2.971ns
    Clock Pessimism Removal (CPR):    -0.000ns
  Clock Uncertainty:      0.052ns  ((TSJ^2 + DJ^2)^1/2) / 2 + PE
    Total System Jitter     (TSJ):    0.071ns
    Discrete Jitter          (DJ):    0.077ns
    Phase Error              (PE):    0.000ns
  Clock Net Delay (Source):      2.013ns (routing 0.490ns, distribution 1.523ns)
  Clock Net Delay (Destination): 2.325ns (routing 0.548ns, distribution 1.777ns)
  Timing Exception:       False Path

    Location             Delay type                Incr(ns)  Path(ns)    PBlock               Netlist Resource(s)
  -------------------------------------------------------------------    ----------------------------------------
                         (clock mmcm_clkout0 rise edge)
                                                      0.000     0.000 r                       
    BA27                                              0.000     0.000 r                       c0_sys_clk_p (IN)
                         net (fo=0)                   0.079     0.079                         u_ddr_memory/u_ddr_bd/design_1_i/ddr4_0/inst/u_ddr4_mem_intfc/u_mig_ddr4_phy/inst/u_ddr4_phy_pll/diff_input_clk.u_ibufg_sys_clk/I
    HPIOBDIFFINBUF_X0Y35 DIFFINBUF (Prop_DIFFINBUF_HPIOBDIFFINBUF_DIFF_IN_P_O)
                                                      0.243     0.322 r                       u_ddr_memory/u_ddr_bd/design_1_i/ddr4_0/inst/u_ddr4_mem_intfc/u_mig_ddr4_phy/inst/u_ddr4_phy_pll/diff_input_clk.u_ibufg_sys_clk/DIFFINBUF_INST/O
                         net (fo=1, routed)           0.040     0.362                         u_ddr_memory/u_ddr_bd/design_1_i/ddr4_0/inst/u_ddr4_mem_intfc/u_mig_ddr4_phy/inst/u_ddr4_phy_pll/diff_input_clk.u_ibufg_sys_clk/OUT
    BA27                 IBUFCTRL (Prop_IBUFCTRL_HPIOB_M_I_O)
                                                      0.000     0.362 r                       u_ddr_memory/u_ddr_bd/design_1_i/ddr4_0/inst/u_ddr4_mem_intfc/u_mig_ddr4_phy/inst/u_ddr4_phy_pll/diff_input_clk.u_ibufg_sys_clk/IBUFCTRL_INST/O
                         net (fo=2, routed)           0.203     0.565                         u_ddr_memory/u_ddr_bd/design_1_i/ddr4_0/inst/u_ddr4_infrastructure/mmcm_clk_in
    MMCM_X0Y1            MMCME4_ADV (Prop_MMCM_CLKIN1_CLKOUT0)
                                                      0.230     0.795 r                       u_ddr_memory/u_ddr_bd/design_1_i/ddr4_0/inst/u_ddr4_infrastructure/gen_mmcme4.u_mmcme_adv_inst/CLKOUT0
                         net (fo=1, routed)           0.146     0.941                         u_ddr_memory/u_ddr_bd/design_1_i/ddr4_0/inst/u_ddr4_infrastructure/mmcm_clkout0
    BUFGCE_X0Y42         BUFGCE (Prop_BUFCE_BUFGCE_I_O)
                                                      0.017     0.958 r                       u_ddr_memory/u_ddr_bd/design_1_i/ddr4_0/inst/u_ddr4_infrastructure/u_bufg_divClk/O
    X4Y3 (CLOCK_ROOT)    net (fo=124013, routed)      2.013     2.971                         u_camera_hdmi/u_camera_subsystem/g_camera_frontend[0].u_camera/ddr4_ui_clk
    SLR Crossing[0->3]   
    BITSLICE_RX_TX_X0Y702
                         FDRE                                         r                       u_camera_hdmi/u_camera_subsystem/g_camera_frontend[0].u_camera/dvp_pclk_iob_reg/C
  -------------------------------------------------------------------    ----------------------------------------
    BITSLICE_RX_TX_X0Y702
                         FDRE (Prop_IN_FF_BITSLICE_COMPONENT_RX_TX_C_Q)
                                                      0.117     3.088 r                       u_camera_hdmi/u_camera_subsystem/g_camera_frontend[0].u_camera/dvp_pclk_iob_reg/Q
                         net (fo=1, routed)           0.743     3.831                         u_camera_hdmi/u_camera_subsystem/g_camera_frontend[0].u_camera/dvp_pclk_iob
    SLICE_X113Y720       FDRE                                         r  pblock_dvp_sync_slr3 u_camera_hdmi/u_camera_subsystem/g_camera_frontend[0].u_camera/dvp_pclk_sync_reg/D
  -------------------------------------------------------------------    ----------------------------------------

                         (clock mmcm_clkout0 rise edge)
                                                      0.000     0.000 r                       
    BA27                                              0.000     0.000 r                       c0_sys_clk_p (IN)
                         net (fo=0)                   0.100     0.100                         u_ddr_memory/u_ddr_bd/design_1_i/ddr4_0/inst/u_ddr4_mem_intfc/u_mig_ddr4_phy/inst/u_ddr4_phy_pll/diff_input_clk.u_ibufg_sys_clk/I
    HPIOBDIFFINBUF_X0Y35 DIFFINBUF (Prop_DIFFINBUF_HPIOBDIFFINBUF_DIFF_IN_P_O)
                                                      0.341     0.441 r                       u_ddr_memory/u_ddr_bd/design_1_i/ddr4_0/inst/u_ddr4_mem_intfc/u_mig_ddr4_phy/inst/u_ddr4_phy_pll/diff_input_clk.u_ibufg_sys_clk/DIFFINBUF_INST/O
                         net (fo=1, routed)           0.050     0.491                         u_ddr_memory/u_ddr_bd/design_1_i/ddr4_0/inst/u_ddr4_mem_intfc/u_mig_ddr4_phy/inst/u_ddr4_phy_pll/diff_input_clk.u_ibufg_sys_clk/OUT
    BA27                 IBUFCTRL (Prop_IBUFCTRL_HPIOB_M_I_O)
                                                      0.000     0.491 r                       u_ddr_memory/u_ddr_bd/design_1_i/ddr4_0/inst/u_ddr4_mem_intfc/u_mig_ddr4_phy/inst/u_ddr4_phy_pll/diff_input_clk.u_ibufg_sys_clk/IBUFCTRL_INST/O
                         net (fo=2, routed)           0.230     0.721                         u_ddr_memory/u_ddr_bd/design_1_i/ddr4_0/inst/u_ddr4_infrastructure/mmcm_clk_in
    MMCM_X0Y1            MMCME4_ADV (Prop_MMCM_CLKIN1_CLKOUT0)
                                                     -0.295     0.426 r                       u_ddr_memory/u_ddr_bd/design_1_i/ddr4_0/inst/u_ddr4_infrastructure/gen_mmcme4.u_mmcme_adv_inst/CLKOUT0
                         net (fo=1, routed)           0.166     0.592                         u_ddr_memory/u_ddr_bd/design_1_i/ddr4_0/inst/u_ddr4_infrastructure/mmcm_clkout0
    BUFGCE_X0Y42         BUFGCE (Prop_BUFCE_BUFGCE_I_O)
                                                      0.019     0.611 r                       u_ddr_memory/u_ddr_bd/design_1_i/ddr4_0/inst/u_ddr4_infrastructure/u_bufg_divClk/O
    X4Y3 (CLOCK_ROOT)    net (fo=124013, routed)      2.325     2.936                         u_camera_hdmi/u_camera_subsystem/g_camera_frontend[0].u_camera/ddr4_ui_clk
    SLR Crossing[0->3]   
    SLICE_X113Y720       FDRE                                         r  pblock_dvp_sync_slr3 u_camera_hdmi/u_camera_subsystem/g_camera_frontend[0].u_camera/dvp_pclk_sync_reg/C

Slack:                    inf
  Source:                 u_camera_hdmi/u_camera_subsystem/g_camera_frontend[1].u_camera/dvp_data_iob_reg[5]/C
                            (rising edge-triggered cell FDRE clocked by mmcm_clkout0  {rise@0.000ns fall@1.666ns period=3.332ns})
  Destination:            u_camera_hdmi/u_camera_subsystem/g_camera_frontend[1].u_camera/dvp_data_sync_reg[5]/D
                            (rising edge-triggered cell FDRE clocked by mmcm_clkout0  {rise@0.000ns fall@1.666ns period=3.332ns})
  Path Group:             (none)
  Path Type:              Hold (Min at Fast Process Corner)
  Data Path Delay:        0.832ns  (logic 0.154ns (18.510%)  route 0.678ns (81.490%))
  Logic Levels:           0  
  Clock Path Skew:        -0.119ns (DCD - SCD - CPR)
    Destination Clock Delay (DCD):    2.882ns
    Source Clock Delay      (SCD):    3.001ns
    Clock Pessimism Removal (CPR):    -0.000ns
  Clock Uncertainty:      0.052ns  ((TSJ^2 + DJ^2)^1/2) / 2 + PE
    Total System Jitter     (TSJ):    0.071ns
    Discrete Jitter          (DJ):    0.077ns
    Phase Error              (PE):    0.000ns
  Clock Net Delay (Source):      2.043ns (routing 0.490ns, distribution 1.553ns)
  Clock Net Delay (Destination): 2.271ns (routing 0.548ns, distribution 1.723ns)
  Timing Exception:       False Path

    Location             Delay type                Incr(ns)  Path(ns)    PBlock               Netlist Resource(s)
  -------------------------------------------------------------------    ----------------------------------------
                         (clock mmcm_clkout0 rise edge)
                                                      0.000     0.000 r                       
    BA27                                              0.000     0.000 r                       c0_sys_clk_p (IN)
                         net (fo=0)                   0.079     0.079                         u_ddr_memory/u_ddr_bd/design_1_i/ddr4_0/inst/u_ddr4_mem_intfc/u_mig_ddr4_phy/inst/u_ddr4_phy_pll/diff_input_clk.u_ibufg_sys_clk/I
    HPIOBDIFFINBUF_X0Y35 DIFFINBUF (Prop_DIFFINBUF_HPIOBDIFFINBUF_DIFF_IN_P_O)
                                                      0.243     0.322 r                       u_ddr_memory/u_ddr_bd/design_1_i/ddr4_0/inst/u_ddr4_mem_intfc/u_mig_ddr4_phy/inst/u_ddr4_phy_pll/diff_input_clk.u_ibufg_sys_clk/DIFFINBUF_INST/O
                         net (fo=1, routed)           0.040     0.362                         u_ddr_memory/u_ddr_bd/design_1_i/ddr4_0/inst/u_ddr4_mem_intfc/u_mig_ddr4_phy/inst/u_ddr4_phy_pll/diff_input_clk.u_ibufg_sys_clk/OUT
    BA27                 IBUFCTRL (Prop_IBUFCTRL_HPIOB_M_I_O)
                                                      0.000     0.362 r                       u_ddr_memory/u_ddr_bd/design_1_i/ddr4_0/inst/u_ddr4_mem_intfc/u_mig_ddr4_phy/inst/u_ddr4_phy_pll/diff_input_clk.u_ibufg_sys_clk/IBUFCTRL_INST/O
                         net (fo=2, routed)           0.203     0.565                         u_ddr_memory/u_ddr_bd/design_1_i/ddr4_0/inst/u_ddr4_infrastructure/mmcm_clk_in
    MMCM_X0Y1            MMCME4_ADV (Prop_MMCM_CLKIN1_CLKOUT0)
                                                      0.230     0.795 r                       u_ddr_memory/u_ddr_bd/design_1_i/ddr4_0/inst/u_ddr4_infrastructure/gen_mmcme4.u_mmcme_adv_inst/CLKOUT0
                         net (fo=1, routed)           0.146     0.941                         u_ddr_memory/u_ddr_bd/design_1_i/ddr4_0/inst/u_ddr4_infrastructure/mmcm_clkout0
    BUFGCE_X0Y42         BUFGCE (Prop_BUFCE_BUFGCE_I_O)
                                                      0.017     0.958 r                       u_ddr_memory/u_ddr_bd/design_1_i/ddr4_0/inst/u_ddr4_infrastructure/u_bufg_divClk/O
    X4Y3 (CLOCK_ROOT)    net (fo=124013, routed)      2.043     3.001                         u_camera_hdmi/u_camera_subsystem/g_camera_frontend[1].u_camera/ddr4_ui_clk
    SLR Crossing[0->3]   
    BITSLICE_RX_TX_X0Y684
                         FDRE                                         r                       u_camera_hdmi/u_camera_subsystem/g_camera_frontend[1].u_camera/dvp_data_iob_reg[5]/C
  -------------------------------------------------------------------    ----------------------------------------
    BITSLICE_RX_TX_X0Y684
                         FDRE (Prop_IN_FF_BITSLICE_COMPONENT_RX_TX_C_Q)
                                                      0.154     3.155 r                       u_camera_hdmi/u_camera_subsystem/g_camera_frontend[1].u_camera/dvp_data_iob_reg[5]/Q
                         net (fo=1, routed)           0.678     3.833                         u_camera_hdmi/u_camera_subsystem/g_camera_frontend[1].u_camera/dvp_data_iob[5]
    SLICE_X112Y720       FDRE                                         r  pblock_dvp_sync_slr3 u_camera_hdmi/u_camera_subsystem/g_camera_frontend[1].u_camera/dvp_data_sync_reg[5]/D
  -------------------------------------------------------------------    ----------------------------------------

                         (clock mmcm_clkout0 rise edge)
                                                      0.000     0.000 r                       
    BA27                                              0.000     0.000 r                       c0_sys_clk_p (IN)
                         net (fo=0)                   0.100     0.100                         u_ddr_memory/u_ddr_bd/design_1_i/ddr4_0/inst/u_ddr4_mem_intfc/u_mig_ddr4_phy/inst/u_ddr4_phy_pll/diff_input_clk.u_ibufg_sys_clk/I
    HPIOBDIFFINBUF_X0Y35 DIFFINBUF (Prop_DIFFINBUF_HPIOBDIFFINBUF_DIFF_IN_P_O)
                                                      0.341     0.441 r                       u_ddr_memory/u_ddr_bd/design_1_i/ddr4_0/inst/u_ddr4_mem_intfc/u_mig_ddr4_phy/inst/u_ddr4_phy_pll/diff_input_clk.u_ibufg_sys_clk/DIFFINBUF_INST/O
                         net (fo=1, routed)           0.050     0.491                         u_ddr_memory/u_ddr_bd/design_1_i/ddr4_0/inst/u_ddr4_mem_intfc/u_mig_ddr4_phy/inst/u_ddr4_phy_pll/diff_input_clk.u_ibufg_sys_clk/OUT
    BA27                 IBUFCTRL (Prop_IBUFCTRL_HPIOB_M_I_O)
                                                      0.000     0.491 r                       u_ddr_memory/u_ddr_bd/design_1_i/ddr4_0/inst/u_ddr4_mem_intfc/u_mig_ddr4_phy/inst/u_ddr4_phy_pll/diff_input_clk.u_ibufg_sys_clk/IBUFCTRL_INST/O
                         net (fo=2, routed)           0.230     0.721                         u_ddr_memory/u_ddr_bd/design_1_i/ddr4_0/inst/u_ddr4_infrastructure/mmcm_clk_in
    MMCM_X0Y1            MMCME4_ADV (Prop_MMCM_CLKIN1_CLKOUT0)
                                                     -0.295     0.426 r                       u_ddr_memory/u_ddr_bd/design_1_i/ddr4_0/inst/u_ddr4_infrastructure/gen_mmcme4.u_mmcme_adv_inst/CLKOUT0
                         net (fo=1, routed)           0.166     0.592                         u_ddr_memory/u_ddr_bd/design_1_i/ddr4_0/inst/u_ddr4_infrastructure/mmcm_clkout0
    BUFGCE_X0Y42         BUFGCE (Prop_BUFCE_BUFGCE_I_O)
                                                      0.019     0.611 r                       u_ddr_memory/u_ddr_bd/design_1_i/ddr4_0/inst/u_ddr4_infrastructure/u_bufg_divClk/O
    X4Y3 (CLOCK_ROOT)    net (fo=124013, routed)      2.271     2.882                         u_camera_hdmi/u_camera_subsystem/g_camera_frontend[1].u_camera/ddr4_ui_clk
    SLR Crossing[0->3]   
    SLICE_X112Y720       FDRE                                         r  pblock_dvp_sync_slr3 u_camera_hdmi/u_camera_subsystem/g_camera_frontend[1].u_camera/dvp_data_sync_reg[5]/C

Slack:                    inf
  Source:                 u_camera_hdmi/u_camera_subsystem/g_camera_frontend[0].u_camera/dvp_data_iob_reg[2]/C
                            (rising edge-triggered cell FDRE clocked by mmcm_clkout0  {rise@0.000ns fall@1.666ns period=3.332ns})
  Destination:            u_camera_hdmi/u_camera_subsystem/g_camera_frontend[0].u_camera/dvp_data_sync_reg[2]/D
                            (rising edge-triggered cell FDRE clocked by mmcm_clkout0  {rise@0.000ns fall@1.666ns period=3.332ns})
  Path Group:             (none)
  Path Type:              Hold (Min at Fast Process Corner)
  Data Path Delay:        0.873ns  (logic 0.174ns (19.931%)  route 0.699ns (80.069%))
  Logic Levels:           0  
  Clock Path Skew:        0.023ns (DCD - SCD - CPR)
    Destination Clock Delay (DCD):    2.999ns
    Source Clock Delay      (SCD):    2.976ns
    Clock Pessimism Removal (CPR):    -0.000ns
  Clock Uncertainty:      0.052ns  ((TSJ^2 + DJ^2)^1/2) / 2 + PE
    Total System Jitter     (TSJ):    0.071ns
    Discrete Jitter          (DJ):    0.077ns
    Phase Error              (PE):    0.000ns
  Clock Net Delay (Source):      2.018ns (routing 0.490ns, distribution 1.528ns)
  Clock Net Delay (Destination): 2.388ns (routing 0.548ns, distribution 1.840ns)
  Timing Exception:       False Path

    Location             Delay type                Incr(ns)  Path(ns)    PBlock               Netlist Resource(s)
  -------------------------------------------------------------------    ----------------------------------------
                         (clock mmcm_clkout0 rise edge)
                                                      0.000     0.000 r                       
    BA27                                              0.000     0.000 r                       c0_sys_clk_p (IN)
                         net (fo=0)                   0.079     0.079                         u_ddr_memory/u_ddr_bd/design_1_i/ddr4_0/inst/u_ddr4_mem_intfc/u_mig_ddr4_phy/inst/u_ddr4_phy_pll/diff_input_clk.u_ibufg_sys_clk/I
    HPIOBDIFFINBUF_X0Y35 DIFFINBUF (Prop_DIFFINBUF_HPIOBDIFFINBUF_DIFF_IN_P_O)
                                                      0.243     0.322 r                       u_ddr_memory/u_ddr_bd/design_1_i/ddr4_0/inst/u_ddr4_mem_intfc/u_mig_ddr4_phy/inst/u_ddr4_phy_pll/diff_input_clk.u_ibufg_sys_clk/DIFFINBUF_INST/O
                         net (fo=1, routed)           0.040     0.362                         u_ddr_memory/u_ddr_bd/design_1_i/ddr4_0/inst/u_ddr4_mem_intfc/u_mig_ddr4_phy/inst/u_ddr4_phy_pll/diff_input_clk.u_ibufg_sys_clk/OUT
    BA27                 IBUFCTRL (Prop_IBUFCTRL_HPIOB_M_I_O)
                                                      0.000     0.362 r                       u_ddr_memory/u_ddr_bd/design_1_i/ddr4_0/inst/u_ddr4_mem_intfc/u_mig_ddr4_phy/inst/u_ddr4_phy_pll/diff_input_clk.u_ibufg_sys_clk/IBUFCTRL_INST/O
                         net (fo=2, routed)           0.203     0.565                         u_ddr_memory/u_ddr_bd/design_1_i/ddr4_0/inst/u_ddr4_infrastructure/mmcm_clk_in
    MMCM_X0Y1            MMCME4_ADV (Prop_MMCM_CLKIN1_CLKOUT0)
                                                      0.230     0.795 r                       u_ddr_memory/u_ddr_bd/design_1_i/ddr4_0/inst/u_ddr4_infrastructure/gen_mmcme4.u_mmcme_adv_inst/CLKOUT0
                         net (fo=1, routed)           0.146     0.941                         u_ddr_memory/u_ddr_bd/design_1_i/ddr4_0/inst/u_ddr4_infrastructure/mmcm_clkout0
    BUFGCE_X0Y42         BUFGCE (Prop_BUFCE_BUFGCE_I_O)
                                                      0.017     0.958 r                       u_ddr_memory/u_ddr_bd/design_1_i/ddr4_0/inst/u_ddr4_infrastructure/u_bufg_divClk/O
    X4Y3 (CLOCK_ROOT)    net (fo=124013, routed)      2.018     2.976                         u_camera_hdmi/u_camera_subsystem/g_camera_frontend[0].u_camera/ddr4_ui_clk
    SLR Crossing[0->3]   
    BITSLICE_RX_TX_X0Y692
                         FDRE                                         r                       u_camera_hdmi/u_camera_subsystem/g_camera_frontend[0].u_camera/dvp_data_iob_reg[2]/C
  -------------------------------------------------------------------    ----------------------------------------
    BITSLICE_RX_TX_X0Y692
                         FDRE (Prop_IN_FF_BITSLICE_COMPONENT_RX_TX_C_Q)
                                                      0.174     3.150 r                       u_camera_hdmi/u_camera_subsystem/g_camera_frontend[0].u_camera/dvp_data_iob_reg[2]/Q
                         net (fo=1, routed)           0.699     3.849                         u_camera_hdmi/u_camera_subsystem/g_camera_frontend[0].u_camera/dvp_data_iob[2]
    SLICE_X114Y720       FDRE                                         r  pblock_dvp_sync_slr3 u_camera_hdmi/u_camera_subsystem/g_camera_frontend[0].u_camera/dvp_data_sync_reg[2]/D
  -------------------------------------------------------------------    ----------------------------------------

                         (clock mmcm_clkout0 rise edge)
                                                      0.000     0.000 r                       
    BA27                                              0.000     0.000 r                       c0_sys_clk_p (IN)
                         net (fo=0)                   0.100     0.100                         u_ddr_memory/u_ddr_bd/design_1_i/ddr4_0/inst/u_ddr4_mem_intfc/u_mig_ddr4_phy/inst/u_ddr4_phy_pll/diff_input_clk.u_ibufg_sys_clk/I
    HPIOBDIFFINBUF_X0Y35 DIFFINBUF (Prop_DIFFINBUF_HPIOBDIFFINBUF_DIFF_IN_P_O)
                                                      0.341     0.441 r                       u_ddr_memory/u_ddr_bd/design_1_i/ddr4_0/inst/u_ddr4_mem_intfc/u_mig_ddr4_phy/inst/u_ddr4_phy_pll/diff_input_clk.u_ibufg_sys_clk/DIFFINBUF_INST/O
                         net (fo=1, routed)           0.050     0.491                         u_ddr_memory/u_ddr_bd/design_1_i/ddr4_0/inst/u_ddr4_mem_intfc/u_mig_ddr4_phy/inst/u_ddr4_phy_pll/diff_input_clk.u_ibufg_sys_clk/OUT
    BA27                 IBUFCTRL (Prop_IBUFCTRL_HPIOB_M_I_O)
                                                      0.000     0.491 r                       u_ddr_memory/u_ddr_bd/design_1_i/ddr4_0/inst/u_ddr4_mem_intfc/u_mig_ddr4_phy/inst/u_ddr4_phy_pll/diff_input_clk.u_ibufg_sys_clk/IBUFCTRL_INST/O
                         net (fo=2, routed)           0.230     0.721                         u_ddr_memory/u_ddr_bd/design_1_i/ddr4_0/inst/u_ddr4_infrastructure/mmcm_clk_in
    MMCM_X0Y1            MMCME4_ADV (Prop_MMCM_CLKIN1_CLKOUT0)
                                                     -0.295     0.426 r                       u_ddr_memory/u_ddr_bd/design_1_i/ddr4_0/inst/u_ddr4_infrastructure/gen_mmcme4.u_mmcme_adv_inst/CLKOUT0
                         net (fo=1, routed)           0.166     0.592                         u_ddr_memory/u_ddr_bd/design_1_i/ddr4_0/inst/u_ddr4_infrastructure/mmcm_clkout0
    BUFGCE_X0Y42         BUFGCE (Prop_BUFCE_BUFGCE_I_O)
                                                      0.019     0.611 r                       u_ddr_memory/u_ddr_bd/design_1_i/ddr4_0/inst/u_ddr4_infrastructure/u_bufg_divClk/O
    X4Y3 (CLOCK_ROOT)    net (fo=124013, routed)      2.388     2.999                         u_camera_hdmi/u_camera_subsystem/g_camera_frontend[0].u_camera/ddr4_ui_clk
    SLR Crossing[0->3]   
    SLICE_X114Y720       FDRE                                         r  pblock_dvp_sync_slr3 u_camera_hdmi/u_camera_subsystem/g_camera_frontend[0].u_camera/dvp_data_sync_reg[2]/C

Slack:                    inf
  Source:                 u_camera_hdmi/u_camera_subsystem/g_camera_frontend[0].u_camera/dvp_data_iob_reg[4]/C
                            (rising edge-triggered cell FDRE clocked by mmcm_clkout0  {rise@0.000ns fall@1.666ns period=3.332ns})
  Destination:            u_camera_hdmi/u_camera_subsystem/g_camera_frontend[0].u_camera/dvp_data_sync_reg[4]/D
                            (rising edge-triggered cell FDRE clocked by mmcm_clkout0  {rise@0.000ns fall@1.666ns period=3.332ns})
  Path Group:             (none)
  Path Type:              Hold (Min at Fast Process Corner)
  Data Path Delay:        0.878ns  (logic 0.148ns (16.856%)  route 0.730ns (83.144%))
  Logic Levels:           0  
  Clock Path Skew:        -0.240ns (DCD - SCD - CPR)
    Destination Clock Delay (DCD):    2.732ns
    Source Clock Delay      (SCD):    2.972ns
    Clock Pessimism Removal (CPR):    -0.000ns
  Clock Uncertainty:      0.052ns  ((TSJ^2 + DJ^2)^1/2) / 2 + PE
    Total System Jitter     (TSJ):    0.071ns
    Discrete Jitter          (DJ):    0.077ns
    Phase Error              (PE):    0.000ns
  Clock Net Delay (Source):      2.014ns (routing 0.490ns, distribution 1.524ns)
  Clock Net Delay (Destination): 2.121ns (routing 0.548ns, distribution 1.573ns)
  Timing Exception:       False Path

    Location             Delay type                Incr(ns)  Path(ns)    PBlock               Netlist Resource(s)
  -------------------------------------------------------------------    ----------------------------------------
                         (clock mmcm_clkout0 rise edge)
                                                      0.000     0.000 r                       
    BA27                                              0.000     0.000 r                       c0_sys_clk_p (IN)
                         net (fo=0)                   0.079     0.079                         u_ddr_memory/u_ddr_bd/design_1_i/ddr4_0/inst/u_ddr4_mem_intfc/u_mig_ddr4_phy/inst/u_ddr4_phy_pll/diff_input_clk.u_ibufg_sys_clk/I
    HPIOBDIFFINBUF_X0Y35 DIFFINBUF (Prop_DIFFINBUF_HPIOBDIFFINBUF_DIFF_IN_P_O)
                                                      0.243     0.322 r                       u_ddr_memory/u_ddr_bd/design_1_i/ddr4_0/inst/u_ddr4_mem_intfc/u_mig_ddr4_phy/inst/u_ddr4_phy_pll/diff_input_clk.u_ibufg_sys_clk/DIFFINBUF_INST/O
                         net (fo=1, routed)           0.040     0.362                         u_ddr_memory/u_ddr_bd/design_1_i/ddr4_0/inst/u_ddr4_mem_intfc/u_mig_ddr4_phy/inst/u_ddr4_phy_pll/diff_input_clk.u_ibufg_sys_clk/OUT
    BA27                 IBUFCTRL (Prop_IBUFCTRL_HPIOB_M_I_O)
                                                      0.000     0.362 r                       u_ddr_memory/u_ddr_bd/design_1_i/ddr4_0/inst/u_ddr4_mem_intfc/u_mig_ddr4_phy/inst/u_ddr4_phy_pll/diff_input_clk.u_ibufg_sys_clk/IBUFCTRL_INST/O
                         net (fo=2, routed)           0.203     0.565                         u_ddr_memory/u_ddr_bd/design_1_i/ddr4_0/inst/u_ddr4_infrastructure/mmcm_clk_in
    MMCM_X0Y1            MMCME4_ADV (Prop_MMCM_CLKIN1_CLKOUT0)
                                                      0.230     0.795 r                       u_ddr_memory/u_ddr_bd/design_1_i/ddr4_0/inst/u_ddr4_infrastructure/gen_mmcme4.u_mmcme_adv_inst/CLKOUT0
                         net (fo=1, routed)           0.146     0.941                         u_ddr_memory/u_ddr_bd/design_1_i/ddr4_0/inst/u_ddr4_infrastructure/mmcm_clkout0
    BUFGCE_X0Y42         BUFGCE (Prop_BUFCE_BUFGCE_I_O)
                                                      0.017     0.958 r                       u_ddr_memory/u_ddr_bd/design_1_i/ddr4_0/inst/u_ddr4_infrastructure/u_bufg_divClk/O
    X4Y3 (CLOCK_ROOT)    net (fo=124013, routed)      2.014     2.972                         u_camera_hdmi/u_camera_subsystem/g_camera_frontend[0].u_camera/ddr4_ui_clk
    SLR Crossing[0->3]   
    BITSLICE_RX_TX_X0Y690
                         FDRE                                         r                       u_camera_hdmi/u_camera_subsystem/g_camera_frontend[0].u_camera/dvp_data_iob_reg[4]/C
  -------------------------------------------------------------------    ----------------------------------------
    BITSLICE_RX_TX_X0Y690
                         FDRE (Prop_IN_FF_BITSLICE_COMPONENT_RX_TX_C_Q)
                                                      0.148     3.120 r                       u_camera_hdmi/u_camera_subsystem/g_camera_frontend[0].u_camera/dvp_data_iob_reg[4]/Q
                         net (fo=1, routed)           0.730     3.850                         u_camera_hdmi/u_camera_subsystem/g_camera_frontend[0].u_camera/dvp_data_iob[4]
    SLR Crossing[3->2]   
    SLICE_X112Y719       FDRE                                         r  pblock_dvp_sync_slr3 u_camera_hdmi/u_camera_subsystem/g_camera_frontend[0].u_camera/dvp_data_sync_reg[4]/D
  -------------------------------------------------------------------    ----------------------------------------

                         (clock mmcm_clkout0 rise edge)
                                                      0.000     0.000 r                       
    BA27                                              0.000     0.000 r                       c0_sys_clk_p (IN)
                         net (fo=0)                   0.100     0.100                         u_ddr_memory/u_ddr_bd/design_1_i/ddr4_0/inst/u_ddr4_mem_intfc/u_mig_ddr4_phy/inst/u_ddr4_phy_pll/diff_input_clk.u_ibufg_sys_clk/I
    HPIOBDIFFINBUF_X0Y35 DIFFINBUF (Prop_DIFFINBUF_HPIOBDIFFINBUF_DIFF_IN_P_O)
                                                      0.341     0.441 r                       u_ddr_memory/u_ddr_bd/design_1_i/ddr4_0/inst/u_ddr4_mem_intfc/u_mig_ddr4_phy/inst/u_ddr4_phy_pll/diff_input_clk.u_ibufg_sys_clk/DIFFINBUF_INST/O
                         net (fo=1, routed)           0.050     0.491                         u_ddr_memory/u_ddr_bd/design_1_i/ddr4_0/inst/u_ddr4_mem_intfc/u_mig_ddr4_phy/inst/u_ddr4_phy_pll/diff_input_clk.u_ibufg_sys_clk/OUT
    BA27                 IBUFCTRL (Prop_IBUFCTRL_HPIOB_M_I_O)
                                                      0.000     0.491 r                       u_ddr_memory/u_ddr_bd/design_1_i/ddr4_0/inst/u_ddr4_mem_intfc/u_mig_ddr4_phy/inst/u_ddr4_phy_pll/diff_input_clk.u_ibufg_sys_clk/IBUFCTRL_INST/O
                         net (fo=2, routed)           0.230     0.721                         u_ddr_memory/u_ddr_bd/design_1_i/ddr4_0/inst/u_ddr4_infrastructure/mmcm_clk_in
    MMCM_X0Y1            MMCME4_ADV (Prop_MMCM_CLKIN1_CLKOUT0)
                                                     -0.295     0.426 r                       u_ddr_memory/u_ddr_bd/design_1_i/ddr4_0/inst/u_ddr4_infrastructure/gen_mmcme4.u_mmcme_adv_inst/CLKOUT0
                         net (fo=1, routed)           0.166     0.592                         u_ddr_memory/u_ddr_bd/design_1_i/ddr4_0/inst/u_ddr4_infrastructure/mmcm_clkout0
    BUFGCE_X0Y42         BUFGCE (Prop_BUFCE_BUFGCE_I_O)
                                                      0.019     0.611 r                       u_ddr_memory/u_ddr_bd/design_1_i/ddr4_0/inst/u_ddr4_infrastructure/u_bufg_divClk/O
    X4Y3 (CLOCK_ROOT)    net (fo=124013, routed)      2.121     2.732                         u_camera_hdmi/u_camera_subsystem/g_camera_frontend[0].u_camera/ddr4_ui_clk
    SLR Crossing[0->2]   
    SLICE_X112Y719       FDRE                                         r  pblock_dvp_sync_slr3 u_camera_hdmi/u_camera_subsystem/g_camera_frontend[0].u_camera/dvp_data_sync_reg[4]/C

Slack:                    inf
  Source:                 u_camera_hdmi/u_camera_subsystem/g_camera_frontend[1].u_camera/dvp_data_iob_reg[4]/C
                            (rising edge-triggered cell FDRE clocked by mmcm_clkout0  {rise@0.000ns fall@1.666ns period=3.332ns})
  Destination:            u_camera_hdmi/u_camera_subsystem/g_camera_frontend[1].u_camera/dvp_data_sync_reg[4]/D
                            (rising edge-triggered cell FDRE clocked by mmcm_clkout0  {rise@0.000ns fall@1.666ns period=3.332ns})
  Path Group:             (none)
  Path Type:              Hold (Min at Fast Process Corner)
  Data Path Delay:        0.870ns  (logic 0.161ns (18.506%)  route 0.709ns (81.494%))
  Logic Levels:           0  
  Clock Path Skew:        -0.116ns (DCD - SCD - CPR)
    Destination Clock Delay (DCD):    2.873ns
    Source Clock Delay      (SCD):    2.989ns
    Clock Pessimism Removal (CPR):    -0.000ns
  Clock Uncertainty:      0.052ns  ((TSJ^2 + DJ^2)^1/2) / 2 + PE
    Total System Jitter     (TSJ):    0.071ns
    Discrete Jitter          (DJ):    0.077ns
    Phase Error              (PE):    0.000ns
  Clock Net Delay (Source):      2.031ns (routing 0.490ns, distribution 1.541ns)
  Clock Net Delay (Destination): 2.262ns (routing 0.548ns, distribution 1.714ns)
  Timing Exception:       False Path

    Location             Delay type                Incr(ns)  Path(ns)    PBlock               Netlist Resource(s)
  -------------------------------------------------------------------    ----------------------------------------
                         (clock mmcm_clkout0 rise edge)
                                                      0.000     0.000 r                       
    BA27                                              0.000     0.000 r                       c0_sys_clk_p (IN)
                         net (fo=0)                   0.079     0.079                         u_ddr_memory/u_ddr_bd/design_1_i/ddr4_0/inst/u_ddr4_mem_intfc/u_mig_ddr4_phy/inst/u_ddr4_phy_pll/diff_input_clk.u_ibufg_sys_clk/I
    HPIOBDIFFINBUF_X0Y35 DIFFINBUF (Prop_DIFFINBUF_HPIOBDIFFINBUF_DIFF_IN_P_O)
                                                      0.243     0.322 r                       u_ddr_memory/u_ddr_bd/design_1_i/ddr4_0/inst/u_ddr4_mem_intfc/u_mig_ddr4_phy/inst/u_ddr4_phy_pll/diff_input_clk.u_ibufg_sys_clk/DIFFINBUF_INST/O
                         net (fo=1, routed)           0.040     0.362                         u_ddr_memory/u_ddr_bd/design_1_i/ddr4_0/inst/u_ddr4_mem_intfc/u_mig_ddr4_phy/inst/u_ddr4_phy_pll/diff_input_clk.u_ibufg_sys_clk/OUT
    BA27                 IBUFCTRL (Prop_IBUFCTRL_HPIOB_M_I_O)
                                                      0.000     0.362 r                       u_ddr_memory/u_ddr_bd/design_1_i/ddr4_0/inst/u_ddr4_mem_intfc/u_mig_ddr4_phy/inst/u_ddr4_phy_pll/diff_input_clk.u_ibufg_sys_clk/IBUFCTRL_INST/O
                         net (fo=2, routed)           0.203     0.565                         u_ddr_memory/u_ddr_bd/design_1_i/ddr4_0/inst/u_ddr4_infrastructure/mmcm_clk_in
    MMCM_X0Y1            MMCME4_ADV (Prop_MMCM_CLKIN1_CLKOUT0)
                                                      0.230     0.795 r                       u_ddr_memory/u_ddr_bd/design_1_i/ddr4_0/inst/u_ddr4_infrastructure/gen_mmcme4.u_mmcme_adv_inst/CLKOUT0
                         net (fo=1, routed)           0.146     0.941                         u_ddr_memory/u_ddr_bd/design_1_i/ddr4_0/inst/u_ddr4_infrastructure/mmcm_clkout0
    BUFGCE_X0Y42         BUFGCE (Prop_BUFCE_BUFGCE_I_O)
                                                      0.017     0.958 r                       u_ddr_memory/u_ddr_bd/design_1_i/ddr4_0/inst/u_ddr4_infrastructure/u_bufg_divClk/O
    X4Y3 (CLOCK_ROOT)    net (fo=124013, routed)      2.031     2.989                         u_camera_hdmi/u_camera_subsystem/g_camera_frontend[1].u_camera/ddr4_ui_clk
    SLR Crossing[0->3]   
    BITSLICE_RX_TX_X0Y685
                         FDRE                                         r                       u_camera_hdmi/u_camera_subsystem/g_camera_frontend[1].u_camera/dvp_data_iob_reg[4]/C
  -------------------------------------------------------------------    ----------------------------------------
    BITSLICE_RX_TX_X0Y685
                         FDRE (Prop_IN_FF_BITSLICE_COMPONENT_RX_TX_C_Q)
                                                      0.161     3.150 r                       u_camera_hdmi/u_camera_subsystem/g_camera_frontend[1].u_camera/dvp_data_iob_reg[4]/Q
                         net (fo=1, routed)           0.709     3.859                         u_camera_hdmi/u_camera_subsystem/g_camera_frontend[1].u_camera/dvp_data_iob[4]
    SLICE_X112Y726       FDRE                                         r  pblock_dvp_sync_slr3 u_camera_hdmi/u_camera_subsystem/g_camera_frontend[1].u_camera/dvp_data_sync_reg[4]/D
  -------------------------------------------------------------------    ----------------------------------------

                         (clock mmcm_clkout0 rise edge)
                                                      0.000     0.000 r                       
    BA27                                              0.000     0.000 r                       c0_sys_clk_p (IN)
                         net (fo=0)                   0.100     0.100                         u_ddr_memory/u_ddr_bd/design_1_i/ddr4_0/inst/u_ddr4_mem_intfc/u_mig_ddr4_phy/inst/u_ddr4_phy_pll/diff_input_clk.u_ibufg_sys_clk/I
    HPIOBDIFFINBUF_X0Y35 DIFFINBUF (Prop_DIFFINBUF_HPIOBDIFFINBUF_DIFF_IN_P_O)
                                                      0.341     0.441 r                       u_ddr_memory/u_ddr_bd/design_1_i/ddr4_0/inst/u_ddr4_mem_intfc/u_mig_ddr4_phy/inst/u_ddr4_phy_pll/diff_input_clk.u_ibufg_sys_clk/DIFFINBUF_INST/O
                         net (fo=1, routed)           0.050     0.491                         u_ddr_memory/u_ddr_bd/design_1_i/ddr4_0/inst/u_ddr4_mem_intfc/u_mig_ddr4_phy/inst/u_ddr4_phy_pll/diff_input_clk.u_ibufg_sys_clk/OUT
    BA27                 IBUFCTRL (Prop_IBUFCTRL_HPIOB_M_I_O)
                                                      0.000     0.491 r                       u_ddr_memory/u_ddr_bd/design_1_i/ddr4_0/inst/u_ddr4_mem_intfc/u_mig_ddr4_phy/inst/u_ddr4_phy_pll/diff_input_clk.u_ibufg_sys_clk/IBUFCTRL_INST/O
                         net (fo=2, routed)           0.230     0.721                         u_ddr_memory/u_ddr_bd/design_1_i/ddr4_0/inst/u_ddr4_infrastructure/mmcm_clk_in
    MMCM_X0Y1            MMCME4_ADV (Prop_MMCM_CLKIN1_CLKOUT0)
                                                     -0.295     0.426 r                       u_ddr_memory/u_ddr_bd/design_1_i/ddr4_0/inst/u_ddr4_infrastructure/gen_mmcme4.u_mmcme_adv_inst/CLKOUT0
                         net (fo=1, routed)           0.166     0.592                         u_ddr_memory/u_ddr_bd/design_1_i/ddr4_0/inst/u_ddr4_infrastructure/mmcm_clkout0
    BUFGCE_X0Y42         BUFGCE (Prop_BUFCE_BUFGCE_I_O)
                                                      0.019     0.611 r                       u_ddr_memory/u_ddr_bd/design_1_i/ddr4_0/inst/u_ddr4_infrastructure/u_bufg_divClk/O
    X4Y3 (CLOCK_ROOT)    net (fo=124013, routed)      2.262     2.873                         u_camera_hdmi/u_camera_subsystem/g_camera_frontend[1].u_camera/ddr4_ui_clk
    SLR Crossing[0->3]   
    SLICE_X112Y726       FDRE                                         r  pblock_dvp_sync_slr3 u_camera_hdmi/u_camera_subsystem/g_camera_frontend[1].u_camera/dvp_data_sync_reg[4]/C

Slack:                    inf
  Source:                 u_camera_hdmi/u_camera_subsystem/g_camera_frontend[0].u_camera/dvp_data_iob_reg[6]/C
                            (rising edge-triggered cell FDRE clocked by mmcm_clkout0  {rise@0.000ns fall@1.666ns period=3.332ns})
  Destination:            u_camera_hdmi/u_camera_subsystem/g_camera_frontend[0].u_camera/dvp_data_sync_reg[6]/D
                            (rising edge-triggered cell FDRE clocked by mmcm_clkout0  {rise@0.000ns fall@1.666ns period=3.332ns})
  Path Group:             (none)
  Path Type:              Hold (Min at Fast Process Corner)
  Data Path Delay:        0.885ns  (logic 0.174ns (19.661%)  route 0.711ns (80.339%))
  Logic Levels:           0  
  Clock Path Skew:        -0.244ns (DCD - SCD - CPR)
    Destination Clock Delay (DCD):    2.732ns
    Source Clock Delay      (SCD):    2.976ns
    Clock Pessimism Removal (CPR):    -0.000ns
  Clock Uncertainty:      0.052ns  ((TSJ^2 + DJ^2)^1/2) / 2 + PE
    Total System Jitter     (TSJ):    0.071ns
    Discrete Jitter          (DJ):    0.077ns
    Phase Error              (PE):    0.000ns
  Clock Net Delay (Source):      2.018ns (routing 0.490ns, distribution 1.528ns)
  Clock Net Delay (Destination): 2.121ns (routing 0.548ns, distribution 1.573ns)
  Timing Exception:       False Path

    Location             Delay type                Incr(ns)  Path(ns)    PBlock               Netlist Resource(s)
  -------------------------------------------------------------------    ----------------------------------------
                         (clock mmcm_clkout0 rise edge)
                                                      0.000     0.000 r                       
    BA27                                              0.000     0.000 r                       c0_sys_clk_p (IN)
                         net (fo=0)                   0.079     0.079                         u_ddr_memory/u_ddr_bd/design_1_i/ddr4_0/inst/u_ddr4_mem_intfc/u_mig_ddr4_phy/inst/u_ddr4_phy_pll/diff_input_clk.u_ibufg_sys_clk/I
    HPIOBDIFFINBUF_X0Y35 DIFFINBUF (Prop_DIFFINBUF_HPIOBDIFFINBUF_DIFF_IN_P_O)
                                                      0.243     0.322 r                       u_ddr_memory/u_ddr_bd/design_1_i/ddr4_0/inst/u_ddr4_mem_intfc/u_mig_ddr4_phy/inst/u_ddr4_phy_pll/diff_input_clk.u_ibufg_sys_clk/DIFFINBUF_INST/O
                         net (fo=1, routed)           0.040     0.362                         u_ddr_memory/u_ddr_bd/design_1_i/ddr4_0/inst/u_ddr4_mem_intfc/u_mig_ddr4_phy/inst/u_ddr4_phy_pll/diff_input_clk.u_ibufg_sys_clk/OUT
    BA27                 IBUFCTRL (Prop_IBUFCTRL_HPIOB_M_I_O)
                                                      0.000     0.362 r                       u_ddr_memory/u_ddr_bd/design_1_i/ddr4_0/inst/u_ddr4_mem_intfc/u_mig_ddr4_phy/inst/u_ddr4_phy_pll/diff_input_clk.u_ibufg_sys_clk/IBUFCTRL_INST/O
                         net (fo=2, routed)           0.203     0.565                         u_ddr_memory/u_ddr_bd/design_1_i/ddr4_0/inst/u_ddr4_infrastructure/mmcm_clk_in
    MMCM_X0Y1            MMCME4_ADV (Prop_MMCM_CLKIN1_CLKOUT0)
                                                      0.230     0.795 r                       u_ddr_memory/u_ddr_bd/design_1_i/ddr4_0/inst/u_ddr4_infrastructure/gen_mmcme4.u_mmcme_adv_inst/CLKOUT0
                         net (fo=1, routed)           0.146     0.941                         u_ddr_memory/u_ddr_bd/design_1_i/ddr4_0/inst/u_ddr4_infrastructure/mmcm_clkout0
    BUFGCE_X0Y42         BUFGCE (Prop_BUFCE_BUFGCE_I_O)
                                                      0.017     0.958 r                       u_ddr_memory/u_ddr_bd/design_1_i/ddr4_0/inst/u_ddr4_infrastructure/u_bufg_divClk/O
    X4Y3 (CLOCK_ROOT)    net (fo=124013, routed)      2.018     2.976                         u_camera_hdmi/u_camera_subsystem/g_camera_frontend[0].u_camera/ddr4_ui_clk
    SLR Crossing[0->3]   
    BITSLICE_RX_TX_X0Y679
                         FDRE                                         r                       u_camera_hdmi/u_camera_subsystem/g_camera_frontend[0].u_camera/dvp_data_iob_reg[6]/C
  -------------------------------------------------------------------    ----------------------------------------
    BITSLICE_RX_TX_X0Y679
                         FDRE (Prop_IN_FF_BITSLICE_COMPONENT_RX_TX_C_Q)
                                                      0.174     3.150 r                       u_camera_hdmi/u_camera_subsystem/g_camera_frontend[0].u_camera/dvp_data_iob_reg[6]/Q
                         net (fo=1, routed)           0.711     3.861                         u_camera_hdmi/u_camera_subsystem/g_camera_frontend[0].u_camera/dvp_data_iob[6]
    SLR Crossing[3->2]   
    SLICE_X112Y719       FDRE                                         r  pblock_dvp_sync_slr3 u_camera_hdmi/u_camera_subsystem/g_camera_frontend[0].u_camera/dvp_data_sync_reg[6]/D
  -------------------------------------------------------------------    ----------------------------------------

                         (clock mmcm_clkout0 rise edge)
                                                      0.000     0.000 r                       
    BA27                                              0.000     0.000 r                       c0_sys_clk_p (IN)
                         net (fo=0)                   0.100     0.100                         u_ddr_memory/u_ddr_bd/design_1_i/ddr4_0/inst/u_ddr4_mem_intfc/u_mig_ddr4_phy/inst/u_ddr4_phy_pll/diff_input_clk.u_ibufg_sys_clk/I
    HPIOBDIFFINBUF_X0Y35 DIFFINBUF (Prop_DIFFINBUF_HPIOBDIFFINBUF_DIFF_IN_P_O)
                                                      0.341     0.441 r                       u_ddr_memory/u_ddr_bd/design_1_i/ddr4_0/inst/u_ddr4_mem_intfc/u_mig_ddr4_phy/inst/u_ddr4_phy_pll/diff_input_clk.u_ibufg_sys_clk/DIFFINBUF_INST/O
                         net (fo=1, routed)           0.050     0.491                         u_ddr_memory/u_ddr_bd/design_1_i/ddr4_0/inst/u_ddr4_mem_intfc/u_mig_ddr4_phy/inst/u_ddr4_phy_pll/diff_input_clk.u_ibufg_sys_clk/OUT
    BA27                 IBUFCTRL (Prop_IBUFCTRL_HPIOB_M_I_O)
                                                      0.000     0.491 r                       u_ddr_memory/u_ddr_bd/design_1_i/ddr4_0/inst/u_ddr4_mem_intfc/u_mig_ddr4_phy/inst/u_ddr4_phy_pll/diff_input_clk.u_ibufg_sys_clk/IBUFCTRL_INST/O
                         net (fo=2, routed)           0.230     0.721                         u_ddr_memory/u_ddr_bd/design_1_i/ddr4_0/inst/u_ddr4_infrastructure/mmcm_clk_in
    MMCM_X0Y1            MMCME4_ADV (Prop_MMCM_CLKIN1_CLKOUT0)
                                                     -0.295     0.426 r                       u_ddr_memory/u_ddr_bd/design_1_i/ddr4_0/inst/u_ddr4_infrastructure/gen_mmcme4.u_mmcme_adv_inst/CLKOUT0
                         net (fo=1, routed)           0.166     0.592                         u_ddr_memory/u_ddr_bd/design_1_i/ddr4_0/inst/u_ddr4_infrastructure/mmcm_clkout0
    BUFGCE_X0Y42         BUFGCE (Prop_BUFCE_BUFGCE_I_O)
                                                      0.019     0.611 r                       u_ddr_memory/u_ddr_bd/design_1_i/ddr4_0/inst/u_ddr4_infrastructure/u_bufg_divClk/O
    X4Y3 (CLOCK_ROOT)    net (fo=124013, routed)      2.121     2.732                         u_camera_hdmi/u_camera_subsystem/g_camera_frontend[0].u_camera/ddr4_ui_clk
    SLR Crossing[0->2]   
    SLICE_X112Y719       FDRE                                         r  pblock_dvp_sync_slr3 u_camera_hdmi/u_camera_subsystem/g_camera_frontend[0].u_camera/dvp_data_sync_reg[6]/C

Slack:                    inf
  Source:                 u_camera_hdmi/u_camera_subsystem/g_camera_frontend[1].u_camera/dvp_href_iob_reg/C
                            (rising edge-triggered cell FDRE clocked by mmcm_clkout0  {rise@0.000ns fall@1.666ns period=3.332ns})
  Destination:            u_camera_hdmi/u_camera_subsystem/g_camera_frontend[1].u_camera/dvp_href_sync_reg/D
                            (rising edge-triggered cell FDRE clocked by mmcm_clkout0  {rise@0.000ns fall@1.666ns period=3.332ns})
  Path Group:             (none)
  Path Type:              Hold (Min at Fast Process Corner)
  Data Path Delay:        0.890ns  (logic 0.199ns (22.360%)  route 0.691ns (77.640%))
  Logic Levels:           0  
  Clock Path Skew:        -0.101ns (DCD - SCD - CPR)
    Destination Clock Delay (DCD):    2.882ns
    Source Clock Delay      (SCD):    2.983ns
    Clock Pessimism Removal (CPR):    -0.000ns
  Clock Uncertainty:      0.052ns  ((TSJ^2 + DJ^2)^1/2) / 2 + PE
    Total System Jitter     (TSJ):    0.071ns
    Discrete Jitter          (DJ):    0.077ns
    Phase Error              (PE):    0.000ns
  Clock Net Delay (Source):      2.025ns (routing 0.490ns, distribution 1.535ns)
  Clock Net Delay (Destination): 2.271ns (routing 0.548ns, distribution 1.723ns)
  Timing Exception:       False Path

    Location             Delay type                Incr(ns)  Path(ns)    PBlock               Netlist Resource(s)
  -------------------------------------------------------------------    ----------------------------------------
                         (clock mmcm_clkout0 rise edge)
                                                      0.000     0.000 r                       
    BA27                                              0.000     0.000 r                       c0_sys_clk_p (IN)
                         net (fo=0)                   0.079     0.079                         u_ddr_memory/u_ddr_bd/design_1_i/ddr4_0/inst/u_ddr4_mem_intfc/u_mig_ddr4_phy/inst/u_ddr4_phy_pll/diff_input_clk.u_ibufg_sys_clk/I
    HPIOBDIFFINBUF_X0Y35 DIFFINBUF (Prop_DIFFINBUF_HPIOBDIFFINBUF_DIFF_IN_P_O)
                                                      0.243     0.322 r                       u_ddr_memory/u_ddr_bd/design_1_i/ddr4_0/inst/u_ddr4_mem_intfc/u_mig_ddr4_phy/inst/u_ddr4_phy_pll/diff_input_clk.u_ibufg_sys_clk/DIFFINBUF_INST/O
                         net (fo=1, routed)           0.040     0.362                         u_ddr_memory/u_ddr_bd/design_1_i/ddr4_0/inst/u_ddr4_mem_intfc/u_mig_ddr4_phy/inst/u_ddr4_phy_pll/diff_input_clk.u_ibufg_sys_clk/OUT
    BA27                 IBUFCTRL (Prop_IBUFCTRL_HPIOB_M_I_O)
                                                      0.000     0.362 r                       u_ddr_memory/u_ddr_bd/design_1_i/ddr4_0/inst/u_ddr4_mem_intfc/u_mig_ddr4_phy/inst/u_ddr4_phy_pll/diff_input_clk.u_ibufg_sys_clk/IBUFCTRL_INST/O
                         net (fo=2, routed)           0.203     0.565                         u_ddr_memory/u_ddr_bd/design_1_i/ddr4_0/inst/u_ddr4_infrastructure/mmcm_clk_in
    MMCM_X0Y1            MMCME4_ADV (Prop_MMCM_CLKIN1_CLKOUT0)
                                                      0.230     0.795 r                       u_ddr_memory/u_ddr_bd/design_1_i/ddr4_0/inst/u_ddr4_infrastructure/gen_mmcme4.u_mmcme_adv_inst/CLKOUT0
                         net (fo=1, routed)           0.146     0.941                         u_ddr_memory/u_ddr_bd/design_1_i/ddr4_0/inst/u_ddr4_infrastructure/mmcm_clkout0
    BUFGCE_X0Y42         BUFGCE (Prop_BUFCE_BUFGCE_I_O)
                                                      0.017     0.958 r                       u_ddr_memory/u_ddr_bd/design_1_i/ddr4_0/inst/u_ddr4_infrastructure/u_bufg_divClk/O
    X4Y3 (CLOCK_ROOT)    net (fo=124013, routed)      2.025     2.983                         u_camera_hdmi/u_camera_subsystem/g_camera_frontend[1].u_camera/ddr4_ui_clk
    SLR Crossing[0->3]   
    BITSLICE_RX_TX_X0Y686
                         FDRE                                         r                       u_camera_hdmi/u_camera_subsystem/g_camera_frontend[1].u_camera/dvp_href_iob_reg/C
  -------------------------------------------------------------------    ----------------------------------------
    BITSLICE_RX_TX_X0Y686
                         FDRE (Prop_IN_FF_BITSLICE_COMPONENT_RX_TX_C_Q)
                                                      0.199     3.182 r                       u_camera_hdmi/u_camera_subsystem/g_camera_frontend[1].u_camera/dvp_href_iob_reg/Q
                         net (fo=1, routed)           0.691     3.873                         u_camera_hdmi/u_camera_subsystem/g_camera_frontend[1].u_camera/dvp_href_iob
    SLICE_X112Y720       FDRE                                         r  pblock_dvp_sync_slr3 u_camera_hdmi/u_camera_subsystem/g_camera_frontend[1].u_camera/dvp_href_sync_reg/D
  -------------------------------------------------------------------    ----------------------------------------

                         (clock mmcm_clkout0 rise edge)
                                                      0.000     0.000 r                       
    BA27                                              0.000     0.000 r                       c0_sys_clk_p (IN)
                         net (fo=0)                   0.100     0.100                         u_ddr_memory/u_ddr_bd/design_1_i/ddr4_0/inst/u_ddr4_mem_intfc/u_mig_ddr4_phy/inst/u_ddr4_phy_pll/diff_input_clk.u_ibufg_sys_clk/I
    HPIOBDIFFINBUF_X0Y35 DIFFINBUF (Prop_DIFFINBUF_HPIOBDIFFINBUF_DIFF_IN_P_O)
                                                      0.341     0.441 r                       u_ddr_memory/u_ddr_bd/design_1_i/ddr4_0/inst/u_ddr4_mem_intfc/u_mig_ddr4_phy/inst/u_ddr4_phy_pll/diff_input_clk.u_ibufg_sys_clk/DIFFINBUF_INST/O
                         net (fo=1, routed)           0.050     0.491                         u_ddr_memory/u_ddr_bd/design_1_i/ddr4_0/inst/u_ddr4_mem_intfc/u_mig_ddr4_phy/inst/u_ddr4_phy_pll/diff_input_clk.u_ibufg_sys_clk/OUT
    BA27                 IBUFCTRL (Prop_IBUFCTRL_HPIOB_M_I_O)
                                                      0.000     0.491 r                       u_ddr_memory/u_ddr_bd/design_1_i/ddr4_0/inst/u_ddr4_mem_intfc/u_mig_ddr4_phy/inst/u_ddr4_phy_pll/diff_input_clk.u_ibufg_sys_clk/IBUFCTRL_INST/O
                         net (fo=2, routed)           0.230     0.721                         u_ddr_memory/u_ddr_bd/design_1_i/ddr4_0/inst/u_ddr4_infrastructure/mmcm_clk_in
    MMCM_X0Y1            MMCME4_ADV (Prop_MMCM_CLKIN1_CLKOUT0)
                                                     -0.295     0.426 r                       u_ddr_memory/u_ddr_bd/design_1_i/ddr4_0/inst/u_ddr4_infrastructure/gen_mmcme4.u_mmcme_adv_inst/CLKOUT0
                         net (fo=1, routed)           0.166     0.592                         u_ddr_memory/u_ddr_bd/design_1_i/ddr4_0/inst/u_ddr4_infrastructure/mmcm_clkout0
    BUFGCE_X0Y42         BUFGCE (Prop_BUFCE_BUFGCE_I_O)
                                                      0.019     0.611 r                       u_ddr_memory/u_ddr_bd/design_1_i/ddr4_0/inst/u_ddr4_infrastructure/u_bufg_divClk/O
    X4Y3 (CLOCK_ROOT)    net (fo=124013, routed)      2.271     2.882                         u_camera_hdmi/u_camera_subsystem/g_camera_frontend[1].u_camera/ddr4_ui_clk
    SLR Crossing[0->3]   
    SLICE_X112Y720       FDRE                                         r  pblock_dvp_sync_slr3 u_camera_hdmi/u_camera_subsystem/g_camera_frontend[1].u_camera/dvp_href_sync_reg/C

Slack:                    inf
  Source:                 u_camera_hdmi/u_camera_subsystem/g_camera_frontend[0].u_camera/dvp_data_iob_reg[0]/C
                            (rising edge-triggered cell FDRE clocked by mmcm_clkout0  {rise@0.000ns fall@1.666ns period=3.332ns})
  Destination:            u_camera_hdmi/u_camera_subsystem/g_camera_frontend[0].u_camera/dvp_data_sync_reg[0]/D
                            (rising edge-triggered cell FDRE clocked by mmcm_clkout0  {rise@0.000ns fall@1.666ns period=3.332ns})
  Path Group:             (none)
  Path Type:              Hold (Min at Fast Process Corner)
  Data Path Delay:        0.903ns  (logic 0.124ns (13.732%)  route 0.779ns (86.268%))
  Logic Levels:           0  
  Clock Path Skew:        -0.024ns (DCD - SCD - CPR)
    Destination Clock Delay (DCD):    2.949ns
    Source Clock Delay      (SCD):    2.973ns
    Clock Pessimism Removal (CPR):    -0.000ns
  Clock Uncertainty:      0.052ns  ((TSJ^2 + DJ^2)^1/2) / 2 + PE
    Total System Jitter     (TSJ):    0.071ns
    Discrete Jitter          (DJ):    0.077ns
    Phase Error              (PE):    0.000ns
  Clock Net Delay (Source):      2.015ns (routing 0.490ns, distribution 1.525ns)
  Clock Net Delay (Destination): 2.338ns (routing 0.548ns, distribution 1.790ns)
  Timing Exception:       False Path

    Location             Delay type                Incr(ns)  Path(ns)    PBlock               Netlist Resource(s)
  -------------------------------------------------------------------    ----------------------------------------
                         (clock mmcm_clkout0 rise edge)
                                                      0.000     0.000 r                       
    BA27                                              0.000     0.000 r                       c0_sys_clk_p (IN)
                         net (fo=0)                   0.079     0.079                         u_ddr_memory/u_ddr_bd/design_1_i/ddr4_0/inst/u_ddr4_mem_intfc/u_mig_ddr4_phy/inst/u_ddr4_phy_pll/diff_input_clk.u_ibufg_sys_clk/I
    HPIOBDIFFINBUF_X0Y35 DIFFINBUF (Prop_DIFFINBUF_HPIOBDIFFINBUF_DIFF_IN_P_O)
                                                      0.243     0.322 r                       u_ddr_memory/u_ddr_bd/design_1_i/ddr4_0/inst/u_ddr4_mem_intfc/u_mig_ddr4_phy/inst/u_ddr4_phy_pll/diff_input_clk.u_ibufg_sys_clk/DIFFINBUF_INST/O
                         net (fo=1, routed)           0.040     0.362                         u_ddr_memory/u_ddr_bd/design_1_i/ddr4_0/inst/u_ddr4_mem_intfc/u_mig_ddr4_phy/inst/u_ddr4_phy_pll/diff_input_clk.u_ibufg_sys_clk/OUT
    BA27                 IBUFCTRL (Prop_IBUFCTRL_HPIOB_M_I_O)
                                                      0.000     0.362 r                       u_ddr_memory/u_ddr_bd/design_1_i/ddr4_0/inst/u_ddr4_mem_intfc/u_mig_ddr4_phy/inst/u_ddr4_phy_pll/diff_input_clk.u_ibufg_sys_clk/IBUFCTRL_INST/O
                         net (fo=2, routed)           0.203     0.565                         u_ddr_memory/u_ddr_bd/design_1_i/ddr4_0/inst/u_ddr4_infrastructure/mmcm_clk_in
    MMCM_X0Y1            MMCME4_ADV (Prop_MMCM_CLKIN1_CLKOUT0)
                                                      0.230     0.795 r                       u_ddr_memory/u_ddr_bd/design_1_i/ddr4_0/inst/u_ddr4_infrastructure/gen_mmcme4.u_mmcme_adv_inst/CLKOUT0
                         net (fo=1, routed)           0.146     0.941                         u_ddr_memory/u_ddr_bd/design_1_i/ddr4_0/inst/u_ddr4_infrastructure/mmcm_clkout0
    BUFGCE_X0Y42         BUFGCE (Prop_BUFCE_BUFGCE_I_O)
                                                      0.017     0.958 r                       u_ddr_memory/u_ddr_bd/design_1_i/ddr4_0/inst/u_ddr4_infrastructure/u_bufg_divClk/O
    X4Y3 (CLOCK_ROOT)    net (fo=124013, routed)      2.015     2.973                         u_camera_hdmi/u_camera_subsystem/g_camera_frontend[0].u_camera/ddr4_ui_clk
    SLR Crossing[0->3]   
    BITSLICE_RX_TX_X0Y681
                         FDRE                                         r                       u_camera_hdmi/u_camera_subsystem/g_camera_frontend[0].u_camera/dvp_data_iob_reg[0]/C
  -------------------------------------------------------------------    ----------------------------------------
    BITSLICE_RX_TX_X0Y681
                         FDRE (Prop_IN_FF_BITSLICE_COMPONENT_RX_TX_C_Q)
                                                      0.124     3.097 r                       u_camera_hdmi/u_camera_subsystem/g_camera_frontend[0].u_camera/dvp_data_iob_reg[0]/Q
                         net (fo=1, routed)           0.779     3.876                         u_camera_hdmi/u_camera_subsystem/g_camera_frontend[0].u_camera/dvp_data_iob[0]
    SLR Crossing[3->2]   
    SLICE_X110Y702       FDRE                                         r  pblock_dvp_sync_slr3 u_camera_hdmi/u_camera_subsystem/g_camera_frontend[0].u_camera/dvp_data_sync_reg[0]/D
  -------------------------------------------------------------------    ----------------------------------------

                         (clock mmcm_clkout0 rise edge)
                                                      0.000     0.000 r                       
    BA27                                              0.000     0.000 r                       c0_sys_clk_p (IN)
                         net (fo=0)                   0.100     0.100                         u_ddr_memory/u_ddr_bd/design_1_i/ddr4_0/inst/u_ddr4_mem_intfc/u_mig_ddr4_phy/inst/u_ddr4_phy_pll/diff_input_clk.u_ibufg_sys_clk/I
    HPIOBDIFFINBUF_X0Y35 DIFFINBUF (Prop_DIFFINBUF_HPIOBDIFFINBUF_DIFF_IN_P_O)
                                                      0.341     0.441 r                       u_ddr_memory/u_ddr_bd/design_1_i/ddr4_0/inst/u_ddr4_mem_intfc/u_mig_ddr4_phy/inst/u_ddr4_phy_pll/diff_input_clk.u_ibufg_sys_clk/DIFFINBUF_INST/O
                         net (fo=1, routed)           0.050     0.491                         u_ddr_memory/u_ddr_bd/design_1_i/ddr4_0/inst/u_ddr4_mem_intfc/u_mig_ddr4_phy/inst/u_ddr4_phy_pll/diff_input_clk.u_ibufg_sys_clk/OUT
    BA27                 IBUFCTRL (Prop_IBUFCTRL_HPIOB_M_I_O)
                                                      0.000     0.491 r                       u_ddr_memory/u_ddr_bd/design_1_i/ddr4_0/inst/u_ddr4_mem_intfc/u_mig_ddr4_phy/inst/u_ddr4_phy_pll/diff_input_clk.u_ibufg_sys_clk/IBUFCTRL_INST/O
                         net (fo=2, routed)           0.230     0.721                         u_ddr_memory/u_ddr_bd/design_1_i/ddr4_0/inst/u_ddr4_infrastructure/mmcm_clk_in
    MMCM_X0Y1            MMCME4_ADV (Prop_MMCM_CLKIN1_CLKOUT0)
                                                     -0.295     0.426 r                       u_ddr_memory/u_ddr_bd/design_1_i/ddr4_0/inst/u_ddr4_infrastructure/gen_mmcme4.u_mmcme_adv_inst/CLKOUT0
                         net (fo=1, routed)           0.166     0.592                         u_ddr_memory/u_ddr_bd/design_1_i/ddr4_0/inst/u_ddr4_infrastructure/mmcm_clkout0
    BUFGCE_X0Y42         BUFGCE (Prop_BUFCE_BUFGCE_I_O)
                                                      0.019     0.611 r                       u_ddr_memory/u_ddr_bd/design_1_i/ddr4_0/inst/u_ddr4_infrastructure/u_bufg_divClk/O
    X4Y3 (CLOCK_ROOT)    net (fo=124013, routed)      2.338     2.949                         u_camera_hdmi/u_camera_subsystem/g_camera_frontend[0].u_camera/ddr4_ui_clk
    SLR Crossing[0->2]   
    SLICE_X110Y702       FDRE                                         r  pblock_dvp_sync_slr3 u_camera_hdmi/u_camera_subsystem/g_camera_frontend[0].u_camera/dvp_data_sync_reg[0]/C

Slack:                    inf
  Source:                 u_camera_hdmi/u_camera_subsystem/g_camera_frontend[0].u_camera/dvp_href_iob_reg/C
                            (rising edge-triggered cell FDRE clocked by mmcm_clkout0  {rise@0.000ns fall@1.666ns period=3.332ns})
  Destination:            u_camera_hdmi/u_camera_subsystem/g_camera_frontend[0].u_camera/dvp_href_sync_reg/D
                            (rising edge-triggered cell FDRE clocked by mmcm_clkout0  {rise@0.000ns fall@1.666ns period=3.332ns})
  Path Group:             (none)
  Path Type:              Hold (Min at Fast Process Corner)
  Data Path Delay:        0.909ns  (logic 0.124ns (13.641%)  route 0.785ns (86.359%))
  Logic Levels:           0  
  Clock Path Skew:        -0.034ns (DCD - SCD - CPR)
    Destination Clock Delay (DCD):    2.936ns
    Source Clock Delay      (SCD):    2.970ns
    Clock Pessimism Removal (CPR):    -0.000ns
  Clock Uncertainty:      0.052ns  ((TSJ^2 + DJ^2)^1/2) / 2 + PE
    Total System Jitter     (TSJ):    0.071ns
    Discrete Jitter          (DJ):    0.077ns
    Phase Error              (PE):    0.000ns
  Clock Net Delay (Source):      2.012ns (routing 0.490ns, distribution 1.522ns)
  Clock Net Delay (Destination): 2.325ns (routing 0.548ns, distribution 1.777ns)
  Timing Exception:       False Path

    Location             Delay type                Incr(ns)  Path(ns)    PBlock               Netlist Resource(s)
  -------------------------------------------------------------------    ----------------------------------------
                         (clock mmcm_clkout0 rise edge)
                                                      0.000     0.000 r                       
    BA27                                              0.000     0.000 r                       c0_sys_clk_p (IN)
                         net (fo=0)                   0.079     0.079                         u_ddr_memory/u_ddr_bd/design_1_i/ddr4_0/inst/u_ddr4_mem_intfc/u_mig_ddr4_phy/inst/u_ddr4_phy_pll/diff_input_clk.u_ibufg_sys_clk/I
    HPIOBDIFFINBUF_X0Y35 DIFFINBUF (Prop_DIFFINBUF_HPIOBDIFFINBUF_DIFF_IN_P_O)
                                                      0.243     0.322 r                       u_ddr_memory/u_ddr_bd/design_1_i/ddr4_0/inst/u_ddr4_mem_intfc/u_mig_ddr4_phy/inst/u_ddr4_phy_pll/diff_input_clk.u_ibufg_sys_clk/DIFFINBUF_INST/O
                         net (fo=1, routed)           0.040     0.362                         u_ddr_memory/u_ddr_bd/design_1_i/ddr4_0/inst/u_ddr4_mem_intfc/u_mig_ddr4_phy/inst/u_ddr4_phy_pll/diff_input_clk.u_ibufg_sys_clk/OUT
    BA27                 IBUFCTRL (Prop_IBUFCTRL_HPIOB_M_I_O)
                                                      0.000     0.362 r                       u_ddr_memory/u_ddr_bd/design_1_i/ddr4_0/inst/u_ddr4_mem_intfc/u_mig_ddr4_phy/inst/u_ddr4_phy_pll/diff_input_clk.u_ibufg_sys_clk/IBUFCTRL_INST/O
                         net (fo=2, routed)           0.203     0.565                         u_ddr_memory/u_ddr_bd/design_1_i/ddr4_0/inst/u_ddr4_infrastructure/mmcm_clk_in
    MMCM_X0Y1            MMCME4_ADV (Prop_MMCM_CLKIN1_CLKOUT0)
                                                      0.230     0.795 r                       u_ddr_memory/u_ddr_bd/design_1_i/ddr4_0/inst/u_ddr4_infrastructure/gen_mmcme4.u_mmcme_adv_inst/CLKOUT0
                         net (fo=1, routed)           0.146     0.941                         u_ddr_memory/u_ddr_bd/design_1_i/ddr4_0/inst/u_ddr4_infrastructure/mmcm_clkout0
    BUFGCE_X0Y42         BUFGCE (Prop_BUFCE_BUFGCE_I_O)
                                                      0.017     0.958 r                       u_ddr_memory/u_ddr_bd/design_1_i/ddr4_0/inst/u_ddr4_infrastructure/u_bufg_divClk/O
    X4Y3 (CLOCK_ROOT)    net (fo=124013, routed)      2.012     2.970                         u_camera_hdmi/u_camera_subsystem/g_camera_frontend[0].u_camera/ddr4_ui_clk
    SLR Crossing[0->3]   
    BITSLICE_RX_TX_X0Y708
                         FDRE                                         r                       u_camera_hdmi/u_camera_subsystem/g_camera_frontend[0].u_camera/dvp_href_iob_reg/C
  -------------------------------------------------------------------    ----------------------------------------
    BITSLICE_RX_TX_X0Y708
                         FDRE (Prop_IN_FF_BITSLICE_COMPONENT_RX_TX_C_Q)
                                                      0.124     3.094 r                       u_camera_hdmi/u_camera_subsystem/g_camera_frontend[0].u_camera/dvp_href_iob_reg/Q
                         net (fo=1, routed)           0.785     3.879                         u_camera_hdmi/u_camera_subsystem/g_camera_frontend[0].u_camera/dvp_href_iob
    SLICE_X113Y720       FDRE                                         r  pblock_dvp_sync_slr3 u_camera_hdmi/u_camera_subsystem/g_camera_frontend[0].u_camera/dvp_href_sync_reg/D
  -------------------------------------------------------------------    ----------------------------------------

                         (clock mmcm_clkout0 rise edge)
                                                      0.000     0.000 r                       
    BA27                                              0.000     0.000 r                       c0_sys_clk_p (IN)
                         net (fo=0)                   0.100     0.100                         u_ddr_memory/u_ddr_bd/design_1_i/ddr4_0/inst/u_ddr4_mem_intfc/u_mig_ddr4_phy/inst/u_ddr4_phy_pll/diff_input_clk.u_ibufg_sys_clk/I
    HPIOBDIFFINBUF_X0Y35 DIFFINBUF (Prop_DIFFINBUF_HPIOBDIFFINBUF_DIFF_IN_P_O)
                                                      0.341     0.441 r                       u_ddr_memory/u_ddr_bd/design_1_i/ddr4_0/inst/u_ddr4_mem_intfc/u_mig_ddr4_phy/inst/u_ddr4_phy_pll/diff_input_clk.u_ibufg_sys_clk/DIFFINBUF_INST/O
                         net (fo=1, routed)           0.050     0.491                         u_ddr_memory/u_ddr_bd/design_1_i/ddr4_0/inst/u_ddr4_mem_intfc/u_mig_ddr4_phy/inst/u_ddr4_phy_pll/diff_input_clk.u_ibufg_sys_clk/OUT
    BA27                 IBUFCTRL (Prop_IBUFCTRL_HPIOB_M_I_O)
                                                      0.000     0.491 r                       u_ddr_memory/u_ddr_bd/design_1_i/ddr4_0/inst/u_ddr4_mem_intfc/u_mig_ddr4_phy/inst/u_ddr4_phy_pll/diff_input_clk.u_ibufg_sys_clk/IBUFCTRL_INST/O
                         net (fo=2, routed)           0.230     0.721                         u_ddr_memory/u_ddr_bd/design_1_i/ddr4_0/inst/u_ddr4_infrastructure/mmcm_clk_in
    MMCM_X0Y1            MMCME4_ADV (Prop_MMCM_CLKIN1_CLKOUT0)
                                                     -0.295     0.426 r                       u_ddr_memory/u_ddr_bd/design_1_i/ddr4_0/inst/u_ddr4_infrastructure/gen_mmcme4.u_mmcme_adv_inst/CLKOUT0
                         net (fo=1, routed)           0.166     0.592                         u_ddr_memory/u_ddr_bd/design_1_i/ddr4_0/inst/u_ddr4_infrastructure/mmcm_clkout0
    BUFGCE_X0Y42         BUFGCE (Prop_BUFCE_BUFGCE_I_O)
                                                      0.019     0.611 r                       u_ddr_memory/u_ddr_bd/design_1_i/ddr4_0/inst/u_ddr4_infrastructure/u_bufg_divClk/O
    X4Y3 (CLOCK_ROOT)    net (fo=124013, routed)      2.325     2.936                         u_camera_hdmi/u_camera_subsystem/g_camera_frontend[0].u_camera/ddr4_ui_clk
    SLR Crossing[0->3]   
    SLICE_X113Y720       FDRE                                         r  pblock_dvp_sync_slr3 u_camera_hdmi/u_camera_subsystem/g_camera_frontend[0].u_camera/dvp_href_sync_reg/C

Slack:                    inf
  Source:                 u_camera_hdmi/u_camera_subsystem/g_camera_frontend[1].u_camera/dvp_data_iob_reg[0]/C
                            (rising edge-triggered cell FDRE clocked by mmcm_clkout0  {rise@0.000ns fall@1.666ns period=3.332ns})
  Destination:            u_camera_hdmi/u_camera_subsystem/g_camera_frontend[1].u_camera/dvp_data_sync_reg[0]/D
                            (rising edge-triggered cell FDRE clocked by mmcm_clkout0  {rise@0.000ns fall@1.666ns period=3.332ns})
  Path Group:             (none)
  Path Type:              Hold (Min at Fast Process Corner)
  Data Path Delay:        0.916ns  (logic 0.124ns (13.537%)  route 0.792ns (86.463%))
  Logic Levels:           0  
  Clock Path Skew:        -0.089ns (DCD - SCD - CPR)
    Destination Clock Delay (DCD):    2.882ns
    Source Clock Delay      (SCD):    2.971ns
    Clock Pessimism Removal (CPR):    -0.000ns
  Clock Uncertainty:      0.052ns  ((TSJ^2 + DJ^2)^1/2) / 2 + PE
    Total System Jitter     (TSJ):    0.071ns
    Discrete Jitter          (DJ):    0.077ns
    Phase Error              (PE):    0.000ns
  Clock Net Delay (Source):      2.013ns (routing 0.490ns, distribution 1.523ns)
  Clock Net Delay (Destination): 2.271ns (routing 0.548ns, distribution 1.723ns)
  Timing Exception:       False Path

    Location             Delay type                Incr(ns)  Path(ns)    PBlock               Netlist Resource(s)
  -------------------------------------------------------------------    ----------------------------------------
                         (clock mmcm_clkout0 rise edge)
                                                      0.000     0.000 r                       
    BA27                                              0.000     0.000 r                       c0_sys_clk_p (IN)
                         net (fo=0)                   0.079     0.079                         u_ddr_memory/u_ddr_bd/design_1_i/ddr4_0/inst/u_ddr4_mem_intfc/u_mig_ddr4_phy/inst/u_ddr4_phy_pll/diff_input_clk.u_ibufg_sys_clk/I
    HPIOBDIFFINBUF_X0Y35 DIFFINBUF (Prop_DIFFINBUF_HPIOBDIFFINBUF_DIFF_IN_P_O)
                                                      0.243     0.322 r                       u_ddr_memory/u_ddr_bd/design_1_i/ddr4_0/inst/u_ddr4_mem_intfc/u_mig_ddr4_phy/inst/u_ddr4_phy_pll/diff_input_clk.u_ibufg_sys_clk/DIFFINBUF_INST/O
                         net (fo=1, routed)           0.040     0.362                         u_ddr_memory/u_ddr_bd/design_1_i/ddr4_0/inst/u_ddr4_mem_intfc/u_mig_ddr4_phy/inst/u_ddr4_phy_pll/diff_input_clk.u_ibufg_sys_clk/OUT
    BA27                 IBUFCTRL (Prop_IBUFCTRL_HPIOB_M_I_O)
                                                      0.000     0.362 r                       u_ddr_memory/u_ddr_bd/design_1_i/ddr4_0/inst/u_ddr4_mem_intfc/u_mig_ddr4_phy/inst/u_ddr4_phy_pll/diff_input_clk.u_ibufg_sys_clk/IBUFCTRL_INST/O
                         net (fo=2, routed)           0.203     0.565                         u_ddr_memory/u_ddr_bd/design_1_i/ddr4_0/inst/u_ddr4_infrastructure/mmcm_clk_in
    MMCM_X0Y1            MMCME4_ADV (Prop_MMCM_CLKIN1_CLKOUT0)
                                                      0.230     0.795 r                       u_ddr_memory/u_ddr_bd/design_1_i/ddr4_0/inst/u_ddr4_infrastructure/gen_mmcme4.u_mmcme_adv_inst/CLKOUT0
                         net (fo=1, routed)           0.146     0.941                         u_ddr_memory/u_ddr_bd/design_1_i/ddr4_0/inst/u_ddr4_infrastructure/mmcm_clkout0
    BUFGCE_X0Y42         BUFGCE (Prop_BUFCE_BUFGCE_I_O)
                                                      0.017     0.958 r                       u_ddr_memory/u_ddr_bd/design_1_i/ddr4_0/inst/u_ddr4_infrastructure/u_bufg_divClk/O
    X4Y3 (CLOCK_ROOT)    net (fo=124013, routed)      2.013     2.971                         u_camera_hdmi/u_camera_subsystem/g_camera_frontend[1].u_camera/ddr4_ui_clk
    SLR Crossing[0->3]   
    BITSLICE_RX_TX_X0Y707
                         FDRE                                         r                       u_camera_hdmi/u_camera_subsystem/g_camera_frontend[1].u_camera/dvp_data_iob_reg[0]/C
  -------------------------------------------------------------------    ----------------------------------------
    BITSLICE_RX_TX_X0Y707
                         FDRE (Prop_IN_FF_BITSLICE_COMPONENT_RX_TX_C_Q)
                                                      0.124     3.095 r                       u_camera_hdmi/u_camera_subsystem/g_camera_frontend[1].u_camera/dvp_data_iob_reg[0]/Q
                         net (fo=1, routed)           0.792     3.887                         u_camera_hdmi/u_camera_subsystem/g_camera_frontend[1].u_camera/dvp_data_iob[0]
    SLICE_X112Y720       FDRE                                         r  pblock_dvp_sync_slr3 u_camera_hdmi/u_camera_subsystem/g_camera_frontend[1].u_camera/dvp_data_sync_reg[0]/D
  -------------------------------------------------------------------    ----------------------------------------

                         (clock mmcm_clkout0 rise edge)
                                                      0.000     0.000 r                       
    BA27                                              0.000     0.000 r                       c0_sys_clk_p (IN)
                         net (fo=0)                   0.100     0.100                         u_ddr_memory/u_ddr_bd/design_1_i/ddr4_0/inst/u_ddr4_mem_intfc/u_mig_ddr4_phy/inst/u_ddr4_phy_pll/diff_input_clk.u_ibufg_sys_clk/I
    HPIOBDIFFINBUF_X0Y35 DIFFINBUF (Prop_DIFFINBUF_HPIOBDIFFINBUF_DIFF_IN_P_O)
                                                      0.341     0.441 r                       u_ddr_memory/u_ddr_bd/design_1_i/ddr4_0/inst/u_ddr4_mem_intfc/u_mig_ddr4_phy/inst/u_ddr4_phy_pll/diff_input_clk.u_ibufg_sys_clk/DIFFINBUF_INST/O
                         net (fo=1, routed)           0.050     0.491                         u_ddr_memory/u_ddr_bd/design_1_i/ddr4_0/inst/u_ddr4_mem_intfc/u_mig_ddr4_phy/inst/u_ddr4_phy_pll/diff_input_clk.u_ibufg_sys_clk/OUT
    BA27                 IBUFCTRL (Prop_IBUFCTRL_HPIOB_M_I_O)
                                                      0.000     0.491 r                       u_ddr_memory/u_ddr_bd/design_1_i/ddr4_0/inst/u_ddr4_mem_intfc/u_mig_ddr4_phy/inst/u_ddr4_phy_pll/diff_input_clk.u_ibufg_sys_clk/IBUFCTRL_INST/O
                         net (fo=2, routed)           0.230     0.721                         u_ddr_memory/u_ddr_bd/design_1_i/ddr4_0/inst/u_ddr4_infrastructure/mmcm_clk_in
    MMCM_X0Y1            MMCME4_ADV (Prop_MMCM_CLKIN1_CLKOUT0)
                                                     -0.295     0.426 r                       u_ddr_memory/u_ddr_bd/design_1_i/ddr4_0/inst/u_ddr4_infrastructure/gen_mmcme4.u_mmcme_adv_inst/CLKOUT0
                         net (fo=1, routed)           0.166     0.592                         u_ddr_memory/u_ddr_bd/design_1_i/ddr4_0/inst/u_ddr4_infrastructure/mmcm_clkout0
    BUFGCE_X0Y42         BUFGCE (Prop_BUFCE_BUFGCE_I_O)
                                                      0.019     0.611 r                       u_ddr_memory/u_ddr_bd/design_1_i/ddr4_0/inst/u_ddr4_infrastructure/u_bufg_divClk/O
    X4Y3 (CLOCK_ROOT)    net (fo=124013, routed)      2.271     2.882                         u_camera_hdmi/u_camera_subsystem/g_camera_frontend[1].u_camera/ddr4_ui_clk
    SLR Crossing[0->3]   
    SLICE_X112Y720       FDRE                                         r  pblock_dvp_sync_slr3 u_camera_hdmi/u_camera_subsystem/g_camera_frontend[1].u_camera/dvp_data_sync_reg[0]/C

Slack:                    inf
  Source:                 u_camera_hdmi/u_camera_subsystem/g_camera_frontend[0].u_camera/dvp_data_iob_reg[1]/C
                            (rising edge-triggered cell FDRE clocked by mmcm_clkout0  {rise@0.000ns fall@1.666ns period=3.332ns})
  Destination:            u_camera_hdmi/u_camera_subsystem/g_camera_frontend[0].u_camera/dvp_data_sync_reg[1]/D
                            (rising edge-triggered cell FDRE clocked by mmcm_clkout0  {rise@0.000ns fall@1.666ns period=3.332ns})
  Path Group:             (none)
  Path Type:              Hold (Min at Fast Process Corner)
  Data Path Delay:        0.918ns  (logic 0.137ns (14.924%)  route 0.781ns (85.076%))
  Logic Levels:           0  
  Clock Path Skew:        -0.025ns (DCD - SCD - CPR)
    Destination Clock Delay (DCD):    2.950ns
    Source Clock Delay      (SCD):    2.975ns
    Clock Pessimism Removal (CPR):    -0.000ns
  Clock Uncertainty:      0.052ns  ((TSJ^2 + DJ^2)^1/2) / 2 + PE
    Total System Jitter     (TSJ):    0.071ns
    Discrete Jitter          (DJ):    0.077ns
    Phase Error              (PE):    0.000ns
  Clock Net Delay (Source):      2.017ns (routing 0.490ns, distribution 1.527ns)
  Clock Net Delay (Destination): 2.339ns (routing 0.548ns, distribution 1.791ns)
  Timing Exception:       False Path

    Location             Delay type                Incr(ns)  Path(ns)    PBlock               Netlist Resource(s)
  -------------------------------------------------------------------    ----------------------------------------
                         (clock mmcm_clkout0 rise edge)
                                                      0.000     0.000 r                       
    BA27                                              0.000     0.000 r                       c0_sys_clk_p (IN)
                         net (fo=0)                   0.079     0.079                         u_ddr_memory/u_ddr_bd/design_1_i/ddr4_0/inst/u_ddr4_mem_intfc/u_mig_ddr4_phy/inst/u_ddr4_phy_pll/diff_input_clk.u_ibufg_sys_clk/I
    HPIOBDIFFINBUF_X0Y35 DIFFINBUF (Prop_DIFFINBUF_HPIOBDIFFINBUF_DIFF_IN_P_O)
                                                      0.243     0.322 r                       u_ddr_memory/u_ddr_bd/design_1_i/ddr4_0/inst/u_ddr4_mem_intfc/u_mig_ddr4_phy/inst/u_ddr4_phy_pll/diff_input_clk.u_ibufg_sys_clk/DIFFINBUF_INST/O
                         net (fo=1, routed)           0.040     0.362                         u_ddr_memory/u_ddr_bd/design_1_i/ddr4_0/inst/u_ddr4_mem_intfc/u_mig_ddr4_phy/inst/u_ddr4_phy_pll/diff_input_clk.u_ibufg_sys_clk/OUT
    BA27                 IBUFCTRL (Prop_IBUFCTRL_HPIOB_M_I_O)
                                                      0.000     0.362 r                       u_ddr_memory/u_ddr_bd/design_1_i/ddr4_0/inst/u_ddr4_mem_intfc/u_mig_ddr4_phy/inst/u_ddr4_phy_pll/diff_input_clk.u_ibufg_sys_clk/IBUFCTRL_INST/O
                         net (fo=2, routed)           0.203     0.565                         u_ddr_memory/u_ddr_bd/design_1_i/ddr4_0/inst/u_ddr4_infrastructure/mmcm_clk_in
    MMCM_X0Y1            MMCME4_ADV (Prop_MMCM_CLKIN1_CLKOUT0)
                                                      0.230     0.795 r                       u_ddr_memory/u_ddr_bd/design_1_i/ddr4_0/inst/u_ddr4_infrastructure/gen_mmcme4.u_mmcme_adv_inst/CLKOUT0
                         net (fo=1, routed)           0.146     0.941                         u_ddr_memory/u_ddr_bd/design_1_i/ddr4_0/inst/u_ddr4_infrastructure/mmcm_clkout0
    BUFGCE_X0Y42         BUFGCE (Prop_BUFCE_BUFGCE_I_O)
                                                      0.017     0.958 r                       u_ddr_memory/u_ddr_bd/design_1_i/ddr4_0/inst/u_ddr4_infrastructure/u_bufg_divClk/O
    X4Y3 (CLOCK_ROOT)    net (fo=124013, routed)      2.017     2.975                         u_camera_hdmi/u_camera_subsystem/g_camera_frontend[0].u_camera/ddr4_ui_clk
    SLR Crossing[0->3]   
    BITSLICE_RX_TX_X0Y680
                         FDRE                                         r                       u_camera_hdmi/u_camera_subsystem/g_camera_frontend[0].u_camera/dvp_data_iob_reg[1]/C
  -------------------------------------------------------------------    ----------------------------------------
    BITSLICE_RX_TX_X0Y680
                         FDRE (Prop_IN_FF_BITSLICE_COMPONENT_RX_TX_C_Q)
                                                      0.137     3.112 r                       u_camera_hdmi/u_camera_subsystem/g_camera_frontend[0].u_camera/dvp_data_iob_reg[1]/Q
                         net (fo=1, routed)           0.781     3.893                         u_camera_hdmi/u_camera_subsystem/g_camera_frontend[0].u_camera/dvp_data_iob[1]
    SLR Crossing[3->2]   
    SLICE_X110Y704       FDRE                                         r  pblock_dvp_sync_slr3 u_camera_hdmi/u_camera_subsystem/g_camera_frontend[0].u_camera/dvp_data_sync_reg[1]/D
  -------------------------------------------------------------------    ----------------------------------------

                         (clock mmcm_clkout0 rise edge)
                                                      0.000     0.000 r                       
    BA27                                              0.000     0.000 r                       c0_sys_clk_p (IN)
                         net (fo=0)                   0.100     0.100                         u_ddr_memory/u_ddr_bd/design_1_i/ddr4_0/inst/u_ddr4_mem_intfc/u_mig_ddr4_phy/inst/u_ddr4_phy_pll/diff_input_clk.u_ibufg_sys_clk/I
    HPIOBDIFFINBUF_X0Y35 DIFFINBUF (Prop_DIFFINBUF_HPIOBDIFFINBUF_DIFF_IN_P_O)
                                                      0.341     0.441 r                       u_ddr_memory/u_ddr_bd/design_1_i/ddr4_0/inst/u_ddr4_mem_intfc/u_mig_ddr4_phy/inst/u_ddr4_phy_pll/diff_input_clk.u_ibufg_sys_clk/DIFFINBUF_INST/O
                         net (fo=1, routed)           0.050     0.491                         u_ddr_memory/u_ddr_bd/design_1_i/ddr4_0/inst/u_ddr4_mem_intfc/u_mig_ddr4_phy/inst/u_ddr4_phy_pll/diff_input_clk.u_ibufg_sys_clk/OUT
    BA27                 IBUFCTRL (Prop_IBUFCTRL_HPIOB_M_I_O)
                                                      0.000     0.491 r                       u_ddr_memory/u_ddr_bd/design_1_i/ddr4_0/inst/u_ddr4_mem_intfc/u_mig_ddr4_phy/inst/u_ddr4_phy_pll/diff_input_clk.u_ibufg_sys_clk/IBUFCTRL_INST/O
                         net (fo=2, routed)           0.230     0.721                         u_ddr_memory/u_ddr_bd/design_1_i/ddr4_0/inst/u_ddr4_infrastructure/mmcm_clk_in
    MMCM_X0Y1            MMCME4_ADV (Prop_MMCM_CLKIN1_CLKOUT0)
                                                     -0.295     0.426 r                       u_ddr_memory/u_ddr_bd/design_1_i/ddr4_0/inst/u_ddr4_infrastructure/gen_mmcme4.u_mmcme_adv_inst/CLKOUT0
                         net (fo=1, routed)           0.166     0.592                         u_ddr_memory/u_ddr_bd/design_1_i/ddr4_0/inst/u_ddr4_infrastructure/mmcm_clkout0
    BUFGCE_X0Y42         BUFGCE (Prop_BUFCE_BUFGCE_I_O)
                                                      0.019     0.611 r                       u_ddr_memory/u_ddr_bd/design_1_i/ddr4_0/inst/u_ddr4_infrastructure/u_bufg_divClk/O
    X4Y3 (CLOCK_ROOT)    net (fo=124013, routed)      2.339     2.950                         u_camera_hdmi/u_camera_subsystem/g_camera_frontend[0].u_camera/ddr4_ui_clk
    SLR Crossing[0->2]   
    SLICE_X110Y704       FDRE                                         r  pblock_dvp_sync_slr3 u_camera_hdmi/u_camera_subsystem/g_camera_frontend[0].u_camera/dvp_data_sync_reg[1]/C

Slack:                    inf
  Source:                 u_camera_hdmi/u_camera_subsystem/g_camera_frontend[1].u_camera/dvp_pclk_iob_reg/C
                            (rising edge-triggered cell FDRE clocked by mmcm_clkout0  {rise@0.000ns fall@1.666ns period=3.332ns})
  Destination:            u_camera_hdmi/u_camera_subsystem/g_camera_frontend[1].u_camera/dvp_pclk_sync_reg/D
                            (rising edge-triggered cell FDRE clocked by mmcm_clkout0  {rise@0.000ns fall@1.666ns period=3.332ns})
  Path Group:             (none)
  Path Type:              Hold (Min at Fast Process Corner)
  Data Path Delay:        0.925ns  (logic 0.179ns (19.351%)  route 0.746ns (80.649%))
  Logic Levels:           0  
  Clock Path Skew:        0.022ns (DCD - SCD - CPR)
    Destination Clock Delay (DCD):    2.998ns
    Source Clock Delay      (SCD):    2.976ns
    Clock Pessimism Removal (CPR):    -0.000ns
  Clock Uncertainty:      0.052ns  ((TSJ^2 + DJ^2)^1/2) / 2 + PE
    Total System Jitter     (TSJ):    0.071ns
    Discrete Jitter          (DJ):    0.077ns
    Phase Error              (PE):    0.000ns
  Clock Net Delay (Source):      2.018ns (routing 0.490ns, distribution 1.528ns)
  Clock Net Delay (Destination): 2.387ns (routing 0.548ns, distribution 1.839ns)
  Timing Exception:       False Path

    Location             Delay type                Incr(ns)  Path(ns)    PBlock               Netlist Resource(s)
  -------------------------------------------------------------------    ----------------------------------------
                         (clock mmcm_clkout0 rise edge)
                                                      0.000     0.000 r                       
    BA27                                              0.000     0.000 r                       c0_sys_clk_p (IN)
                         net (fo=0)                   0.079     0.079                         u_ddr_memory/u_ddr_bd/design_1_i/ddr4_0/inst/u_ddr4_mem_intfc/u_mig_ddr4_phy/inst/u_ddr4_phy_pll/diff_input_clk.u_ibufg_sys_clk/I
    HPIOBDIFFINBUF_X0Y35 DIFFINBUF (Prop_DIFFINBUF_HPIOBDIFFINBUF_DIFF_IN_P_O)
                                                      0.243     0.322 r                       u_ddr_memory/u_ddr_bd/design_1_i/ddr4_0/inst/u_ddr4_mem_intfc/u_mig_ddr4_phy/inst/u_ddr4_phy_pll/diff_input_clk.u_ibufg_sys_clk/DIFFINBUF_INST/O
                         net (fo=1, routed)           0.040     0.362                         u_ddr_memory/u_ddr_bd/design_1_i/ddr4_0/inst/u_ddr4_mem_intfc/u_mig_ddr4_phy/inst/u_ddr4_phy_pll/diff_input_clk.u_ibufg_sys_clk/OUT
    BA27                 IBUFCTRL (Prop_IBUFCTRL_HPIOB_M_I_O)
                                                      0.000     0.362 r                       u_ddr_memory/u_ddr_bd/design_1_i/ddr4_0/inst/u_ddr4_mem_intfc/u_mig_ddr4_phy/inst/u_ddr4_phy_pll/diff_input_clk.u_ibufg_sys_clk/IBUFCTRL_INST/O
                         net (fo=2, routed)           0.203     0.565                         u_ddr_memory/u_ddr_bd/design_1_i/ddr4_0/inst/u_ddr4_infrastructure/mmcm_clk_in
    MMCM_X0Y1            MMCME4_ADV (Prop_MMCM_CLKIN1_CLKOUT0)
                                                      0.230     0.795 r                       u_ddr_memory/u_ddr_bd/design_1_i/ddr4_0/inst/u_ddr4_infrastructure/gen_mmcme4.u_mmcme_adv_inst/CLKOUT0
                         net (fo=1, routed)           0.146     0.941                         u_ddr_memory/u_ddr_bd/design_1_i/ddr4_0/inst/u_ddr4_infrastructure/mmcm_clkout0
    BUFGCE_X0Y42         BUFGCE (Prop_BUFCE_BUFGCE_I_O)
                                                      0.017     0.958 r                       u_ddr_memory/u_ddr_bd/design_1_i/ddr4_0/inst/u_ddr4_infrastructure/u_bufg_divClk/O
    X4Y3 (CLOCK_ROOT)    net (fo=124013, routed)      2.018     2.976                         u_camera_hdmi/u_camera_subsystem/g_camera_frontend[1].u_camera/ddr4_ui_clk
    SLR Crossing[0->3]   
    BITSLICE_RX_TX_X0Y704
                         FDRE                                         r                       u_camera_hdmi/u_camera_subsystem/g_camera_frontend[1].u_camera/dvp_pclk_iob_reg/C
  -------------------------------------------------------------------    ----------------------------------------
    BITSLICE_RX_TX_X0Y704
                         FDRE (Prop_IN_FF_BITSLICE_COMPONENT_RX_TX_C_Q)
                                                      0.179     3.155 r                       u_camera_hdmi/u_camera_subsystem/g_camera_frontend[1].u_camera/dvp_pclk_iob_reg/Q
                         net (fo=1, routed)           0.746     3.901                         u_camera_hdmi/u_camera_subsystem/g_camera_frontend[1].u_camera/dvp_pclk_iob
    SLICE_X114Y720       FDRE                                         r  pblock_dvp_sync_slr3 u_camera_hdmi/u_camera_subsystem/g_camera_frontend[1].u_camera/dvp_pclk_sync_reg/D
  -------------------------------------------------------------------    ----------------------------------------

                         (clock mmcm_clkout0 rise edge)
                                                      0.000     0.000 r                       
    BA27                                              0.000     0.000 r                       c0_sys_clk_p (IN)
                         net (fo=0)                   0.100     0.100                         u_ddr_memory/u_ddr_bd/design_1_i/ddr4_0/inst/u_ddr4_mem_intfc/u_mig_ddr4_phy/inst/u_ddr4_phy_pll/diff_input_clk.u_ibufg_sys_clk/I
    HPIOBDIFFINBUF_X0Y35 DIFFINBUF (Prop_DIFFINBUF_HPIOBDIFFINBUF_DIFF_IN_P_O)
                                                      0.341     0.441 r                       u_ddr_memory/u_ddr_bd/design_1_i/ddr4_0/inst/u_ddr4_mem_intfc/u_mig_ddr4_phy/inst/u_ddr4_phy_pll/diff_input_clk.u_ibufg_sys_clk/DIFFINBUF_INST/O
                         net (fo=1, routed)           0.050     0.491                         u_ddr_memory/u_ddr_bd/design_1_i/ddr4_0/inst/u_ddr4_mem_intfc/u_mig_ddr4_phy/inst/u_ddr4_phy_pll/diff_input_clk.u_ibufg_sys_clk/OUT
    BA27                 IBUFCTRL (Prop_IBUFCTRL_HPIOB_M_I_O)
                                                      0.000     0.491 r                       u_ddr_memory/u_ddr_bd/design_1_i/ddr4_0/inst/u_ddr4_mem_intfc/u_mig_ddr4_phy/inst/u_ddr4_phy_pll/diff_input_clk.u_ibufg_sys_clk/IBUFCTRL_INST/O
                         net (fo=2, routed)           0.230     0.721                         u_ddr_memory/u_ddr_bd/design_1_i/ddr4_0/inst/u_ddr4_infrastructure/mmcm_clk_in
    MMCM_X0Y1            MMCME4_ADV (Prop_MMCM_CLKIN1_CLKOUT0)
                                                     -0.295     0.426 r                       u_ddr_memory/u_ddr_bd/design_1_i/ddr4_0/inst/u_ddr4_infrastructure/gen_mmcme4.u_mmcme_adv_inst/CLKOUT0
                         net (fo=1, routed)           0.166     0.592                         u_ddr_memory/u_ddr_bd/design_1_i/ddr4_0/inst/u_ddr4_infrastructure/mmcm_clkout0
    BUFGCE_X0Y42         BUFGCE (Prop_BUFCE_BUFGCE_I_O)
                                                      0.019     0.611 r                       u_ddr_memory/u_ddr_bd/design_1_i/ddr4_0/inst/u_ddr4_infrastructure/u_bufg_divClk/O
    X4Y3 (CLOCK_ROOT)    net (fo=124013, routed)      2.387     2.998                         u_camera_hdmi/u_camera_subsystem/g_camera_frontend[1].u_camera/ddr4_ui_clk
    SLR Crossing[0->3]   
    SLICE_X114Y720       FDRE                                         r  pblock_dvp_sync_slr3 u_camera_hdmi/u_camera_subsystem/g_camera_frontend[1].u_camera/dvp_pclk_sync_reg/C

Slack:                    inf
  Source:                 u_camera_hdmi/u_camera_subsystem/g_camera_frontend[1].u_camera/dvp_data_iob_reg[1]/C
                            (rising edge-triggered cell FDRE clocked by mmcm_clkout0  {rise@0.000ns fall@1.666ns period=3.332ns})
  Destination:            u_camera_hdmi/u_camera_subsystem/g_camera_frontend[1].u_camera/dvp_data_sync_reg[1]/D
                            (rising edge-triggered cell FDRE clocked by mmcm_clkout0  {rise@0.000ns fall@1.666ns period=3.332ns})
  Path Group:             (none)
  Path Type:              Hold (Min at Fast Process Corner)
  Data Path Delay:        0.933ns  (logic 0.137ns (14.684%)  route 0.796ns (85.316%))
  Logic Levels:           0  
  Clock Path Skew:        -0.099ns (DCD - SCD - CPR)
    Destination Clock Delay (DCD):    2.874ns
    Source Clock Delay      (SCD):    2.973ns
    Clock Pessimism Removal (CPR):    -0.000ns
  Clock Uncertainty:      0.052ns  ((TSJ^2 + DJ^2)^1/2) / 2 + PE
    Total System Jitter     (TSJ):    0.071ns
    Discrete Jitter          (DJ):    0.077ns
    Phase Error              (PE):    0.000ns
  Clock Net Delay (Source):      2.015ns (routing 0.490ns, distribution 1.525ns)
  Clock Net Delay (Destination): 2.263ns (routing 0.548ns, distribution 1.715ns)
  Timing Exception:       False Path

    Location             Delay type                Incr(ns)  Path(ns)    PBlock               Netlist Resource(s)
  -------------------------------------------------------------------    ----------------------------------------
                         (clock mmcm_clkout0 rise edge)
                                                      0.000     0.000 r                       
    BA27                                              0.000     0.000 r                       c0_sys_clk_p (IN)
                         net (fo=0)                   0.079     0.079                         u_ddr_memory/u_ddr_bd/design_1_i/ddr4_0/inst/u_ddr4_mem_intfc/u_mig_ddr4_phy/inst/u_ddr4_phy_pll/diff_input_clk.u_ibufg_sys_clk/I
    HPIOBDIFFINBUF_X0Y35 DIFFINBUF (Prop_DIFFINBUF_HPIOBDIFFINBUF_DIFF_IN_P_O)
                                                      0.243     0.322 r                       u_ddr_memory/u_ddr_bd/design_1_i/ddr4_0/inst/u_ddr4_mem_intfc/u_mig_ddr4_phy/inst/u_ddr4_phy_pll/diff_input_clk.u_ibufg_sys_clk/DIFFINBUF_INST/O
                         net (fo=1, routed)           0.040     0.362                         u_ddr_memory/u_ddr_bd/design_1_i/ddr4_0/inst/u_ddr4_mem_intfc/u_mig_ddr4_phy/inst/u_ddr4_phy_pll/diff_input_clk.u_ibufg_sys_clk/OUT
    BA27                 IBUFCTRL (Prop_IBUFCTRL_HPIOB_M_I_O)
                                                      0.000     0.362 r                       u_ddr_memory/u_ddr_bd/design_1_i/ddr4_0/inst/u_ddr4_mem_intfc/u_mig_ddr4_phy/inst/u_ddr4_phy_pll/diff_input_clk.u_ibufg_sys_clk/IBUFCTRL_INST/O
                         net (fo=2, routed)           0.203     0.565                         u_ddr_memory/u_ddr_bd/design_1_i/ddr4_0/inst/u_ddr4_infrastructure/mmcm_clk_in
    MMCM_X0Y1            MMCME4_ADV (Prop_MMCM_CLKIN1_CLKOUT0)
                                                      0.230     0.795 r                       u_ddr_memory/u_ddr_bd/design_1_i/ddr4_0/inst/u_ddr4_infrastructure/gen_mmcme4.u_mmcme_adv_inst/CLKOUT0
                         net (fo=1, routed)           0.146     0.941                         u_ddr_memory/u_ddr_bd/design_1_i/ddr4_0/inst/u_ddr4_infrastructure/mmcm_clkout0
    BUFGCE_X0Y42         BUFGCE (Prop_BUFCE_BUFGCE_I_O)
                                                      0.017     0.958 r                       u_ddr_memory/u_ddr_bd/design_1_i/ddr4_0/inst/u_ddr4_infrastructure/u_bufg_divClk/O
    X4Y3 (CLOCK_ROOT)    net (fo=124013, routed)      2.015     2.973                         u_camera_hdmi/u_camera_subsystem/g_camera_frontend[1].u_camera/ddr4_ui_clk
    SLR Crossing[0->3]   
    BITSLICE_RX_TX_X0Y706
                         FDRE                                         r                       u_camera_hdmi/u_camera_subsystem/g_camera_frontend[1].u_camera/dvp_data_iob_reg[1]/C
  -------------------------------------------------------------------    ----------------------------------------
    BITSLICE_RX_TX_X0Y706
                         FDRE (Prop_IN_FF_BITSLICE_COMPONENT_RX_TX_C_Q)
                                                      0.137     3.110 r                       u_camera_hdmi/u_camera_subsystem/g_camera_frontend[1].u_camera/dvp_data_iob_reg[1]/Q
                         net (fo=1, routed)           0.796     3.906                         u_camera_hdmi/u_camera_subsystem/g_camera_frontend[1].u_camera/dvp_data_iob[1]
    SLICE_X112Y723       FDRE                                         r  pblock_dvp_sync_slr3 u_camera_hdmi/u_camera_subsystem/g_camera_frontend[1].u_camera/dvp_data_sync_reg[1]/D
  -------------------------------------------------------------------    ----------------------------------------

                         (clock mmcm_clkout0 rise edge)
                                                      0.000     0.000 r                       
    BA27                                              0.000     0.000 r                       c0_sys_clk_p (IN)
                         net (fo=0)                   0.100     0.100                         u_ddr_memory/u_ddr_bd/design_1_i/ddr4_0/inst/u_ddr4_mem_intfc/u_mig_ddr4_phy/inst/u_ddr4_phy_pll/diff_input_clk.u_ibufg_sys_clk/I
    HPIOBDIFFINBUF_X0Y35 DIFFINBUF (Prop_DIFFINBUF_HPIOBDIFFINBUF_DIFF_IN_P_O)
                                                      0.341     0.441 r                       u_ddr_memory/u_ddr_bd/design_1_i/ddr4_0/inst/u_ddr4_mem_intfc/u_mig_ddr4_phy/inst/u_ddr4_phy_pll/diff_input_clk.u_ibufg_sys_clk/DIFFINBUF_INST/O
                         net (fo=1, routed)           0.050     0.491                         u_ddr_memory/u_ddr_bd/design_1_i/ddr4_0/inst/u_ddr4_mem_intfc/u_mig_ddr4_phy/inst/u_ddr4_phy_pll/diff_input_clk.u_ibufg_sys_clk/OUT
    BA27                 IBUFCTRL (Prop_IBUFCTRL_HPIOB_M_I_O)
                                                      0.000     0.491 r                       u_ddr_memory/u_ddr_bd/design_1_i/ddr4_0/inst/u_ddr4_mem_intfc/u_mig_ddr4_phy/inst/u_ddr4_phy_pll/diff_input_clk.u_ibufg_sys_clk/IBUFCTRL_INST/O
                         net (fo=2, routed)           0.230     0.721                         u_ddr_memory/u_ddr_bd/design_1_i/ddr4_0/inst/u_ddr4_infrastructure/mmcm_clk_in
    MMCM_X0Y1            MMCME4_ADV (Prop_MMCM_CLKIN1_CLKOUT0)
                                                     -0.295     0.426 r                       u_ddr_memory/u_ddr_bd/design_1_i/ddr4_0/inst/u_ddr4_infrastructure/gen_mmcme4.u_mmcme_adv_inst/CLKOUT0
                         net (fo=1, routed)           0.166     0.592                         u_ddr_memory/u_ddr_bd/design_1_i/ddr4_0/inst/u_ddr4_infrastructure/mmcm_clkout0
    BUFGCE_X0Y42         BUFGCE (Prop_BUFCE_BUFGCE_I_O)
                                                      0.019     0.611 r                       u_ddr_memory/u_ddr_bd/design_1_i/ddr4_0/inst/u_ddr4_infrastructure/u_bufg_divClk/O
    X4Y3 (CLOCK_ROOT)    net (fo=124013, routed)      2.263     2.874                         u_camera_hdmi/u_camera_subsystem/g_camera_frontend[1].u_camera/ddr4_ui_clk
    SLR Crossing[0->3]   
    SLICE_X112Y723       FDRE                                         r  pblock_dvp_sync_slr3 u_camera_hdmi/u_camera_subsystem/g_camera_frontend[1].u_camera/dvp_data_sync_reg[1]/C

Slack:                    inf
  Source:                 u_camera_hdmi/u_camera_subsystem/g_camera_frontend[1].u_camera/dvp_data_iob_reg[3]/C
                            (rising edge-triggered cell FDRE clocked by mmcm_clkout0  {rise@0.000ns fall@1.666ns period=3.332ns})
  Destination:            u_camera_hdmi/u_camera_subsystem/g_camera_frontend[1].u_camera/dvp_data_sync_reg[3]/D
                            (rising edge-triggered cell FDRE clocked by mmcm_clkout0  {rise@0.000ns fall@1.666ns period=3.332ns})
  Path Group:             (none)
  Path Type:              Hold (Min at Fast Process Corner)
  Data Path Delay:        0.923ns  (logic 0.154ns (16.685%)  route 0.769ns (83.315%))
  Logic Levels:           0  
  Clock Path Skew:        -0.063ns (DCD - SCD - CPR)
    Destination Clock Delay (DCD):    2.936ns
    Source Clock Delay      (SCD):    2.999ns
    Clock Pessimism Removal (CPR):    -0.000ns
  Clock Uncertainty:      0.052ns  ((TSJ^2 + DJ^2)^1/2) / 2 + PE
    Total System Jitter     (TSJ):    0.071ns
    Discrete Jitter          (DJ):    0.077ns
    Phase Error              (PE):    0.000ns
  Clock Net Delay (Source):      2.041ns (routing 0.490ns, distribution 1.551ns)
  Clock Net Delay (Destination): 2.325ns (routing 0.548ns, distribution 1.777ns)
  Timing Exception:       False Path

    Location             Delay type                Incr(ns)  Path(ns)    PBlock               Netlist Resource(s)
  -------------------------------------------------------------------    ----------------------------------------
                         (clock mmcm_clkout0 rise edge)
                                                      0.000     0.000 r                       
    BA27                                              0.000     0.000 r                       c0_sys_clk_p (IN)
                         net (fo=0)                   0.079     0.079                         u_ddr_memory/u_ddr_bd/design_1_i/ddr4_0/inst/u_ddr4_mem_intfc/u_mig_ddr4_phy/inst/u_ddr4_phy_pll/diff_input_clk.u_ibufg_sys_clk/I
    HPIOBDIFFINBUF_X0Y35 DIFFINBUF (Prop_DIFFINBUF_HPIOBDIFFINBUF_DIFF_IN_P_O)
                                                      0.243     0.322 r                       u_ddr_memory/u_ddr_bd/design_1_i/ddr4_0/inst/u_ddr4_mem_intfc/u_mig_ddr4_phy/inst/u_ddr4_phy_pll/diff_input_clk.u_ibufg_sys_clk/DIFFINBUF_INST/O
                         net (fo=1, routed)           0.040     0.362                         u_ddr_memory/u_ddr_bd/design_1_i/ddr4_0/inst/u_ddr4_mem_intfc/u_mig_ddr4_phy/inst/u_ddr4_phy_pll/diff_input_clk.u_ibufg_sys_clk/OUT
    BA27                 IBUFCTRL (Prop_IBUFCTRL_HPIOB_M_I_O)
                                                      0.000     0.362 r                       u_ddr_memory/u_ddr_bd/design_1_i/ddr4_0/inst/u_ddr4_mem_intfc/u_mig_ddr4_phy/inst/u_ddr4_phy_pll/diff_input_clk.u_ibufg_sys_clk/IBUFCTRL_INST/O
                         net (fo=2, routed)           0.203     0.565                         u_ddr_memory/u_ddr_bd/design_1_i/ddr4_0/inst/u_ddr4_infrastructure/mmcm_clk_in
    MMCM_X0Y1            MMCME4_ADV (Prop_MMCM_CLKIN1_CLKOUT0)
                                                      0.230     0.795 r                       u_ddr_memory/u_ddr_bd/design_1_i/ddr4_0/inst/u_ddr4_infrastructure/gen_mmcme4.u_mmcme_adv_inst/CLKOUT0
                         net (fo=1, routed)           0.146     0.941                         u_ddr_memory/u_ddr_bd/design_1_i/ddr4_0/inst/u_ddr4_infrastructure/mmcm_clkout0
    BUFGCE_X0Y42         BUFGCE (Prop_BUFCE_BUFGCE_I_O)
                                                      0.017     0.958 r                       u_ddr_memory/u_ddr_bd/design_1_i/ddr4_0/inst/u_ddr4_infrastructure/u_bufg_divClk/O
    X4Y3 (CLOCK_ROOT)    net (fo=124013, routed)      2.041     2.999                         u_camera_hdmi/u_camera_subsystem/g_camera_frontend[1].u_camera/ddr4_ui_clk
    SLR Crossing[0->3]   
    BITSLICE_RX_TX_X0Y710
                         FDRE                                         r                       u_camera_hdmi/u_camera_subsystem/g_camera_frontend[1].u_camera/dvp_data_iob_reg[3]/C
  -------------------------------------------------------------------    ----------------------------------------
    BITSLICE_RX_TX_X0Y710
                         FDRE (Prop_IN_FF_BITSLICE_COMPONENT_RX_TX_C_Q)
                                                      0.154     3.153 r                       u_camera_hdmi/u_camera_subsystem/g_camera_frontend[1].u_camera/dvp_data_iob_reg[3]/Q
                         net (fo=1, routed)           0.769     3.922                         u_camera_hdmi/u_camera_subsystem/g_camera_frontend[1].u_camera/dvp_data_iob[3]
    SLICE_X113Y721       FDRE                                         r  pblock_dvp_sync_slr3 u_camera_hdmi/u_camera_subsystem/g_camera_frontend[1].u_camera/dvp_data_sync_reg[3]/D
  -------------------------------------------------------------------    ----------------------------------------

                         (clock mmcm_clkout0 rise edge)
                                                      0.000     0.000 r                       
    BA27                                              0.000     0.000 r                       c0_sys_clk_p (IN)
                         net (fo=0)                   0.100     0.100                         u_ddr_memory/u_ddr_bd/design_1_i/ddr4_0/inst/u_ddr4_mem_intfc/u_mig_ddr4_phy/inst/u_ddr4_phy_pll/diff_input_clk.u_ibufg_sys_clk/I
    HPIOBDIFFINBUF_X0Y35 DIFFINBUF (Prop_DIFFINBUF_HPIOBDIFFINBUF_DIFF_IN_P_O)
                                                      0.341     0.441 r                       u_ddr_memory/u_ddr_bd/design_1_i/ddr4_0/inst/u_ddr4_mem_intfc/u_mig_ddr4_phy/inst/u_ddr4_phy_pll/diff_input_clk.u_ibufg_sys_clk/DIFFINBUF_INST/O
                         net (fo=1, routed)           0.050     0.491                         u_ddr_memory/u_ddr_bd/design_1_i/ddr4_0/inst/u_ddr4_mem_intfc/u_mig_ddr4_phy/inst/u_ddr4_phy_pll/diff_input_clk.u_ibufg_sys_clk/OUT
    BA27                 IBUFCTRL (Prop_IBUFCTRL_HPIOB_M_I_O)
                                                      0.000     0.491 r                       u_ddr_memory/u_ddr_bd/design_1_i/ddr4_0/inst/u_ddr4_mem_intfc/u_mig_ddr4_phy/inst/u_ddr4_phy_pll/diff_input_clk.u_ibufg_sys_clk/IBUFCTRL_INST/O
                         net (fo=2, routed)           0.230     0.721                         u_ddr_memory/u_ddr_bd/design_1_i/ddr4_0/inst/u_ddr4_infrastructure/mmcm_clk_in
    MMCM_X0Y1            MMCME4_ADV (Prop_MMCM_CLKIN1_CLKOUT0)
                                                     -0.295     0.426 r                       u_ddr_memory/u_ddr_bd/design_1_i/ddr4_0/inst/u_ddr4_infrastructure/gen_mmcme4.u_mmcme_adv_inst/CLKOUT0
                         net (fo=1, routed)           0.166     0.592                         u_ddr_memory/u_ddr_bd/design_1_i/ddr4_0/inst/u_ddr4_infrastructure/mmcm_clkout0
    BUFGCE_X0Y42         BUFGCE (Prop_BUFCE_BUFGCE_I_O)
                                                      0.019     0.611 r                       u_ddr_memory/u_ddr_bd/design_1_i/ddr4_0/inst/u_ddr4_infrastructure/u_bufg_divClk/O
    X4Y3 (CLOCK_ROOT)    net (fo=124013, routed)      2.325     2.936                         u_camera_hdmi/u_camera_subsystem/g_camera_frontend[1].u_camera/ddr4_ui_clk
    SLR Crossing[0->3]   
    SLICE_X113Y721       FDRE                                         r  pblock_dvp_sync_slr3 u_camera_hdmi/u_camera_subsystem/g_camera_frontend[1].u_camera/dvp_data_sync_reg[3]/C

Slack:                    inf
  Source:                 u_camera_hdmi/u_camera_subsystem/g_camera_frontend[1].u_camera/dvp_data_iob_reg[2]/C
                            (rising edge-triggered cell FDRE clocked by mmcm_clkout0  {rise@0.000ns fall@1.666ns period=3.332ns})
  Destination:            u_camera_hdmi/u_camera_subsystem/g_camera_frontend[1].u_camera/dvp_data_sync_reg[2]/D
                            (rising edge-triggered cell FDRE clocked by mmcm_clkout0  {rise@0.000ns fall@1.666ns period=3.332ns})
  Path Group:             (none)
  Path Type:              Hold (Min at Fast Process Corner)
  Data Path Delay:        0.971ns  (logic 0.161ns (16.581%)  route 0.810ns (83.419%))
  Logic Levels:           0  
  Clock Path Skew:        -0.105ns (DCD - SCD - CPR)
    Destination Clock Delay (DCD):    2.882ns
    Source Clock Delay      (SCD):    2.987ns
    Clock Pessimism Removal (CPR):    -0.000ns
  Clock Uncertainty:      0.052ns  ((TSJ^2 + DJ^2)^1/2) / 2 + PE
    Total System Jitter     (TSJ):    0.071ns
    Discrete Jitter          (DJ):    0.077ns
    Phase Error              (PE):    0.000ns
  Clock Net Delay (Source):      2.029ns (routing 0.490ns, distribution 1.539ns)
  Clock Net Delay (Destination): 2.271ns (routing 0.548ns, distribution 1.723ns)
  Timing Exception:       False Path

    Location             Delay type                Incr(ns)  Path(ns)    PBlock               Netlist Resource(s)
  -------------------------------------------------------------------    ----------------------------------------
                         (clock mmcm_clkout0 rise edge)
                                                      0.000     0.000 r                       
    BA27                                              0.000     0.000 r                       c0_sys_clk_p (IN)
                         net (fo=0)                   0.079     0.079                         u_ddr_memory/u_ddr_bd/design_1_i/ddr4_0/inst/u_ddr4_mem_intfc/u_mig_ddr4_phy/inst/u_ddr4_phy_pll/diff_input_clk.u_ibufg_sys_clk/I
    HPIOBDIFFINBUF_X0Y35 DIFFINBUF (Prop_DIFFINBUF_HPIOBDIFFINBUF_DIFF_IN_P_O)
                                                      0.243     0.322 r                       u_ddr_memory/u_ddr_bd/design_1_i/ddr4_0/inst/u_ddr4_mem_intfc/u_mig_ddr4_phy/inst/u_ddr4_phy_pll/diff_input_clk.u_ibufg_sys_clk/DIFFINBUF_INST/O
                         net (fo=1, routed)           0.040     0.362                         u_ddr_memory/u_ddr_bd/design_1_i/ddr4_0/inst/u_ddr4_mem_intfc/u_mig_ddr4_phy/inst/u_ddr4_phy_pll/diff_input_clk.u_ibufg_sys_clk/OUT
    BA27                 IBUFCTRL (Prop_IBUFCTRL_HPIOB_M_I_O)
                                                      0.000     0.362 r                       u_ddr_memory/u_ddr_bd/design_1_i/ddr4_0/inst/u_ddr4_mem_intfc/u_mig_ddr4_phy/inst/u_ddr4_phy_pll/diff_input_clk.u_ibufg_sys_clk/IBUFCTRL_INST/O
                         net (fo=2, routed)           0.203     0.565                         u_ddr_memory/u_ddr_bd/design_1_i/ddr4_0/inst/u_ddr4_infrastructure/mmcm_clk_in
    MMCM_X0Y1            MMCME4_ADV (Prop_MMCM_CLKIN1_CLKOUT0)
                                                      0.230     0.795 r                       u_ddr_memory/u_ddr_bd/design_1_i/ddr4_0/inst/u_ddr4_infrastructure/gen_mmcme4.u_mmcme_adv_inst/CLKOUT0
                         net (fo=1, routed)           0.146     0.941                         u_ddr_memory/u_ddr_bd/design_1_i/ddr4_0/inst/u_ddr4_infrastructure/mmcm_clkout0
    BUFGCE_X0Y42         BUFGCE (Prop_BUFCE_BUFGCE_I_O)
                                                      0.017     0.958 r                       u_ddr_memory/u_ddr_bd/design_1_i/ddr4_0/inst/u_ddr4_infrastructure/u_bufg_divClk/O
    X4Y3 (CLOCK_ROOT)    net (fo=124013, routed)      2.029     2.987                         u_camera_hdmi/u_camera_subsystem/g_camera_frontend[1].u_camera/ddr4_ui_clk
    SLR Crossing[0->3]   
    BITSLICE_RX_TX_X0Y711
                         FDRE                                         r                       u_camera_hdmi/u_camera_subsystem/g_camera_frontend[1].u_camera/dvp_data_iob_reg[2]/C
  -------------------------------------------------------------------    ----------------------------------------
    BITSLICE_RX_TX_X0Y711
                         FDRE (Prop_IN_FF_BITSLICE_COMPONENT_RX_TX_C_Q)
                                                      0.161     3.148 r                       u_camera_hdmi/u_camera_subsystem/g_camera_frontend[1].u_camera/dvp_data_iob_reg[2]/Q
                         net (fo=1, routed)           0.810     3.958                         u_camera_hdmi/u_camera_subsystem/g_camera_frontend[1].u_camera/dvp_data_iob[2]
    SLICE_X112Y720       FDRE                                         r  pblock_dvp_sync_slr3 u_camera_hdmi/u_camera_subsystem/g_camera_frontend[1].u_camera/dvp_data_sync_reg[2]/D
  -------------------------------------------------------------------    ----------------------------------------

                         (clock mmcm_clkout0 rise edge)
                                                      0.000     0.000 r                       
    BA27                                              0.000     0.000 r                       c0_sys_clk_p (IN)
                         net (fo=0)                   0.100     0.100                         u_ddr_memory/u_ddr_bd/design_1_i/ddr4_0/inst/u_ddr4_mem_intfc/u_mig_ddr4_phy/inst/u_ddr4_phy_pll/diff_input_clk.u_ibufg_sys_clk/I
    HPIOBDIFFINBUF_X0Y35 DIFFINBUF (Prop_DIFFINBUF_HPIOBDIFFINBUF_DIFF_IN_P_O)
                                                      0.341     0.441 r                       u_ddr_memory/u_ddr_bd/design_1_i/ddr4_0/inst/u_ddr4_mem_intfc/u_mig_ddr4_phy/inst/u_ddr4_phy_pll/diff_input_clk.u_ibufg_sys_clk/DIFFINBUF_INST/O
                         net (fo=1, routed)           0.050     0.491                         u_ddr_memory/u_ddr_bd/design_1_i/ddr4_0/inst/u_ddr4_mem_intfc/u_mig_ddr4_phy/inst/u_ddr4_phy_pll/diff_input_clk.u_ibufg_sys_clk/OUT
    BA27                 IBUFCTRL (Prop_IBUFCTRL_HPIOB_M_I_O)
                                                      0.000     0.491 r                       u_ddr_memory/u_ddr_bd/design_1_i/ddr4_0/inst/u_ddr4_mem_intfc/u_mig_ddr4_phy/inst/u_ddr4_phy_pll/diff_input_clk.u_ibufg_sys_clk/IBUFCTRL_INST/O
                         net (fo=2, routed)           0.230     0.721                         u_ddr_memory/u_ddr_bd/design_1_i/ddr4_0/inst/u_ddr4_infrastructure/mmcm_clk_in
    MMCM_X0Y1            MMCME4_ADV (Prop_MMCM_CLKIN1_CLKOUT0)
                                                     -0.295     0.426 r                       u_ddr_memory/u_ddr_bd/design_1_i/ddr4_0/inst/u_ddr4_infrastructure/gen_mmcme4.u_mmcme_adv_inst/CLKOUT0
                         net (fo=1, routed)           0.166     0.592                         u_ddr_memory/u_ddr_bd/design_1_i/ddr4_0/inst/u_ddr4_infrastructure/mmcm_clkout0
    BUFGCE_X0Y42         BUFGCE (Prop_BUFCE_BUFGCE_I_O)
                                                      0.019     0.611 r                       u_ddr_memory/u_ddr_bd/design_1_i/ddr4_0/inst/u_ddr4_infrastructure/u_bufg_divClk/O
    X4Y3 (CLOCK_ROOT)    net (fo=124013, routed)      2.271     2.882                         u_camera_hdmi/u_camera_subsystem/g_camera_frontend[1].u_camera/ddr4_ui_clk
    SLR Crossing[0->3]   
    SLICE_X112Y720       FDRE                                         r  pblock_dvp_sync_slr3 u_camera_hdmi/u_camera_subsystem/g_camera_frontend[1].u_camera/dvp_data_sync_reg[2]/C

Slack:                    inf
  Source:                 u_camera_hdmi/u_camera_subsystem/g_camera_frontend[0].u_camera/dvp_vsync_iob_reg/C
                            (rising edge-triggered cell FDRE clocked by mmcm_clkout0  {rise@0.000ns fall@1.666ns period=3.332ns})
  Destination:            u_camera_hdmi/u_camera_subsystem/g_camera_frontend[0].u_camera/dvp_vsync_sync_reg/D
                            (rising edge-triggered cell FDRE clocked by mmcm_clkout0  {rise@0.000ns fall@1.666ns period=3.332ns})
  Path Group:             (none)
  Path Type:              Hold (Min at Fast Process Corner)
  Data Path Delay:        1.000ns  (logic 0.199ns (19.900%)  route 0.801ns (80.100%))
  Logic Levels:           0  
  Clock Path Skew:        -0.045ns (DCD - SCD - CPR)
    Destination Clock Delay (DCD):    2.936ns
    Source Clock Delay      (SCD):    2.981ns
    Clock Pessimism Removal (CPR):    -0.000ns
  Clock Uncertainty:      0.052ns  ((TSJ^2 + DJ^2)^1/2) / 2 + PE
    Total System Jitter     (TSJ):    0.071ns
    Discrete Jitter          (DJ):    0.077ns
    Phase Error              (PE):    0.000ns
  Clock Net Delay (Source):      2.023ns (routing 0.490ns, distribution 1.533ns)
  Clock Net Delay (Destination): 2.325ns (routing 0.548ns, distribution 1.777ns)
  Timing Exception:       False Path

    Location             Delay type                Incr(ns)  Path(ns)    PBlock               Netlist Resource(s)
  -------------------------------------------------------------------    ----------------------------------------
                         (clock mmcm_clkout0 rise edge)
                                                      0.000     0.000 r                       
    BA27                                              0.000     0.000 r                       c0_sys_clk_p (IN)
                         net (fo=0)                   0.079     0.079                         u_ddr_memory/u_ddr_bd/design_1_i/ddr4_0/inst/u_ddr4_mem_intfc/u_mig_ddr4_phy/inst/u_ddr4_phy_pll/diff_input_clk.u_ibufg_sys_clk/I
    HPIOBDIFFINBUF_X0Y35 DIFFINBUF (Prop_DIFFINBUF_HPIOBDIFFINBUF_DIFF_IN_P_O)
                                                      0.243     0.322 r                       u_ddr_memory/u_ddr_bd/design_1_i/ddr4_0/inst/u_ddr4_mem_intfc/u_mig_ddr4_phy/inst/u_ddr4_phy_pll/diff_input_clk.u_ibufg_sys_clk/DIFFINBUF_INST/O
                         net (fo=1, routed)           0.040     0.362                         u_ddr_memory/u_ddr_bd/design_1_i/ddr4_0/inst/u_ddr4_mem_intfc/u_mig_ddr4_phy/inst/u_ddr4_phy_pll/diff_input_clk.u_ibufg_sys_clk/OUT
    BA27                 IBUFCTRL (Prop_IBUFCTRL_HPIOB_M_I_O)
                                                      0.000     0.362 r                       u_ddr_memory/u_ddr_bd/design_1_i/ddr4_0/inst/u_ddr4_mem_intfc/u_mig_ddr4_phy/inst/u_ddr4_phy_pll/diff_input_clk.u_ibufg_sys_clk/IBUFCTRL_INST/O
                         net (fo=2, routed)           0.203     0.565                         u_ddr_memory/u_ddr_bd/design_1_i/ddr4_0/inst/u_ddr4_infrastructure/mmcm_clk_in
    MMCM_X0Y1            MMCME4_ADV (Prop_MMCM_CLKIN1_CLKOUT0)
                                                      0.230     0.795 r                       u_ddr_memory/u_ddr_bd/design_1_i/ddr4_0/inst/u_ddr4_infrastructure/gen_mmcme4.u_mmcme_adv_inst/CLKOUT0
                         net (fo=1, routed)           0.146     0.941                         u_ddr_memory/u_ddr_bd/design_1_i/ddr4_0/inst/u_ddr4_infrastructure/mmcm_clkout0
    BUFGCE_X0Y42         BUFGCE (Prop_BUFCE_BUFGCE_I_O)
                                                      0.017     0.958 r                       u_ddr_memory/u_ddr_bd/design_1_i/ddr4_0/inst/u_ddr4_infrastructure/u_bufg_divClk/O
    X4Y3 (CLOCK_ROOT)    net (fo=124013, routed)      2.023     2.981                         u_camera_hdmi/u_camera_subsystem/g_camera_frontend[0].u_camera/ddr4_ui_clk
    SLR Crossing[0->3]   
    BITSLICE_RX_TX_X0Y712
                         FDRE                                         r                       u_camera_hdmi/u_camera_subsystem/g_camera_frontend[0].u_camera/dvp_vsync_iob_reg/C
  -------------------------------------------------------------------    ----------------------------------------
    BITSLICE_RX_TX_X0Y712
                         FDRE (Prop_IN_FF_BITSLICE_COMPONENT_RX_TX_C_Q)
                                                      0.199     3.180 r                       u_camera_hdmi/u_camera_subsystem/g_camera_frontend[0].u_camera/dvp_vsync_iob_reg/Q
                         net (fo=1, routed)           0.801     3.981                         u_camera_hdmi/u_camera_subsystem/g_camera_frontend[0].u_camera/dvp_vsync_iob
    SLICE_X113Y720       FDRE                                         r  pblock_dvp_sync_slr3 u_camera_hdmi/u_camera_subsystem/g_camera_frontend[0].u_camera/dvp_vsync_sync_reg/D
  -------------------------------------------------------------------    ----------------------------------------

                         (clock mmcm_clkout0 rise edge)
                                                      0.000     0.000 r                       
    BA27                                              0.000     0.000 r                       c0_sys_clk_p (IN)
                         net (fo=0)                   0.100     0.100                         u_ddr_memory/u_ddr_bd/design_1_i/ddr4_0/inst/u_ddr4_mem_intfc/u_mig_ddr4_phy/inst/u_ddr4_phy_pll/diff_input_clk.u_ibufg_sys_clk/I
    HPIOBDIFFINBUF_X0Y35 DIFFINBUF (Prop_DIFFINBUF_HPIOBDIFFINBUF_DIFF_IN_P_O)
                                                      0.341     0.441 r                       u_ddr_memory/u_ddr_bd/design_1_i/ddr4_0/inst/u_ddr4_mem_intfc/u_mig_ddr4_phy/inst/u_ddr4_phy_pll/diff_input_clk.u_ibufg_sys_clk/DIFFINBUF_INST/O
                         net (fo=1, routed)           0.050     0.491                         u_ddr_memory/u_ddr_bd/design_1_i/ddr4_0/inst/u_ddr4_mem_intfc/u_mig_ddr4_phy/inst/u_ddr4_phy_pll/diff_input_clk.u_ibufg_sys_clk/OUT
    BA27                 IBUFCTRL (Prop_IBUFCTRL_HPIOB_M_I_O)
                                                      0.000     0.491 r                       u_ddr_memory/u_ddr_bd/design_1_i/ddr4_0/inst/u_ddr4_mem_intfc/u_mig_ddr4_phy/inst/u_ddr4_phy_pll/diff_input_clk.u_ibufg_sys_clk/IBUFCTRL_INST/O
                         net (fo=2, routed)           0.230     0.721                         u_ddr_memory/u_ddr_bd/design_1_i/ddr4_0/inst/u_ddr4_infrastructure/mmcm_clk_in
    MMCM_X0Y1            MMCME4_ADV (Prop_MMCM_CLKIN1_CLKOUT0)
                                                     -0.295     0.426 r                       u_ddr_memory/u_ddr_bd/design_1_i/ddr4_0/inst/u_ddr4_infrastructure/gen_mmcme4.u_mmcme_adv_inst/CLKOUT0
                         net (fo=1, routed)           0.166     0.592                         u_ddr_memory/u_ddr_bd/design_1_i/ddr4_0/inst/u_ddr4_infrastructure/mmcm_clkout0
    BUFGCE_X0Y42         BUFGCE (Prop_BUFCE_BUFGCE_I_O)
                                                      0.019     0.611 r                       u_ddr_memory/u_ddr_bd/design_1_i/ddr4_0/inst/u_ddr4_infrastructure/u_bufg_divClk/O
    X4Y3 (CLOCK_ROOT)    net (fo=124013, routed)      2.325     2.936                         u_camera_hdmi/u_camera_subsystem/g_camera_frontend[0].u_camera/ddr4_ui_clk
    SLR Crossing[0->3]   
    SLICE_X113Y720       FDRE                                         r  pblock_dvp_sync_slr3 u_camera_hdmi/u_camera_subsystem/g_camera_frontend[0].u_camera/dvp_vsync_sync_reg/C




